2026-08-17 22:11:24.544 -04:00|0.16.9.0.40087|Error|Default|Loading EFTHardSettings synchronously can cause CPU spikes. Please load it asynchronously using EFTHardSettings.Load before accessing Instance. 
2026-08-17 22:13:01.007 -04:00|0.16.9.0.40087|Error|assetBundle|Bundle "Headwear/eyewear/oakley_holbrook/holbrook_blk.bundle" has dependency "holbrook_glass_shared" that was not found in manifest 
2026-08-17 22:13:01.007 -04:00|0.16.9.0.40087|Error|assetBundle|Bundle "dd_magazine_extended_socom.bundle" has dependency "commonassets/physics/physicsmaterials.bundle" that was not found in manifest 
2026-08-17 22:13:01.007 -04:00|0.16.9.0.40087|Error|assetBundle|Bundle "Headwear/helmets/ate_hhv_helmet/helmet_hhv_tan.bundle" has dependency "helmet_ate_hhv_common" that was not found in manifest 
2026-08-17 22:13:01.007 -04:00|0.16.9.0.40087|Error|assetBundle|Bundle "Headwear/helmets/opscore_xp/helmet_fast_xp_cover_mcblk.bundle" has dependency "fast_xp_shared" that was not found in manifest 
2026-08-17 22:13:01.007 -04:00|0.16.9.0.40087|Error|assetBundle|Bundle "dd_magazine_socom.bundle" has dependency "commonassets/physics/physicsmaterials.bundle" that was not found in manifest 
2026-08-17 22:13:01.007 -04:00|0.16.9.0.40087|Error|assetBundle|Bundle "Headwear/helmets/opscore_xp/helmet_fast_xp_cover_mcalp.bundle" has dependency "fast_xp_shared" that was not found in manifest 
2026-08-17 22:13:01.007 -04:00|0.16.9.0.40087|Error|assetBundle|Bundle "mods/ak/Pic_Adapter_for_AK.bundle" has dependency "cab-1dc8d26be8722a766953ce9d8a444e8c" that was not found in manifest 
2026-08-17 22:13:01.007 -04:00|0.16.9.0.40087|Error|assetBundle|Bundle "mods/ak/Pic_Adapter_for_AK.bundle" has dependency "cab-bbf13a8cb4c78fcb606eec94701adda6" that was not found in manifest 
2026-08-17 22:13:01.007 -04:00|0.16.9.0.40087|Error|assetBundle|Bundle "mods/ak/Pic_Adapter_for_AK.bundle" has dependency "cab-92f737866f97db787c6e7d22c895a41e" that was not found in manifest 
2026-08-17 22:13:01.007 -04:00|0.16.9.0.40087|Error|assetBundle|Bundle "WeaponRuger57/ruger57_barrel.bundle" has dependency "assets/system/effects/smoke" that was not found in manifest 
2026-08-17 22:13:01.007 -04:00|0.16.9.0.40087|Error|assetBundle|Bundle "Mods/PistolGrips/b5_p22_socom.bundle" has dependency "commonassets/physics/physicsmaterials.bundle" that was not found in manifest 
2026-08-17 22:13:01.007 -04:00|0.16.9.0.40087|Error|assetBundle|Bundle "Attachments/Foregrips/foregrip_all_dd_vfg_fde_socom.bundle" has dependency "commonassets/physics/physicsmaterials.bundle" that was not found in manifest 
2026-08-17 22:13:01.007 -04:00|0.16.9.0.40087|Error|assetBundle|Bundle "dd_magazine_fde_socom.bundle" has dependency "commonassets/physics/physicsmaterials.bundle" that was not found in manifest 
2026-08-17 22:13:01.007 -04:00|0.16.9.0.40087|Error|assetBundle|Bundle "Attachments/Foregrips/foregrip_all_dd_vfg_gry_socom.bundle" has dependency "commonassets/physics/physicsmaterials.bundle" that was not found in manifest 
2026-08-17 22:13:01.007 -04:00|0.16.9.0.40087|Error|assetBundle|Bundle "Mods/Foregrips/kac_finger_socom.bundle" has dependency "commonassets/physics/physicsmaterials.bundle" that was not found in manifest 
2026-08-17 22:13:01.007 -04:00|0.16.9.0.40087|Error|assetBundle|Bundle "Headwear/helmets/ate_hhv_helmet/helmet_hhv_wraith.bundle" has dependency "helmet_ate_hhv_common" that was not found in manifest 
2026-08-17 22:13:01.007 -04:00|0.16.9.0.40087|Error|assetBundle|Bundle "Mods/PistolGrips/b5_p22_fde_socom.bundle" has dependency "commonassets/physics/physicsmaterials.bundle" that was not found in manifest 
2026-08-17 22:13:01.007 -04:00|0.16.9.0.40087|Error|assetBundle|Bundle "Headwear/helmets/opscore_xp/helmet_fast_xp_cover_aor2.bundle" has dependency "fast_xp_shared" that was not found in manifest 
2026-08-17 22:13:01.007 -04:00|0.16.9.0.40087|Error|assetBundle|Bundle "Headwear/eyewear/oakley_holbrook/holbrook_prpl.bundle" has dependency "holbrook_glass_shared" that was not found in manifest 
2026-08-17 22:13:01.007 -04:00|0.16.9.0.40087|Error|assetBundle|Bundle "Headwear/helmets/opscore_xp/helmet_fast_xp_cover_mc.bundle" has dependency "fast_xp_shared" that was not found in manifest 
2026-08-17 22:13:01.007 -04:00|0.16.9.0.40087|Error|assetBundle|Bundle "dd_magazine_fde_extended_socom.bundle" has dependency "commonassets/physics/physicsmaterials.bundle" that was not found in manifest 
2026-08-17 22:13:01.007 -04:00|0.16.9.0.40087|Error|assetBundle|Bundle "Headwear/helmets/opscore_xp/helmet_fast_xp_cover_odrab.bundle" has dependency "fast_xp_shared" that was not found in manifest 
2026-08-17 22:13:01.007 -04:00|0.16.9.0.40087|Error|assetBundle|Bundle "Headwear/helmets/opscore_xp/helmet_fast_xp_cover_desert_night.bundle" has dependency "fast_xp_shared" that was not found in manifest 
2026-08-17 22:13:01.007 -04:00|0.16.9.0.40087|Error|assetBundle|Bundle "Attachments/Foregrips/foregrip_all_dd_vfg_blk_socom.bundle" has dependency "commonassets/physics/physicsmaterials.bundle" that was not found in manifest 
2026-08-17 22:13:01.007 -04:00|0.16.9.0.40087|Error|assetBundle|Bundle "Headwear/helmets/opscore_xp/fast_xp_untar.bundle" has dependency "fast_xp_shared" that was not found in manifest 
2026-08-17 22:13:23.976 -04:00|0.16.9.0.40087|Error|Default|Incorrect Enum value Head at armorColliders[1], fallback to EBodyPartColliderType.HeadCommon 
2026-08-17 22:13:23.976 -04:00|0.16.9.0.40087|Error|Default|Incorrect Enum value Head at armorColliders[1], fallback to EBodyPartColliderType.HeadCommon 
2026-08-17 22:13:25.070 -04:00|0.16.9.0.40087|Error|Default|Item deserialization error: No slot with id Helmet_eyes found in 65711b706d197c216005b31c Name for item 6750ddab1240bc5086eed8af 
2026-08-17 22:13:25.070 -04:00|0.16.9.0.40087|Error|Default|Item deserialization error: No slot with id Helmet_jaw found in 65711bc79eb8c145180dbba1 Name for item 6750ddabc5decc7ed1390ec3 
2026-08-17 22:13:25.070 -04:00|0.16.9.0.40087|Error|Default|Item deserialization error: No slot with id Helmet_eyes found in 65711b706d197c216005b31c Name for item 6750ddb2b986fbec94a31896 
2026-08-17 22:13:25.070 -04:00|0.16.9.0.40087|Error|Default|Item deserialization error: No slot with id Helmet_jaw found in 65711bc79eb8c145180dbba1 Name for item 6750ddb32e0d58542ce3285f 
2026-08-17 22:13:25.070 -04:00|0.16.9.0.40087|Error|Default|Item deserialization error: No slot with id Soft_armor_left found in 6570e5674cc0d2ab1e05edbb Name for item 6750dc09c24a3b9d5427e055 
2026-08-17 22:13:25.070 -04:00|0.16.9.0.40087|Error|Default|Item deserialization error: No slot with id soft_armor_right found in 6570e59b0b57c03ec90b970e Name for item 6750dc0b76c4612d5aaea756 
2026-08-17 22:13:25.148 -04:00|0.16.9.0.40087|Error|Default|Item presets is already contains key: 68b4b52f1a1ff2a6c49ac5be 
2026-08-17 22:13:25.148 -04:00|0.16.9.0.40087|Error|Default|Item presets is already contains key: 68b4b52f1a1ff2a6c49ac5be 
2026-08-17 22:13:25.148 -04:00|0.16.9.0.40087|Error|Default|Item presets is already contains key: 6928b6bf523e7af9a6ed2cec 
2026-08-17 22:13:25.148 -04:00|0.16.9.0.40087|Error|Default|Item presets is already contains key: 6930cde327aa0ba2c16d3d01 
2026-08-17 22:13:25.148 -04:00|0.16.9.0.40087|Error|Default|Item presets is already contains key: 5a7ae0c351dfba0017554310 
2026-08-17 22:13:25.148 -04:00|0.16.9.0.40087|Error|Default|Item presets is already contains key: 5ea03f7400685063ec28bfa8 
2026-08-17 22:13:28.339 -04:00|0.16.9.0.40087|Error|Default|Slot with id mod_stock has not been found on 6a83bfc72789f244f7001297(weapon_glock_glock_17_gen3_9x19) 
2026-08-17 22:13:30.158 -04:00|0.16.9.0.40087|Error|Default|Slot with id mod_stock has not been found on 6a83bfc92789f244f7003470(weapon_glock_glock_17_gen3_9x19) 
2026-08-17 22:13:34.534 -04:00|0.16.9.0.40087|Error|Default|Slot with id mod_stock has not been found on 6a83bfce2789f244f7005649(weapon_glock_glock_17_gen3_9x19) 
2026-08-17 22:13:36.329 -04:00|0.16.9.0.40087|Error|Default|Slot with id mod_stock has not been found on 6a83bfcf2789f244f7007822(weapon_glock_glock_17_gen3_9x19) 
2026-08-17 22:13:38.073 -04:00|0.16.9.0.40087|Error|Default|Slot with id mod_stock has not been found on 6a83bfd12789f244f70099fb(weapon_glock_glock_17_gen3_9x19) 
2026-08-17 22:13:40.291 -04:00|0.16.9.0.40087|Error|Default|<b>Locale</b>. Trying to add duplicate: arena/widgets/activate object 
2026-08-17 22:13:40.291 -04:00|0.16.9.0.40087|Error|Default|<b>Locale</b>. Trying to add duplicate: arena/widgets/defend object 
2026-08-17 22:13:40.291 -04:00|0.16.9.0.40087|Error|Default|<b>Locale</b>. Trying to add duplicate: arena/widgets/event/activating object 
2026-08-17 22:13:40.291 -04:00|0.16.9.0.40087|Error|Default|<b>Locale</b>. Trying to add duplicate: arena/widgets/event/can activate object 
2026-08-17 22:13:40.291 -04:00|0.16.9.0.40087|Error|Default|<b>Locale</b>. Trying to add duplicate: arena/widgets/event/defend object 
2026-08-17 22:13:40.291 -04:00|0.16.9.0.40087|Error|Default|<b>Locale</b>. Trying to add duplicate: laboratory 
2026-08-17 22:13:40.306 -04:00|0.16.9.0.40087|Error|Default|<b>Locale</b>. Trying to add duplicate: 6a0e253fd13347b5a6305306 name 
2026-08-17 22:13:40.306 -04:00|0.16.9.0.40087|Error|Default|<b>Locale</b>. Trying to add duplicate: 6a0e253fd13347b5a6305306 shortName 
2026-08-17 22:13:40.306 -04:00|0.16.9.0.40087|Error|Default|<b>Locale</b>. Trying to add duplicate: 6a0e253fd13347b5a6305306 description 
2026-08-17 22:13:40.306 -04:00|0.16.9.0.40087|Error|Default|<b>Locale</b>. Trying to add duplicate: 6a0e25e7c4fe58df2d30530a name 
2026-08-17 22:13:40.306 -04:00|0.16.9.0.40087|Error|Default|<b>Locale</b>. Trying to add duplicate: 6a0e25e7c4fe58df2d30530a shortName 
2026-08-17 22:13:40.306 -04:00|0.16.9.0.40087|Error|Default|<b>Locale</b>. Trying to add duplicate: 6a0e25e7c4fe58df2d30530a description 
2026-08-17 22:13:40.306 -04:00|0.16.9.0.40087|Error|Default|<b>Locale</b>. Trying to add duplicate: 6a0e26261115cb8e9d30530c name 
2026-08-17 22:13:40.306 -04:00|0.16.9.0.40087|Error|Default|<b>Locale</b>. Trying to add duplicate: 6a0e26261115cb8e9d30530c shortName 
2026-08-17 22:13:40.306 -04:00|0.16.9.0.40087|Error|Default|<b>Locale</b>. Trying to add duplicate: 6a0e26261115cb8e9d30530c description 
2026-08-17 22:13:40.306 -04:00|0.16.9.0.40087|Error|Default|<b>Locale</b>. Trying to add duplicate: 6a0e4358d460e95167305310 name 
2026-08-17 22:13:40.306 -04:00|0.16.9.0.40087|Error|Default|<b>Locale</b>. Trying to add duplicate: 6a0e4358d460e95167305310 shortName 
2026-08-17 22:13:40.306 -04:00|0.16.9.0.40087|Error|Default|<b>Locale</b>. Trying to add duplicate: 6a0e4358d460e95167305310 description 
2026-08-17 22:13:40.306 -04:00|0.16.9.0.40087|Error|Default|<b>Locale</b>. Trying to add duplicate: 6a0e43430b6f88f8d230530e name 
2026-08-17 22:13:40.306 -04:00|0.16.9.0.40087|Error|Default|<b>Locale</b>. Trying to add duplicate: 6a0e43430b6f88f8d230530e shortName 
2026-08-17 22:13:40.306 -04:00|0.16.9.0.40087|Error|Default|<b>Locale</b>. Trying to add duplicate: 6a0e43430b6f88f8d230530e description 
2026-08-17 22:13:40.306 -04:00|0.16.9.0.40087|Error|Default|<b>Locale</b>. Trying to add duplicate: 6a1087fe49f3a17012a302ef name 
2026-08-17 22:13:40.306 -04:00|0.16.9.0.40087|Error|Default|<b>Locale</b>. Trying to add duplicate: 6a1087fe49f3a17012a302ef shortName 
2026-08-17 22:13:40.306 -04:00|0.16.9.0.40087|Error|Default|<b>Locale</b>. Trying to add duplicate: 6a1087fe49f3a17012a302ef description 
2026-08-17 22:13:40.306 -04:00|0.16.9.0.40087|Error|Default|<b>Locale</b>. Trying to add duplicate: 6a10b66c1ad901f6b852f55a name 
2026-08-17 22:13:40.306 -04:00|0.16.9.0.40087|Error|Default|<b>Locale</b>. Trying to add duplicate: 6a10b66c1ad901f6b852f55a shortName 
2026-08-17 22:13:40.306 -04:00|0.16.9.0.40087|Error|Default|<b>Locale</b>. Trying to add duplicate: 6a10b66c1ad901f6b852f55a description 
2026-08-17 22:13:40.306 -04:00|0.16.9.0.40087|Error|Default|<b>Locale</b>. Trying to add duplicate: 6a10b6fac0c2827bb252f55e name 
2026-08-17 22:13:40.306 -04:00|0.16.9.0.40087|Error|Default|<b>Locale</b>. Trying to add duplicate: 6a10b6fac0c2827bb252f55e shortName 
2026-08-17 22:13:40.306 -04:00|0.16.9.0.40087|Error|Default|<b>Locale</b>. Trying to add duplicate: 6a10b6fac0c2827bb252f55e description 
2026-08-17 22:13:40.306 -04:00|0.16.9.0.40087|Error|Default|<b>Locale</b>. Trying to add duplicate: 6a10b78858b039730552f561 name 
2026-08-17 22:13:40.306 -04:00|0.16.9.0.40087|Error|Default|<b>Locale</b>. Trying to add duplicate: 6a10b78858b039730552f561 shortName 
2026-08-17 22:13:40.306 -04:00|0.16.9.0.40087|Error|Default|<b>Locale</b>. Trying to add duplicate: 6a10b78858b039730552f561 description 
2026-08-17 22:13:40.306 -04:00|0.16.9.0.40087|Error|Default|<b>Locale</b>. Trying to add duplicate: 6a10b82392962a745e52f564 name 
2026-08-17 22:13:40.306 -04:00|0.16.9.0.40087|Error|Default|<b>Locale</b>. Trying to add duplicate: 6a10b82392962a745e52f564 shortName 
2026-08-17 22:13:40.306 -04:00|0.16.9.0.40087|Error|Default|<b>Locale</b>. Trying to add duplicate: 6a10b82392962a745e52f564 description 
2026-08-17 22:13:40.306 -04:00|0.16.9.0.40087|Error|Default|<b>Locale</b>. Trying to add duplicate: 6a10b867bc3d46c41552f566 name 
2026-08-17 22:13:40.306 -04:00|0.16.9.0.40087|Error|Default|<b>Locale</b>. Trying to add duplicate: 6a10b867bc3d46c41552f566 shortName 
2026-08-17 22:13:40.306 -04:00|0.16.9.0.40087|Error|Default|<b>Locale</b>. Trying to add duplicate: 6a10b867bc3d46c41552f566 description 
2026-08-17 22:13:40.306 -04:00|0.16.9.0.40087|Error|Default|<b>Locale</b>. Trying to add duplicate: 6a2b0cc78dcf9203554cd53d name 
2026-08-17 22:13:40.306 -04:00|0.16.9.0.40087|Error|Default|<b>Locale</b>. Trying to add duplicate: 6a2b0cc78dcf9203554cd53d shortName 
2026-08-17 22:13:40.306 -04:00|0.16.9.0.40087|Error|Default|<b>Locale</b>. Trying to add duplicate: 6a2b0cc78dcf9203554cd53d description 
2026-08-17 22:13:40.306 -04:00|0.16.9.0.40087|Error|Default|<b>Locale</b>. Trying to add duplicate: 687b616db015c21f329bf45f Name 
2026-08-17 22:13:40.306 -04:00|0.16.9.0.40087|Error|Default|<b>Locale</b>. Trying to add duplicate: 687b616db015c21f329bf45f Description 
2026-08-17 22:13:40.306 -04:00|0.16.9.0.40087|Error|Default|<b>Locale</b>. Trying to add duplicate: 687b616db015c21f329bf45f StartedMessageText 
2026-08-17 22:13:40.306 -04:00|0.16.9.0.40087|Error|Default|<b>Locale</b>. Trying to add duplicate: 687b616db015c21f329bf45f SuccessMessageText 
2026-08-17 22:13:40.306 -04:00|0.16.9.0.40087|Error|Default|<b>Locale</b>. Trying to add duplicate: 687b616db015c21f329bf45f FailMessageText 
2026-08-17 22:13:40.306 -04:00|0.16.9.0.40087|Error|Default|<b>Locale</b>. Trying to add duplicate: 68561cd4801134be939e11f6 Name 
2026-08-17 22:13:40.306 -04:00|0.16.9.0.40087|Error|Default|<b>Locale</b>. Trying to add duplicate: 68561cd4801134be939e11f6 Description 
2026-08-17 22:13:40.306 -04:00|0.16.9.0.40087|Error|Default|<b>Locale</b>. Trying to add duplicate: 68561cd4801134be939e11f6 StartedMessageText 
2026-08-17 22:13:40.306 -04:00|0.16.9.0.40087|Error|Default|<b>Locale</b>. Trying to add duplicate: 68561cd4801134be939e11f6 SuccessMessageText 
2026-08-17 22:13:40.306 -04:00|0.16.9.0.40087|Error|Default|<b>Locale</b>. Trying to add duplicate: 6833b8bc6f8ce71072c4e703 Name 
2026-08-17 22:13:40.306 -04:00|0.16.9.0.40087|Error|Default|<b>Locale</b>. Trying to add duplicate: 6833b8bc6f8ce71072c4e703 Description 
2026-08-17 22:13:40.306 -04:00|0.16.9.0.40087|Error|Default|<b>Locale</b>. Trying to add duplicate: 6833b8bc6f8ce71072c4e703 StartedMessageText 
2026-08-17 22:13:40.306 -04:00|0.16.9.0.40087|Error|Default|<b>Locale</b>. Trying to add duplicate: 6833b8bc6f8ce71072c4e703 SuccessMessageText 
2026-08-17 22:13:40.306 -04:00|0.16.9.0.40087|Error|Default|<b>Locale</b>. Trying to add duplicate: 6833b8bc6f8ce71072c4e703 FailMessageText 
2026-08-17 22:13:40.306 -04:00|0.16.9.0.40087|Error|Default|<b>Locale</b>. Trying to add duplicate: 6833b8bc6f8ce71072c4e703 AcceptPlayerMessage 
2026-08-17 22:13:40.306 -04:00|0.16.9.0.40087|Error|Default|<b>Locale</b>. Trying to add duplicate: 6833b8bc6f8ce71072c4e703 DeclinePlayerMessage 
2026-08-17 22:13:40.306 -04:00|0.16.9.0.40087|Error|Default|<b>Locale</b>. Trying to add duplicate: 6833b8bc6f8ce71072c4e703 CompletePlayerMessage 
2026-08-17 22:13:40.306 -04:00|0.16.9.0.40087|Error|Default|<b>Locale</b>. Trying to add duplicate: 6833b8bc6f8ce71072c4e703 Note 
2026-08-17 22:13:40.306 -04:00|0.16.9.0.40087|Error|Default|<b>Locale</b>. Trying to add duplicate: 683645245a1c12488166b1a5 Name 
2026-08-17 22:13:40.306 -04:00|0.16.9.0.40087|Error|Default|<b>Locale</b>. Trying to add duplicate: 683645245a1c12488166b1a5 Description 
2026-08-17 22:13:40.306 -04:00|0.16.9.0.40087|Error|Default|<b>Locale</b>. Trying to add duplicate: 683645245a1c12488166b1a5 StartedMessageText 
2026-08-17 22:13:40.306 -04:00|0.16.9.0.40087|Error|Default|<b>Locale</b>. Trying to add duplicate: 683645245a1c12488166b1a5 SuccessMessageText 
2026-08-17 22:13:40.306 -04:00|0.16.9.0.40087|Error|Default|<b>Locale</b>. Trying to add duplicate: 683645245a1c12488166b1a5 AcceptPlayerMessage 
2026-08-17 22:13:40.306 -04:00|0.16.9.0.40087|Error|Default|<b>Locale</b>. Trying to add duplicate: 683645245a1c12488166b1a5 DeclinePlayerMessage 
2026-08-17 22:13:40.306 -04:00|0.16.9.0.40087|Error|Default|<b>Locale</b>. Trying to add duplicate: 683645245a1c12488166b1a5 CompletePlayerMessage 
2026-08-17 22:13:40.306 -04:00|0.16.9.0.40087|Error|Default|<b>Locale</b>. Trying to add duplicate: 683645245a1c12488166b1a5 Note 
2026-08-17 22:13:40.306 -04:00|0.16.9.0.40087|Error|Default|<b>Locale</b>. Trying to add duplicate: 686c25d281071c45d2f8aa44 Name 
2026-08-17 22:13:40.306 -04:00|0.16.9.0.40087|Error|Default|<b>Locale</b>. Trying to add duplicate: 686c25d281071c45d2f8aa44 Description 
2026-08-17 22:13:40.306 -04:00|0.16.9.0.40087|Error|Default|<b>Locale</b>. Trying to add duplicate: 686c25d281071c45d2f8aa44 StartedMessageText 
2026-08-17 22:13:40.306 -04:00|0.16.9.0.40087|Error|Default|<b>Locale</b>. Trying to add duplicate: 686c25d281071c45d2f8aa44 SuccessMessageText 
2026-08-17 22:13:40.306 -04:00|0.16.9.0.40087|Error|Default|<b>Locale</b>. Trying to add duplicate: 686dd4f871840e292fbd1a14 Name 
2026-08-17 22:13:40.306 -04:00|0.16.9.0.40087|Error|Default|<b>Locale</b>. Trying to add duplicate: 686dd4f871840e292fbd1a14 Description 
2026-08-17 22:13:40.306 -04:00|0.16.9.0.40087|Error|Default|<b>Locale</b>. Trying to add duplicate: 686dd4f871840e292fbd1a14 StartedMessageText 
2026-08-17 22:13:40.306 -04:00|0.16.9.0.40087|Error|Default|<b>Locale</b>. Trying to add duplicate: 686dd4f871840e292fbd1a14 SuccessMessageText 
2026-08-17 22:13:40.306 -04:00|0.16.9.0.40087|Error|Default|<b>Locale</b>. Trying to add duplicate: 6870170d18b94df2e8700ba0 Name 
2026-08-17 22:13:40.306 -04:00|0.16.9.0.40087|Error|Default|<b>Locale</b>. Trying to add duplicate: 6870170d18b94df2e8700ba0 Description 
2026-08-17 22:13:40.306 -04:00|0.16.9.0.40087|Error|Default|<b>Locale</b>. Trying to add duplicate: 6870170d18b94df2e8700ba0 StartedMessageText 
2026-08-17 22:13:40.306 -04:00|0.16.9.0.40087|Error|Default|<b>Locale</b>. Trying to add duplicate: 6870170d18b94df2e8700ba0 SuccessMessageText 
2026-08-17 22:13:40.306 -04:00|0.16.9.0.40087|Error|Default|<b>Locale</b>. Trying to add duplicate: 6877096d5299037a1c4b7b2f Name 
2026-08-17 22:13:40.306 -04:00|0.16.9.0.40087|Error|Default|<b>Locale</b>. Trying to add duplicate: 6877096d5299037a1c4b7b2f Description 
2026-08-17 22:13:40.306 -04:00|0.16.9.0.40087|Error|Default|<b>Locale</b>. Trying to add duplicate: 6877096d5299037a1c4b7b2f StartedMessageText 
2026-08-17 22:13:40.306 -04:00|0.16.9.0.40087|Error|Default|<b>Locale</b>. Trying to add duplicate: 6877096d5299037a1c4b7b2f SuccessMessageText 
2026-08-17 22:13:40.306 -04:00|0.16.9.0.40087|Error|Default|<b>Locale</b>. Trying to add duplicate: 68784cf8dbe00560604d51e1 Name 
2026-08-17 22:13:40.306 -04:00|0.16.9.0.40087|Error|Default|<b>Locale</b>. Trying to add duplicate: 68784cf8dbe00560604d51e1 Description 
2026-08-17 22:13:40.306 -04:00|0.16.9.0.40087|Error|Default|<b>Locale</b>. Trying to add duplicate: 68784cf8dbe00560604d51e1 StartedMessageText 
2026-08-17 22:13:40.306 -04:00|0.16.9.0.40087|Error|Default|<b>Locale</b>. Trying to add duplicate: 68784cf8dbe00560604d51e1 SuccessMessageText 
2026-08-17 22:13:40.306 -04:00|0.16.9.0.40087|Error|Default|<b>Locale</b>. Trying to add duplicate: 6879a0da60f8d8a90e632755 Name 
2026-08-17 22:13:40.306 -04:00|0.16.9.0.40087|Error|Default|<b>Locale</b>. Trying to add duplicate: 6879a0da60f8d8a90e632755 Description 
2026-08-17 22:13:40.306 -04:00|0.16.9.0.40087|Error|Default|<b>Locale</b>. Trying to add duplicate: 6879a0da60f8d8a90e632755 StartedMessageText 
2026-08-17 22:13:40.306 -04:00|0.16.9.0.40087|Error|Default|<b>Locale</b>. Trying to add duplicate: 6879a0da60f8d8a90e632755 SuccessMessageText 
2026-08-17 22:13:40.306 -04:00|0.16.9.0.40087|Error|Default|<b>Locale</b>. Trying to add duplicate: 694dc176d149fc1d52000003 Name 
2026-08-17 22:13:40.306 -04:00|0.16.9.0.40087|Error|Default|<b>Locale</b>. Trying to add duplicate: 694dc176d149fc1d52000003 Description 
2026-08-17 22:13:40.306 -04:00|0.16.9.0.40087|Error|Default|<b>Locale</b>. Trying to add duplicate: 694dc176d149fc1d52000003 SuccessMessageText 
2026-08-17 22:13:40.306 -04:00|0.16.9.0.40087|Error|Default|<b>Locale</b>. Trying to add duplicate: 687314e1ee500b06711955a2 Name 
2026-08-17 22:13:40.306 -04:00|0.16.9.0.40087|Error|Default|<b>Locale</b>. Trying to add duplicate: 687314e1ee500b06711955a2 Description 
2026-08-17 22:13:40.306 -04:00|0.16.9.0.40087|Error|Default|<b>Locale</b>. Trying to add duplicate: 687314e1ee500b06711955a2 StartedMessageText 
2026-08-17 22:13:40.306 -04:00|0.16.9.0.40087|Error|Default|<b>Locale</b>. Trying to add duplicate: 687314e1ee500b06711955a2 SuccessMessageText 
2026-08-17 22:13:40.306 -04:00|0.16.9.0.40087|Error|Default|<b>Locale</b>. Trying to add duplicate: 6873248b615c003311ebb292 Name 
2026-08-17 22:13:40.306 -04:00|0.16.9.0.40087|Error|Default|<b>Locale</b>. Trying to add duplicate: 6873248b615c003311ebb292 Description 
2026-08-17 22:13:40.306 -04:00|0.16.9.0.40087|Error|Default|<b>Locale</b>. Trying to add duplicate: 6873248b615c003311ebb292 StartedMessageText 
2026-08-17 22:13:40.306 -04:00|0.16.9.0.40087|Error|Default|<b>Locale</b>. Trying to add duplicate: 6873248b615c003311ebb292 FailMessageText 
2026-08-17 22:13:40.306 -04:00|0.16.9.0.40087|Error|Default|<b>Locale</b>. Trying to add duplicate: 6873248b615c003311ebb292 CompletePlayerMessage 
2026-08-17 22:13:40.306 -04:00|0.16.9.0.40087|Error|Default|<b>Locale</b>. Trying to add duplicate: 6873248b615c003311ebb292 SuccessMessageText 
2026-08-17 22:13:40.306 -04:00|0.16.9.0.40087|Error|Default|<b>Locale</b>. Trying to add duplicate: 686051774a290eb6f216471f Name 
2026-08-17 22:13:40.306 -04:00|0.16.9.0.40087|Error|Default|<b>Locale</b>. Trying to add duplicate: 686051774a290eb6f216471f Description 
2026-08-17 22:13:40.306 -04:00|0.16.9.0.40087|Error|Default|<b>Locale</b>. Trying to add duplicate: 686051774a290eb6f216471f StartedMessageText 
2026-08-17 22:13:40.306 -04:00|0.16.9.0.40087|Error|Default|<b>Locale</b>. Trying to add duplicate: 686051774a290eb6f216471f SuccessMessageText 
2026-08-17 22:13:40.306 -04:00|0.16.9.0.40087|Error|Default|<b>Locale</b>. Trying to add duplicate: 6910b4469b3fa14d813de155 name 
2026-08-17 22:13:40.306 -04:00|0.16.9.0.40087|Error|Default|<b>Locale</b>. Trying to add duplicate: 6910b4469b3fa14d813de155 description 
2026-08-17 22:13:40.306 -04:00|0.16.9.0.40087|Error|Default|<b>Locale</b>. Trying to add duplicate: 693c94e3b993b9416d6501a3 name 
2026-08-17 22:13:40.306 -04:00|0.16.9.0.40087|Error|Default|<b>Locale</b>. Trying to add duplicate: 693c94e3b993b9416d6501a3 description 
2026-08-17 22:13:40.306 -04:00|0.16.9.0.40087|Error|Default|<b>Locale</b>. Trying to add duplicate: 694e0d8851fee79757682ca4 name 
2026-08-17 22:13:40.306 -04:00|0.16.9.0.40087|Error|Default|<b>Locale</b>. Trying to add duplicate: 694e0d8851fee79757682ca4 description 
2026-08-17 22:13:40.306 -04:00|0.16.9.0.40087|Error|Default|<b>Locale</b>. Trying to add duplicate: 694e0fdb0984faf074682ca8 name 
2026-08-17 22:13:40.306 -04:00|0.16.9.0.40087|Error|Default|<b>Locale</b>. Trying to add duplicate: 694e0fdb0984faf074682ca8 description 
2026-08-17 22:13:40.306 -04:00|0.16.9.0.40087|Error|Default|<b>Locale</b>. Trying to add duplicate: 694e1063088b36b489682cac name 
2026-08-17 22:13:40.306 -04:00|0.16.9.0.40087|Error|Default|<b>Locale</b>. Trying to add duplicate: 694e1063088b36b489682cac description 
2026-08-17 22:13:40.306 -04:00|0.16.9.0.40087|Error|Default|<b>Locale</b>. Trying to add duplicate: 694e10ca6b29ea7d14682cb0 name 
2026-08-17 22:13:40.306 -04:00|0.16.9.0.40087|Error|Default|<b>Locale</b>. Trying to add duplicate: 694e10ca6b29ea7d14682cb0 description 
2026-08-17 22:13:40.306 -04:00|0.16.9.0.40087|Error|Default|<b>Locale</b>. Trying to add duplicate: 694e110ec53e29d1d4682cb4 name 
2026-08-17 22:13:40.306 -04:00|0.16.9.0.40087|Error|Default|<b>Locale</b>. Trying to add duplicate: 694e110ec53e29d1d4682cb4 description 
2026-08-17 22:13:40.306 -04:00|0.16.9.0.40087|Error|Default|<b>Locale</b>. Trying to add duplicate: 694e114418e06664c0682cb8 name 
2026-08-17 22:13:40.306 -04:00|0.16.9.0.40087|Error|Default|<b>Locale</b>. Trying to add duplicate: 694e114418e06664c0682cb8 description 
2026-08-17 22:13:40.306 -04:00|0.16.9.0.40087|Error|Default|<b>Locale</b>. Trying to add duplicate: 69eccbae0764116786033c2e description 
2026-08-17 22:13:40.306 -04:00|0.16.9.0.40087|Error|Default|<b>Locale</b>. Trying to add duplicate: 69eccbae0764116786033c2e fullName 
2026-08-17 22:13:40.306 -04:00|0.16.9.0.40087|Error|Default|<b>Locale</b>. Trying to add duplicate: 69eccbae0764116786033c2e firstName 
2026-08-17 22:13:40.306 -04:00|0.16.9.0.40087|Error|Default|<b>Locale</b>. Trying to add duplicate: 69eccbae0764116786033c2e nickName 
2026-08-17 22:13:40.306 -04:00|0.16.9.0.40087|Error|Default|<b>Locale</b>. Trying to add duplicate: 69eccbae0764116786033c2e location 
2026-08-17 22:13:40.306 -04:00|0.16.9.0.40087|Error|Default|<b>Locale</b>. Trying to add duplicate: 6841cdb93de393b52dd49865 Name 
2026-08-17 22:13:40.306 -04:00|0.16.9.0.40087|Error|Default|<b>Locale</b>. Trying to add duplicate: 6841cdb93de393b52dd49865 Description 
2026-08-17 22:13:40.306 -04:00|0.16.9.0.40087|Error|Default|<b>Locale</b>. Trying to add duplicate: 6841cc541c407f8aa0e4f62b Name 
2026-08-17 22:13:40.306 -04:00|0.16.9.0.40087|Error|Default|<b>Locale</b>. Trying to add duplicate: 6841cc541c407f8aa0e4f62b Description 
2026-08-17 22:13:40.306 -04:00|0.16.9.0.40087|Error|Default|<b>Locale</b>. Trying to add duplicate: 6761b213607f9a6f79017aef name 
2026-08-17 22:13:40.306 -04:00|0.16.9.0.40087|Error|Default|<b>Locale</b>. Trying to add duplicate: 6761b213607f9a6f79017aef shortName 
2026-08-17 22:13:40.306 -04:00|0.16.9.0.40087|Error|Default|<b>Locale</b>. Trying to add duplicate: 6761b213607f9a6f79017aef description 
2026-08-17 22:13:40.306 -04:00|0.16.9.0.40087|Error|Default|<b>Locale</b>. Trying to add duplicate: 6761b213607f9a6f79017af1 name 
2026-08-17 22:13:40.306 -04:00|0.16.9.0.40087|Error|Default|<b>Locale</b>. Trying to add duplicate: 6761b213607f9a6f79017af1 shortName 
2026-08-17 22:13:40.306 -04:00|0.16.9.0.40087|Error|Default|<b>Locale</b>. Trying to add duplicate: 6761b213607f9a6f79017af1 description 
2026-08-17 22:13:40.306 -04:00|0.16.9.0.40087|Error|Default|<b>Locale</b>. Trying to add duplicate: 6761b213607f9a6f79017af2 name 
2026-08-17 22:13:40.306 -04:00|0.16.9.0.40087|Error|Default|<b>Locale</b>. Trying to add duplicate: 6761b213607f9a6f79017af2 shortName 
2026-08-17 22:13:40.306 -04:00|0.16.9.0.40087|Error|Default|<b>Locale</b>. Trying to add duplicate: 6761b213607f9a6f79017af2 description 
2026-08-17 22:13:40.306 -04:00|0.16.9.0.40087|Error|Default|<b>Locale</b>. Trying to add duplicate: 6761b213607f9a6f79017af3 name 
2026-08-17 22:13:40.306 -04:00|0.16.9.0.40087|Error|Default|<b>Locale</b>. Trying to add duplicate: 6761b213607f9a6f79017af3 shortName 
2026-08-17 22:13:40.306 -04:00|0.16.9.0.40087|Error|Default|<b>Locale</b>. Trying to add duplicate: 6761b213607f9a6f79017af3 description 
2026-08-17 22:13:40.306 -04:00|0.16.9.0.40087|Error|Default|<b>Locale</b>. Trying to add duplicate: 6761b213607f9a6f79017af4 name 
2026-08-17 22:13:40.306 -04:00|0.16.9.0.40087|Error|Default|<b>Locale</b>. Trying to add duplicate: 6761b213607f9a6f79017af4 shortName 
2026-08-17 22:13:40.306 -04:00|0.16.9.0.40087|Error|Default|<b>Locale</b>. Trying to add duplicate: 6761b213607f9a6f79017af4 description 
2026-08-17 22:13:40.306 -04:00|0.16.9.0.40087|Error|Default|<b>Locale</b>. Trying to add duplicate: 6761b213607f9a6f79017af5 name 
2026-08-17 22:13:40.306 -04:00|0.16.9.0.40087|Error|Default|<b>Locale</b>. Trying to add duplicate: 6761b213607f9a6f79017af5 shortName 
2026-08-17 22:13:40.306 -04:00|0.16.9.0.40087|Error|Default|<b>Locale</b>. Trying to add duplicate: 6761b213607f9a6f79017af5 description 
2026-08-17 22:13:40.306 -04:00|0.16.9.0.40087|Error|Default|<b>Locale</b>. Trying to add duplicate: 6761b213607f9a6f79017af6 name 
2026-08-17 22:13:40.306 -04:00|0.16.9.0.40087|Error|Default|<b>Locale</b>. Trying to add duplicate: 6761b213607f9a6f79017af6 shortName 
2026-08-17 22:13:40.306 -04:00|0.16.9.0.40087|Error|Default|<b>Locale</b>. Trying to add duplicate: 6761b213607f9a6f79017af6 description 
2026-08-17 22:13:40.306 -04:00|0.16.9.0.40087|Error|Default|<b>Locale</b>. Trying to add duplicate: 6761b213607f9a6f79017af7 name 
2026-08-17 22:13:40.306 -04:00|0.16.9.0.40087|Error|Default|<b>Locale</b>. Trying to add duplicate: 6761b213607f9a6f79017af7 shortName 
2026-08-17 22:13:40.306 -04:00|0.16.9.0.40087|Error|Default|<b>Locale</b>. Trying to add duplicate: 6761b213607f9a6f79017af7 description 
2026-08-17 22:13:40.306 -04:00|0.16.9.0.40087|Error|Default|<b>Locale</b>. Trying to add duplicate: 6761b213607f9a6f79017af9 name 
2026-08-17 22:13:40.306 -04:00|0.16.9.0.40087|Error|Default|<b>Locale</b>. Trying to add duplicate: 6761b213607f9a6f79017af9 shortName 
2026-08-17 22:13:40.306 -04:00|0.16.9.0.40087|Error|Default|<b>Locale</b>. Trying to add duplicate: 6761b213607f9a6f79017af9 description 
2026-08-17 22:13:40.306 -04:00|0.16.9.0.40087|Error|Default|<b>Locale</b>. Trying to add duplicate: 6761b213607f9a6f79017afa name 
2026-08-17 22:13:40.306 -04:00|0.16.9.0.40087|Error|Default|<b>Locale</b>. Trying to add duplicate: 6761b213607f9a6f79017afa shortName 
2026-08-17 22:13:40.306 -04:00|0.16.9.0.40087|Error|Default|<b>Locale</b>. Trying to add duplicate: 6761b213607f9a6f79017afa description 
2026-08-17 22:13:40.306 -04:00|0.16.9.0.40087|Error|Default|<b>Locale</b>. Trying to add duplicate: 6761b213607f9a6f79017afb name 
2026-08-17 22:13:40.306 -04:00|0.16.9.0.40087|Error|Default|<b>Locale</b>. Trying to add duplicate: 6761b213607f9a6f79017afb shortName 
2026-08-17 22:13:40.306 -04:00|0.16.9.0.40087|Error|Default|<b>Locale</b>. Trying to add duplicate: 6761b213607f9a6f79017afb description 
2026-08-17 22:13:40.306 -04:00|0.16.9.0.40087|Error|Default|<b>Locale</b>. Trying to add duplicate: 6761b213607f9a6f79017afc name 
2026-08-17 22:13:40.306 -04:00|0.16.9.0.40087|Error|Default|<b>Locale</b>. Trying to add duplicate: 6761b213607f9a6f79017afc shortName 
2026-08-17 22:13:40.306 -04:00|0.16.9.0.40087|Error|Default|<b>Locale</b>. Trying to add duplicate: 6761b213607f9a6f79017afc description 
2026-08-17 22:13:40.306 -04:00|0.16.9.0.40087|Error|Default|<b>Locale</b>. Trying to add duplicate: 6761b213607f9a6f79017afd name 
2026-08-17 22:13:40.306 -04:00|0.16.9.0.40087|Error|Default|<b>Locale</b>. Trying to add duplicate: 6761b213607f9a6f79017afd shortName 
2026-08-17 22:13:40.306 -04:00|0.16.9.0.40087|Error|Default|<b>Locale</b>. Trying to add duplicate: 6761b213607f9a6f79017afd description 
2026-08-17 22:13:40.306 -04:00|0.16.9.0.40087|Error|Default|<b>Locale</b>. Trying to add duplicate: 6761b213607f9a6f79017afe name 
2026-08-17 22:13:40.306 -04:00|0.16.9.0.40087|Error|Default|<b>Locale</b>. Trying to add duplicate: 6761b213607f9a6f79017afe shortName 
2026-08-17 22:13:40.306 -04:00|0.16.9.0.40087|Error|Default|<b>Locale</b>. Trying to add duplicate: 6761b213607f9a6f79017afe description 
2026-08-17 22:13:40.306 -04:00|0.16.9.0.40087|Error|Default|<b>Locale</b>. Trying to add duplicate: 6761b213607f9a6f79017aff name 
2026-08-17 22:13:40.306 -04:00|0.16.9.0.40087|Error|Default|<b>Locale</b>. Trying to add duplicate: 6761b213607f9a6f79017aff shortName 
2026-08-17 22:13:40.306 -04:00|0.16.9.0.40087|Error|Default|<b>Locale</b>. Trying to add duplicate: 6761b213607f9a6f79017aff description 
2026-08-17 22:13:40.306 -04:00|0.16.9.0.40087|Error|Default|<b>Locale</b>. Trying to add duplicate: 6807e54dc5a45c5443154a29 name 
2026-08-17 22:13:40.306 -04:00|0.16.9.0.40087|Error|Default|<b>Locale</b>. Trying to add duplicate: 6807e54dc5a45c5443154a29 shortName 
2026-08-17 22:13:40.306 -04:00|0.16.9.0.40087|Error|Default|<b>Locale</b>. Trying to add duplicate: 6807e54dc5a45c5443154a29 description 
2026-08-17 22:13:40.306 -04:00|0.16.9.0.40087|Error|Default|<b>Locale</b>. Trying to add duplicate: 68084891d93e159932d7e326 name 
2026-08-17 22:13:40.306 -04:00|0.16.9.0.40087|Error|Default|<b>Locale</b>. Trying to add duplicate: 68084891d93e159932d7e326 shortName 
2026-08-17 22:13:40.306 -04:00|0.16.9.0.40087|Error|Default|<b>Locale</b>. Trying to add duplicate: 68084891d93e159932d7e326 description 
2026-08-17 22:13:40.306 -04:00|0.16.9.0.40087|Error|Default|<b>Locale</b>. Trying to add duplicate: 680e8d81e16a7caa3dd10730 name 
2026-08-17 22:13:40.306 -04:00|0.16.9.0.40087|Error|Default|<b>Locale</b>. Trying to add duplicate: 680e8d81e16a7caa3dd10730 shortName 
2026-08-17 22:13:40.306 -04:00|0.16.9.0.40087|Error|Default|<b>Locale</b>. Trying to add duplicate: 680e8d81e16a7caa3dd10730 description 
2026-08-17 22:13:40.306 -04:00|0.16.9.0.40087|Error|Default|<b>Locale</b>. Trying to add duplicate: 68170b2cb595bf820b60571a name 
2026-08-17 22:13:40.306 -04:00|0.16.9.0.40087|Error|Default|<b>Locale</b>. Trying to add duplicate: 68170b2cb595bf820b60571a shortName 
2026-08-17 22:13:40.306 -04:00|0.16.9.0.40087|Error|Default|<b>Locale</b>. Trying to add duplicate: 68170b2cb595bf820b60571a description 
2026-08-17 22:13:40.306 -04:00|0.16.9.0.40087|Error|Default|<b>Locale</b>. Trying to add duplicate: 69352d5c409abe93d29321e4 name 
2026-08-17 22:13:40.306 -04:00|0.16.9.0.40087|Error|Default|<b>Locale</b>. Trying to add duplicate: 69352d5c409abe93d29321e4 shortName 
2026-08-17 22:13:40.306 -04:00|0.16.9.0.40087|Error|Default|<b>Locale</b>. Trying to add duplicate: 69352d5c409abe93d29321e4 description 
2026-08-17 22:13:40.306 -04:00|0.16.9.0.40087|Error|Default|<b>Locale</b>. Trying to add duplicate: 681baec29eb1732a417bd7dd name 
2026-08-17 22:13:40.306 -04:00|0.16.9.0.40087|Error|Default|<b>Locale</b>. Trying to add duplicate: 681baec29eb1732a417bd7dd shortName 
2026-08-17 22:13:40.306 -04:00|0.16.9.0.40087|Error|Default|<b>Locale</b>. Trying to add duplicate: 681baec29eb1732a417bd7dd description 
2026-08-17 22:13:40.306 -04:00|0.16.9.0.40087|Error|Default|<b>Locale</b>. Trying to add duplicate: 681bb00c7fecf6d490b2fb3c name 
2026-08-17 22:13:40.306 -04:00|0.16.9.0.40087|Error|Default|<b>Locale</b>. Trying to add duplicate: 681bb00c7fecf6d490b2fb3c shortName 
2026-08-17 22:13:40.306 -04:00|0.16.9.0.40087|Error|Default|<b>Locale</b>. Trying to add duplicate: 681bb00c7fecf6d490b2fb3c description 
2026-08-17 22:13:40.306 -04:00|0.16.9.0.40087|Error|Default|<b>Locale</b>. Trying to add duplicate: 681bcd300480896883303f71 name 
2026-08-17 22:13:40.306 -04:00|0.16.9.0.40087|Error|Default|<b>Locale</b>. Trying to add duplicate: 681bcd300480896883303f71 shortName 
2026-08-17 22:13:40.306 -04:00|0.16.9.0.40087|Error|Default|<b>Locale</b>. Trying to add duplicate: 681bcd300480896883303f71 description 
2026-08-17 22:13:40.306 -04:00|0.16.9.0.40087|Error|Default|<b>Locale</b>. Trying to add duplicate: 69364a368a4b47eeaf9ba4a3 name 
2026-08-17 22:13:40.306 -04:00|0.16.9.0.40087|Error|Default|<b>Locale</b>. Trying to add duplicate: 69364a368a4b47eeaf9ba4a3 shortName 
2026-08-17 22:13:40.306 -04:00|0.16.9.0.40087|Error|Default|<b>Locale</b>. Trying to add duplicate: 69364a368a4b47eeaf9ba4a3 description 
2026-08-17 22:13:40.306 -04:00|0.16.9.0.40087|Error|Default|<b>Locale</b>. Trying to add duplicate: 0c22fc270f59b28c064e1232 name 
2026-08-17 22:13:40.306 -04:00|0.16.9.0.40087|Error|Default|<b>Locale</b>. Trying to add duplicate: 0c22fc270f59b28c064e1232 shortName 
2026-08-17 22:13:40.306 -04:00|0.16.9.0.40087|Error|Default|<b>Locale</b>. Trying to add duplicate: 0c22fc270f59b28c064e1232 description 
2026-08-17 22:13:40.306 -04:00|0.16.9.0.40087|Error|Default|<b>Locale</b>. Trying to add duplicate: 9543bbe8083934dc3b1b1330 name 
2026-08-17 22:13:40.306 -04:00|0.16.9.0.40087|Error|Default|<b>Locale</b>. Trying to add duplicate: 9543bbe8083934dc3b1b1330 shortName 
2026-08-17 22:13:40.306 -04:00|0.16.9.0.40087|Error|Default|<b>Locale</b>. Trying to add duplicate: 9543bbe8083934dc3b1b1330 description 
2026-08-17 22:13:40.306 -04:00|0.16.9.0.40087|Error|Default|<b>Locale</b>. Trying to add duplicate: c29f11b2e63a089916739c96 name 
2026-08-17 22:13:40.306 -04:00|0.16.9.0.40087|Error|Default|<b>Locale</b>. Trying to add duplicate: c29f11b2e63a089916739c96 shortName 
2026-08-17 22:13:40.306 -04:00|0.16.9.0.40087|Error|Default|<b>Locale</b>. Trying to add duplicate: c29f11b2e63a089916739c96 description 
2026-08-17 22:13:40.306 -04:00|0.16.9.0.40087|Error|Default|<b>Locale</b>. Trying to add duplicate: 12403f74773f49be6a2d84b7 name 
2026-08-17 22:13:40.306 -04:00|0.16.9.0.40087|Error|Default|<b>Locale</b>. Trying to add duplicate: 12403f74773f49be6a2d84b7 shortName 
2026-08-17 22:13:40.306 -04:00|0.16.9.0.40087|Error|Default|<b>Locale</b>. Trying to add duplicate: 12403f74773f49be6a2d84b7 description 
2026-08-17 22:13:40.306 -04:00|0.16.9.0.40087|Error|Default|<b>Locale</b>. Trying to add duplicate: ae9e418fd5d4c4eec4a0e6ea name 
2026-08-17 22:13:40.306 -04:00|0.16.9.0.40087|Error|Default|<b>Locale</b>. Trying to add duplicate: ae9e418fd5d4c4eec4a0e6ea shortName 
2026-08-17 22:13:40.306 -04:00|0.16.9.0.40087|Error|Default|<b>Locale</b>. Trying to add duplicate: ae9e418fd5d4c4eec4a0e6ea description 
2026-08-17 22:13:40.306 -04:00|0.16.9.0.40087|Error|Default|<b>Locale</b>. Trying to add duplicate: 440de5d056825485a0cf3a19 name 
2026-08-17 22:13:40.306 -04:00|0.16.9.0.40087|Error|Default|<b>Locale</b>. Trying to add duplicate: 440de5d056825485a0cf3a19 shortName 
2026-08-17 22:13:40.306 -04:00|0.16.9.0.40087|Error|Default|<b>Locale</b>. Trying to add duplicate: 440de5d056825485a0cf3a19 description 
2026-08-17 22:13:40.306 -04:00|0.16.9.0.40087|Error|Default|<b>Locale</b>. Trying to add duplicate: 6925918065a41e6b1e02a7d7 name 
2026-08-17 22:13:40.306 -04:00|0.16.9.0.40087|Error|Default|<b>Locale</b>. Trying to add duplicate: 6925918065a41e6b1e02a7d7 shortName 
2026-08-17 22:13:40.306 -04:00|0.16.9.0.40087|Error|Default|<b>Locale</b>. Trying to add duplicate: 6925918065a41e6b1e02a7d7 description 
2026-08-17 22:13:40.306 -04:00|0.16.9.0.40087|Error|Default|<b>Locale</b>. Trying to add duplicate: 2eabd4da4ab194eb168e72d3 name 
2026-08-17 22:13:40.306 -04:00|0.16.9.0.40087|Error|Default|<b>Locale</b>. Trying to add duplicate: 2eabd4da4ab194eb168e72d3 shortName 
2026-08-17 22:13:40.306 -04:00|0.16.9.0.40087|Error|Default|<b>Locale</b>. Trying to add duplicate: 2eabd4da4ab194eb168e72d3 description 
2026-08-17 22:13:40.306 -04:00|0.16.9.0.40087|Error|Default|<b>Locale</b>. Trying to add duplicate: 669c10fa06c00c483c58537a name 
2026-08-17 22:13:40.306 -04:00|0.16.9.0.40087|Error|Default|<b>Locale</b>. Trying to add duplicate: 669c10fa06c00c483c58537a shortName 
2026-08-17 22:13:40.306 -04:00|0.16.9.0.40087|Error|Default|<b>Locale</b>. Trying to add duplicate: 669c10fa06c00c483c58537a description 
2026-08-17 22:13:40.306 -04:00|0.16.9.0.40087|Error|Default|<b>Locale</b>. Trying to add duplicate: 669c1a420c8342338269dd86 name 
2026-08-17 22:13:40.306 -04:00|0.16.9.0.40087|Error|Default|<b>Locale</b>. Trying to add duplicate: 669c1a420c8342338269dd86 shortName 
2026-08-17 22:13:40.306 -04:00|0.16.9.0.40087|Error|Default|<b>Locale</b>. Trying to add duplicate: 669c1a420c8342338269dd86 description 
2026-08-17 22:13:40.306 -04:00|0.16.9.0.40087|Error|Default|<b>Locale</b>. Trying to add duplicate: 681c17948a6e3fb72e221390 name 
2026-08-17 22:13:40.306 -04:00|0.16.9.0.40087|Error|Default|<b>Locale</b>. Trying to add duplicate: 681c17948a6e3fb72e221390 shortName 
2026-08-17 22:13:40.306 -04:00|0.16.9.0.40087|Error|Default|<b>Locale</b>. Trying to add duplicate: 681c17948a6e3fb72e221390 description 
2026-08-17 22:13:40.306 -04:00|0.16.9.0.40087|Error|Default|<b>Locale</b>. Trying to add duplicate: 681d117c2b345ac614614bf8 name 
2026-08-17 22:13:40.306 -04:00|0.16.9.0.40087|Error|Default|<b>Locale</b>. Trying to add duplicate: 681d117c2b345ac614614bf8 shortName 
2026-08-17 22:13:40.306 -04:00|0.16.9.0.40087|Error|Default|<b>Locale</b>. Trying to add duplicate: 681d117c2b345ac614614bf8 description 
2026-08-17 22:13:40.306 -04:00|0.16.9.0.40087|Error|Default|<b>Locale</b>. Trying to add duplicate: 681d124d70b2418646a80fa3 name 
2026-08-17 22:13:40.306 -04:00|0.16.9.0.40087|Error|Default|<b>Locale</b>. Trying to add duplicate: 681d124d70b2418646a80fa3 shortName 
2026-08-17 22:13:40.306 -04:00|0.16.9.0.40087|Error|Default|<b>Locale</b>. Trying to add duplicate: 681d124d70b2418646a80fa3 description 
2026-08-17 22:13:40.306 -04:00|0.16.9.0.40087|Error|Default|<b>Locale</b>. Trying to add duplicate: 681d1395a5c2308fdcbcda92 name 
2026-08-17 22:13:40.306 -04:00|0.16.9.0.40087|Error|Default|<b>Locale</b>. Trying to add duplicate: 681d1395a5c2308fdcbcda92 shortName 
2026-08-17 22:13:40.306 -04:00|0.16.9.0.40087|Error|Default|<b>Locale</b>. Trying to add duplicate: 681d1395a5c2308fdcbcda92 description 
2026-08-17 22:13:40.306 -04:00|0.16.9.0.40087|Error|Default|<b>Locale</b>. Trying to add duplicate: 681d1448a0a20c9db8861321 name 
2026-08-17 22:13:40.306 -04:00|0.16.9.0.40087|Error|Default|<b>Locale</b>. Trying to add duplicate: 681d1448a0a20c9db8861321 shortName 
2026-08-17 22:13:40.306 -04:00|0.16.9.0.40087|Error|Default|<b>Locale</b>. Trying to add duplicate: 681d1448a0a20c9db8861321 description 
2026-08-17 22:13:40.306 -04:00|0.16.9.0.40087|Error|Default|<b>Locale</b>. Trying to add duplicate: 681d1ef3db9fe57ea08ed67a name 
2026-08-17 22:13:40.306 -04:00|0.16.9.0.40087|Error|Default|<b>Locale</b>. Trying to add duplicate: 681d1ef3db9fe57ea08ed67a shortName 
2026-08-17 22:13:40.306 -04:00|0.16.9.0.40087|Error|Default|<b>Locale</b>. Trying to add duplicate: 681d1ef3db9fe57ea08ed67a description 
2026-08-17 22:13:40.306 -04:00|0.16.9.0.40087|Error|Default|<b>Locale</b>. Trying to add duplicate: 681d2b9736545ba7dfd0847a name 
2026-08-17 22:13:40.306 -04:00|0.16.9.0.40087|Error|Default|<b>Locale</b>. Trying to add duplicate: 681d2b9736545ba7dfd0847a shortName 
2026-08-17 22:13:40.306 -04:00|0.16.9.0.40087|Error|Default|<b>Locale</b>. Trying to add duplicate: 681d2b9736545ba7dfd0847a description 
2026-08-17 22:13:40.306 -04:00|0.16.9.0.40087|Error|Default|<b>Locale</b>. Trying to add duplicate: 6761b213607f9a6f79017b65 name 
2026-08-17 22:13:40.306 -04:00|0.16.9.0.40087|Error|Default|<b>Locale</b>. Trying to add duplicate: 6761b213607f9a6f79017b65 shortName 
2026-08-17 22:13:40.306 -04:00|0.16.9.0.40087|Error|Default|<b>Locale</b>. Trying to add duplicate: 6761b213607f9a6f79017b65 description 
2026-08-17 22:13:40.306 -04:00|0.16.9.0.40087|Error|Default|<b>Locale</b>. Trying to add duplicate: 6761b213607f9a6f79017b67 name 
2026-08-17 22:13:40.306 -04:00|0.16.9.0.40087|Error|Default|<b>Locale</b>. Trying to add duplicate: 6761b213607f9a6f79017b67 shortName 
2026-08-17 22:13:40.306 -04:00|0.16.9.0.40087|Error|Default|<b>Locale</b>. Trying to add duplicate: 6761b213607f9a6f79017b67 description 
2026-08-17 22:13:40.306 -04:00|0.16.9.0.40087|Error|Default|<b>Locale</b>. Trying to add duplicate: 681d2d053de2e15f8b0b5081 name 
2026-08-17 22:13:40.306 -04:00|0.16.9.0.40087|Error|Default|<b>Locale</b>. Trying to add duplicate: 681d2d053de2e15f8b0b5081 shortName 
2026-08-17 22:13:40.306 -04:00|0.16.9.0.40087|Error|Default|<b>Locale</b>. Trying to add duplicate: 681d2d053de2e15f8b0b5081 description 
2026-08-17 22:13:42.603 -04:00|0.16.9.0.40087|Error|Default|JetMaterial == null 
2026-08-17 22:13:44.698 -04:00|0.16.9.0.40087|Error|insurance|Error insuring item: (Glock 9x19 SGM Tactical 50-round drum magazine) 
2026-08-17 22:13:44.698 -04:00|0.16.9.0.40087|Error|insurance|Error insuring item: (Glock 9x19 SGM Tactical 50-round drum magazine) 
2026-08-17 22:13:45.070 -04:00|0.16.9.0.40087|Error|Default|JetMaterial == null 
2026-08-17 22:20:05.787 -04:00|0.16.9.0.40087|Error|Default|Can't set affinity mask. Error code: 122 
2026-08-17 22:20:06.269 -04:00|0.16.9.0.40087|Error|Default|<b>Locale</b>. Trying to add duplicate: arena/widgets/activate object 
2026-08-17 22:20:06.269 -04:00|0.16.9.0.40087|Error|Default|<b>Locale</b>. Trying to add duplicate: arena/widgets/defend object 
2026-08-17 22:20:06.269 -04:00|0.16.9.0.40087|Error|Default|<b>Locale</b>. Trying to add duplicate: arena/widgets/event/activating object 
2026-08-17 22:20:06.269 -04:00|0.16.9.0.40087|Error|Default|<b>Locale</b>. Trying to add duplicate: arena/widgets/event/can activate object 
2026-08-17 22:20:06.269 -04:00|0.16.9.0.40087|Error|Default|<b>Locale</b>. Trying to add duplicate: arena/widgets/event/defend object 
2026-08-17 22:20:06.269 -04:00|0.16.9.0.40087|Error|Default|<b>Locale</b>. Trying to add duplicate: laboratory 
2026-08-17 22:20:06.269 -04:00|0.16.9.0.40087|Error|Default|<b>Locale</b>. Trying to add duplicate: 6a0e253fd13347b5a6305306 name 
2026-08-17 22:20:06.269 -04:00|0.16.9.0.40087|Error|Default|<b>Locale</b>. Trying to add duplicate: 6a0e253fd13347b5a6305306 shortName 
2026-08-17 22:20:06.269 -04:00|0.16.9.0.40087|Error|Default|<b>Locale</b>. Trying to add duplicate: 6a0e253fd13347b5a6305306 description 
2026-08-17 22:20:06.269 -04:00|0.16.9.0.40087|Error|Default|<b>Locale</b>. Trying to add duplicate: 6a0e25e7c4fe58df2d30530a name 
2026-08-17 22:20:06.269 -04:00|0.16.9.0.40087|Error|Default|<b>Locale</b>. Trying to add duplicate: 6a0e25e7c4fe58df2d30530a shortName 
2026-08-17 22:20:06.269 -04:00|0.16.9.0.40087|Error|Default|<b>Locale</b>. Trying to add duplicate: 6a0e25e7c4fe58df2d30530a description 
2026-08-17 22:20:06.269 -04:00|0.16.9.0.40087|Error|Default|<b>Locale</b>. Trying to add duplicate: 6a0e26261115cb8e9d30530c name 
2026-08-17 22:20:06.269 -04:00|0.16.9.0.40087|Error|Default|<b>Locale</b>. Trying to add duplicate: 6a0e26261115cb8e9d30530c shortName 
2026-08-17 22:20:06.269 -04:00|0.16.9.0.40087|Error|Default|<b>Locale</b>. Trying to add duplicate: 6a0e26261115cb8e9d30530c description 
2026-08-17 22:20:06.269 -04:00|0.16.9.0.40087|Error|Default|<b>Locale</b>. Trying to add duplicate: 6a0e4358d460e95167305310 name 
2026-08-17 22:20:06.269 -04:00|0.16.9.0.40087|Error|Default|<b>Locale</b>. Trying to add duplicate: 6a0e4358d460e95167305310 shortName 
2026-08-17 22:20:06.269 -04:00|0.16.9.0.40087|Error|Default|<b>Locale</b>. Trying to add duplicate: 6a0e4358d460e95167305310 description 
2026-08-17 22:20:06.269 -04:00|0.16.9.0.40087|Error|Default|<b>Locale</b>. Trying to add duplicate: 6a0e43430b6f88f8d230530e name 
2026-08-17 22:20:06.269 -04:00|0.16.9.0.40087|Error|Default|<b>Locale</b>. Trying to add duplicate: 6a0e43430b6f88f8d230530e shortName 
2026-08-17 22:20:06.269 -04:00|0.16.9.0.40087|Error|Default|<b>Locale</b>. Trying to add duplicate: 6a0e43430b6f88f8d230530e description 
2026-08-17 22:20:06.269 -04:00|0.16.9.0.40087|Error|Default|<b>Locale</b>. Trying to add duplicate: 6a1087fe49f3a17012a302ef name 
2026-08-17 22:20:06.269 -04:00|0.16.9.0.40087|Error|Default|<b>Locale</b>. Trying to add duplicate: 6a1087fe49f3a17012a302ef shortName 
2026-08-17 22:20:06.269 -04:00|0.16.9.0.40087|Error|Default|<b>Locale</b>. Trying to add duplicate: 6a1087fe49f3a17012a302ef description 
2026-08-17 22:20:06.269 -04:00|0.16.9.0.40087|Error|Default|<b>Locale</b>. Trying to add duplicate: 6a10b66c1ad901f6b852f55a name 
2026-08-17 22:20:06.269 -04:00|0.16.9.0.40087|Error|Default|<b>Locale</b>. Trying to add duplicate: 6a10b66c1ad901f6b852f55a shortName 
2026-08-17 22:20:06.269 -04:00|0.16.9.0.40087|Error|Default|<b>Locale</b>. Trying to add duplicate: 6a10b66c1ad901f6b852f55a description 
2026-08-17 22:20:06.269 -04:00|0.16.9.0.40087|Error|Default|<b>Locale</b>. Trying to add duplicate: 6a10b6fac0c2827bb252f55e name 
2026-08-17 22:20:06.269 -04:00|0.16.9.0.40087|Error|Default|<b>Locale</b>. Trying to add duplicate: 6a10b6fac0c2827bb252f55e shortName 
2026-08-17 22:20:06.269 -04:00|0.16.9.0.40087|Error|Default|<b>Locale</b>. Trying to add duplicate: 6a10b6fac0c2827bb252f55e description 
2026-08-17 22:20:06.269 -04:00|0.16.9.0.40087|Error|Default|<b>Locale</b>. Trying to add duplicate: 6a10b78858b039730552f561 name 
2026-08-17 22:20:06.269 -04:00|0.16.9.0.40087|Error|Default|<b>Locale</b>. Trying to add duplicate: 6a10b78858b039730552f561 shortName 
2026-08-17 22:20:06.269 -04:00|0.16.9.0.40087|Error|Default|<b>Locale</b>. Trying to add duplicate: 6a10b78858b039730552f561 description 
2026-08-17 22:20:06.269 -04:00|0.16.9.0.40087|Error|Default|<b>Locale</b>. Trying to add duplicate: 6a10b82392962a745e52f564 name 
2026-08-17 22:20:06.269 -04:00|0.16.9.0.40087|Error|Default|<b>Locale</b>. Trying to add duplicate: 6a10b82392962a745e52f564 shortName 
2026-08-17 22:20:06.269 -04:00|0.16.9.0.40087|Error|Default|<b>Locale</b>. Trying to add duplicate: 6a10b82392962a745e52f564 description 
2026-08-17 22:20:06.269 -04:00|0.16.9.0.40087|Error|Default|<b>Locale</b>. Trying to add duplicate: 6a10b867bc3d46c41552f566 name 
2026-08-17 22:20:06.269 -04:00|0.16.9.0.40087|Error|Default|<b>Locale</b>. Trying to add duplicate: 6a10b867bc3d46c41552f566 shortName 
2026-08-17 22:20:06.269 -04:00|0.16.9.0.40087|Error|Default|<b>Locale</b>. Trying to add duplicate: 6a10b867bc3d46c41552f566 description 
2026-08-17 22:20:06.269 -04:00|0.16.9.0.40087|Error|Default|<b>Locale</b>. Trying to add duplicate: 6a2b0cc78dcf9203554cd53d name 
2026-08-17 22:20:06.269 -04:00|0.16.9.0.40087|Error|Default|<b>Locale</b>. Trying to add duplicate: 6a2b0cc78dcf9203554cd53d shortName 
2026-08-17 22:20:06.269 -04:00|0.16.9.0.40087|Error|Default|<b>Locale</b>. Trying to add duplicate: 6a2b0cc78dcf9203554cd53d description 
2026-08-17 22:20:06.269 -04:00|0.16.9.0.40087|Error|Default|<b>Locale</b>. Trying to add duplicate: 687b616db015c21f329bf45f Name 
2026-08-17 22:20:06.269 -04:00|0.16.9.0.40087|Error|Default|<b>Locale</b>. Trying to add duplicate: 687b616db015c21f329bf45f Description 
2026-08-17 22:20:06.269 -04:00|0.16.9.0.40087|Error|Default|<b>Locale</b>. Trying to add duplicate: 687b616db015c21f329bf45f StartedMessageText 
2026-08-17 22:20:06.269 -04:00|0.16.9.0.40087|Error|Default|<b>Locale</b>. Trying to add duplicate: 687b616db015c21f329bf45f SuccessMessageText 
2026-08-17 22:20:06.269 -04:00|0.16.9.0.40087|Error|Default|<b>Locale</b>. Trying to add duplicate: 687b616db015c21f329bf45f FailMessageText 
2026-08-17 22:20:06.269 -04:00|0.16.9.0.40087|Error|Default|<b>Locale</b>. Trying to add duplicate: 68561cd4801134be939e11f6 Name 
2026-08-17 22:20:06.269 -04:00|0.16.9.0.40087|Error|Default|<b>Locale</b>. Trying to add duplicate: 68561cd4801134be939e11f6 Description 
2026-08-17 22:20:06.269 -04:00|0.16.9.0.40087|Error|Default|<b>Locale</b>. Trying to add duplicate: 68561cd4801134be939e11f6 StartedMessageText 
2026-08-17 22:20:06.269 -04:00|0.16.9.0.40087|Error|Default|<b>Locale</b>. Trying to add duplicate: 68561cd4801134be939e11f6 SuccessMessageText 
2026-08-17 22:20:06.269 -04:00|0.16.9.0.40087|Error|Default|<b>Locale</b>. Trying to add duplicate: 6833b8bc6f8ce71072c4e703 Name 
2026-08-17 22:20:06.269 -04:00|0.16.9.0.40087|Error|Default|<b>Locale</b>. Trying to add duplicate: 6833b8bc6f8ce71072c4e703 Description 
2026-08-17 22:20:06.269 -04:00|0.16.9.0.40087|Error|Default|<b>Locale</b>. Trying to add duplicate: 6833b8bc6f8ce71072c4e703 StartedMessageText 
2026-08-17 22:20:06.269 -04:00|0.16.9.0.40087|Error|Default|<b>Locale</b>. Trying to add duplicate: 6833b8bc6f8ce71072c4e703 SuccessMessageText 
2026-08-17 22:20:06.269 -04:00|0.16.9.0.40087|Error|Default|<b>Locale</b>. Trying to add duplicate: 6833b8bc6f8ce71072c4e703 FailMessageText 
2026-08-17 22:20:06.269 -04:00|0.16.9.0.40087|Error|Default|<b>Locale</b>. Trying to add duplicate: 6833b8bc6f8ce71072c4e703 AcceptPlayerMessage 
2026-08-17 22:20:06.269 -04:00|0.16.9.0.40087|Error|Default|<b>Locale</b>. Trying to add duplicate: 6833b8bc6f8ce71072c4e703 DeclinePlayerMessage 
2026-08-17 22:20:06.269 -04:00|0.16.9.0.40087|Error|Default|<b>Locale</b>. Trying to add duplicate: 6833b8bc6f8ce71072c4e703 CompletePlayerMessage 
2026-08-17 22:20:06.269 -04:00|0.16.9.0.40087|Error|Default|<b>Locale</b>. Trying to add duplicate: 6833b8bc6f8ce71072c4e703 Note 
2026-08-17 22:20:06.269 -04:00|0.16.9.0.40087|Error|Default|<b>Locale</b>. Trying to add duplicate: 683645245a1c12488166b1a5 Name 
2026-08-17 22:20:06.269 -04:00|0.16.9.0.40087|Error|Default|<b>Locale</b>. Trying to add duplicate: 683645245a1c12488166b1a5 Description 
2026-08-17 22:20:06.269 -04:00|0.16.9.0.40087|Error|Default|<b>Locale</b>. Trying to add duplicate: 683645245a1c12488166b1a5 StartedMessageText 
2026-08-17 22:20:06.269 -04:00|0.16.9.0.40087|Error|Default|<b>Locale</b>. Trying to add duplicate: 683645245a1c12488166b1a5 SuccessMessageText 
2026-08-17 22:20:06.269 -04:00|0.16.9.0.40087|Error|Default|<b>Locale</b>. Trying to add duplicate: 683645245a1c12488166b1a5 AcceptPlayerMessage 
2026-08-17 22:20:06.269 -04:00|0.16.9.0.40087|Error|Default|<b>Locale</b>. Trying to add duplicate: 683645245a1c12488166b1a5 DeclinePlayerMessage 
2026-08-17 22:20:06.269 -04:00|0.16.9.0.40087|Error|Default|<b>Locale</b>. Trying to add duplicate: 683645245a1c12488166b1a5 CompletePlayerMessage 
2026-08-17 22:20:06.269 -04:00|0.16.9.0.40087|Error|Default|<b>Locale</b>. Trying to add duplicate: 683645245a1c12488166b1a5 Note 
2026-08-17 22:20:06.269 -04:00|0.16.9.0.40087|Error|Default|<b>Locale</b>. Trying to add duplicate: 686c25d281071c45d2f8aa44 Name 
2026-08-17 22:20:06.269 -04:00|0.16.9.0.40087|Error|Default|<b>Locale</b>. Trying to add duplicate: 686c25d281071c45d2f8aa44 Description 
2026-08-17 22:20:06.269 -04:00|0.16.9.0.40087|Error|Default|<b>Locale</b>. Trying to add duplicate: 686c25d281071c45d2f8aa44 StartedMessageText 
2026-08-17 22:20:06.269 -04:00|0.16.9.0.40087|Error|Default|<b>Locale</b>. Trying to add duplicate: 686c25d281071c45d2f8aa44 SuccessMessageText 
2026-08-17 22:20:06.269 -04:00|0.16.9.0.40087|Error|Default|<b>Locale</b>. Trying to add duplicate: 686dd4f871840e292fbd1a14 Name 
2026-08-17 22:20:06.269 -04:00|0.16.9.0.40087|Error|Default|<b>Locale</b>. Trying to add duplicate: 686dd4f871840e292fbd1a14 Description 
2026-08-17 22:20:06.269 -04:00|0.16.9.0.40087|Error|Default|<b>Locale</b>. Trying to add duplicate: 686dd4f871840e292fbd1a14 StartedMessageText 
2026-08-17 22:20:06.269 -04:00|0.16.9.0.40087|Error|Default|<b>Locale</b>. Trying to add duplicate: 686dd4f871840e292fbd1a14 SuccessMessageText 
2026-08-17 22:20:06.269 -04:00|0.16.9.0.40087|Error|Default|<b>Locale</b>. Trying to add duplicate: 6870170d18b94df2e8700ba0 Name 
2026-08-17 22:20:06.269 -04:00|0.16.9.0.40087|Error|Default|<b>Locale</b>. Trying to add duplicate: 6870170d18b94df2e8700ba0 Description 
2026-08-17 22:20:06.269 -04:00|0.16.9.0.40087|Error|Default|<b>Locale</b>. Trying to add duplicate: 6870170d18b94df2e8700ba0 StartedMessageText 
2026-08-17 22:20:06.269 -04:00|0.16.9.0.40087|Error|Default|<b>Locale</b>. Trying to add duplicate: 6870170d18b94df2e8700ba0 SuccessMessageText 
2026-08-17 22:20:06.269 -04:00|0.16.9.0.40087|Error|Default|<b>Locale</b>. Trying to add duplicate: 6877096d5299037a1c4b7b2f Name 
2026-08-17 22:20:06.269 -04:00|0.16.9.0.40087|Error|Default|<b>Locale</b>. Trying to add duplicate: 6877096d5299037a1c4b7b2f Description 
2026-08-17 22:20:06.269 -04:00|0.16.9.0.40087|Error|Default|<b>Locale</b>. Trying to add duplicate: 6877096d5299037a1c4b7b2f StartedMessageText 
2026-08-17 22:20:06.269 -04:00|0.16.9.0.40087|Error|Default|<b>Locale</b>. Trying to add duplicate: 6877096d5299037a1c4b7b2f SuccessMessageText 
2026-08-17 22:20:06.269 -04:00|0.16.9.0.40087|Error|Default|<b>Locale</b>. Trying to add duplicate: 68784cf8dbe00560604d51e1 Name 
2026-08-17 22:20:06.269 -04:00|0.16.9.0.40087|Error|Default|<b>Locale</b>. Trying to add duplicate: 68784cf8dbe00560604d51e1 Description 
2026-08-17 22:20:06.269 -04:00|0.16.9.0.40087|Error|Default|<b>Locale</b>. Trying to add duplicate: 68784cf8dbe00560604d51e1 StartedMessageText 
2026-08-17 22:20:06.269 -04:00|0.16.9.0.40087|Error|Default|<b>Locale</b>. Trying to add duplicate: 68784cf8dbe00560604d51e1 SuccessMessageText 
2026-08-17 22:20:06.269 -04:00|0.16.9.0.40087|Error|Default|<b>Locale</b>. Trying to add duplicate: 6879a0da60f8d8a90e632755 Name 
2026-08-17 22:20:06.269 -04:00|0.16.9.0.40087|Error|Default|<b>Locale</b>. Trying to add duplicate: 6879a0da60f8d8a90e632755 Description 
2026-08-17 22:20:06.269 -04:00|0.16.9.0.40087|Error|Default|<b>Locale</b>. Trying to add duplicate: 6879a0da60f8d8a90e632755 StartedMessageText 
2026-08-17 22:20:06.269 -04:00|0.16.9.0.40087|Error|Default|<b>Locale</b>. Trying to add duplicate: 6879a0da60f8d8a90e632755 SuccessMessageText 
2026-08-17 22:20:06.269 -04:00|0.16.9.0.40087|Error|Default|<b>Locale</b>. Trying to add duplicate: 694dc176d149fc1d52000003 Name 
2026-08-17 22:20:06.269 -04:00|0.16.9.0.40087|Error|Default|<b>Locale</b>. Trying to add duplicate: 694dc176d149fc1d52000003 Description 
2026-08-17 22:20:06.269 -04:00|0.16.9.0.40087|Error|Default|<b>Locale</b>. Trying to add duplicate: 694dc176d149fc1d52000003 SuccessMessageText 
2026-08-17 22:20:06.269 -04:00|0.16.9.0.40087|Error|Default|<b>Locale</b>. Trying to add duplicate: 687314e1ee500b06711955a2 Name 
2026-08-17 22:20:06.269 -04:00|0.16.9.0.40087|Error|Default|<b>Locale</b>. Trying to add duplicate: 687314e1ee500b06711955a2 Description 
2026-08-17 22:20:06.269 -04:00|0.16.9.0.40087|Error|Default|<b>Locale</b>. Trying to add duplicate: 687314e1ee500b06711955a2 StartedMessageText 
2026-08-17 22:20:06.269 -04:00|0.16.9.0.40087|Error|Default|<b>Locale</b>. Trying to add duplicate: 687314e1ee500b06711955a2 SuccessMessageText 
2026-08-17 22:20:06.269 -04:00|0.16.9.0.40087|Error|Default|<b>Locale</b>. Trying to add duplicate: 6873248b615c003311ebb292 Name 
2026-08-17 22:20:06.269 -04:00|0.16.9.0.40087|Error|Default|<b>Locale</b>. Trying to add duplicate: 6873248b615c003311ebb292 Description 
2026-08-17 22:20:06.269 -04:00|0.16.9.0.40087|Error|Default|<b>Locale</b>. Trying to add duplicate: 6873248b615c003311ebb292 StartedMessageText 
2026-08-17 22:20:06.269 -04:00|0.16.9.0.40087|Error|Default|<b>Locale</b>. Trying to add duplicate: 6873248b615c003311ebb292 FailMessageText 
2026-08-17 22:20:06.269 -04:00|0.16.9.0.40087|Error|Default|<b>Locale</b>. Trying to add duplicate: 6873248b615c003311ebb292 CompletePlayerMessage 
2026-08-17 22:20:06.269 -04:00|0.16.9.0.40087|Error|Default|<b>Locale</b>. Trying to add duplicate: 6873248b615c003311ebb292 SuccessMessageText 
2026-08-17 22:20:06.269 -04:00|0.16.9.0.40087|Error|Default|<b>Locale</b>. Trying to add duplicate: 686051774a290eb6f216471f Name 
2026-08-17 22:20:06.269 -04:00|0.16.9.0.40087|Error|Default|<b>Locale</b>. Trying to add duplicate: 686051774a290eb6f216471f Description 
2026-08-17 22:20:06.269 -04:00|0.16.9.0.40087|Error|Default|<b>Locale</b>. Trying to add duplicate: 686051774a290eb6f216471f StartedMessageText 
2026-08-17 22:20:06.269 -04:00|0.16.9.0.40087|Error|Default|<b>Locale</b>. Trying to add duplicate: 686051774a290eb6f216471f SuccessMessageText 
2026-08-17 22:20:06.269 -04:00|0.16.9.0.40087|Error|Default|<b>Locale</b>. Trying to add duplicate: 6910b4469b3fa14d813de155 name 
2026-08-17 22:20:06.269 -04:00|0.16.9.0.40087|Error|Default|<b>Locale</b>. Trying to add duplicate: 6910b4469b3fa14d813de155 description 
2026-08-17 22:20:06.269 -04:00|0.16.9.0.40087|Error|Default|<b>Locale</b>. Trying to add duplicate: 693c94e3b993b9416d6501a3 name 
2026-08-17 22:20:06.269 -04:00|0.16.9.0.40087|Error|Default|<b>Locale</b>. Trying to add duplicate: 693c94e3b993b9416d6501a3 description 
2026-08-17 22:20:06.269 -04:00|0.16.9.0.40087|Error|Default|<b>Locale</b>. Trying to add duplicate: 694e0d8851fee79757682ca4 name 
2026-08-17 22:20:06.269 -04:00|0.16.9.0.40087|Error|Default|<b>Locale</b>. Trying to add duplicate: 694e0d8851fee79757682ca4 description 
2026-08-17 22:20:06.269 -04:00|0.16.9.0.40087|Error|Default|<b>Locale</b>. Trying to add duplicate: 694e0fdb0984faf074682ca8 name 
2026-08-17 22:20:06.269 -04:00|0.16.9.0.40087|Error|Default|<b>Locale</b>. Trying to add duplicate: 694e0fdb0984faf074682ca8 description 
2026-08-17 22:20:06.269 -04:00|0.16.9.0.40087|Error|Default|<b>Locale</b>. Trying to add duplicate: 694e1063088b36b489682cac name 
2026-08-17 22:20:06.269 -04:00|0.16.9.0.40087|Error|Default|<b>Locale</b>. Trying to add duplicate: 694e1063088b36b489682cac description 
2026-08-17 22:20:06.269 -04:00|0.16.9.0.40087|Error|Default|<b>Locale</b>. Trying to add duplicate: 694e10ca6b29ea7d14682cb0 name 
2026-08-17 22:20:06.269 -04:00|0.16.9.0.40087|Error|Default|<b>Locale</b>. Trying to add duplicate: 694e10ca6b29ea7d14682cb0 description 
2026-08-17 22:20:06.269 -04:00|0.16.9.0.40087|Error|Default|<b>Locale</b>. Trying to add duplicate: 694e110ec53e29d1d4682cb4 name 
2026-08-17 22:20:06.269 -04:00|0.16.9.0.40087|Error|Default|<b>Locale</b>. Trying to add duplicate: 694e110ec53e29d1d4682cb4 description 
2026-08-17 22:20:06.269 -04:00|0.16.9.0.40087|Error|Default|<b>Locale</b>. Trying to add duplicate: 694e114418e06664c0682cb8 name 
2026-08-17 22:20:06.269 -04:00|0.16.9.0.40087|Error|Default|<b>Locale</b>. Trying to add duplicate: 694e114418e06664c0682cb8 description 
2026-08-17 22:20:06.269 -04:00|0.16.9.0.40087|Error|Default|<b>Locale</b>. Trying to add duplicate: 69eccbae0764116786033c2e description 
2026-08-17 22:20:06.269 -04:00|0.16.9.0.40087|Error|Default|<b>Locale</b>. Trying to add duplicate: 69eccbae0764116786033c2e fullName 
2026-08-17 22:20:06.269 -04:00|0.16.9.0.40087|Error|Default|<b>Locale</b>. Trying to add duplicate: 69eccbae0764116786033c2e firstName 
2026-08-17 22:20:06.269 -04:00|0.16.9.0.40087|Error|Default|<b>Locale</b>. Trying to add duplicate: 69eccbae0764116786033c2e nickName 
2026-08-17 22:20:06.269 -04:00|0.16.9.0.40087|Error|Default|<b>Locale</b>. Trying to add duplicate: 69eccbae0764116786033c2e location 
2026-08-17 22:20:06.278 -04:00|0.16.9.0.40087|Error|Default|<b>Locale</b>. Trying to add duplicate: 6841cdb93de393b52dd49865 Name 
2026-08-17 22:20:06.278 -04:00|0.16.9.0.40087|Error|Default|<b>Locale</b>. Trying to add duplicate: 6841cdb93de393b52dd49865 Description 
2026-08-17 22:20:06.278 -04:00|0.16.9.0.40087|Error|Default|<b>Locale</b>. Trying to add duplicate: 6841cc541c407f8aa0e4f62b Name 
2026-08-17 22:20:06.278 -04:00|0.16.9.0.40087|Error|Default|<b>Locale</b>. Trying to add duplicate: 6841cc541c407f8aa0e4f62b Description 
2026-08-17 22:20:06.278 -04:00|0.16.9.0.40087|Error|Default|<b>Locale</b>. Trying to add duplicate: 6761b213607f9a6f79017aef name 
2026-08-17 22:20:06.278 -04:00|0.16.9.0.40087|Error|Default|<b>Locale</b>. Trying to add duplicate: 6761b213607f9a6f79017aef shortName 
2026-08-17 22:20:06.278 -04:00|0.16.9.0.40087|Error|Default|<b>Locale</b>. Trying to add duplicate: 6761b213607f9a6f79017aef description 
2026-08-17 22:20:06.278 -04:00|0.16.9.0.40087|Error|Default|<b>Locale</b>. Trying to add duplicate: 6761b213607f9a6f79017af1 name 
2026-08-17 22:20:06.278 -04:00|0.16.9.0.40087|Error|Default|<b>Locale</b>. Trying to add duplicate: 6761b213607f9a6f79017af1 shortName 
2026-08-17 22:20:06.278 -04:00|0.16.9.0.40087|Error|Default|<b>Locale</b>. Trying to add duplicate: 6761b213607f9a6f79017af1 description 
2026-08-17 22:20:06.278 -04:00|0.16.9.0.40087|Error|Default|<b>Locale</b>. Trying to add duplicate: 6761b213607f9a6f79017af2 name 
2026-08-17 22:20:06.278 -04:00|0.16.9.0.40087|Error|Default|<b>Locale</b>. Trying to add duplicate: 6761b213607f9a6f79017af2 shortName 
2026-08-17 22:20:06.278 -04:00|0.16.9.0.40087|Error|Default|<b>Locale</b>. Trying to add duplicate: 6761b213607f9a6f79017af2 description 
2026-08-17 22:20:06.278 -04:00|0.16.9.0.40087|Error|Default|<b>Locale</b>. Trying to add duplicate: 6761b213607f9a6f79017af3 name 
2026-08-17 22:20:06.278 -04:00|0.16.9.0.40087|Error|Default|<b>Locale</b>. Trying to add duplicate: 6761b213607f9a6f79017af3 shortName 
2026-08-17 22:20:06.278 -04:00|0.16.9.0.40087|Error|Default|<b>Locale</b>. Trying to add duplicate: 6761b213607f9a6f79017af3 description 
2026-08-17 22:20:06.278 -04:00|0.16.9.0.40087|Error|Default|<b>Locale</b>. Trying to add duplicate: 6761b213607f9a6f79017af4 name 
2026-08-17 22:20:06.278 -04:00|0.16.9.0.40087|Error|Default|<b>Locale</b>. Trying to add duplicate: 6761b213607f9a6f79017af4 shortName 
2026-08-17 22:20:06.278 -04:00|0.16.9.0.40087|Error|Default|<b>Locale</b>. Trying to add duplicate: 6761b213607f9a6f79017af4 description 
2026-08-17 22:20:06.278 -04:00|0.16.9.0.40087|Error|Default|<b>Locale</b>. Trying to add duplicate: 6761b213607f9a6f79017af5 name 
2026-08-17 22:20:06.278 -04:00|0.16.9.0.40087|Error|Default|<b>Locale</b>. Trying to add duplicate: 6761b213607f9a6f79017af5 shortName 
2026-08-17 22:20:06.278 -04:00|0.16.9.0.40087|Error|Default|<b>Locale</b>. Trying to add duplicate: 6761b213607f9a6f79017af5 description 
2026-08-17 22:20:06.278 -04:00|0.16.9.0.40087|Error|Default|<b>Locale</b>. Trying to add duplicate: 6761b213607f9a6f79017af6 name 
2026-08-17 22:20:06.278 -04:00|0.16.9.0.40087|Error|Default|<b>Locale</b>. Trying to add duplicate: 6761b213607f9a6f79017af6 shortName 
2026-08-17 22:20:06.278 -04:00|0.16.9.0.40087|Error|Default|<b>Locale</b>. Trying to add duplicate: 6761b213607f9a6f79017af6 description 
2026-08-17 22:20:06.278 -04:00|0.16.9.0.40087|Error|Default|<b>Locale</b>. Trying to add duplicate: 6761b213607f9a6f79017af7 name 
2026-08-17 22:20:06.278 -04:00|0.16.9.0.40087|Error|Default|<b>Locale</b>. Trying to add duplicate: 6761b213607f9a6f79017af7 shortName 
2026-08-17 22:20:06.278 -04:00|0.16.9.0.40087|Error|Default|<b>Locale</b>. Trying to add duplicate: 6761b213607f9a6f79017af7 description 
2026-08-17 22:20:06.278 -04:00|0.16.9.0.40087|Error|Default|<b>Locale</b>. Trying to add duplicate: 6761b213607f9a6f79017af9 name 
2026-08-17 22:20:06.278 -04:00|0.16.9.0.40087|Error|Default|<b>Locale</b>. Trying to add duplicate: 6761b213607f9a6f79017af9 shortName 
2026-08-17 22:20:06.278 -04:00|0.16.9.0.40087|Error|Default|<b>Locale</b>. Trying to add duplicate: 6761b213607f9a6f79017af9 description 
2026-08-17 22:20:06.278 -04:00|0.16.9.0.40087|Error|Default|<b>Locale</b>. Trying to add duplicate: 6761b213607f9a6f79017afa name 
2026-08-17 22:20:06.278 -04:00|0.16.9.0.40087|Error|Default|<b>Locale</b>. Trying to add duplicate: 6761b213607f9a6f79017afa shortName 
2026-08-17 22:20:06.278 -04:00|0.16.9.0.40087|Error|Default|<b>Locale</b>. Trying to add duplicate: 6761b213607f9a6f79017afa description 
2026-08-17 22:20:06.278 -04:00|0.16.9.0.40087|Error|Default|<b>Locale</b>. Trying to add duplicate: 6761b213607f9a6f79017afb name 
2026-08-17 22:20:06.278 -04:00|0.16.9.0.40087|Error|Default|<b>Locale</b>. Trying to add duplicate: 6761b213607f9a6f79017afb shortName 
2026-08-17 22:20:06.278 -04:00|0.16.9.0.40087|Error|Default|<b>Locale</b>. Trying to add duplicate: 6761b213607f9a6f79017afb description 
2026-08-17 22:20:06.278 -04:00|0.16.9.0.40087|Error|Default|<b>Locale</b>. Trying to add duplicate: 6761b213607f9a6f79017afc name 
2026-08-17 22:20:06.278 -04:00|0.16.9.0.40087|Error|Default|<b>Locale</b>. Trying to add duplicate: 6761b213607f9a6f79017afc shortName 
2026-08-17 22:20:06.278 -04:00|0.16.9.0.40087|Error|Default|<b>Locale</b>. Trying to add duplicate: 6761b213607f9a6f79017afc description 
2026-08-17 22:20:06.278 -04:00|0.16.9.0.40087|Error|Default|<b>Locale</b>. Trying to add duplicate: 6761b213607f9a6f79017afd name 
2026-08-17 22:20:06.278 -04:00|0.16.9.0.40087|Error|Default|<b>Locale</b>. Trying to add duplicate: 6761b213607f9a6f79017afd shortName 
2026-08-17 22:20:06.278 -04:00|0.16.9.0.40087|Error|Default|<b>Locale</b>. Trying to add duplicate: 6761b213607f9a6f79017afd description 
2026-08-17 22:20:06.278 -04:00|0.16.9.0.40087|Error|Default|<b>Locale</b>. Trying to add duplicate: 6761b213607f9a6f79017afe name 
2026-08-17 22:20:06.278 -04:00|0.16.9.0.40087|Error|Default|<b>Locale</b>. Trying to add duplicate: 6761b213607f9a6f79017afe shortName 
2026-08-17 22:20:06.278 -04:00|0.16.9.0.40087|Error|Default|<b>Locale</b>. Trying to add duplicate: 6761b213607f9a6f79017afe description 
2026-08-17 22:20:06.278 -04:00|0.16.9.0.40087|Error|Default|<b>Locale</b>. Trying to add duplicate: 6761b213607f9a6f79017aff name 
2026-08-17 22:20:06.278 -04:00|0.16.9.0.40087|Error|Default|<b>Locale</b>. Trying to add duplicate: 6761b213607f9a6f79017aff shortName 
2026-08-17 22:20:06.278 -04:00|0.16.9.0.40087|Error|Default|<b>Locale</b>. Trying to add duplicate: 6761b213607f9a6f79017aff description 
2026-08-17 22:20:06.278 -04:00|0.16.9.0.40087|Error|Default|<b>Locale</b>. Trying to add duplicate: 6807e54dc5a45c5443154a29 name 
2026-08-17 22:20:06.278 -04:00|0.16.9.0.40087|Error|Default|<b>Locale</b>. Trying to add duplicate: 6807e54dc5a45c5443154a29 shortName 
2026-08-17 22:20:06.278 -04:00|0.16.9.0.40087|Error|Default|<b>Locale</b>. Trying to add duplicate: 6807e54dc5a45c5443154a29 description 
2026-08-17 22:20:06.278 -04:00|0.16.9.0.40087|Error|Default|<b>Locale</b>. Trying to add duplicate: 68084891d93e159932d7e326 name 
2026-08-17 22:20:06.278 -04:00|0.16.9.0.40087|Error|Default|<b>Locale</b>. Trying to add duplicate: 68084891d93e159932d7e326 shortName 
2026-08-17 22:20:06.278 -04:00|0.16.9.0.40087|Error|Default|<b>Locale</b>. Trying to add duplicate: 68084891d93e159932d7e326 description 
2026-08-17 22:20:06.278 -04:00|0.16.9.0.40087|Error|Default|<b>Locale</b>. Trying to add duplicate: 680e8d81e16a7caa3dd10730 name 
2026-08-17 22:20:06.278 -04:00|0.16.9.0.40087|Error|Default|<b>Locale</b>. Trying to add duplicate: 680e8d81e16a7caa3dd10730 shortName 
2026-08-17 22:20:06.278 -04:00|0.16.9.0.40087|Error|Default|<b>Locale</b>. Trying to add duplicate: 680e8d81e16a7caa3dd10730 description 
2026-08-17 22:20:06.278 -04:00|0.16.9.0.40087|Error|Default|<b>Locale</b>. Trying to add duplicate: 68170b2cb595bf820b60571a name 
2026-08-17 22:20:06.278 -04:00|0.16.9.0.40087|Error|Default|<b>Locale</b>. Trying to add duplicate: 68170b2cb595bf820b60571a shortName 
2026-08-17 22:20:06.278 -04:00|0.16.9.0.40087|Error|Default|<b>Locale</b>. Trying to add duplicate: 68170b2cb595bf820b60571a description 
2026-08-17 22:20:06.278 -04:00|0.16.9.0.40087|Error|Default|<b>Locale</b>. Trying to add duplicate: 69352d5c409abe93d29321e4 name 
2026-08-17 22:20:06.278 -04:00|0.16.9.0.40087|Error|Default|<b>Locale</b>. Trying to add duplicate: 69352d5c409abe93d29321e4 shortName 
2026-08-17 22:20:06.278 -04:00|0.16.9.0.40087|Error|Default|<b>Locale</b>. Trying to add duplicate: 69352d5c409abe93d29321e4 description 
2026-08-17 22:20:06.278 -04:00|0.16.9.0.40087|Error|Default|<b>Locale</b>. Trying to add duplicate: 681baec29eb1732a417bd7dd name 
2026-08-17 22:20:06.278 -04:00|0.16.9.0.40087|Error|Default|<b>Locale</b>. Trying to add duplicate: 681baec29eb1732a417bd7dd shortName 
2026-08-17 22:20:06.278 -04:00|0.16.9.0.40087|Error|Default|<b>Locale</b>. Trying to add duplicate: 681baec29eb1732a417bd7dd description 
2026-08-17 22:20:06.278 -04:00|0.16.9.0.40087|Error|Default|<b>Locale</b>. Trying to add duplicate: 681bb00c7fecf6d490b2fb3c name 
2026-08-17 22:20:06.278 -04:00|0.16.9.0.40087|Error|Default|<b>Locale</b>. Trying to add duplicate: 681bb00c7fecf6d490b2fb3c shortName 
2026-08-17 22:20:06.278 -04:00|0.16.9.0.40087|Error|Default|<b>Locale</b>. Trying to add duplicate: 681bb00c7fecf6d490b2fb3c description 
2026-08-17 22:20:06.278 -04:00|0.16.9.0.40087|Error|Default|<b>Locale</b>. Trying to add duplicate: 681bcd300480896883303f71 name 
2026-08-17 22:20:06.278 -04:00|0.16.9.0.40087|Error|Default|<b>Locale</b>. Trying to add duplicate: 681bcd300480896883303f71 shortName 
2026-08-17 22:20:06.278 -04:00|0.16.9.0.40087|Error|Default|<b>Locale</b>. Trying to add duplicate: 681bcd300480896883303f71 description 
2026-08-17 22:20:06.278 -04:00|0.16.9.0.40087|Error|Default|<b>Locale</b>. Trying to add duplicate: 69364a368a4b47eeaf9ba4a3 name 
2026-08-17 22:20:06.278 -04:00|0.16.9.0.40087|Error|Default|<b>Locale</b>. Trying to add duplicate: 69364a368a4b47eeaf9ba4a3 shortName 
2026-08-17 22:20:06.278 -04:00|0.16.9.0.40087|Error|Default|<b>Locale</b>. Trying to add duplicate: 69364a368a4b47eeaf9ba4a3 description 
2026-08-17 22:20:06.278 -04:00|0.16.9.0.40087|Error|Default|<b>Locale</b>. Trying to add duplicate: 0c22fc270f59b28c064e1232 name 
2026-08-17 22:20:06.278 -04:00|0.16.9.0.40087|Error|Default|<b>Locale</b>. Trying to add duplicate: 0c22fc270f59b28c064e1232 shortName 
2026-08-17 22:20:06.278 -04:00|0.16.9.0.40087|Error|Default|<b>Locale</b>. Trying to add duplicate: 0c22fc270f59b28c064e1232 description 
2026-08-17 22:20:06.278 -04:00|0.16.9.0.40087|Error|Default|<b>Locale</b>. Trying to add duplicate: 9543bbe8083934dc3b1b1330 name 
2026-08-17 22:20:06.278 -04:00|0.16.9.0.40087|Error|Default|<b>Locale</b>. Trying to add duplicate: 9543bbe8083934dc3b1b1330 shortName 
2026-08-17 22:20:06.278 -04:00|0.16.9.0.40087|Error|Default|<b>Locale</b>. Trying to add duplicate: 9543bbe8083934dc3b1b1330 description 
2026-08-17 22:20:06.278 -04:00|0.16.9.0.40087|Error|Default|<b>Locale</b>. Trying to add duplicate: c29f11b2e63a089916739c96 name 
2026-08-17 22:20:06.278 -04:00|0.16.9.0.40087|Error|Default|<b>Locale</b>. Trying to add duplicate: c29f11b2e63a089916739c96 shortName 
2026-08-17 22:20:06.278 -04:00|0.16.9.0.40087|Error|Default|<b>Locale</b>. Trying to add duplicate: c29f11b2e63a089916739c96 description 
2026-08-17 22:20:06.278 -04:00|0.16.9.0.40087|Error|Default|<b>Locale</b>. Trying to add duplicate: 12403f74773f49be6a2d84b7 name 
2026-08-17 22:20:06.278 -04:00|0.16.9.0.40087|Error|Default|<b>Locale</b>. Trying to add duplicate: 12403f74773f49be6a2d84b7 shortName 
2026-08-17 22:20:06.278 -04:00|0.16.9.0.40087|Error|Default|<b>Locale</b>. Trying to add duplicate: 12403f74773f49be6a2d84b7 description 
2026-08-17 22:20:06.278 -04:00|0.16.9.0.40087|Error|Default|<b>Locale</b>. Trying to add duplicate: ae9e418fd5d4c4eec4a0e6ea name 
2026-08-17 22:20:06.278 -04:00|0.16.9.0.40087|Error|Default|<b>Locale</b>. Trying to add duplicate: ae9e418fd5d4c4eec4a0e6ea shortName 
2026-08-17 22:20:06.278 -04:00|0.16.9.0.40087|Error|Default|<b>Locale</b>. Trying to add duplicate: ae9e418fd5d4c4eec4a0e6ea description 
2026-08-17 22:20:06.278 -04:00|0.16.9.0.40087|Error|Default|<b>Locale</b>. Trying to add duplicate: 440de5d056825485a0cf3a19 name 
2026-08-17 22:20:06.278 -04:00|0.16.9.0.40087|Error|Default|<b>Locale</b>. Trying to add duplicate: 440de5d056825485a0cf3a19 shortName 
2026-08-17 22:20:06.278 -04:00|0.16.9.0.40087|Error|Default|<b>Locale</b>. Trying to add duplicate: 440de5d056825485a0cf3a19 description 
2026-08-17 22:20:06.278 -04:00|0.16.9.0.40087|Error|Default|<b>Locale</b>. Trying to add duplicate: 6925918065a41e6b1e02a7d7 name 
2026-08-17 22:20:06.278 -04:00|0.16.9.0.40087|Error|Default|<b>Locale</b>. Trying to add duplicate: 6925918065a41e6b1e02a7d7 shortName 
2026-08-17 22:20:06.278 -04:00|0.16.9.0.40087|Error|Default|<b>Locale</b>. Trying to add duplicate: 6925918065a41e6b1e02a7d7 description 
2026-08-17 22:20:06.278 -04:00|0.16.9.0.40087|Error|Default|<b>Locale</b>. Trying to add duplicate: 2eabd4da4ab194eb168e72d3 name 
2026-08-17 22:20:06.278 -04:00|0.16.9.0.40087|Error|Default|<b>Locale</b>. Trying to add duplicate: 2eabd4da4ab194eb168e72d3 shortName 
2026-08-17 22:20:06.278 -04:00|0.16.9.0.40087|Error|Default|<b>Locale</b>. Trying to add duplicate: 2eabd4da4ab194eb168e72d3 description 
2026-08-17 22:20:06.278 -04:00|0.16.9.0.40087|Error|Default|<b>Locale</b>. Trying to add duplicate: 669c10fa06c00c483c58537a name 
2026-08-17 22:20:06.278 -04:00|0.16.9.0.40087|Error|Default|<b>Locale</b>. Trying to add duplicate: 669c10fa06c00c483c58537a shortName 
2026-08-17 22:20:06.278 -04:00|0.16.9.0.40087|Error|Default|<b>Locale</b>. Trying to add duplicate: 669c10fa06c00c483c58537a description 
2026-08-17 22:20:06.278 -04:00|0.16.9.0.40087|Error|Default|<b>Locale</b>. Trying to add duplicate: 669c1a420c8342338269dd86 name 
2026-08-17 22:20:06.278 -04:00|0.16.9.0.40087|Error|Default|<b>Locale</b>. Trying to add duplicate: 669c1a420c8342338269dd86 shortName 
2026-08-17 22:20:06.278 -04:00|0.16.9.0.40087|Error|Default|<b>Locale</b>. Trying to add duplicate: 669c1a420c8342338269dd86 description 
2026-08-17 22:20:06.278 -04:00|0.16.9.0.40087|Error|Default|<b>Locale</b>. Trying to add duplicate: 681c17948a6e3fb72e221390 name 
2026-08-17 22:20:06.278 -04:00|0.16.9.0.40087|Error|Default|<b>Locale</b>. Trying to add duplicate: 681c17948a6e3fb72e221390 shortName 
2026-08-17 22:20:06.278 -04:00|0.16.9.0.40087|Error|Default|<b>Locale</b>. Trying to add duplicate: 681c17948a6e3fb72e221390 description 
2026-08-17 22:20:06.278 -04:00|0.16.9.0.40087|Error|Default|<b>Locale</b>. Trying to add duplicate: 681d117c2b345ac614614bf8 name 
2026-08-17 22:20:06.278 -04:00|0.16.9.0.40087|Error|Default|<b>Locale</b>. Trying to add duplicate: 681d117c2b345ac614614bf8 shortName 
2026-08-17 22:20:06.278 -04:00|0.16.9.0.40087|Error|Default|<b>Locale</b>. Trying to add duplicate: 681d117c2b345ac614614bf8 description 
2026-08-17 22:20:06.278 -04:00|0.16.9.0.40087|Error|Default|<b>Locale</b>. Trying to add duplicate: 681d124d70b2418646a80fa3 name 
2026-08-17 22:20:06.278 -04:00|0.16.9.0.40087|Error|Default|<b>Locale</b>. Trying to add duplicate: 681d124d70b2418646a80fa3 shortName 
2026-08-17 22:20:06.278 -04:00|0.16.9.0.40087|Error|Default|<b>Locale</b>. Trying to add duplicate: 681d124d70b2418646a80fa3 description 
2026-08-17 22:20:06.278 -04:00|0.16.9.0.40087|Error|Default|<b>Locale</b>. Trying to add duplicate: 681d1395a5c2308fdcbcda92 name 
2026-08-17 22:20:06.278 -04:00|0.16.9.0.40087|Error|Default|<b>Locale</b>. Trying to add duplicate: 681d1395a5c2308fdcbcda92 shortName 
2026-08-17 22:20:06.278 -04:00|0.16.9.0.40087|Error|Default|<b>Locale</b>. Trying to add duplicate: 681d1395a5c2308fdcbcda92 description 
2026-08-17 22:20:06.278 -04:00|0.16.9.0.40087|Error|Default|<b>Locale</b>. Trying to add duplicate: 681d1448a0a20c9db8861321 name 
2026-08-17 22:20:06.278 -04:00|0.16.9.0.40087|Error|Default|<b>Locale</b>. Trying to add duplicate: 681d1448a0a20c9db8861321 shortName 
2026-08-17 22:20:06.278 -04:00|0.16.9.0.40087|Error|Default|<b>Locale</b>. Trying to add duplicate: 681d1448a0a20c9db8861321 description 
2026-08-17 22:20:06.278 -04:00|0.16.9.0.40087|Error|Default|<b>Locale</b>. Trying to add duplicate: 681d1ef3db9fe57ea08ed67a name 
2026-08-17 22:20:06.278 -04:00|0.16.9.0.40087|Error|Default|<b>Locale</b>. Trying to add duplicate: 681d1ef3db9fe57ea08ed67a shortName 
2026-08-17 22:20:06.278 -04:00|0.16.9.0.40087|Error|Default|<b>Locale</b>. Trying to add duplicate: 681d1ef3db9fe57ea08ed67a description 
2026-08-17 22:20:06.278 -04:00|0.16.9.0.40087|Error|Default|<b>Locale</b>. Trying to add duplicate: 681d2b9736545ba7dfd0847a name 
2026-08-17 22:20:06.278 -04:00|0.16.9.0.40087|Error|Default|<b>Locale</b>. Trying to add duplicate: 681d2b9736545ba7dfd0847a shortName 
2026-08-17 22:20:06.278 -04:00|0.16.9.0.40087|Error|Default|<b>Locale</b>. Trying to add duplicate: 681d2b9736545ba7dfd0847a description 
2026-08-17 22:20:06.278 -04:00|0.16.9.0.40087|Error|Default|<b>Locale</b>. Trying to add duplicate: 6761b213607f9a6f79017b65 name 
2026-08-17 22:20:06.278 -04:00|0.16.9.0.40087|Error|Default|<b>Locale</b>. Trying to add duplicate: 6761b213607f9a6f79017b65 shortName 
2026-08-17 22:20:06.278 -04:00|0.16.9.0.40087|Error|Default|<b>Locale</b>. Trying to add duplicate: 6761b213607f9a6f79017b65 description 
2026-08-17 22:20:06.278 -04:00|0.16.9.0.40087|Error|Default|<b>Locale</b>. Trying to add duplicate: 6761b213607f9a6f79017b67 name 
2026-08-17 22:20:06.278 -04:00|0.16.9.0.40087|Error|Default|<b>Locale</b>. Trying to add duplicate: 6761b213607f9a6f79017b67 shortName 
2026-08-17 22:20:06.278 -04:00|0.16.9.0.40087|Error|Default|<b>Locale</b>. Trying to add duplicate: 6761b213607f9a6f79017b67 description 
2026-08-17 22:20:06.278 -04:00|0.16.9.0.40087|Error|Default|<b>Locale</b>. Trying to add duplicate: 681d2d053de2e15f8b0b5081 name 
2026-08-17 22:20:06.278 -04:00|0.16.9.0.40087|Error|Default|<b>Locale</b>. Trying to add duplicate: 681d2d053de2e15f8b0b5081 shortName 
2026-08-17 22:20:06.278 -04:00|0.16.9.0.40087|Error|Default|<b>Locale</b>. Trying to add duplicate: 681d2d053de2e15f8b0b5081 description 
2026-08-17 22:20:53.901 -04:00|0.16.9.0.40087|Error|Default|JetMaterial == null 
2026-08-17 22:20:57.609 -04:00|0.16.9.0.40087|Error|Default|Failed to reset _animator for asset id 849646692 
2026-08-17 22:20:57.609 -04:00|0.16.9.0.40087|Error|Default|Cant reset animator state: Game object with animator is inactive weapon_tdi_kriss_vector_gen_2_9x19_container.bundle 
2026-08-17 22:21:08.055 -04:00|0.16.9.0.40087|Error|Default|Incorrect Enum value 1 at type, fallback to ENotificationType.Ping 
2026-08-17 22:21:18.892 -04:00|0.16.9.0.40087|Error|Default|LocationScene Laboratory_Office_Above_Boiler_Room_floor_1_MX has null WorldInteractiveObject:
4: isRealNull:True isUnityNull:False
5: isRealNull:True isUnityNull:False
 
2026-08-17 22:21:21.168 -04:00|0.16.9.0.40087|Error|Default| 
EXCEPTION: System.NullReferenceException: Object reference not set to an instance of an object
  at Koenigz.PerfectCulling.EFT.CrossSceneCullingGroupPreProcess.PrepareRuntimeContent () [0x0002d] in <ad47400a25db462cbf0a531df654c3c3>:0 
  at Koenigz.PerfectCulling.EFT.PerfectCullingCrossSceneGroup.method_4 () [0x0000f] in <ad47400a25db462cbf0a531df654c3c3>:0 
  at Koenigz.PerfectCulling.EFT.PerfectCullingCrossSceneGroup.method_6 () [0x00000] in <ad47400a25db462cbf0a531df654c3c3>:0 
  at Koenigz.PerfectCulling.EFT.PerfectCullingCrossSceneGroup.Start () [0x00000] in <ad47400a25db462cbf0a531df654c3c3>:0 
2026-08-17 22:21:21.168 -04:00|0.16.9.0.40087|Error|Default|NullReferenceException: Object reference not set to an instance of an object
Koenigz.PerfectCulling.EFT.CrossSceneCullingGroupPreProcess.PrepareRuntimeContent () (at <ad47400a25db462cbf0a531df654c3c3>:0)
Koenigz.PerfectCulling.EFT.PerfectCullingCrossSceneGroup.method_4 () (at <ad47400a25db462cbf0a531df654c3c3>:0)
Koenigz.PerfectCulling.EFT.PerfectCullingCrossSceneGroup.method_6 () (at <ad47400a25db462cbf0a531df654c3c3>:0)
Koenigz.PerfectCulling.EFT.PerfectCullingCrossSceneGroup.Start () (at <ad47400a25db462cbf0a531df654c3c3>:0)
UnityEngine.DebugLogHandler:LogException(Exception, Object)
Class412:LogException(Exception, Object)
UnityEngine.Debug:CallOverridenDebugHandler(Exception, Object)
 
2026-08-17 22:21:21.180 -04:00|0.16.9.0.40087|Error|Default| 
EXCEPTION: System.NullReferenceException: Object reference not set to an instance of an object
  at Koenigz.PerfectCulling.EFT.PerfectCullingDoorPreProcess.method_1 () [0x0001e] in <ad47400a25db462cbf0a531df654c3c3>:0 
  at Koenigz.PerfectCulling.EFT.PerfectCullingDoorPreProcess.PrepareRuntimeContent () [0x00000] in <ad47400a25db462cbf0a531df654c3c3>:0 
  at Koenigz.PerfectCulling.EFT.PerfectCullingCrossSceneGroup.method_4 () [0x0000f] in <ad47400a25db462cbf0a531df654c3c3>:0 
  at Koenigz.PerfectCulling.EFT.PerfectCullingCrossSceneGroup.method_6 () [0x00000] in <ad47400a25db462cbf0a531df654c3c3>:0 
  at Koenigz.PerfectCulling.EFT.PerfectCullingCrossSceneGroup.Start () [0x00000] in <ad47400a25db462cbf0a531df654c3c3>:0 
2026-08-17 22:21:21.180 -04:00|0.16.9.0.40087|Error|Default|NullReferenceException: Object reference not set to an instance of an object
Koenigz.PerfectCulling.EFT.PerfectCullingDoorPreProcess.method_1 () (at <ad47400a25db462cbf0a531df654c3c3>:0)
Koenigz.PerfectCulling.EFT.PerfectCullingDoorPreProcess.PrepareRuntimeContent () (at <ad47400a25db462cbf0a531df654c3c3>:0)
Koenigz.PerfectCulling.EFT.PerfectCullingCrossSceneGroup.method_4 () (at <ad47400a25db462cbf0a531df654c3c3>:0)
Koenigz.PerfectCulling.EFT.PerfectCullingCrossSceneGroup.method_6 () (at <ad47400a25db462cbf0a531df654c3c3>:0)
Koenigz.PerfectCulling.EFT.PerfectCullingCrossSceneGroup.Start () (at <ad47400a25db462cbf0a531df654c3c3>:0)
UnityEngine.DebugLogHandler:LogException(Exception, Object)
Class412:LogException(Exception, Object)
UnityEngine.Debug:CallOverridenDebugHandler(Exception, Object)
 
2026-08-17 22:21:25.256 -04:00|0.16.9.0.40087|Error|Default|Object of type WorldInteractiveObject on scene Laboratory_Office_Above_Boiler_Room_floor_1_MX has been deleted. God, please fix it. Is unity null: False 
2026-08-17 22:21:25.256 -04:00|0.16.9.0.40087|Error|Default|Object of type WorldInteractiveObject on scene Laboratory_Office_Above_Boiler_Room_floor_1_MX has been deleted. God, please fix it. Is unity null: False 
2026-08-17 22:21:25.273 -04:00|0.16.9.0.40087|Error|Default|[Transit] Flag:None, RaidId:66f5750951530ca5ae09876d, Count:0, Locations:laboratory ->  
2026-08-17 22:21:26.383 -04:00|0.16.9.0.40087|Error|Default|WeatherObstacle.Instance is null 
2026-08-17 22:22:14.717 -04:00|0.16.9.0.40087|Error|Default|CollisionMeshData couldn't be created because the mesh has been marked as non-accessible. Mesh asset path "" Mesh name "default"
 
2026-08-17 22:22:14.733 -04:00|0.16.9.0.40087|Error|Default|CollisionMeshData couldn't be created because the mesh has been marked as non-accessible. Mesh asset path "" Mesh name "default"
 
2026-08-17 22:22:14.733 -04:00|0.16.9.0.40087|Error|Default|CollisionMeshData couldn't be created because the mesh has been marked as non-accessible. Mesh asset path "" Mesh name "default"
 
2026-08-17 22:22:14.743 -04:00|0.16.9.0.40087|Error|Default|CollisionMeshData couldn't be created because the mesh has been marked as non-accessible. Mesh asset path "" Mesh name "default"
 
2026-08-17 22:22:14.743 -04:00|0.16.9.0.40087|Error|Default|CollisionMeshData couldn't be created because the mesh has been marked as non-accessible. Mesh asset path "" Mesh name "default"
 
2026-08-17 22:22:14.766 -04:00|0.16.9.0.40087|Error|Default|CollisionMeshData couldn't be created because the mesh has been marked as non-accessible. Mesh asset path "" Mesh name "default"
 
2026-08-17 22:22:14.866 -04:00|0.16.9.0.40087|Error|Default|CollisionMeshData couldn't be created because the mesh has been marked as non-accessible. Mesh asset path "" Mesh name "default"
 
2026-08-17 22:22:14.866 -04:00|0.16.9.0.40087|Error|Default|CollisionMeshData couldn't be created because the mesh has been marked as non-accessible. Mesh asset path "" Mesh name "default"
 
2026-08-17 22:22:14.866 -04:00|0.16.9.0.40087|Error|Default|CollisionMeshData couldn't be created because the mesh has been marked as non-accessible. Mesh asset path "" Mesh name "default"
 
2026-08-17 22:22:14.880 -04:00|0.16.9.0.40087|Error|Default|CollisionMeshData couldn't be created because the mesh has been marked as non-accessible. Mesh asset path "" Mesh name "default"
 
2026-08-17 22:22:14.907 -04:00|0.16.9.0.40087|Error|Default|JetMaterial == null 
2026-08-17 22:22:15.003 -04:00|0.16.9.0.40087|Error|Default|CollisionMeshData couldn't be created because the mesh has been marked as non-accessible. Mesh asset path "" Mesh name "item_keycard_lab_LOD0"
 
2026-08-17 22:22:15.071 -04:00|0.16.9.0.40087|Error|Default|JetMaterial == null 
2026-08-17 22:22:26.379 -04:00|0.16.9.0.40087|Error|Default| - Index was outside the bounds of the array. 
2026-08-17 22:22:29.393 -04:00|0.16.9.0.40087|Error|Default|Object of type WorldInteractiveObject on scene Laboratory_Office_Above_Boiler_Room_floor_1_MX has been deleted. God, please fix it. Is unity null: False 
2026-08-17 22:22:29.393 -04:00|0.16.9.0.40087|Error|Default|Object of type WorldInteractiveObject on scene Laboratory_Office_Above_Boiler_Room_floor_1_MX has been deleted. God, please fix it. Is unity null: False 
2026-08-17 22:22:29.984 -04:00|0.16.9.0.40087|Error|Default|JetMaterial == null 
2026-08-17 22:22:30.199 -04:00|0.16.9.0.40087|Error|Default|JetMaterial == null 
2026-08-17 22:22:30.208 -04:00|0.16.9.0.40087|Error|Default|JetMaterial == null 
2026-08-17 22:22:30.396 -04:00|0.16.9.0.40087|Error|Default|JetMaterial == null 
2026-08-17 22:22:30.452 -04:00|0.16.9.0.40087|Error|Default|JetMaterial == null 
2026-08-17 22:22:30.728 -04:00|0.16.9.0.40087|Error|Default|JetMaterial == null 
2026-08-17 22:22:30.760 -04:00|0.16.9.0.40087|Error|Default|JetMaterial == null 
2026-08-17 22:22:30.760 -04:00|0.16.9.0.40087|Error|Default|JetMaterial == null 
2026-08-17 22:22:31.792 -04:00|0.16.9.0.40087|Error|Default|JetMaterial == null 
2026-08-17 22:22:31.861 -04:00|0.16.9.0.40087|Error|Default|JetMaterial == null 
2026-08-17 22:22:31.882 -04:00|0.16.9.0.40087|Error|Default|JetMaterial == null 
2026-08-17 22:22:31.896 -04:00|0.16.9.0.40087|Error|Default|JetMaterial == null 
2026-08-17 22:22:32.157 -04:00|0.16.9.0.40087|Error|Default|JetMaterial == null 
2026-08-17 22:22:32.168 -04:00|0.16.9.0.40087|Error|Default|JetMaterial == null 
2026-08-17 22:22:41.918 -04:00|0.16.9.0.40087|Error|Default|node for item id: 63a39e5b234195315d4020bf is null 
2026-08-17 22:22:51.089 -04:00|0.16.9.0.40087|Error|Default| - Index was outside the bounds of the array. 
2026-08-17 22:22:51.343 -04:00|0.16.9.0.40087|Error|Default| - Index was outside the bounds of the array. 
2026-08-17 22:22:52.272 -04:00|0.16.9.0.40087|Error|Default| - Index was outside the bounds of the array. 
2026-08-17 22:22:52.478 -04:00|0.16.9.0.40087|Error|Default| - Index was outside the bounds of the array. 
2026-08-17 22:22:52.493 -04:00|0.16.9.0.40087|Error|Default| - Index was outside the bounds of the array. 
2026-08-17 22:22:52.549 -04:00|0.16.9.0.40087|Error|Default| - Index was outside the bounds of the array. 
2026-08-17 22:22:52.563 -04:00|0.16.9.0.40087|Error|Default| - Index was outside the bounds of the array. 
2026-08-17 22:22:52.917 -04:00|0.16.9.0.40087|Error|Default| - Index was outside the bounds of the array. 
2026-08-17 22:22:54.582 -04:00|0.16.9.0.40087|Error|Default| - Index was outside the bounds of the array. 
2026-08-17 22:22:59.169 -04:00|0.16.9.0.40087|Error|Default| - Index was outside the bounds of the array. 
2026-08-17 22:23:02.739 -04:00|0.16.9.0.40087|Error|Default| - Index was outside the bounds of the array. 
2026-08-17 22:23:08.295 -04:00|0.16.9.0.40087|Error|Default| - Index was outside the bounds of the array. 
2026-08-17 22:23:09.009 -04:00|0.16.9.0.40087|Error|Default| - Index was outside the bounds of the array. 
2026-08-17 22:23:09.352 -04:00|0.16.9.0.40087|Error|Default| - Index was outside the bounds of the array. 
2026-08-17 22:23:09.702 -04:00|0.16.9.0.40087|Error|Default| - Index was outside the bounds of the array. 
2026-08-17 22:23:10.077 -04:00|0.16.9.0.40087|Error|Default| - Index was outside the bounds of the array. 
2026-08-17 22:23:10.474 -04:00|0.16.9.0.40087|Error|Default| - Index was outside the bounds of the array. 
2026-08-17 22:23:11.331 -04:00|0.16.9.0.40087|Error|Default| - Index was outside the bounds of the array. 
2026-08-17 22:23:11.331 -04:00|0.16.9.0.40087|Error|Default| - Index was outside the bounds of the array. 
2026-08-17 22:23:11.663 -04:00|0.16.9.0.40087|Error|Default| - Index was outside the bounds of the array. 
2026-08-17 22:23:11.931 -04:00|0.16.9.0.40087|Error|Default| - Index was outside the bounds of the array. 
2026-08-17 22:23:11.931 -04:00|0.16.9.0.40087|Error|Default| - Index was outside the bounds of the array. 
2026-08-17 22:23:12.059 -04:00|0.16.9.0.40087|Error|Default| - Index was outside the bounds of the array. 
2026-08-17 22:23:12.059 -04:00|0.16.9.0.40087|Error|Default| - Index was outside the bounds of the array. 
2026-08-17 22:23:12.279 -04:00|0.16.9.0.40087|Error|Default| - Index was outside the bounds of the array. 
2026-08-17 22:23:12.279 -04:00|0.16.9.0.40087|Error|Default| - Index was outside the bounds of the array. 
2026-08-17 22:23:12.417 -04:00|0.16.9.0.40087|Error|Default| - Index was outside the bounds of the array. 
2026-08-17 22:23:12.417 -04:00|0.16.9.0.40087|Error|Default| - Index was outside the bounds of the array. 
2026-08-17 22:23:12.595 -04:00|0.16.9.0.40087|Error|Default| - Index was outside the bounds of the array. 
2026-08-17 22:23:12.595 -04:00|0.16.9.0.40087|Error|Default| - Index was outside the bounds of the array. 
2026-08-17 22:23:12.713 -04:00|0.16.9.0.40087|Error|Default| - Index was outside the bounds of the array. 
2026-08-17 22:23:12.713 -04:00|0.16.9.0.40087|Error|Default| - Index was outside the bounds of the array. 
2026-08-17 22:23:12.804 -04:00|0.16.9.0.40087|Error|Default| - Index was outside the bounds of the array. 
2026-08-17 22:23:12.804 -04:00|0.16.9.0.40087|Error|Default| - Index was outside the bounds of the array. 
2026-08-17 22:23:12.831 -04:00|0.16.9.0.40087|Error|Default| - Index was outside the bounds of the array. 
2026-08-17 22:23:12.831 -04:00|0.16.9.0.40087|Error|Default| - Index was outside the bounds of the array. 
2026-08-17 22:23:13.049 -04:00|0.16.9.0.40087|Error|Default| - Index was outside the bounds of the array. 
2026-08-17 22:23:13.049 -04:00|0.16.9.0.40087|Error|Default| - Index was outside the bounds of the array. 
2026-08-17 22:23:13.390 -04:00|0.16.9.0.40087|Error|Default| - Index was outside the bounds of the array. 
2026-08-17 22:23:13.390 -04:00|0.16.9.0.40087|Error|Default| - Index was outside the bounds of the array. 
2026-08-17 22:23:13.467 -04:00|0.16.9.0.40087|Error|Default| - Index was outside the bounds of the array. 
2026-08-17 22:23:13.467 -04:00|0.16.9.0.40087|Error|Default| - Index was outside the bounds of the array. 
2026-08-17 22:23:13.732 -04:00|0.16.9.0.40087|Error|Default| - Index was outside the bounds of the array. 
2026-08-17 22:23:13.732 -04:00|0.16.9.0.40087|Error|Default| - Index was outside the bounds of the array. 
2026-08-17 22:23:14.021 -04:00|0.16.9.0.40087|Error|Default| - Index was outside the bounds of the array. 
2026-08-17 22:23:14.021 -04:00|0.16.9.0.40087|Error|Default| - Index was outside the bounds of the array. 
2026-08-17 22:23:14.154 -04:00|0.16.9.0.40087|Error|Default| - Index was outside the bounds of the array. 
2026-08-17 22:23:14.154 -04:00|0.16.9.0.40087|Error|Default| - Index was outside the bounds of the array. 
2026-08-17 22:23:14.181 -04:00|0.16.9.0.40087|Error|Default| - Index was outside the bounds of the array. 
2026-08-17 22:23:14.181 -04:00|0.16.9.0.40087|Error|Default| - Index was outside the bounds of the array. 
2026-08-17 22:23:14.291 -04:00|0.16.9.0.40087|Error|Default| - Index was outside the bounds of the array. 
2026-08-17 22:23:14.291 -04:00|0.16.9.0.40087|Error|Default| - Index was outside the bounds of the array. 
2026-08-17 22:23:14.393 -04:00|0.16.9.0.40087|Error|Default| - Index was outside the bounds of the array. 
2026-08-17 22:23:14.393 -04:00|0.16.9.0.40087|Error|Default| - Index was outside the bounds of the array. 
2026-08-17 22:23:18.163 -04:00|0.16.9.0.40087|Error|Default| - Index was outside the bounds of the array. 
2026-08-17 22:23:18.163 -04:00|0.16.9.0.40087|Error|Default| - Index was outside the bounds of the array. 
2026-08-17 22:23:18.572 -04:00|0.16.9.0.40087|Error|Default| - Index was outside the bounds of the array. 
2026-08-17 22:23:18.572 -04:00|0.16.9.0.40087|Error|Default| - Index was outside the bounds of the array. 
2026-08-17 22:23:18.668 -04:00|0.16.9.0.40087|Error|Default| - Index was outside the bounds of the array. 
2026-08-17 22:23:18.668 -04:00|0.16.9.0.40087|Error|Default| - Index was outside the bounds of the array. 
2026-08-17 22:23:18.696 -04:00|0.16.9.0.40087|Error|Default| - Index was outside the bounds of the array. 
2026-08-17 22:23:18.696 -04:00|0.16.9.0.40087|Error|Default| - Index was outside the bounds of the array. 
2026-08-17 22:23:18.696 -04:00|0.16.9.0.40087|Error|Default| - Index was outside the bounds of the array. 
2026-08-17 22:23:18.696 -04:00|0.16.9.0.40087|Error|Default| - Index was outside the bounds of the array. 
2026-08-17 22:23:18.722 -04:00|0.16.9.0.40087|Error|Default| - Index was outside the bounds of the array. 
2026-08-17 22:23:18.722 -04:00|0.16.9.0.40087|Error|Default| - Index was outside the bounds of the array. 
2026-08-17 22:23:18.819 -04:00|0.16.9.0.40087|Error|Default| - Index was outside the bounds of the array. 
2026-08-17 22:23:18.819 -04:00|0.16.9.0.40087|Error|Default| - Index was outside the bounds of the array. 
2026-08-17 22:23:18.925 -04:00|0.16.9.0.40087|Error|Default| - Index was outside the bounds of the array. 
2026-08-17 22:23:18.925 -04:00|0.16.9.0.40087|Error|Default| - Index was outside the bounds of the array. 
2026-08-17 22:23:19.150 -04:00|0.16.9.0.40087|Error|Default| - Index was outside the bounds of the array. 
2026-08-17 22:23:19.150 -04:00|0.16.9.0.40087|Error|Default| - Index was outside the bounds of the array. 
2026-08-17 22:23:19.177 -04:00|0.16.9.0.40087|Error|Default| - Index was outside the bounds of the array. 
2026-08-17 22:23:19.177 -04:00|0.16.9.0.40087|Error|Default| - Index was outside the bounds of the array. 
2026-08-17 22:23:19.332 -04:00|0.16.9.0.40087|Error|Default| - Index was outside the bounds of the array. 
2026-08-17 22:23:19.332 -04:00|0.16.9.0.40087|Error|Default| - Index was outside the bounds of the array. 
2026-08-17 22:23:19.468 -04:00|0.16.9.0.40087|Error|Default| - Index was outside the bounds of the array. 
2026-08-17 22:23:19.468 -04:00|0.16.9.0.40087|Error|Default| - Index was outside the bounds of the array. 
2026-08-17 22:23:19.723 -04:00|0.16.9.0.40087|Error|Default| - Index was outside the bounds of the array. 
2026-08-17 22:23:19.723 -04:00|0.16.9.0.40087|Error|Default| - Index was outside the bounds of the array. 
2026-08-17 22:23:20.079 -04:00|0.16.9.0.40087|Error|Default| - Index was outside the bounds of the array. 
2026-08-17 22:23:20.079 -04:00|0.16.9.0.40087|Error|Default| - Index was outside the bounds of the array. 
2026-08-17 22:23:20.197 -04:00|0.16.9.0.40087|Error|Default| - Index was outside the bounds of the array. 
2026-08-17 22:23:20.197 -04:00|0.16.9.0.40087|Error|Default| - Index was outside the bounds of the array. 
2026-08-17 22:23:20.575 -04:00|0.16.9.0.40087|Error|Default| - Index was outside the bounds of the array. 
2026-08-17 22:23:20.575 -04:00|0.16.9.0.40087|Error|Default| - Index was outside the bounds of the array. 
2026-08-17 22:23:21.058 -04:00|0.16.9.0.40087|Error|Default| - Index was outside the bounds of the array. 
2026-08-17 22:23:21.058 -04:00|0.16.9.0.40087|Error|Default| - Index was outside the bounds of the array. 
2026-08-17 22:23:21.303 -04:00|0.16.9.0.40087|Error|Default| - Index was outside the bounds of the array. 
2026-08-17 22:23:21.303 -04:00|0.16.9.0.40087|Error|Default| - Index was outside the bounds of the array. 
2026-08-17 22:23:21.347 -04:00|0.16.9.0.40087|Error|Default| - Index was outside the bounds of the array. 
2026-08-17 22:23:21.347 -04:00|0.16.9.0.40087|Error|Default| - Index was outside the bounds of the array. 
2026-08-17 22:23:21.632 -04:00|0.16.9.0.40087|Error|Default| - Index was outside the bounds of the array. 
2026-08-17 22:23:21.632 -04:00|0.16.9.0.40087|Error|Default| - Index was outside the bounds of the array. 
2026-08-17 22:23:21.703 -04:00|0.16.9.0.40087|Error|Default| - Index was outside the bounds of the array. 
2026-08-17 22:23:21.703 -04:00|0.16.9.0.40087|Error|Default| - Index was outside the bounds of the array. 
2026-08-17 22:23:21.959 -04:00|0.16.9.0.40087|Error|Default| - Index was outside the bounds of the array. 
2026-08-17 22:23:21.959 -04:00|0.16.9.0.40087|Error|Default| - Index was outside the bounds of the array. 
2026-08-17 22:23:22.430 -04:00|0.16.9.0.40087|Error|Default| - Index was outside the bounds of the array. 
2026-08-17 22:23:22.430 -04:00|0.16.9.0.40087|Error|Default| - Index was outside the bounds of the array. 
2026-08-17 22:23:22.722 -04:00|0.16.9.0.40087|Error|Default| - Index was outside the bounds of the array. 
2026-08-17 22:23:22.722 -04:00|0.16.9.0.40087|Error|Default| - Index was outside the bounds of the array. 
2026-08-17 22:23:23.176 -04:00|0.16.9.0.40087|Error|Default| - Index was outside the bounds of the array. 
2026-08-17 22:23:23.176 -04:00|0.16.9.0.40087|Error|Default| - Index was outside the bounds of the array. 
2026-08-17 22:23:23.455 -04:00|0.16.9.0.40087|Error|Default| - Index was outside the bounds of the array. 
2026-08-17 22:23:23.455 -04:00|0.16.9.0.40087|Error|Default| - Index was outside the bounds of the array. 
2026-08-17 22:23:24.063 -04:00|0.16.9.0.40087|Error|Default| - Index was outside the bounds of the array. 
2026-08-17 22:23:24.063 -04:00|0.16.9.0.40087|Error|Default| - Index was outside the bounds of the array. 
2026-08-17 22:23:24.666 -04:00|0.16.9.0.40087|Error|Default| - Index was outside the bounds of the array. 
2026-08-17 22:23:24.666 -04:00|0.16.9.0.40087|Error|Default| - Index was outside the bounds of the array. 
2026-08-17 22:23:25.262 -04:00|0.16.9.0.40087|Error|Default| - Index was outside the bounds of the array. 
2026-08-17 22:23:25.262 -04:00|0.16.9.0.40087|Error|Default| - Index was outside the bounds of the array. 
2026-08-17 22:23:25.464 -04:00|0.16.9.0.40087|Error|Default| - Index was outside the bounds of the array. 
2026-08-17 22:23:25.464 -04:00|0.16.9.0.40087|Error|Default| - Index was outside the bounds of the array. 
2026-08-17 22:23:26.055 -04:00|0.16.9.0.40087|Error|Default| - Index was outside the bounds of the array. 
2026-08-17 22:23:26.055 -04:00|0.16.9.0.40087|Error|Default| - Index was outside the bounds of the array. 
2026-08-17 22:23:26.238 -04:00|0.16.9.0.40087|Error|Default| - Index was outside the bounds of the array. 
2026-08-17 22:23:26.238 -04:00|0.16.9.0.40087|Error|Default| - Index was outside the bounds of the array. 
2026-08-17 22:23:26.871 -04:00|0.16.9.0.40087|Error|Default| - Index was outside the bounds of the array. 
2026-08-17 22:23:26.871 -04:00|0.16.9.0.40087|Error|Default| - Index was outside the bounds of the array. 
2026-08-17 22:23:27.502 -04:00|0.16.9.0.40087|Error|Default| - Index was outside the bounds of the array. 
2026-08-17 22:23:27.502 -04:00|0.16.9.0.40087|Error|Default| - Index was outside the bounds of the array. 
2026-08-17 22:23:27.986 -04:00|0.16.9.0.40087|Error|Default| - Index was outside the bounds of the array. 
2026-08-17 22:23:27.986 -04:00|0.16.9.0.40087|Error|Default| - Index was outside the bounds of the array. 
2026-08-17 22:23:28.768 -04:00|0.16.9.0.40087|Error|Default| - Index was outside the bounds of the array. 
2026-08-17 22:23:28.768 -04:00|0.16.9.0.40087|Error|Default| - Index was outside the bounds of the array. 
2026-08-17 22:23:29.213 -04:00|0.16.9.0.40087|Error|Default| - Index was outside the bounds of the array. 
2026-08-17 22:23:29.213 -04:00|0.16.9.0.40087|Error|Default| - Index was outside the bounds of the array. 
2026-08-17 22:23:29.997 -04:00|0.16.9.0.40087|Error|Default| - Index was outside the bounds of the array. 
2026-08-17 22:23:29.997 -04:00|0.16.9.0.40087|Error|Default| - Index was outside the bounds of the array. 
2026-08-17 22:23:31.546 -04:00|0.16.9.0.40087|Error|Default| - Index was outside the bounds of the array. 
2026-08-17 22:23:31.546 -04:00|0.16.9.0.40087|Error|Default| - Index was outside the bounds of the array. 
2026-08-17 22:23:32.533 -04:00|0.16.9.0.40087|Error|Default| - Index was outside the bounds of the array. 
2026-08-17 22:23:32.533 -04:00|0.16.9.0.40087|Error|Default| - Index was outside the bounds of the array. 
2026-08-17 22:23:34.404 -04:00|0.16.9.0.40087|Error|Default| - Index was outside the bounds of the array. 
2026-08-17 22:23:34.404 -04:00|0.16.9.0.40087|Error|Default| - Index was outside the bounds of the array. 
2026-08-17 22:23:35.505 -04:00|0.16.9.0.40087|Error|Default| - Index was outside the bounds of the array. 
2026-08-17 22:23:35.505 -04:00|0.16.9.0.40087|Error|Default| - Index was outside the bounds of the array. 
2026-08-17 22:23:41.308 -04:00|0.16.9.0.40087|Error|Default| - Index was outside the bounds of the array. 
2026-08-17 22:23:41.308 -04:00|0.16.9.0.40087|Error|Default| - Index was outside the bounds of the array. 
2026-08-17 22:23:42.050 -04:00|0.16.9.0.40087|Error|Default| - Index was outside the bounds of the array. 
2026-08-17 22:23:42.050 -04:00|0.16.9.0.40087|Error|Default| - Index was outside the bounds of the array. 
2026-08-17 22:23:42.646 -04:00|0.16.9.0.40087|Error|Default| - Index was outside the bounds of the array. 
2026-08-17 22:23:42.646 -04:00|0.16.9.0.40087|Error|Default| - Index was outside the bounds of the array. 
2026-08-17 22:23:43.258 -04:00|0.16.9.0.40087|Error|Default| - Index was outside the bounds of the array. 
2026-08-17 22:23:43.258 -04:00|0.16.9.0.40087|Error|Default| - Index was outside the bounds of the array. 
2026-08-17 22:23:43.894 -04:00|0.16.9.0.40087|Error|Default| - Index was outside the bounds of the array. 
2026-08-17 22:23:43.894 -04:00|0.16.9.0.40087|Error|Default| - Index was outside the bounds of the array. 
2026-08-17 22:23:44.476 -04:00|0.16.9.0.40087|Error|Default| - Index was outside the bounds of the array. 
2026-08-17 22:23:44.476 -04:00|0.16.9.0.40087|Error|Default| - Index was outside the bounds of the array. 
2026-08-17 22:23:45.086 -04:00|0.16.9.0.40087|Error|Default| - Index was outside the bounds of the array. 
2026-08-17 22:23:45.086 -04:00|0.16.9.0.40087|Error|Default| - Index was outside the bounds of the array. 
2026-08-17 22:23:45.685 -04:00|0.16.9.0.40087|Error|Default| - Index was outside the bounds of the array. 
2026-08-17 22:23:45.685 -04:00|0.16.9.0.40087|Error|Default| - Index was outside the bounds of the array. 
2026-08-17 22:23:46.282 -04:00|0.16.9.0.40087|Error|Default| - Index was outside the bounds of the array. 
2026-08-17 22:23:46.282 -04:00|0.16.9.0.40087|Error|Default| - Index was outside the bounds of the array. 
2026-08-17 22:23:46.877 -04:00|0.16.9.0.40087|Error|Default| - Index was outside the bounds of the array. 
2026-08-17 22:23:46.877 -04:00|0.16.9.0.40087|Error|Default| - Index was outside the bounds of the array. 
2026-08-17 22:23:47.164 -04:00|0.16.9.0.40087|Error|Default| - Index was outside the bounds of the array. 
2026-08-17 22:23:47.164 -04:00|0.16.9.0.40087|Error|Default| - Index was outside the bounds of the array. 
2026-08-17 22:23:47.415 -04:00|0.16.9.0.40087|Error|Default| - Index was outside the bounds of the array. 
2026-08-17 22:23:47.416 -04:00|0.16.9.0.40087|Error|Default| - Index was outside the bounds of the array. 
2026-08-17 22:23:48.005 -04:00|0.16.9.0.40087|Error|Default| - Index was outside the bounds of the array. 
2026-08-17 22:23:48.005 -04:00|0.16.9.0.40087|Error|Default| - Index was outside the bounds of the array. 
2026-08-17 22:23:48.360 -04:00|0.16.9.0.40087|Error|Default| - Index was outside the bounds of the array. 
2026-08-17 22:23:48.360 -04:00|0.16.9.0.40087|Error|Default| - Index was outside the bounds of the array. 
2026-08-17 22:23:48.615 -04:00|0.16.9.0.40087|Error|Default| - Index was outside the bounds of the array. 
2026-08-17 22:23:48.615 -04:00|0.16.9.0.40087|Error|Default| - Index was outside the bounds of the array. 
2026-08-17 22:23:49.219 -04:00|0.16.9.0.40087|Error|Default| - Index was outside the bounds of the array. 
2026-08-17 22:23:49.219 -04:00|0.16.9.0.40087|Error|Default| - Index was outside the bounds of the array. 
2026-08-17 22:23:49.399 -04:00|0.16.9.0.40087|Error|Default| - Index was outside the bounds of the array. 
2026-08-17 22:23:49.400 -04:00|0.16.9.0.40087|Error|Default| - Index was outside the bounds of the array. 
2026-08-17 22:23:50.116 -04:00|0.16.9.0.40087|Error|Default| - Index was outside the bounds of the array. 
2026-08-17 22:23:50.116 -04:00|0.16.9.0.40087|Error|Default| - Index was outside the bounds of the array. 
2026-08-17 22:23:51.945 -04:00|0.16.9.0.40087|Error|Default| 
EXCEPTION: System.NullReferenceException: Object reference not set to an instance of an object
  at HollywoodFX.Patches.TextureDecalsPainterVisCheckPatch.Prefix (TextureDecalsPainter __instance, UnityEngine.Renderer objRenderer, System.Boolean& __result) [0x00000] in <609781b792f24a748477b783eb773a3e>:0 
  at (wrapper dynamic-method) TextureDecalsPainter.DMD<TextureDecalsPainter::method_5>(TextureDecalsPainter,UnityEngine.Renderer)
  at TextureDecalsPainter.DrawDecal (System.Collections.Generic.List`1[T] renderers, UnityEngine.Vector3 point, UnityEngine.Vector3 normal) [0x00034] in <ad47400a25db462cbf0a531df654c3c3>:0 
  at Systems.Effects.Effects.PlayerMeshesHit (System.Collections.Generic.List`1[T] renderers, UnityEngine.Vector3 point, UnityEngine.Vector3 direction) [0x00016] in <ad47400a25db462cbf0a531df654c3c3>:0 
  at Systems.Effects.EffectsCommutator.PlayerMeshesHit (System.Collections.Generic.List`1[T] renderers, UnityEngine.Vector3 point, UnityEngine.Vector3 direction) [0x00005] in <ad47400a25db462cbf0a531df654c3c3>:0 
  at EFT.Player.ShotReactions (DamageInfoStruct shot, EBodyPart bodyPart) [0x00219] in <ad47400a25db462cbf0a531df654c3c3>:0 
  at Fika.Core.Main.Players.FikaBot.ApplyShot (DamageInfoStruct damageInfo, EBodyPart bodyPartType, EBodyPartColliderType colliderType, EArmorPlateCollider armorPlateCollider, ShotIdStruct shotId) [0x000ae] in <584e5e373a4147c194040eda2372a621>:0 
  at Fika.Core.Main.BotClasses.BotPlayerBridge.ApplyShot (DamageInfoStruct damageInfo, EBodyPart bodyPart, EBodyPartColliderType bodyPartCollider, EArmorPlateCollider armorPlateCollider, ShotIdStruct shotId) [0x0005e] in <584e5e373a4147c194040eda2372a621>:0 
  at BodyPartCollider.ApplyHit (DamageInfoStruct damageInfo, ShotIdStruct shotID) [0x00010] in <ad47400a25db462cbf0a531df654c3c3>:0 
  at EFT.ClientGameWorld.ShotDelegate (EftBulletClass shotResult) [0x00041] in <ad47400a25db462cbf0a531df654c3c3>:0 
  at HollywoodFX.Patches.ShotDelegateWrapperPatch.OnShot (EftBulletClass shotResult) [0x00059] in <609781b792f24a748477b783eb773a3e>:0 
  at EFT.Ballistics.BallisticsCalculator.method_2 (System.Single simulationTime) [0x00094] in <ad47400a25db462cbf0a531df654c3c3>:0 
2026-08-17 22:23:51.945 -04:00|0.16.9.0.40087|Error|Default|NullReferenceException: Object reference not set to an instance of an object
HollywoodFX.Patches.TextureDecalsPainterVisCheckPatch.Prefix (TextureDecalsPainter __instance, UnityEngine.Renderer objRenderer, System.Boolean& __result) (at <609781b792f24a748477b783eb773a3e>:0)
(wrapper dynamic-method) TextureDecalsPainter.DMD<TextureDecalsPainter::method_5>(TextureDecalsPainter,UnityEngine.Renderer)
TextureDecalsPainter.DrawDecal (System.Collections.Generic.List`1[T] renderers, UnityEngine.Vector3 point, UnityEngine.Vector3 normal) (at <ad47400a25db462cbf0a531df654c3c3>:0)
Systems.Effects.Effects.PlayerMeshesHit (System.Collections.Generic.List`1[T] renderers, UnityEngine.Vector3 point, UnityEngine.Vector3 direction) (at <ad47400a25db462cbf0a531df654c3c3>:0)
Systems.Effects.EffectsCommutator.PlayerMeshesHit (System.Collections.Generic.List`1[T] renderers, UnityEngine.Vector3 point, UnityEngine.Vector3 direction) (at <ad47400a25db462cbf0a531df654c3c3>:0)
EFT.Player.ShotReactions (DamageInfoStruct shot, EBodyPart bodyPart) (at <ad47400a25db462cbf0a531df654c3c3>:0)
Fika.Core.Main.Players.FikaBot.ApplyShot (DamageInfoStruct damageInfo, EBodyPart bodyPartType, EBodyPartColliderType colliderType, EArmorPlateCollider armorPlateCollider, ShotIdStruct shotId) (at <584e5e373a4147c194040eda2372a621>:0)
Fika.Core.Main.BotClasses.BotPlayerBridge.ApplyShot (DamageInfoStruct damageInfo, EBodyPart bodyPart, EBodyPartColliderType bodyPartCollider, EArmorPlateCollider armorPlateCollider, ShotIdStruct shotId) (at <584e5e373a4147c194040eda2372a621>:0)
BodyPartCollider.ApplyHit (DamageInfoStruct damageInfo, ShotIdStruct shotID) (at <ad47400a25db462cbf0a531df654c3c3>:0)
EFT.ClientGameWorld.ShotDelegate (EftBulletClass shotResult) (at <ad47400a25db462cbf0a531df654c3c3>:0)
HollywoodFX.Patches.ShotDelegateWrapperPatch.OnShot (EftBulletClass shotResult) (at <609781b792f24a748477b783eb773a3e>:0)
EFT.Ballistics.BallisticsCalculator.method_2 (System.Single simulationTime) (at <ad47400a25db462cbf0a531df654c3c3>:0)
UnityEngine.DebugLogHandler:LogException(Exception, Object)
Class412:LogException(Exception, Object)
UnityEngine.Debug:LogException(Exception)
EFT.Ballistics.BallisticsCalculator:method_2(Single)
EFT.Ballistics.BallisticsCalculator:ManualUpdate(Single)
EFT.GameWorld:BallisticsTick(Single)
EFT.GameWorld:DMD<EFT.GameWorld::DoWorldTick>(GameWorld, Single)
EFT.GameWorldUnityTickListener:Update()
 
2026-08-17 22:23:52.194 -04:00|0.16.9.0.40087|Error|Default| 
EXCEPTION: System.NullReferenceException: Object reference not set to an instance of an object
  at HollywoodFX.Patches.TextureDecalsPainterVisCheckPatch.Prefix (TextureDecalsPainter __instance, UnityEngine.Renderer objRenderer, System.Boolean& __result) [0x00000] in <609781b792f24a748477b783eb773a3e>:0 
  at (wrapper dynamic-method) TextureDecalsPainter.DMD<TextureDecalsPainter::method_5>(TextureDecalsPainter,UnityEngine.Renderer)
  at TextureDecalsPainter.DrawDecal (System.Collections.Generic.List`1[T] renderers, UnityEngine.Vector3 point, UnityEngine.Vector3 normal) [0x00034] in <ad47400a25db462cbf0a531df654c3c3>:0 
  at Systems.Effects.Effects.PlayerMeshesHit (System.Collections.Generic.List`1[T] renderers, UnityEngine.Vector3 point, UnityEngine.Vector3 direction) [0x00016] in <ad47400a25db462cbf0a531df654c3c3>:0 
  at Systems.Effects.EffectsCommutator.PlayerMeshesHit (System.Collections.Generic.List`1[T] renderers, UnityEngine.Vector3 point, UnityEngine.Vector3 direction) [0x00005] in <ad47400a25db462cbf0a531df654c3c3>:0 
  at EFT.Player.ShotReactions (DamageInfoStruct shot, EBodyPart bodyPart) [0x00219] in <ad47400a25db462cbf0a531df654c3c3>:0 
  at Fika.Core.Main.Players.FikaBot.ApplyShot (DamageInfoStruct damageInfo, EBodyPart bodyPartType, EBodyPartColliderType colliderType, EArmorPlateCollider armorPlateCollider, ShotIdStruct shotId) [0x000ae] in <584e5e373a4147c194040eda2372a621>:0 
  at Fika.Core.Main.BotClasses.BotPlayerBridge.ApplyShot (DamageInfoStruct damageInfo, EBodyPart bodyPart, EBodyPartColliderType bodyPartCollider, EArmorPlateCollider armorPlateCollider, ShotIdStruct shotId) [0x0005e] in <584e5e373a4147c194040eda2372a621>:0 
  at BodyPartCollider.ApplyHit (DamageInfoStruct damageInfo, ShotIdStruct shotID) [0x00010] in <ad47400a25db462cbf0a531df654c3c3>:0 
  at EFT.ClientGameWorld.ShotDelegate (EftBulletClass shotResult) [0x00041] in <ad47400a25db462cbf0a531df654c3c3>:0 
  at HollywoodFX.Patches.ShotDelegateWrapperPatch.OnShot (EftBulletClass shotResult) [0x00059] in <609781b792f24a748477b783eb773a3e>:0 
  at EFT.Ballistics.BallisticsCalculator.method_2 (System.Single simulationTime) [0x00094] in <ad47400a25db462cbf0a531df654c3c3>:0 
2026-08-17 22:23:52.194 -04:00|0.16.9.0.40087|Error|Default|NullReferenceException: Object reference not set to an instance of an object
HollywoodFX.Patches.TextureDecalsPainterVisCheckPatch.Prefix (TextureDecalsPainter __instance, UnityEngine.Renderer objRenderer, System.Boolean& __result) (at <609781b792f24a748477b783eb773a3e>:0)
(wrapper dynamic-method) TextureDecalsPainter.DMD<TextureDecalsPainter::method_5>(TextureDecalsPainter,UnityEngine.Renderer)
TextureDecalsPainter.DrawDecal (System.Collections.Generic.List`1[T] renderers, UnityEngine.Vector3 point, UnityEngine.Vector3 normal) (at <ad47400a25db462cbf0a531df654c3c3>:0)
Systems.Effects.Effects.PlayerMeshesHit (System.Collections.Generic.List`1[T] renderers, UnityEngine.Vector3 point, UnityEngine.Vector3 direction) (at <ad47400a25db462cbf0a531df654c3c3>:0)
Systems.Effects.EffectsCommutator.PlayerMeshesHit (System.Collections.Generic.List`1[T] renderers, UnityEngine.Vector3 point, UnityEngine.Vector3 direction) (at <ad47400a25db462cbf0a531df654c3c3>:0)
EFT.Player.ShotReactions (DamageInfoStruct shot, EBodyPart bodyPart) (at <ad47400a25db462cbf0a531df654c3c3>:0)
Fika.Core.Main.Players.FikaBot.ApplyShot (DamageInfoStruct damageInfo, EBodyPart bodyPartType, EBodyPartColliderType colliderType, EArmorPlateCollider armorPlateCollider, ShotIdStruct shotId) (at <584e5e373a4147c194040eda2372a621>:0)
Fika.Core.Main.BotClasses.BotPlayerBridge.ApplyShot (DamageInfoStruct damageInfo, EBodyPart bodyPart, EBodyPartColliderType bodyPartCollider, EArmorPlateCollider armorPlateCollider, ShotIdStruct shotId) (at <584e5e373a4147c194040eda2372a621>:0)
BodyPartCollider.ApplyHit (DamageInfoStruct damageInfo, ShotIdStruct shotID) (at <ad47400a25db462cbf0a531df654c3c3>:0)
EFT.ClientGameWorld.ShotDelegate (EftBulletClass shotResult) (at <ad47400a25db462cbf0a531df654c3c3>:0)
HollywoodFX.Patches.ShotDelegateWrapperPatch.OnShot (EftBulletClass shotResult) (at <609781b792f24a748477b783eb773a3e>:0)
EFT.Ballistics.BallisticsCalculator.method_2 (System.Single simulationTime) (at <ad47400a25db462cbf0a531df654c3c3>:0)
UnityEngine.DebugLogHandler:LogException(Exception, Object)
Class412:LogException(Exception, Object)
UnityEngine.Debug:LogException(Exception)
EFT.Ballistics.BallisticsCalculator:method_2(Single)
EFT.Ballistics.BallisticsCalculator:ManualUpdate(Single)
EFT.GameWorld:BallisticsTick(Single)
EFT.GameWorld:DMD<EFT.GameWorld::DoWorldTick>(GameWorld, Single)
EFT.GameWorldUnityTickListener:Update()
 
2026-08-17 22:23:52.722 -04:00|0.16.9.0.40087|Error|Default| - Index was outside the bounds of the array. 
2026-08-17 22:23:52.722 -04:00|0.16.9.0.40087|Error|Default| - Index was outside the bounds of the array. 
2026-08-17 22:23:52.847 -04:00|0.16.9.0.40087|Error|Default| - Index was outside the bounds of the array. 
2026-08-17 22:23:52.847 -04:00|0.16.9.0.40087|Error|Default| - Index was outside the bounds of the array. 
2026-08-17 22:23:53.035 -04:00|0.16.9.0.40087|Error|Default| - Index was outside the bounds of the array. 
2026-08-17 22:23:53.035 -04:00|0.16.9.0.40087|Error|Default| - Index was outside the bounds of the array. 
2026-08-17 22:23:53.472 -04:00|0.16.9.0.40087|Error|Default| - Index was outside the bounds of the array. 
2026-08-17 22:23:53.472 -04:00|0.16.9.0.40087|Error|Default| - Index was outside the bounds of the array. 
2026-08-17 22:23:54.702 -04:00|0.16.9.0.40087|Error|Default| - Index was outside the bounds of the array. 
2026-08-17 22:23:54.702 -04:00|0.16.9.0.40087|Error|Default| - Index was outside the bounds of the array. 
2026-08-17 22:23:55.308 -04:00|0.16.9.0.40087|Error|Default| - Index was outside the bounds of the array. 
2026-08-17 22:23:55.308 -04:00|0.16.9.0.40087|Error|Default| - Index was outside the bounds of the array. 
2026-08-17 22:23:55.406 -04:00|0.16.9.0.40087|Error|Default| - Index was outside the bounds of the array. 
2026-08-17 22:23:55.406 -04:00|0.16.9.0.40087|Error|Default| - Index was outside the bounds of the array. 
2026-08-17 22:23:55.985 -04:00|0.16.9.0.40087|Error|Default| - Index was outside the bounds of the array. 
2026-08-17 22:23:55.985 -04:00|0.16.9.0.40087|Error|Default| - Index was outside the bounds of the array. 
2026-08-17 22:23:57.239 -04:00|0.16.9.0.40087|Error|Default| - Index was outside the bounds of the array. 
2026-08-17 22:23:57.239 -04:00|0.16.9.0.40087|Error|Default| - Index was outside the bounds of the array. 
2026-08-17 22:23:58.294 -04:00|0.16.9.0.40087|Error|Default| - Index was outside the bounds of the array. 
2026-08-17 22:23:58.294 -04:00|0.16.9.0.40087|Error|Default| - Index was outside the bounds of the array. 
2026-08-17 22:23:58.942 -04:00|0.16.9.0.40087|Error|Default| - Index was outside the bounds of the array. 
2026-08-17 22:23:58.942 -04:00|0.16.9.0.40087|Error|Default| - Index was outside the bounds of the array. 
2026-08-17 22:23:59.304 -04:00|0.16.9.0.40087|Error|Default| - Index was outside the bounds of the array. 
2026-08-17 22:23:59.304 -04:00|0.16.9.0.40087|Error|Default| - Index was outside the bounds of the array. 
2026-08-17 22:23:59.513 -04:00|0.16.9.0.40087|Error|Default| - Index was outside the bounds of the array. 
2026-08-17 22:23:59.513 -04:00|0.16.9.0.40087|Error|Default| - Index was outside the bounds of the array. 
2026-08-17 22:24:00.107 -04:00|0.16.9.0.40087|Error|Default| - Index was outside the bounds of the array. 
2026-08-17 22:24:00.107 -04:00|0.16.9.0.40087|Error|Default| - Index was outside the bounds of the array. 
2026-08-17 22:24:00.752 -04:00|0.16.9.0.40087|Error|Default| - Index was outside the bounds of the array. 
2026-08-17 22:24:00.752 -04:00|0.16.9.0.40087|Error|Default| - Index was outside the bounds of the array. 
2026-08-17 22:24:01.035 -04:00|0.16.9.0.40087|Error|Default| - Index was outside the bounds of the array. 
2026-08-17 22:24:01.035 -04:00|0.16.9.0.40087|Error|Default| - Index was outside the bounds of the array. 
2026-08-17 22:24:01.414 -04:00|0.16.9.0.40087|Error|Default| - Index was outside the bounds of the array. 
2026-08-17 22:24:01.414 -04:00|0.16.9.0.40087|Error|Default| - Index was outside the bounds of the array. 
2026-08-17 22:24:01.674 -04:00|0.16.9.0.40087|Error|Default| - Index was outside the bounds of the array. 
2026-08-17 22:24:01.674 -04:00|0.16.9.0.40087|Error|Default| - Index was outside the bounds of the array. 
2026-08-17 22:24:02.048 -04:00|0.16.9.0.40087|Error|Default| - Index was outside the bounds of the array. 
2026-08-17 22:24:02.048 -04:00|0.16.9.0.40087|Error|Default| - Index was outside the bounds of the array. 
2026-08-17 22:24:02.748 -04:00|0.16.9.0.40087|Error|Default| - Index was outside the bounds of the array. 
2026-08-17 22:24:02.748 -04:00|0.16.9.0.40087|Error|Default| - Index was outside the bounds of the array. 
2026-08-17 22:24:03.379 -04:00|0.16.9.0.40087|Error|Default| - Index was outside the bounds of the array. 
2026-08-17 22:24:03.379 -04:00|0.16.9.0.40087|Error|Default| - Index was outside the bounds of the array. 
2026-08-17 22:24:03.985 -04:00|0.16.9.0.40087|Error|Default| - Index was outside the bounds of the array. 
2026-08-17 22:24:03.985 -04:00|0.16.9.0.40087|Error|Default| - Index was outside the bounds of the array. 
2026-08-17 22:24:04.451 -04:00|0.16.9.0.40087|Error|Default| - Index was outside the bounds of the array. 
2026-08-17 22:24:04.451 -04:00|0.16.9.0.40087|Error|Default| - Index was outside the bounds of the array. 
2026-08-17 22:24:04.675 -04:00|0.16.9.0.40087|Error|Default| - Index was outside the bounds of the array. 
2026-08-17 22:24:04.675 -04:00|0.16.9.0.40087|Error|Default| - Index was outside the bounds of the array. 
2026-08-17 22:24:05.119 -04:00|0.16.9.0.40087|Error|Default| - Index was outside the bounds of the array. 
2026-08-17 22:24:05.119 -04:00|0.16.9.0.40087|Error|Default| - Index was outside the bounds of the array. 
2026-08-17 22:24:06.076 -04:00|0.16.9.0.40087|Error|Default| - Index was outside the bounds of the array. 
2026-08-17 22:24:06.076 -04:00|0.16.9.0.40087|Error|Default| - Index was outside the bounds of the array. 
2026-08-17 22:24:06.453 -04:00|0.16.9.0.40087|Error|Default| - Index was outside the bounds of the array. 
2026-08-17 22:24:06.453 -04:00|0.16.9.0.40087|Error|Default| - Index was outside the bounds of the array. 
2026-08-17 22:24:06.687 -04:00|0.16.9.0.40087|Error|Default| - Index was outside the bounds of the array. 
2026-08-17 22:24:06.687 -04:00|0.16.9.0.40087|Error|Default| - Index was outside the bounds of the array. 
2026-08-17 22:24:07.049 -04:00|0.16.9.0.40087|Error|Default| - Index was outside the bounds of the array. 
2026-08-17 22:24:07.049 -04:00|0.16.9.0.40087|Error|Default| - Index was outside the bounds of the array. 
2026-08-17 22:24:07.379 -04:00|0.16.9.0.40087|Error|Default| - Index was outside the bounds of the array. 
2026-08-17 22:24:07.379 -04:00|0.16.9.0.40087|Error|Default| - Index was outside the bounds of the array. 
2026-08-17 22:24:07.451 -04:00|0.16.9.0.40087|Error|Default| - Index was outside the bounds of the array. 
2026-08-17 22:24:07.451 -04:00|0.16.9.0.40087|Error|Default| - Index was outside the bounds of the array. 
2026-08-17 22:24:08.186 -04:00|0.16.9.0.40087|Error|Default| - Index was outside the bounds of the array. 
2026-08-17 22:24:08.186 -04:00|0.16.9.0.40087|Error|Default| - Index was outside the bounds of the array. 
2026-08-17 22:24:08.517 -04:00|0.16.9.0.40087|Error|Default| - Index was outside the bounds of the array. 
2026-08-17 22:24:08.517 -04:00|0.16.9.0.40087|Error|Default| - Index was outside the bounds of the array. 
2026-08-17 22:24:09.784 -04:00|0.16.9.0.40087|Error|Default| - Index was outside the bounds of the array. 
2026-08-17 22:24:09.784 -04:00|0.16.9.0.40087|Error|Default| - Index was outside the bounds of the array. 
2026-08-17 22:24:10.111 -04:00|0.16.9.0.40087|Error|Default| - Index was outside the bounds of the array. 
2026-08-17 22:24:10.111 -04:00|0.16.9.0.40087|Error|Default| - Index was outside the bounds of the array. 
2026-08-17 22:24:10.710 -04:00|0.16.9.0.40087|Error|Default| - Index was outside the bounds of the array. 
2026-08-17 22:24:10.710 -04:00|0.16.9.0.40087|Error|Default| - Index was outside the bounds of the array. 
2026-08-17 22:24:10.727 -04:00|0.16.9.0.40087|Error|Default| - Index was outside the bounds of the array. 
2026-08-17 22:24:10.727 -04:00|0.16.9.0.40087|Error|Default| - Index was outside the bounds of the array. 
2026-08-17 22:24:11.958 -04:00|0.16.9.0.40087|Error|Default| - Index was outside the bounds of the array. 
2026-08-17 22:24:11.958 -04:00|0.16.9.0.40087|Error|Default| - Index was outside the bounds of the array. 
2026-08-17 22:24:13.632 -04:00|0.16.9.0.40087|Error|Default| - Index was outside the bounds of the array. 
2026-08-17 22:24:13.632 -04:00|0.16.9.0.40087|Error|Default| - Index was outside the bounds of the array. 
2026-08-17 22:24:13.647 -04:00|0.16.9.0.40087|Error|Default| - Index was outside the bounds of the array. 
2026-08-17 22:24:13.647 -04:00|0.16.9.0.40087|Error|Default| - Index was outside the bounds of the array. 
2026-08-17 22:24:17.904 -04:00|0.16.9.0.40087|Error|Default| - Index was outside the bounds of the array. 
2026-08-17 22:24:17.904 -04:00|0.16.9.0.40087|Error|Default| - Index was outside the bounds of the array. 
2026-08-17 22:24:18.905 -04:00|0.16.9.0.40087|Error|Default| - Index was outside the bounds of the array. 
2026-08-17 22:24:18.905 -04:00|0.16.9.0.40087|Error|Default| - Index was outside the bounds of the array. 
2026-08-17 22:24:19.288 -04:00|0.16.9.0.40087|Error|Default| - Index was outside the bounds of the array. 
2026-08-17 22:24:19.288 -04:00|0.16.9.0.40087|Error|Default| - Index was outside the bounds of the array. 
2026-08-17 22:24:19.757 -04:00|0.16.9.0.40087|Error|Default| - Index was outside the bounds of the array. 
2026-08-17 22:24:19.757 -04:00|0.16.9.0.40087|Error|Default| - Index was outside the bounds of the array. 
2026-08-17 22:24:21.860 -04:00|0.16.9.0.40087|Error|Default| - Index was outside the bounds of the array. 
2026-08-17 22:24:21.860 -04:00|0.16.9.0.40087|Error|Default| - Index was outside the bounds of the array. 
2026-08-17 22:24:30.654 -04:00|0.16.9.0.40087|Error|Default| - Index was outside the bounds of the array. 
2026-08-17 22:24:30.654 -04:00|0.16.9.0.40087|Error|Default| - Index was outside the bounds of the array. 
2026-08-17 22:24:31.723 -04:00|0.16.9.0.40087|Error|Default| - Index was outside the bounds of the array. 
2026-08-17 22:24:31.723 -04:00|0.16.9.0.40087|Error|Default| - Index was outside the bounds of the array. 
2026-08-17 22:24:32.178 -04:00|0.16.9.0.40087|Error|Default| - Index was outside the bounds of the array. 
2026-08-17 22:24:32.178 -04:00|0.16.9.0.40087|Error|Default| - Index was outside the bounds of the array. 
2026-08-17 22:24:32.199 -04:00|0.16.9.0.40087|Error|Default| - Index was outside the bounds of the array. 
2026-08-17 22:24:32.199 -04:00|0.16.9.0.40087|Error|Default| - Index was outside the bounds of the array. 
2026-08-17 22:24:32.214 -04:00|0.16.9.0.40087|Error|Default| - Index was outside the bounds of the array. 
2026-08-17 22:24:32.214 -04:00|0.16.9.0.40087|Error|Default| - Index was outside the bounds of the array. 
2026-08-17 22:24:32.231 -04:00|0.16.9.0.40087|Error|Default| - Index was outside the bounds of the array. 
2026-08-17 22:24:32.231 -04:00|0.16.9.0.40087|Error|Default| - Index was outside the bounds of the array. 
2026-08-17 22:24:38.071 -04:00|0.16.9.0.40087|Error|Default| 
EXCEPTION: System.NullReferenceException: Object reference not set to an instance of an object
  at VisceralCombat.Combined.Patches.KillPatch.DeathSetup (EFT.Player p, EBodyPart eBodyPart, System.Int32 Chance) [0x001b1] in <c25f656715e94cbf8409592b99b045a1>:0 
  at VisceralCombat.Combined.Patches.KillPatch.Postfix (EFT.Player __instance, DamageInfoStruct damageInfo, EBodyPart bodyPartType) [0x001c6] in <c25f656715e94cbf8409592b99b045a1>:0 
  at (wrapper dynamic-method) EFT.Player.DMD<EFT.Player::ApplyDamageInfo>(EFT.Player,DamageInfoStruct,EBodyPart,EBodyPartColliderType,single)
  at Fika.Core.Main.Players.FikaPlayer.ApplyDamageInfo (DamageInfoStruct damageInfo, EBodyPart bodyPartType, EBodyPartColliderType colliderType, System.Single absorbed) [0x0005e] in <584e5e373a4147c194040eda2372a621>:0 
  at Fika.Core.Main.Players.FikaBot.ApplyDamageInfo (DamageInfoStruct damageInfo, EBodyPart bodyPartType, EBodyPartColliderType colliderType, System.Single absorbed) [0x0001e] in <584e5e373a4147c194040eda2372a621>:0 
  at Fika.Core.Main.Players.FikaBot.ApplyShot (DamageInfoStruct damageInfo, EBodyPart bodyPartType, EBodyPartColliderType colliderType, EArmorPlateCollider armorPlateCollider, ShotIdStruct shotId) [0x000a0] in <584e5e373a4147c194040eda2372a621>:0 
  at Fika.Core.Main.BotClasses.BotPlayerBridge.ApplyShot (DamageInfoStruct damageInfo, EBodyPart bodyPart, EBodyPartColliderType bodyPartCollider, EArmorPlateCollider armorPlateCollider, ShotIdStruct shotId) [0x0005e] in <584e5e373a4147c194040eda2372a621>:0 
  at BodyPartCollider.ApplyHit (DamageInfoStruct damageInfo, ShotIdStruct shotID) [0x00010] in <ad47400a25db462cbf0a531df654c3c3>:0 
  at EFT.ClientGameWorld.ShotDelegate (EftBulletClass shotResult) [0x00041] in <ad47400a25db462cbf0a531df654c3c3>:0 
  at HollywoodFX.Patches.ShotDelegateWrapperPatch.OnShot (EftBulletClass shotResult) [0x00059] in <609781b792f24a748477b783eb773a3e>:0 
  at EFT.Ballistics.BallisticsCalculator.method_2 (System.Single simulationTime) [0x00094] in <ad47400a25db462cbf0a531df654c3c3>:0 
2026-08-17 22:24:38.071 -04:00|0.16.9.0.40087|Error|Default|NullReferenceException: Object reference not set to an instance of an object
VisceralCombat.Combined.Patches.KillPatch.DeathSetup (EFT.Player p, EBodyPart eBodyPart, System.Int32 Chance) (at <c25f656715e94cbf8409592b99b045a1>:0)
VisceralCombat.Combined.Patches.KillPatch.Postfix (EFT.Player __instance, DamageInfoStruct damageInfo, EBodyPart bodyPartType) (at <c25f656715e94cbf8409592b99b045a1>:0)
(wrapper dynamic-method) EFT.Player.DMD<EFT.Player::ApplyDamageInfo>(EFT.Player,DamageInfoStruct,EBodyPart,EBodyPartColliderType,single)
Fika.Core.Main.Players.FikaPlayer.ApplyDamageInfo (DamageInfoStruct damageInfo, EBodyPart bodyPartType, EBodyPartColliderType colliderType, System.Single absorbed) (at <584e5e373a4147c194040eda2372a621>:0)
Fika.Core.Main.Players.FikaBot.ApplyDamageInfo (DamageInfoStruct damageInfo, EBodyPart bodyPartType, EBodyPartColliderType colliderType, System.Single absorbed) (at <584e5e373a4147c194040eda2372a621>:0)
Fika.Core.Main.Players.FikaBot.ApplyShot (DamageInfoStruct damageInfo, EBodyPart bodyPartType, EBodyPartColliderType colliderType, EArmorPlateCollider armorPlateCollider, ShotIdStruct shotId) (at <584e5e373a4147c194040eda2372a621>:0)
Fika.Core.Main.BotClasses.BotPlayerBridge.ApplyShot (DamageInfoStruct damageInfo, EBodyPart bodyPart, EBodyPartColliderType bodyPartCollider, EArmorPlateCollider armorPlateCollider, ShotIdStruct shotId) (at <584e5e373a4147c194040eda2372a621>:0)
BodyPartCollider.ApplyHit (DamageInfoStruct damageInfo, ShotIdStruct shotID) (at <ad47400a25db462cbf0a531df654c3c3>:0)
EFT.ClientGameWorld.ShotDelegate (EftBulletClass shotResult) (at <ad47400a25db462cbf0a531df654c3c3>:0)
HollywoodFX.Patches.ShotDelegateWrapperPatch.OnShot (EftBulletClass shotResult) (at <609781b792f24a748477b783eb773a3e>:0)
EFT.Ballistics.BallisticsCalculator.method_2 (System.Single simulationTime) (at <ad47400a25db462cbf0a531df654c3c3>:0)
UnityEngine.DebugLogHandler:LogException(Exception, Object)
Class412:LogException(Exception, Object)
UnityEngine.Debug:LogException(Exception)
EFT.Ballistics.BallisticsCalculator:method_2(Single)
EFT.Ballistics.BallisticsCalculator:ManualUpdate(Single)
EFT.GameWorld:BallisticsTick(Single)
EFT.GameWorld:DMD<EFT.GameWorld::DoWorldTick>(GameWorld, Single)
EFT.GameWorldUnityTickListener:Update()
 
2026-08-17 22:24:40.285 -04:00|0.16.9.0.40087|Error|Default| 
EXCEPTION: System.NullReferenceException: Object reference not set to an instance of an object
  at HollywoodFX.Patches.TextureDecalsPainterVisCheckPatch.Prefix (TextureDecalsPainter __instance, UnityEngine.Renderer objRenderer, System.Boolean& __result) [0x00000] in <609781b792f24a748477b783eb773a3e>:0 
  at (wrapper dynamic-method) TextureDecalsPainter.DMD<TextureDecalsPainter::method_5>(TextureDecalsPainter,UnityEngine.Renderer)
  at TextureDecalsPainter.DrawDecal (System.Collections.Generic.List`1[T] renderers, UnityEngine.Vector3 point, UnityEngine.Vector3 normal) [0x00034] in <ad47400a25db462cbf0a531df654c3c3>:0 
  at Systems.Effects.Effects.PlayerMeshesHit (System.Collections.Generic.List`1[T] renderers, UnityEngine.Vector3 point, UnityEngine.Vector3 direction) [0x00016] in <ad47400a25db462cbf0a531df654c3c3>:0 
  at Systems.Effects.EffectsCommutator.PlayerMeshesHit (System.Collections.Generic.List`1[T] renderers, UnityEngine.Vector3 point, UnityEngine.Vector3 direction) [0x00005] in <ad47400a25db462cbf0a531df654c3c3>:0 
  at EFT.Player.ShotReactions (DamageInfoStruct shot, EBodyPart bodyPart) [0x00219] in <ad47400a25db462cbf0a531df654c3c3>:0 
  at Fika.Core.Main.Players.FikaBot.ApplyShot (DamageInfoStruct damageInfo, EBodyPart bodyPartType, EBodyPartColliderType colliderType, EArmorPlateCollider armorPlateCollider, ShotIdStruct shotId) [0x000ae] in <584e5e373a4147c194040eda2372a621>:0 
  at Fika.Core.Main.BotClasses.BotPlayerBridge.ApplyShot (DamageInfoStruct damageInfo, EBodyPart bodyPart, EBodyPartColliderType bodyPartCollider, EArmorPlateCollider armorPlateCollider, ShotIdStruct shotId) [0x0005e] in <584e5e373a4147c194040eda2372a621>:0 
  at ArmorPlateCollider.ApplyHit (DamageInfoStruct damageInfo, ShotIdStruct shotID) [0x00010] in <ad47400a25db462cbf0a531df654c3c3>:0 
  at EFT.ClientGameWorld.ShotDelegate (EftBulletClass shotResult) [0x00041] in <ad47400a25db462cbf0a531df654c3c3>:0 
  at HollywoodFX.Patches.ShotDelegateWrapperPatch.OnShot (EftBulletClass shotResult) [0x00059] in <609781b792f24a748477b783eb773a3e>:0 
  at EFT.Ballistics.BallisticsCalculator.method_2 (System.Single simulationTime) [0x00094] in <ad47400a25db462cbf0a531df654c3c3>:0 
2026-08-17 22:24:40.285 -04:00|0.16.9.0.40087|Error|Default|NullReferenceException: Object reference not set to an instance of an object
HollywoodFX.Patches.TextureDecalsPainterVisCheckPatch.Prefix (TextureDecalsPainter __instance, UnityEngine.Renderer objRenderer, System.Boolean& __result) (at <609781b792f24a748477b783eb773a3e>:0)
(wrapper dynamic-method) TextureDecalsPainter.DMD<TextureDecalsPainter::method_5>(TextureDecalsPainter,UnityEngine.Renderer)
TextureDecalsPainter.DrawDecal (System.Collections.Generic.List`1[T] renderers, UnityEngine.Vector3 point, UnityEngine.Vector3 normal) (at <ad47400a25db462cbf0a531df654c3c3>:0)
Systems.Effects.Effects.PlayerMeshesHit (System.Collections.Generic.List`1[T] renderers, UnityEngine.Vector3 point, UnityEngine.Vector3 direction) (at <ad47400a25db462cbf0a531df654c3c3>:0)
Systems.Effects.EffectsCommutator.PlayerMeshesHit (System.Collections.Generic.List`1[T] renderers, UnityEngine.Vector3 point, UnityEngine.Vector3 direction) (at <ad47400a25db462cbf0a531df654c3c3>:0)
EFT.Player.ShotReactions (DamageInfoStruct shot, EBodyPart bodyPart) (at <ad47400a25db462cbf0a531df654c3c3>:0)
Fika.Core.Main.Players.FikaBot.ApplyShot (DamageInfoStruct damageInfo, EBodyPart bodyPartType, EBodyPartColliderType colliderType, EArmorPlateCollider armorPlateCollider, ShotIdStruct shotId) (at <584e5e373a4147c194040eda2372a621>:0)
Fika.Core.Main.BotClasses.BotPlayerBridge.ApplyShot (DamageInfoStruct damageInfo, EBodyPart bodyPart, EBodyPartColliderType bodyPartCollider, EArmorPlateCollider armorPlateCollider, ShotIdStruct shotId) (at <584e5e373a4147c194040eda2372a621>:0)
ArmorPlateCollider.ApplyHit (DamageInfoStruct damageInfo, ShotIdStruct shotID) (at <ad47400a25db462cbf0a531df654c3c3>:0)
EFT.ClientGameWorld.ShotDelegate (EftBulletClass shotResult) (at <ad47400a25db462cbf0a531df654c3c3>:0)
HollywoodFX.Patches.ShotDelegateWrapperPatch.OnShot (EftBulletClass shotResult) (at <609781b792f24a748477b783eb773a3e>:0)
EFT.Ballistics.BallisticsCalculator.method_2 (System.Single simulationTime) (at <ad47400a25db462cbf0a531df654c3c3>:0)
UnityEngine.DebugLogHandler:LogException(Exception, Object)
Class412:LogException(Exception, Object)
UnityEngine.Debug:LogException(Exception)
EFT.Ballistics.BallisticsCalculator:method_2(Single)
EFT.Ballistics.BallisticsCalculator:ManualUpdate(Single)
EFT.GameWorld:BallisticsTick(Single)
EFT.GameWorld:DMD<EFT.GameWorld::DoWorldTick>(GameWorld, Single)
EFT.GameWorldUnityTickListener:Update()
 
2026-08-17 22:24:40.670 -04:00|0.16.9.0.40087|Error|Default| 
EXCEPTION: System.NullReferenceException: Object reference not set to an instance of an object
  at HollywoodFX.Patches.TextureDecalsPainterVisCheckPatch.Prefix (TextureDecalsPainter __instance, UnityEngine.Renderer objRenderer, System.Boolean& __result) [0x00000] in <609781b792f24a748477b783eb773a3e>:0 
  at (wrapper dynamic-method) TextureDecalsPainter.DMD<TextureDecalsPainter::method_5>(TextureDecalsPainter,UnityEngine.Renderer)
  at TextureDecalsPainter.DrawDecal (System.Collections.Generic.List`1[T] renderers, UnityEngine.Vector3 point, UnityEngine.Vector3 normal) [0x00034] in <ad47400a25db462cbf0a531df654c3c3>:0 
  at Systems.Effects.Effects.PlayerMeshesHit (System.Collections.Generic.List`1[T] renderers, UnityEngine.Vector3 point, UnityEngine.Vector3 direction) [0x00016] in <ad47400a25db462cbf0a531df654c3c3>:0 
  at Systems.Effects.EffectsCommutator.PlayerMeshesHit (System.Collections.Generic.List`1[T] renderers, UnityEngine.Vector3 point, UnityEngine.Vector3 direction) [0x00005] in <ad47400a25db462cbf0a531df654c3c3>:0 
  at EFT.Player.ShotReactions (DamageInfoStruct shot, EBodyPart bodyPart) [0x00219] in <ad47400a25db462cbf0a531df654c3c3>:0 
  at Fika.Core.Main.Players.FikaBot.ApplyShot (DamageInfoStruct damageInfo, EBodyPart bodyPartType, EBodyPartColliderType colliderType, EArmorPlateCollider armorPlateCollider, ShotIdStruct shotId) [0x000ae] in <584e5e373a4147c194040eda2372a621>:0 
  at Fika.Core.Main.BotClasses.BotPlayerBridge.ApplyShot (DamageInfoStruct damageInfo, EBodyPart bodyPart, EBodyPartColliderType bodyPartCollider, EArmorPlateCollider armorPlateCollider, ShotIdStruct shotId) [0x0005e] in <584e5e373a4147c194040eda2372a621>:0 
  at BodyPartCollider.ApplyHit (DamageInfoStruct damageInfo, ShotIdStruct shotID) [0x00010] in <ad47400a25db462cbf0a531df654c3c3>:0 
  at EFT.ClientGameWorld.ShotDelegate (EftBulletClass shotResult) [0x00041] in <ad47400a25db462cbf0a531df654c3c3>:0 
  at HollywoodFX.Patches.ShotDelegateWrapperPatch.OnShot (EftBulletClass shotResult) [0x00059] in <609781b792f24a748477b783eb773a3e>:0 
  at EFT.Ballistics.BallisticsCalculator.method_2 (System.Single simulationTime) [0x00094] in <ad47400a25db462cbf0a531df654c3c3>:0 
2026-08-17 22:24:40.670 -04:00|0.16.9.0.40087|Error|Default|NullReferenceException: Object reference not set to an instance of an object
HollywoodFX.Patches.TextureDecalsPainterVisCheckPatch.Prefix (TextureDecalsPainter __instance, UnityEngine.Renderer objRenderer, System.Boolean& __result) (at <609781b792f24a748477b783eb773a3e>:0)
(wrapper dynamic-method) TextureDecalsPainter.DMD<TextureDecalsPainter::method_5>(TextureDecalsPainter,UnityEngine.Renderer)
TextureDecalsPainter.DrawDecal (System.Collections.Generic.List`1[T] renderers, UnityEngine.Vector3 point, UnityEngine.Vector3 normal) (at <ad47400a25db462cbf0a531df654c3c3>:0)
Systems.Effects.Effects.PlayerMeshesHit (System.Collections.Generic.List`1[T] renderers, UnityEngine.Vector3 point, UnityEngine.Vector3 direction) (at <ad47400a25db462cbf0a531df654c3c3>:0)
Systems.Effects.EffectsCommutator.PlayerMeshesHit (System.Collections.Generic.List`1[T] renderers, UnityEngine.Vector3 point, UnityEngine.Vector3 direction) (at <ad47400a25db462cbf0a531df654c3c3>:0)
EFT.Player.ShotReactions (DamageInfoStruct shot, EBodyPart bodyPart) (at <ad47400a25db462cbf0a531df654c3c3>:0)
Fika.Core.Main.Players.FikaBot.ApplyShot (DamageInfoStruct damageInfo, EBodyPart bodyPartType, EBodyPartColliderType colliderType, EArmorPlateCollider armorPlateCollider, ShotIdStruct shotId) (at <584e5e373a4147c194040eda2372a621>:0)
Fika.Core.Main.BotClasses.BotPlayerBridge.ApplyShot (DamageInfoStruct damageInfo, EBodyPart bodyPart, EBodyPartColliderType bodyPartCollider, EArmorPlateCollider armorPlateCollider, ShotIdStruct shotId) (at <584e5e373a4147c194040eda2372a621>:0)
BodyPartCollider.ApplyHit (DamageInfoStruct damageInfo, ShotIdStruct shotID) (at <ad47400a25db462cbf0a531df654c3c3>:0)
EFT.ClientGameWorld.ShotDelegate (EftBulletClass shotResult) (at <ad47400a25db462cbf0a531df654c3c3>:0)
HollywoodFX.Patches.ShotDelegateWrapperPatch.OnShot (EftBulletClass shotResult) (at <609781b792f24a748477b783eb773a3e>:0)
EFT.Ballistics.BallisticsCalculator.method_2 (System.Single simulationTime) (at <ad47400a25db462cbf0a531df654c3c3>:0)
UnityEngine.DebugLogHandler:LogException(Exception, Object)
Class412:LogException(Exception, Object)
UnityEngine.Debug:LogException(Exception)
EFT.Ballistics.BallisticsCalculator:method_2(Single)
EFT.Ballistics.BallisticsCalculator:ManualUpdate(Single)
EFT.GameWorld:BallisticsTick(Single)
EFT.GameWorld:DMD<EFT.GameWorld::DoWorldTick>(GameWorld, Single)
EFT.GameWorldUnityTickListener:Update()
 
2026-08-17 22:24:40.892 -04:00|0.16.9.0.40087|Error|Default| 
EXCEPTION: System.NullReferenceException: Object reference not set to an instance of an object
  at HollywoodFX.Patches.TextureDecalsPainterVisCheckPatch.Prefix (TextureDecalsPainter __instance, UnityEngine.Renderer objRenderer, System.Boolean& __result) [0x00000] in <609781b792f24a748477b783eb773a3e>:0 
  at (wrapper dynamic-method) TextureDecalsPainter.DMD<TextureDecalsPainter::method_5>(TextureDecalsPainter,UnityEngine.Renderer)
  at TextureDecalsPainter.DrawDecal (System.Collections.Generic.List`1[T] renderers, UnityEngine.Vector3 point, UnityEngine.Vector3 normal) [0x00034] in <ad47400a25db462cbf0a531df654c3c3>:0 
  at Systems.Effects.Effects.PlayerMeshesHit (System.Collections.Generic.List`1[T] renderers, UnityEngine.Vector3 point, UnityEngine.Vector3 direction) [0x00016] in <ad47400a25db462cbf0a531df654c3c3>:0 
  at Systems.Effects.EffectsCommutator.PlayerMeshesHit (System.Collections.Generic.List`1[T] renderers, UnityEngine.Vector3 point, UnityEngine.Vector3 direction) [0x00005] in <ad47400a25db462cbf0a531df654c3c3>:0 
  at EFT.Player.ShotReactions (DamageInfoStruct shot, EBodyPart bodyPart) [0x00219] in <ad47400a25db462cbf0a531df654c3c3>:0 
  at Fika.Core.Main.Players.FikaBot.ApplyShot (DamageInfoStruct damageInfo, EBodyPart bodyPartType, EBodyPartColliderType colliderType, EArmorPlateCollider armorPlateCollider, ShotIdStruct shotId) [0x000ae] in <584e5e373a4147c194040eda2372a621>:0 
  at Fika.Core.Main.BotClasses.BotPlayerBridge.ApplyShot (DamageInfoStruct damageInfo, EBodyPart bodyPart, EBodyPartColliderType bodyPartCollider, EArmorPlateCollider armorPlateCollider, ShotIdStruct shotId) [0x0005e] in <584e5e373a4147c194040eda2372a621>:0 
  at BodyPartCollider.ApplyHit (DamageInfoStruct damageInfo, ShotIdStruct shotID) [0x00010] in <ad47400a25db462cbf0a531df654c3c3>:0 
  at EFT.ClientGameWorld.ShotDelegate (EftBulletClass shotResult) [0x00041] in <ad47400a25db462cbf0a531df654c3c3>:0 
  at HollywoodFX.Patches.ShotDelegateWrapperPatch.OnShot (EftBulletClass shotResult) [0x00059] in <609781b792f24a748477b783eb773a3e>:0 
  at EFT.Ballistics.BallisticsCalculator.method_2 (System.Single simulationTime) [0x00094] in <ad47400a25db462cbf0a531df654c3c3>:0 
2026-08-17 22:24:40.892 -04:00|0.16.9.0.40087|Error|Default|NullReferenceException: Object reference not set to an instance of an object
HollywoodFX.Patches.TextureDecalsPainterVisCheckPatch.Prefix (TextureDecalsPainter __instance, UnityEngine.Renderer objRenderer, System.Boolean& __result) (at <609781b792f24a748477b783eb773a3e>:0)
(wrapper dynamic-method) TextureDecalsPainter.DMD<TextureDecalsPainter::method_5>(TextureDecalsPainter,UnityEngine.Renderer)
TextureDecalsPainter.DrawDecal (System.Collections.Generic.List`1[T] renderers, UnityEngine.Vector3 point, UnityEngine.Vector3 normal) (at <ad47400a25db462cbf0a531df654c3c3>:0)
Systems.Effects.Effects.PlayerMeshesHit (System.Collections.Generic.List`1[T] renderers, UnityEngine.Vector3 point, UnityEngine.Vector3 direction) (at <ad47400a25db462cbf0a531df654c3c3>:0)
Systems.Effects.EffectsCommutator.PlayerMeshesHit (System.Collections.Generic.List`1[T] renderers, UnityEngine.Vector3 point, UnityEngine.Vector3 direction) (at <ad47400a25db462cbf0a531df654c3c3>:0)
EFT.Player.ShotReactions (DamageInfoStruct shot, EBodyPart bodyPart) (at <ad47400a25db462cbf0a531df654c3c3>:0)
Fika.Core.Main.Players.FikaBot.ApplyShot (DamageInfoStruct damageInfo, EBodyPart bodyPartType, EBodyPartColliderType colliderType, EArmorPlateCollider armorPlateCollider, ShotIdStruct shotId) (at <584e5e373a4147c194040eda2372a621>:0)
Fika.Core.Main.BotClasses.BotPlayerBridge.ApplyShot (DamageInfoStruct damageInfo, EBodyPart bodyPart, EBodyPartColliderType bodyPartCollider, EArmorPlateCollider armorPlateCollider, ShotIdStruct shotId) (at <584e5e373a4147c194040eda2372a621>:0)
BodyPartCollider.ApplyHit (DamageInfoStruct damageInfo, ShotIdStruct shotID) (at <ad47400a25db462cbf0a531df654c3c3>:0)
EFT.ClientGameWorld.ShotDelegate (EftBulletClass shotResult) (at <ad47400a25db462cbf0a531df654c3c3>:0)
HollywoodFX.Patches.ShotDelegateWrapperPatch.OnShot (EftBulletClass shotResult) (at <609781b792f24a748477b783eb773a3e>:0)
EFT.Ballistics.BallisticsCalculator.method_2 (System.Single simulationTime) (at <ad47400a25db462cbf0a531df654c3c3>:0)
UnityEngine.DebugLogHandler:LogException(Exception, Object)
Class412:LogException(Exception, Object)
UnityEngine.Debug:LogException(Exception)
EFT.Ballistics.BallisticsCalculator:method_2(Single)
EFT.Ballistics.BallisticsCalculator:ManualUpdate(Single)
EFT.GameWorld:BallisticsTick(Single)
EFT.GameWorld:DMD<EFT.GameWorld::DoWorldTick>(GameWorld, Single)
EFT.GameWorldUnityTickListener:Update()
 
2026-08-17 22:24:41.031 -04:00|0.16.9.0.40087|Error|Default| - Index was outside the bounds of the array. 
2026-08-17 22:24:41.031 -04:00|0.16.9.0.40087|Error|Default| - Index was outside the bounds of the array. 
2026-08-17 22:24:41.168 -04:00|0.16.9.0.40087|Error|Default| - Index was outside the bounds of the array. 
2026-08-17 22:24:41.168 -04:00|0.16.9.0.40087|Error|Default| - Index was outside the bounds of the array. 
2026-08-17 22:24:41.181 -04:00|0.16.9.0.40087|Error|Default| - Index was outside the bounds of the array. 
2026-08-17 22:24:41.181 -04:00|0.16.9.0.40087|Error|Default| - Index was outside the bounds of the array. 
2026-08-17 22:24:41.240 -04:00|0.16.9.0.40087|Error|Default| - Index was outside the bounds of the array. 
2026-08-17 22:24:41.240 -04:00|0.16.9.0.40087|Error|Default| - Index was outside the bounds of the array. 
2026-08-17 22:24:41.930 -04:00|0.16.9.0.40087|Error|Default| - Index was outside the bounds of the array. 
2026-08-17 22:24:41.930 -04:00|0.16.9.0.40087|Error|Default| - Index was outside the bounds of the array. 
2026-08-17 22:24:42.100 -04:00|0.16.9.0.40087|Error|Default| - Index was outside the bounds of the array. 
2026-08-17 22:24:42.100 -04:00|0.16.9.0.40087|Error|Default| - Index was outside the bounds of the array. 
2026-08-17 22:24:43.399 -04:00|0.16.9.0.40087|Error|Default| - Index was outside the bounds of the array. 
2026-08-17 22:24:43.399 -04:00|0.16.9.0.40087|Error|Default| - Index was outside the bounds of the array. 
2026-08-17 22:24:43.958 -04:00|0.16.9.0.40087|Error|Default| - Index was outside the bounds of the array. 
2026-08-17 22:24:43.958 -04:00|0.16.9.0.40087|Error|Default| - Index was outside the bounds of the array. 
2026-08-17 22:24:44.085 -04:00|0.16.9.0.40087|Error|Default| - Index was outside the bounds of the array. 
2026-08-17 22:24:44.085 -04:00|0.16.9.0.40087|Error|Default| - Index was outside the bounds of the array. 
2026-08-17 22:24:44.116 -04:00|0.16.9.0.40087|Error|Default| - Index was outside the bounds of the array. 
2026-08-17 22:24:44.116 -04:00|0.16.9.0.40087|Error|Default| - Index was outside the bounds of the array. 
2026-08-17 22:24:44.131 -04:00|0.16.9.0.40087|Error|Default| - Index was outside the bounds of the array. 
2026-08-17 22:24:44.131 -04:00|0.16.9.0.40087|Error|Default| - Index was outside the bounds of the array. 
2026-08-17 22:24:44.664 -04:00|0.16.9.0.40087|Error|Default| - Index was outside the bounds of the array. 
2026-08-17 22:24:44.664 -04:00|0.16.9.0.40087|Error|Default| - Index was outside the bounds of the array. 
2026-08-17 22:24:49.125 -04:00|0.16.9.0.40087|Error|Default|error null take to hands 
2026-08-17 22:24:50.005 -04:00|0.16.9.0.40087|Error|Default| - Index was outside the bounds of the array. 
2026-08-17 22:24:50.005 -04:00|0.16.9.0.40087|Error|Default| - Index was outside the bounds of the array. 
2026-08-17 22:24:50.068 -04:00|0.16.9.0.40087|Error|Default| - Index was outside the bounds of the array. 
2026-08-17 22:24:50.068 -04:00|0.16.9.0.40087|Error|Default| - Index was outside the bounds of the array. 
2026-08-17 22:24:50.120 -04:00|0.16.9.0.40087|Error|Default| - Index was outside the bounds of the array. 
2026-08-17 22:24:50.120 -04:00|0.16.9.0.40087|Error|Default| - Index was outside the bounds of the array. 
2026-08-17 22:24:50.335 -04:00|0.16.9.0.40087|Error|Default| - Index was outside the bounds of the array. 
2026-08-17 22:24:50.335 -04:00|0.16.9.0.40087|Error|Default| - Index was outside the bounds of the array. 
2026-08-17 22:24:50.582 -04:00|0.16.9.0.40087|Error|Default| - Index was outside the bounds of the array. 
2026-08-17 22:24:50.582 -04:00|0.16.9.0.40087|Error|Default| - Index was outside the bounds of the array. 
2026-08-17 22:24:50.899 -04:00|0.16.9.0.40087|Error|Default| - Index was outside the bounds of the array. 
2026-08-17 22:24:50.899 -04:00|0.16.9.0.40087|Error|Default| - Index was outside the bounds of the array. 
2026-08-17 22:24:54.191 -04:00|0.16.9.0.40087|Error|Default|error null take to hands 
2026-08-17 22:24:58.771 -04:00|0.16.9.0.40087|Error|Default| - Index was outside the bounds of the array. 
2026-08-17 22:24:58.771 -04:00|0.16.9.0.40087|Error|Default| - Index was outside the bounds of the array. 
2026-08-17 22:24:58.787 -04:00|0.16.9.0.40087|Error|Default| - Index was outside the bounds of the array. 
2026-08-17 22:24:58.787 -04:00|0.16.9.0.40087|Error|Default| - Index was outside the bounds of the array. 
2026-08-17 22:24:59.324 -04:00|0.16.9.0.40087|Error|Default| - Index was outside the bounds of the array. 
2026-08-17 22:24:59.324 -04:00|0.16.9.0.40087|Error|Default| - Index was outside the bounds of the array. 
2026-08-17 22:24:59.585 -04:00|0.16.9.0.40087|Error|Default| - Index was outside the bounds of the array. 
2026-08-17 22:24:59.585 -04:00|0.16.9.0.40087|Error|Default| - Index was outside the bounds of the array. 
2026-08-17 22:24:59.674 -04:00|0.16.9.0.40087|Error|Default| 
EXCEPTION: System.NullReferenceException: Object reference not set to an instance of an object
  at HollywoodFX.Patches.TextureDecalsPainterVisCheckPatch.Prefix (TextureDecalsPainter __instance, UnityEngine.Renderer objRenderer, System.Boolean& __result) [0x00000] in <609781b792f24a748477b783eb773a3e>:0 
  at (wrapper dynamic-method) TextureDecalsPainter.DMD<TextureDecalsPainter::method_5>(TextureDecalsPainter,UnityEngine.Renderer)
  at TextureDecalsPainter.DrawDecal (System.Collections.Generic.List`1[T] renderers, UnityEngine.Vector3 point, UnityEngine.Vector3 normal) [0x00034] in <ad47400a25db462cbf0a531df654c3c3>:0 
  at Systems.Effects.Effects.PlayerMeshesHit (System.Collections.Generic.List`1[T] renderers, UnityEngine.Vector3 point, UnityEngine.Vector3 direction) [0x00016] in <ad47400a25db462cbf0a531df654c3c3>:0 
  at Systems.Effects.EffectsCommutator.PlayerMeshesHit (System.Collections.Generic.List`1[T] renderers, UnityEngine.Vector3 point, UnityEngine.Vector3 direction) [0x00005] in <ad47400a25db462cbf0a531df654c3c3>:0 
  at EFT.Player.ShotReactions (DamageInfoStruct shot, EBodyPart bodyPart) [0x00219] in <ad47400a25db462cbf0a531df654c3c3>:0 
  at Fika.Core.Main.Players.FikaBot.ApplyShot (DamageInfoStruct damageInfo, EBodyPart bodyPartType, EBodyPartColliderType colliderType, EArmorPlateCollider armorPlateCollider, ShotIdStruct shotId) [0x000ae] in <584e5e373a4147c194040eda2372a621>:0 
  at Fika.Core.Main.BotClasses.BotPlayerBridge.ApplyShot (DamageInfoStruct damageInfo, EBodyPart bodyPart, EBodyPartColliderType bodyPartCollider, EArmorPlateCollider armorPlateCollider, ShotIdStruct shotId) [0x0005e] in <584e5e373a4147c194040eda2372a621>:0 
  at ArmorPlateCollider.ApplyHit (DamageInfoStruct damageInfo, ShotIdStruct shotID) [0x00010] in <ad47400a25db462cbf0a531df654c3c3>:0 
  at EFT.ClientGameWorld.ShotDelegate (EftBulletClass shotResult) [0x00041] in <ad47400a25db462cbf0a531df654c3c3>:0 
  at HollywoodFX.Patches.ShotDelegateWrapperPatch.OnShot (EftBulletClass shotResult) [0x00059] in <609781b792f24a748477b783eb773a3e>:0 
  at EFT.Ballistics.BallisticsCalculator.method_2 (System.Single simulationTime) [0x00094] in <ad47400a25db462cbf0a531df654c3c3>:0 
2026-08-17 22:24:59.674 -04:00|0.16.9.0.40087|Error|Default|NullReferenceException: Object reference not set to an instance of an object
HollywoodFX.Patches.TextureDecalsPainterVisCheckPatch.Prefix (TextureDecalsPainter __instance, UnityEngine.Renderer objRenderer, System.Boolean& __result) (at <609781b792f24a748477b783eb773a3e>:0)
(wrapper dynamic-method) TextureDecalsPainter.DMD<TextureDecalsPainter::method_5>(TextureDecalsPainter,UnityEngine.Renderer)
TextureDecalsPainter.DrawDecal (System.Collections.Generic.List`1[T] renderers, UnityEngine.Vector3 point, UnityEngine.Vector3 normal) (at <ad47400a25db462cbf0a531df654c3c3>:0)
Systems.Effects.Effects.PlayerMeshesHit (System.Collections.Generic.List`1[T] renderers, UnityEngine.Vector3 point, UnityEngine.Vector3 direction) (at <ad47400a25db462cbf0a531df654c3c3>:0)
Systems.Effects.EffectsCommutator.PlayerMeshesHit (System.Collections.Generic.List`1[T] renderers, UnityEngine.Vector3 point, UnityEngine.Vector3 direction) (at <ad47400a25db462cbf0a531df654c3c3>:0)
EFT.Player.ShotReactions (DamageInfoStruct shot, EBodyPart bodyPart) (at <ad47400a25db462cbf0a531df654c3c3>:0)
Fika.Core.Main.Players.FikaBot.ApplyShot (DamageInfoStruct damageInfo, EBodyPart bodyPartType, EBodyPartColliderType colliderType, EArmorPlateCollider armorPlateCollider, ShotIdStruct shotId) (at <584e5e373a4147c194040eda2372a621>:0)
Fika.Core.Main.BotClasses.BotPlayerBridge.ApplyShot (DamageInfoStruct damageInfo, EBodyPart bodyPart, EBodyPartColliderType bodyPartCollider, EArmorPlateCollider armorPlateCollider, ShotIdStruct shotId) (at <584e5e373a4147c194040eda2372a621>:0)
ArmorPlateCollider.ApplyHit (DamageInfoStruct damageInfo, ShotIdStruct shotID) (at <ad47400a25db462cbf0a531df654c3c3>:0)
EFT.ClientGameWorld.ShotDelegate (EftBulletClass shotResult) (at <ad47400a25db462cbf0a531df654c3c3>:0)
HollywoodFX.Patches.ShotDelegateWrapperPatch.OnShot (EftBulletClass shotResult) (at <609781b792f24a748477b783eb773a3e>:0)
EFT.Ballistics.BallisticsCalculator.method_2 (System.Single simulationTime) (at <ad47400a25db462cbf0a531df654c3c3>:0)
UnityEngine.DebugLogHandler:LogException(Exception, Object)
Class412:LogException(Exception, Object)
UnityEngine.Debug:LogException(Exception)
EFT.Ballistics.BallisticsCalculator:method_2(Single)
EFT.Ballistics.BallisticsCalculator:ManualUpdate(Single)
EFT.GameWorld:BallisticsTick(Single)
EFT.GameWorld:DMD<EFT.GameWorld::DoWorldTick>(GameWorld, Single)
EFT.GameWorldUnityTickListener:Update()
 
2026-08-17 22:25:13.643 -04:00|0.16.9.0.40087|Error|Default| - Index was outside the bounds of the array. 
2026-08-17 22:25:13.643 -04:00|0.16.9.0.40087|Error|Default| - Index was outside the bounds of the array. 
2026-08-17 22:25:14.126 -04:00|0.16.9.0.40087|Error|Default| - Index was outside the bounds of the array. 
2026-08-17 22:25:14.126 -04:00|0.16.9.0.40087|Error|Default| - Index was outside the bounds of the array. 
2026-08-17 22:25:14.556 -04:00|0.16.9.0.40087|Error|Default| - Index was outside the bounds of the array. 
2026-08-17 22:25:14.556 -04:00|0.16.9.0.40087|Error|Default| - Index was outside the bounds of the array. 
2026-08-17 22:25:16.002 -04:00|0.16.9.0.40087|Error|Default| - Index was outside the bounds of the array. 
2026-08-17 22:25:16.002 -04:00|0.16.9.0.40087|Error|Default| - Index was outside the bounds of the array. 
2026-08-17 22:25:16.015 -04:00|0.16.9.0.40087|Error|Default| - Index was outside the bounds of the array. 
2026-08-17 22:25:16.015 -04:00|0.16.9.0.40087|Error|Default| - Index was outside the bounds of the array. 
2026-08-17 22:25:17.017 -04:00|0.16.9.0.40087|Error|Default| - Index was outside the bounds of the array. 
2026-08-17 22:25:17.017 -04:00|0.16.9.0.40087|Error|Default| - Index was outside the bounds of the array. 
2026-08-17 22:25:17.030 -04:00|0.16.9.0.40087|Error|Default| - Index was outside the bounds of the array. 
2026-08-17 22:25:17.030 -04:00|0.16.9.0.40087|Error|Default| - Index was outside the bounds of the array. 
2026-08-17 22:25:17.219 -04:00|0.16.9.0.40087|Error|Default| - Index was outside the bounds of the array. 
2026-08-17 22:25:17.219 -04:00|0.16.9.0.40087|Error|Default| - Index was outside the bounds of the array. 
2026-08-17 22:25:24.973 -04:00|0.16.9.0.40087|Error|Default| 
EXCEPTION: System.NullReferenceException: Object reference not set to an instance of an object
  at VisceralCombat.Combined.Patches.KillPatch.DeathSetup (EFT.Player p, EBodyPart eBodyPart, System.Int32 Chance) [0x001b1] in <c25f656715e94cbf8409592b99b045a1>:0 
  at VisceralCombat.Combined.Patches.KillPatch.Postfix (EFT.Player __instance, DamageInfoStruct damageInfo, EBodyPart bodyPartType) [0x001c6] in <c25f656715e94cbf8409592b99b045a1>:0 
  at (wrapper dynamic-method) EFT.Player.DMD<EFT.Player::ApplyDamageInfo>(EFT.Player,DamageInfoStruct,EBodyPart,EBodyPartColliderType,single)
  at Fika.Core.Main.Players.FikaPlayer.ApplyDamageInfo (DamageInfoStruct damageInfo, EBodyPart bodyPartType, EBodyPartColliderType colliderType, System.Single absorbed) [0x0005e] in <584e5e373a4147c194040eda2372a621>:0 
  at Fika.Core.Main.Players.FikaBot.ApplyDamageInfo (DamageInfoStruct damageInfo, EBodyPart bodyPartType, EBodyPartColliderType colliderType, System.Single absorbed) [0x0001e] in <584e5e373a4147c194040eda2372a621>:0 
  at Fika.Core.Main.Players.FikaBot.ApplyShot (DamageInfoStruct damageInfo, EBodyPart bodyPartType, EBodyPartColliderType colliderType, EArmorPlateCollider armorPlateCollider, ShotIdStruct shotId) [0x000a0] in <584e5e373a4147c194040eda2372a621>:0 
  at Fika.Core.Main.BotClasses.BotPlayerBridge.ApplyShot (DamageInfoStruct damageInfo, EBodyPart bodyPart, EBodyPartColliderType bodyPartCollider, EArmorPlateCollider armorPlateCollider, ShotIdStruct shotId) [0x0005e] in <584e5e373a4147c194040eda2372a621>:0 
  at BodyPartCollider.ApplyHit (DamageInfoStruct damageInfo, ShotIdStruct shotID) [0x00010] in <ad47400a25db462cbf0a531df654c3c3>:0 
  at EFT.ClientGameWorld.ShotDelegate (EftBulletClass shotResult) [0x00041] in <ad47400a25db462cbf0a531df654c3c3>:0 
  at HollywoodFX.Patches.ShotDelegateWrapperPatch.OnShot (EftBulletClass shotResult) [0x00059] in <609781b792f24a748477b783eb773a3e>:0 
  at EFT.Ballistics.BallisticsCalculator.method_2 (System.Single simulationTime) [0x00094] in <ad47400a25db462cbf0a531df654c3c3>:0 
2026-08-17 22:25:24.973 -04:00|0.16.9.0.40087|Error|Default|NullReferenceException: Object reference not set to an instance of an object
VisceralCombat.Combined.Patches.KillPatch.DeathSetup (EFT.Player p, EBodyPart eBodyPart, System.Int32 Chance) (at <c25f656715e94cbf8409592b99b045a1>:0)
VisceralCombat.Combined.Patches.KillPatch.Postfix (EFT.Player __instance, DamageInfoStruct damageInfo, EBodyPart bodyPartType) (at <c25f656715e94cbf8409592b99b045a1>:0)
(wrapper dynamic-method) EFT.Player.DMD<EFT.Player::ApplyDamageInfo>(EFT.Player,DamageInfoStruct,EBodyPart,EBodyPartColliderType,single)
Fika.Core.Main.Players.FikaPlayer.ApplyDamageInfo (DamageInfoStruct damageInfo, EBodyPart bodyPartType, EBodyPartColliderType colliderType, System.Single absorbed) (at <584e5e373a4147c194040eda2372a621>:0)
Fika.Core.Main.Players.FikaBot.ApplyDamageInfo (DamageInfoStruct damageInfo, EBodyPart bodyPartType, EBodyPartColliderType colliderType, System.Single absorbed) (at <584e5e373a4147c194040eda2372a621>:0)
Fika.Core.Main.Players.FikaBot.ApplyShot (DamageInfoStruct damageInfo, EBodyPart bodyPartType, EBodyPartColliderType colliderType, EArmorPlateCollider armorPlateCollider, ShotIdStruct shotId) (at <584e5e373a4147c194040eda2372a621>:0)
Fika.Core.Main.BotClasses.BotPlayerBridge.ApplyShot (DamageInfoStruct damageInfo, EBodyPart bodyPart, EBodyPartColliderType bodyPartCollider, EArmorPlateCollider armorPlateCollider, ShotIdStruct shotId) (at <584e5e373a4147c194040eda2372a621>:0)
BodyPartCollider.ApplyHit (DamageInfoStruct damageInfo, ShotIdStruct shotID) (at <ad47400a25db462cbf0a531df654c3c3>:0)
EFT.ClientGameWorld.ShotDelegate (EftBulletClass shotResult) (at <ad47400a25db462cbf0a531df654c3c3>:0)
HollywoodFX.Patches.ShotDelegateWrapperPatch.OnShot (EftBulletClass shotResult) (at <609781b792f24a748477b783eb773a3e>:0)
EFT.Ballistics.BallisticsCalculator.method_2 (System.Single simulationTime) (at <ad47400a25db462cbf0a531df654c3c3>:0)
UnityEngine.DebugLogHandler:LogException(Exception, Object)
Class412:LogException(Exception, Object)
UnityEngine.Debug:LogException(Exception)
EFT.Ballistics.BallisticsCalculator:method_2(Single)
EFT.Ballistics.BallisticsCalculator:ManualUpdate(Single)
EFT.GameWorld:BallisticsTick(Single)
EFT.GameWorld:DMD<EFT.GameWorld::DoWorldTick>(GameWorld, Single)
EFT.GameWorldUnityTickListener:Update()
 
2026-08-17 22:25:33.733 -04:00|0.16.9.0.40087|Error|Default| 
EXCEPTION: System.NullReferenceException: Object reference not set to an instance of an object
  at HollywoodFX.Patches.TextureDecalsPainterVisCheckPatch.Prefix (TextureDecalsPainter __instance, UnityEngine.Renderer objRenderer, System.Boolean& __result) [0x00000] in <609781b792f24a748477b783eb773a3e>:0 
  at (wrapper dynamic-method) TextureDecalsPainter.DMD<TextureDecalsPainter::method_5>(TextureDecalsPainter,UnityEngine.Renderer)
  at TextureDecalsPainter.DrawDecal (System.Collections.Generic.List`1[T] renderers, UnityEngine.Vector3 point, UnityEngine.Vector3 normal) [0x00034] in <ad47400a25db462cbf0a531df654c3c3>:0 
  at Systems.Effects.Effects.PlayerMeshesHit (System.Collections.Generic.List`1[T] renderers, UnityEngine.Vector3 point, UnityEngine.Vector3 direction) [0x00016] in <ad47400a25db462cbf0a531df654c3c3>:0 
  at Systems.Effects.EffectsCommutator.PlayerMeshesHit (System.Collections.Generic.List`1[T] renderers, UnityEngine.Vector3 point, UnityEngine.Vector3 direction) [0x00005] in <ad47400a25db462cbf0a531df654c3c3>:0 
  at EFT.Player.ShotReactions (DamageInfoStruct shot, EBodyPart bodyPart) [0x00219] in <ad47400a25db462cbf0a531df654c3c3>:0 
  at Fika.Core.Main.Players.FikaBot.ApplyShot (DamageInfoStruct damageInfo, EBodyPart bodyPartType, EBodyPartColliderType colliderType, EArmorPlateCollider armorPlateCollider, ShotIdStruct shotId) [0x000ae] in <584e5e373a4147c194040eda2372a621>:0 
  at Fika.Core.Main.BotClasses.BotPlayerBridge.ApplyShot (DamageInfoStruct damageInfo, EBodyPart bodyPart, EBodyPartColliderType bodyPartCollider, EArmorPlateCollider armorPlateCollider, ShotIdStruct shotId) [0x0005e] in <584e5e373a4147c194040eda2372a621>:0 
  at ArmorPlateCollider.ApplyHit (DamageInfoStruct damageInfo, ShotIdStruct shotID) [0x00010] in <ad47400a25db462cbf0a531df654c3c3>:0 
  at EFT.ClientGameWorld.ShotDelegate (EftBulletClass shotResult) [0x00041] in <ad47400a25db462cbf0a531df654c3c3>:0 
  at HollywoodFX.Patches.ShotDelegateWrapperPatch.OnShot (EftBulletClass shotResult) [0x00059] in <609781b792f24a748477b783eb773a3e>:0 
  at EFT.Ballistics.BallisticsCalculator.method_2 (System.Single simulationTime) [0x00094] in <ad47400a25db462cbf0a531df654c3c3>:0 
2026-08-17 22:25:33.734 -04:00|0.16.9.0.40087|Error|Default|NullReferenceException: Object reference not set to an instance of an object
HollywoodFX.Patches.TextureDecalsPainterVisCheckPatch.Prefix (TextureDecalsPainter __instance, UnityEngine.Renderer objRenderer, System.Boolean& __result) (at <609781b792f24a748477b783eb773a3e>:0)
(wrapper dynamic-method) TextureDecalsPainter.DMD<TextureDecalsPainter::method_5>(TextureDecalsPainter,UnityEngine.Renderer)
TextureDecalsPainter.DrawDecal (System.Collections.Generic.List`1[T] renderers, UnityEngine.Vector3 point, UnityEngine.Vector3 normal) (at <ad47400a25db462cbf0a531df654c3c3>:0)
Systems.Effects.Effects.PlayerMeshesHit (System.Collections.Generic.List`1[T] renderers, UnityEngine.Vector3 point, UnityEngine.Vector3 direction) (at <ad47400a25db462cbf0a531df654c3c3>:0)
Systems.Effects.EffectsCommutator.PlayerMeshesHit (System.Collections.Generic.List`1[T] renderers, UnityEngine.Vector3 point, UnityEngine.Vector3 direction) (at <ad47400a25db462cbf0a531df654c3c3>:0)
EFT.Player.ShotReactions (DamageInfoStruct shot, EBodyPart bodyPart) (at <ad47400a25db462cbf0a531df654c3c3>:0)
Fika.Core.Main.Players.FikaBot.ApplyShot (DamageInfoStruct damageInfo, EBodyPart bodyPartType, EBodyPartColliderType colliderType, EArmorPlateCollider armorPlateCollider, ShotIdStruct shotId) (at <584e5e373a4147c194040eda2372a621>:0)
Fika.Core.Main.BotClasses.BotPlayerBridge.ApplyShot (DamageInfoStruct damageInfo, EBodyPart bodyPart, EBodyPartColliderType bodyPartCollider, EArmorPlateCollider armorPlateCollider, ShotIdStruct shotId) (at <584e5e373a4147c194040eda2372a621>:0)
ArmorPlateCollider.ApplyHit (DamageInfoStruct damageInfo, ShotIdStruct shotID) (at <ad47400a25db462cbf0a531df654c3c3>:0)
EFT.ClientGameWorld.ShotDelegate (EftBulletClass shotResult) (at <ad47400a25db462cbf0a531df654c3c3>:0)
HollywoodFX.Patches.ShotDelegateWrapperPatch.OnShot (EftBulletClass shotResult) (at <609781b792f24a748477b783eb773a3e>:0)
EFT.Ballistics.BallisticsCalculator.method_2 (System.Single simulationTime) (at <ad47400a25db462cbf0a531df654c3c3>:0)
UnityEngine.DebugLogHandler:LogException(Exception, Object)
Class412:LogException(Exception, Object)
UnityEngine.Debug:LogException(Exception)
EFT.Ballistics.BallisticsCalculator:method_2(Single)
EFT.Ballistics.BallisticsCalculator:ManualUpdate(Single)
EFT.GameWorld:BallisticsTick(Single)
EFT.GameWorld:DMD<EFT.GameWorld::DoWorldTick>(GameWorld, Single)
EFT.GameWorldUnityTickListener:Update()
 
2026-08-17 22:25:34.008 -04:00|0.16.9.0.40087|Error|Default| 
EXCEPTION: System.NullReferenceException: Object reference not set to an instance of an object
  at HollywoodFX.Patches.TextureDecalsPainterVisCheckPatch.Prefix (TextureDecalsPainter __instance, UnityEngine.Renderer objRenderer, System.Boolean& __result) [0x00000] in <609781b792f24a748477b783eb773a3e>:0 
  at (wrapper dynamic-method) TextureDecalsPainter.DMD<TextureDecalsPainter::method_5>(TextureDecalsPainter,UnityEngine.Renderer)
  at TextureDecalsPainter.DrawDecal (System.Collections.Generic.List`1[T] renderers, UnityEngine.Vector3 point, UnityEngine.Vector3 normal) [0x00034] in <ad47400a25db462cbf0a531df654c3c3>:0 
  at Systems.Effects.Effects.PlayerMeshesHit (System.Collections.Generic.List`1[T] renderers, UnityEngine.Vector3 point, UnityEngine.Vector3 direction) [0x00016] in <ad47400a25db462cbf0a531df654c3c3>:0 
  at Systems.Effects.EffectsCommutator.PlayerMeshesHit (System.Collections.Generic.List`1[T] renderers, UnityEngine.Vector3 point, UnityEngine.Vector3 direction) [0x00005] in <ad47400a25db462cbf0a531df654c3c3>:0 
  at EFT.Player.ShotReactions (DamageInfoStruct shot, EBodyPart bodyPart) [0x00219] in <ad47400a25db462cbf0a531df654c3c3>:0 
  at Fika.Core.Main.Players.FikaBot.ApplyShot (DamageInfoStruct damageInfo, EBodyPart bodyPartType, EBodyPartColliderType colliderType, EArmorPlateCollider armorPlateCollider, ShotIdStruct shotId) [0x000ae] in <584e5e373a4147c194040eda2372a621>:0 
  at Fika.Core.Main.BotClasses.BotPlayerBridge.ApplyShot (DamageInfoStruct damageInfo, EBodyPart bodyPart, EBodyPartColliderType bodyPartCollider, EArmorPlateCollider armorPlateCollider, ShotIdStruct shotId) [0x0005e] in <584e5e373a4147c194040eda2372a621>:0 
  at ArmorPlateCollider.ApplyHit (DamageInfoStruct damageInfo, ShotIdStruct shotID) [0x00010] in <ad47400a25db462cbf0a531df654c3c3>:0 
  at EFT.ClientGameWorld.ShotDelegate (EftBulletClass shotResult) [0x00041] in <ad47400a25db462cbf0a531df654c3c3>:0 
  at HollywoodFX.Patches.ShotDelegateWrapperPatch.OnShot (EftBulletClass shotResult) [0x00059] in <609781b792f24a748477b783eb773a3e>:0 
  at EFT.Ballistics.BallisticsCalculator.method_2 (System.Single simulationTime) [0x00094] in <ad47400a25db462cbf0a531df654c3c3>:0 
2026-08-17 22:25:34.008 -04:00|0.16.9.0.40087|Error|Default|NullReferenceException: Object reference not set to an instance of an object
HollywoodFX.Patches.TextureDecalsPainterVisCheckPatch.Prefix (TextureDecalsPainter __instance, UnityEngine.Renderer objRenderer, System.Boolean& __result) (at <609781b792f24a748477b783eb773a3e>:0)
(wrapper dynamic-method) TextureDecalsPainter.DMD<TextureDecalsPainter::method_5>(TextureDecalsPainter,UnityEngine.Renderer)
TextureDecalsPainter.DrawDecal (System.Collections.Generic.List`1[T] renderers, UnityEngine.Vector3 point, UnityEngine.Vector3 normal) (at <ad47400a25db462cbf0a531df654c3c3>:0)
Systems.Effects.Effects.PlayerMeshesHit (System.Collections.Generic.List`1[T] renderers, UnityEngine.Vector3 point, UnityEngine.Vector3 direction) (at <ad47400a25db462cbf0a531df654c3c3>:0)
Systems.Effects.EffectsCommutator.PlayerMeshesHit (System.Collections.Generic.List`1[T] renderers, UnityEngine.Vector3 point, UnityEngine.Vector3 direction) (at <ad47400a25db462cbf0a531df654c3c3>:0)
EFT.Player.ShotReactions (DamageInfoStruct shot, EBodyPart bodyPart) (at <ad47400a25db462cbf0a531df654c3c3>:0)
Fika.Core.Main.Players.FikaBot.ApplyShot (DamageInfoStruct damageInfo, EBodyPart bodyPartType, EBodyPartColliderType colliderType, EArmorPlateCollider armorPlateCollider, ShotIdStruct shotId) (at <584e5e373a4147c194040eda2372a621>:0)
Fika.Core.Main.BotClasses.BotPlayerBridge.ApplyShot (DamageInfoStruct damageInfo, EBodyPart bodyPart, EBodyPartColliderType bodyPartCollider, EArmorPlateCollider armorPlateCollider, ShotIdStruct shotId) (at <584e5e373a4147c194040eda2372a621>:0)
ArmorPlateCollider.ApplyHit (DamageInfoStruct damageInfo, ShotIdStruct shotID) (at <ad47400a25db462cbf0a531df654c3c3>:0)
EFT.ClientGameWorld.ShotDelegate (EftBulletClass shotResult) (at <ad47400a25db462cbf0a531df654c3c3>:0)
HollywoodFX.Patches.ShotDelegateWrapperPatch.OnShot (EftBulletClass shotResult) (at <609781b792f24a748477b783eb773a3e>:0)
EFT.Ballistics.BallisticsCalculator.method_2 (System.Single simulationTime) (at <ad47400a25db462cbf0a531df654c3c3>:0)
UnityEngine.DebugLogHandler:LogException(Exception, Object)
Class412:LogException(Exception, Object)
UnityEngine.Debug:LogException(Exception)
EFT.Ballistics.BallisticsCalculator:method_2(Single)
EFT.Ballistics.BallisticsCalculator:ManualUpdate(Single)
EFT.GameWorld:BallisticsTick(Single)
EFT.GameWorld:DMD<EFT.GameWorld::DoWorldTick>(GameWorld, Single)
EFT.GameWorldUnityTickListener:Update()
 
2026-08-17 22:25:34.231 -04:00|0.16.9.0.40087|Error|Default| 
EXCEPTION: System.NullReferenceException: Object reference not set to an instance of an object
  at HollywoodFX.Patches.TextureDecalsPainterVisCheckPatch.Prefix (TextureDecalsPainter __instance, UnityEngine.Renderer objRenderer, System.Boolean& __result) [0x00000] in <609781b792f24a748477b783eb773a3e>:0 
  at (wrapper dynamic-method) TextureDecalsPainter.DMD<TextureDecalsPainter::method_5>(TextureDecalsPainter,UnityEngine.Renderer)
  at TextureDecalsPainter.DrawDecal (System.Collections.Generic.List`1[T] renderers, UnityEngine.Vector3 point, UnityEngine.Vector3 normal) [0x00034] in <ad47400a25db462cbf0a531df654c3c3>:0 
  at Systems.Effects.Effects.PlayerMeshesHit (System.Collections.Generic.List`1[T] renderers, UnityEngine.Vector3 point, UnityEngine.Vector3 direction) [0x00016] in <ad47400a25db462cbf0a531df654c3c3>:0 
  at Systems.Effects.EffectsCommutator.PlayerMeshesHit (System.Collections.Generic.List`1[T] renderers, UnityEngine.Vector3 point, UnityEngine.Vector3 direction) [0x00005] in <ad47400a25db462cbf0a531df654c3c3>:0 
  at EFT.Player.ShotReactions (DamageInfoStruct shot, EBodyPart bodyPart) [0x00219] in <ad47400a25db462cbf0a531df654c3c3>:0 
  at Fika.Core.Main.Players.FikaBot.ApplyShot (DamageInfoStruct damageInfo, EBodyPart bodyPartType, EBodyPartColliderType colliderType, EArmorPlateCollider armorPlateCollider, ShotIdStruct shotId) [0x000ae] in <584e5e373a4147c194040eda2372a621>:0 
  at Fika.Core.Main.BotClasses.BotPlayerBridge.ApplyShot (DamageInfoStruct damageInfo, EBodyPart bodyPart, EBodyPartColliderType bodyPartCollider, EArmorPlateCollider armorPlateCollider, ShotIdStruct shotId) [0x0005e] in <584e5e373a4147c194040eda2372a621>:0 
  at ArmorPlateCollider.ApplyHit (DamageInfoStruct damageInfo, ShotIdStruct shotID) [0x00010] in <ad47400a25db462cbf0a531df654c3c3>:0 
  at EFT.ClientGameWorld.ShotDelegate (EftBulletClass shotResult) [0x00041] in <ad47400a25db462cbf0a531df654c3c3>:0 
  at HollywoodFX.Patches.ShotDelegateWrapperPatch.OnShot (EftBulletClass shotResult) [0x00059] in <609781b792f24a748477b783eb773a3e>:0 
  at EFT.Ballistics.BallisticsCalculator.method_2 (System.Single simulationTime) [0x00094] in <ad47400a25db462cbf0a531df654c3c3>:0 
2026-08-17 22:25:34.231 -04:00|0.16.9.0.40087|Error|Default|NullReferenceException: Object reference not set to an instance of an object
HollywoodFX.Patches.TextureDecalsPainterVisCheckPatch.Prefix (TextureDecalsPainter __instance, UnityEngine.Renderer objRenderer, System.Boolean& __result) (at <609781b792f24a748477b783eb773a3e>:0)
(wrapper dynamic-method) TextureDecalsPainter.DMD<TextureDecalsPainter::method_5>(TextureDecalsPainter,UnityEngine.Renderer)
TextureDecalsPainter.DrawDecal (System.Collections.Generic.List`1[T] renderers, UnityEngine.Vector3 point, UnityEngine.Vector3 normal) (at <ad47400a25db462cbf0a531df654c3c3>:0)
Systems.Effects.Effects.PlayerMeshesHit (System.Collections.Generic.List`1[T] renderers, UnityEngine.Vector3 point, UnityEngine.Vector3 direction) (at <ad47400a25db462cbf0a531df654c3c3>:0)
Systems.Effects.EffectsCommutator.PlayerMeshesHit (System.Collections.Generic.List`1[T] renderers, UnityEngine.Vector3 point, UnityEngine.Vector3 direction) (at <ad47400a25db462cbf0a531df654c3c3>:0)
EFT.Player.ShotReactions (DamageInfoStruct shot, EBodyPart bodyPart) (at <ad47400a25db462cbf0a531df654c3c3>:0)
Fika.Core.Main.Players.FikaBot.ApplyShot (DamageInfoStruct damageInfo, EBodyPart bodyPartType, EBodyPartColliderType colliderType, EArmorPlateCollider armorPlateCollider, ShotIdStruct shotId) (at <584e5e373a4147c194040eda2372a621>:0)
Fika.Core.Main.BotClasses.BotPlayerBridge.ApplyShot (DamageInfoStruct damageInfo, EBodyPart bodyPart, EBodyPartColliderType bodyPartCollider, EArmorPlateCollider armorPlateCollider, ShotIdStruct shotId) (at <584e5e373a4147c194040eda2372a621>:0)
ArmorPlateCollider.ApplyHit (DamageInfoStruct damageInfo, ShotIdStruct shotID) (at <ad47400a25db462cbf0a531df654c3c3>:0)
EFT.ClientGameWorld.ShotDelegate (EftBulletClass shotResult) (at <ad47400a25db462cbf0a531df654c3c3>:0)
HollywoodFX.Patches.ShotDelegateWrapperPatch.OnShot (EftBulletClass shotResult) (at <609781b792f24a748477b783eb773a3e>:0)
EFT.Ballistics.BallisticsCalculator.method_2 (System.Single simulationTime) (at <ad47400a25db462cbf0a531df654c3c3>:0)
UnityEngine.DebugLogHandler:LogException(Exception, Object)
Class412:LogException(Exception, Object)
UnityEngine.Debug:LogException(Exception)
EFT.Ballistics.BallisticsCalculator:method_2(Single)
EFT.Ballistics.BallisticsCalculator:ManualUpdate(Single)
EFT.GameWorld:BallisticsTick(Single)
EFT.GameWorld:DMD<EFT.GameWorld::DoWorldTick>(GameWorld, Single)
EFT.GameWorldUnityTickListener:Update()
 
2026-08-17 22:25:34.520 -04:00|0.16.9.0.40087|Error|Default| 
EXCEPTION: System.NullReferenceException: Object reference not set to an instance of an object
  at HollywoodFX.Patches.TextureDecalsPainterVisCheckPatch.Prefix (TextureDecalsPainter __instance, UnityEngine.Renderer objRenderer, System.Boolean& __result) [0x00000] in <609781b792f24a748477b783eb773a3e>:0 
  at (wrapper dynamic-method) TextureDecalsPainter.DMD<TextureDecalsPainter::method_5>(TextureDecalsPainter,UnityEngine.Renderer)
  at TextureDecalsPainter.DrawDecal (System.Collections.Generic.List`1[T] renderers, UnityEngine.Vector3 point, UnityEngine.Vector3 normal) [0x00034] in <ad47400a25db462cbf0a531df654c3c3>:0 
  at Systems.Effects.Effects.PlayerMeshesHit (System.Collections.Generic.List`1[T] renderers, UnityEngine.Vector3 point, UnityEngine.Vector3 direction) [0x00016] in <ad47400a25db462cbf0a531df654c3c3>:0 
  at Systems.Effects.EffectsCommutator.PlayerMeshesHit (System.Collections.Generic.List`1[T] renderers, UnityEngine.Vector3 point, UnityEngine.Vector3 direction) [0x00005] in <ad47400a25db462cbf0a531df654c3c3>:0 
  at EFT.Player.ShotReactions (DamageInfoStruct shot, EBodyPart bodyPart) [0x00219] in <ad47400a25db462cbf0a531df654c3c3>:0 
  at Fika.Core.Main.Players.FikaBot.ApplyShot (DamageInfoStruct damageInfo, EBodyPart bodyPartType, EBodyPartColliderType colliderType, EArmorPlateCollider armorPlateCollider, ShotIdStruct shotId) [0x000ae] in <584e5e373a4147c194040eda2372a621>:0 
  at Fika.Core.Main.BotClasses.BotPlayerBridge.ApplyShot (DamageInfoStruct damageInfo, EBodyPart bodyPart, EBodyPartColliderType bodyPartCollider, EArmorPlateCollider armorPlateCollider, ShotIdStruct shotId) [0x0005e] in <584e5e373a4147c194040eda2372a621>:0 
  at ArmorPlateCollider.ApplyHit (DamageInfoStruct damageInfo, ShotIdStruct shotID) [0x00010] in <ad47400a25db462cbf0a531df654c3c3>:0 
  at EFT.ClientGameWorld.ShotDelegate (EftBulletClass shotResult) [0x00041] in <ad47400a25db462cbf0a531df654c3c3>:0 
  at HollywoodFX.Patches.ShotDelegateWrapperPatch.OnShot (EftBulletClass shotResult) [0x00059] in <609781b792f24a748477b783eb773a3e>:0 
  at EFT.Ballistics.BallisticsCalculator.method_2 (System.Single simulationTime) [0x00094] in <ad47400a25db462cbf0a531df654c3c3>:0 
2026-08-17 22:25:34.520 -04:00|0.16.9.0.40087|Error|Default|NullReferenceException: Object reference not set to an instance of an object
HollywoodFX.Patches.TextureDecalsPainterVisCheckPatch.Prefix (TextureDecalsPainter __instance, UnityEngine.Renderer objRenderer, System.Boolean& __result) (at <609781b792f24a748477b783eb773a3e>:0)
(wrapper dynamic-method) TextureDecalsPainter.DMD<TextureDecalsPainter::method_5>(TextureDecalsPainter,UnityEngine.Renderer)
TextureDecalsPainter.DrawDecal (System.Collections.Generic.List`1[T] renderers, UnityEngine.Vector3 point, UnityEngine.Vector3 normal) (at <ad47400a25db462cbf0a531df654c3c3>:0)
Systems.Effects.Effects.PlayerMeshesHit (System.Collections.Generic.List`1[T] renderers, UnityEngine.Vector3 point, UnityEngine.Vector3 direction) (at <ad47400a25db462cbf0a531df654c3c3>:0)
Systems.Effects.EffectsCommutator.PlayerMeshesHit (System.Collections.Generic.List`1[T] renderers, UnityEngine.Vector3 point, UnityEngine.Vector3 direction) (at <ad47400a25db462cbf0a531df654c3c3>:0)
EFT.Player.ShotReactions (DamageInfoStruct shot, EBodyPart bodyPart) (at <ad47400a25db462cbf0a531df654c3c3>:0)
Fika.Core.Main.Players.FikaBot.ApplyShot (DamageInfoStruct damageInfo, EBodyPart bodyPartType, EBodyPartColliderType colliderType, EArmorPlateCollider armorPlateCollider, ShotIdStruct shotId) (at <584e5e373a4147c194040eda2372a621>:0)
Fika.Core.Main.BotClasses.BotPlayerBridge.ApplyShot (DamageInfoStruct damageInfo, EBodyPart bodyPart, EBodyPartColliderType bodyPartCollider, EArmorPlateCollider armorPlateCollider, ShotIdStruct shotId) (at <584e5e373a4147c194040eda2372a621>:0)
ArmorPlateCollider.ApplyHit (DamageInfoStruct damageInfo, ShotIdStruct shotID) (at <ad47400a25db462cbf0a531df654c3c3>:0)
EFT.ClientGameWorld.ShotDelegate (EftBulletClass shotResult) (at <ad47400a25db462cbf0a531df654c3c3>:0)
HollywoodFX.Patches.ShotDelegateWrapperPatch.OnShot (EftBulletClass shotResult) (at <609781b792f24a748477b783eb773a3e>:0)
EFT.Ballistics.BallisticsCalculator.method_2 (System.Single simulationTime) (at <ad47400a25db462cbf0a531df654c3c3>:0)
UnityEngine.DebugLogHandler:LogException(Exception, Object)
Class412:LogException(Exception, Object)
UnityEngine.Debug:LogException(Exception)
EFT.Ballistics.BallisticsCalculator:method_2(Single)
EFT.Ballistics.BallisticsCalculator:ManualUpdate(Single)
EFT.GameWorld:BallisticsTick(Single)
EFT.GameWorld:DMD<EFT.GameWorld::DoWorldTick>(GameWorld, Single)
EFT.GameWorldUnityTickListener:Update()
 
2026-08-17 22:25:35.075 -04:00|0.16.9.0.40087|Error|Default| 
EXCEPTION: System.NullReferenceException: Object reference not set to an instance of an object
  at HollywoodFX.Patches.TextureDecalsPainterVisCheckPatch.Prefix (TextureDecalsPainter __instance, UnityEngine.Renderer objRenderer, System.Boolean& __result) [0x00000] in <609781b792f24a748477b783eb773a3e>:0 
  at (wrapper dynamic-method) TextureDecalsPainter.DMD<TextureDecalsPainter::method_5>(TextureDecalsPainter,UnityEngine.Renderer)
  at TextureDecalsPainter.DrawDecal (System.Collections.Generic.List`1[T] renderers, UnityEngine.Vector3 point, UnityEngine.Vector3 normal) [0x00034] in <ad47400a25db462cbf0a531df654c3c3>:0 
  at Systems.Effects.Effects.PlayerMeshesHit (System.Collections.Generic.List`1[T] renderers, UnityEngine.Vector3 point, UnityEngine.Vector3 direction) [0x00016] in <ad47400a25db462cbf0a531df654c3c3>:0 
  at Systems.Effects.EffectsCommutator.PlayerMeshesHit (System.Collections.Generic.List`1[T] renderers, UnityEngine.Vector3 point, UnityEngine.Vector3 direction) [0x00005] in <ad47400a25db462cbf0a531df654c3c3>:0 
  at EFT.Player.ShotReactions (DamageInfoStruct shot, EBodyPart bodyPart) [0x00219] in <ad47400a25db462cbf0a531df654c3c3>:0 
  at Fika.Core.Main.Players.FikaBot.ApplyShot (DamageInfoStruct damageInfo, EBodyPart bodyPartType, EBodyPartColliderType colliderType, EArmorPlateCollider armorPlateCollider, ShotIdStruct shotId) [0x000ae] in <584e5e373a4147c194040eda2372a621>:0 
  at Fika.Core.Main.BotClasses.BotPlayerBridge.ApplyShot (DamageInfoStruct damageInfo, EBodyPart bodyPart, EBodyPartColliderType bodyPartCollider, EArmorPlateCollider armorPlateCollider, ShotIdStruct shotId) [0x0005e] in <584e5e373a4147c194040eda2372a621>:0 
  at ArmorPlateCollider.ApplyHit (DamageInfoStruct damageInfo, ShotIdStruct shotID) [0x00010] in <ad47400a25db462cbf0a531df654c3c3>:0 
  at EFT.ClientGameWorld.ShotDelegate (EftBulletClass shotResult) [0x00041] in <ad47400a25db462cbf0a531df654c3c3>:0 
  at HollywoodFX.Patches.ShotDelegateWrapperPatch.OnShot (EftBulletClass shotResult) [0x00059] in <609781b792f24a748477b783eb773a3e>:0 
  at EFT.Ballistics.BallisticsCalculator.method_2 (System.Single simulationTime) [0x00094] in <ad47400a25db462cbf0a531df654c3c3>:0 
2026-08-17 22:25:35.075 -04:00|0.16.9.0.40087|Error|Default|NullReferenceException: Object reference not set to an instance of an object
HollywoodFX.Patches.TextureDecalsPainterVisCheckPatch.Prefix (TextureDecalsPainter __instance, UnityEngine.Renderer objRenderer, System.Boolean& __result) (at <609781b792f24a748477b783eb773a3e>:0)
(wrapper dynamic-method) TextureDecalsPainter.DMD<TextureDecalsPainter::method_5>(TextureDecalsPainter,UnityEngine.Renderer)
TextureDecalsPainter.DrawDecal (System.Collections.Generic.List`1[T] renderers, UnityEngine.Vector3 point, UnityEngine.Vector3 normal) (at <ad47400a25db462cbf0a531df654c3c3>:0)
Systems.Effects.Effects.PlayerMeshesHit (System.Collections.Generic.List`1[T] renderers, UnityEngine.Vector3 point, UnityEngine.Vector3 direction) (at <ad47400a25db462cbf0a531df654c3c3>:0)
Systems.Effects.EffectsCommutator.PlayerMeshesHit (System.Collections.Generic.List`1[T] renderers, UnityEngine.Vector3 point, UnityEngine.Vector3 direction) (at <ad47400a25db462cbf0a531df654c3c3>:0)
EFT.Player.ShotReactions (DamageInfoStruct shot, EBodyPart bodyPart) (at <ad47400a25db462cbf0a531df654c3c3>:0)
Fika.Core.Main.Players.FikaBot.ApplyShot (DamageInfoStruct damageInfo, EBodyPart bodyPartType, EBodyPartColliderType colliderType, EArmorPlateCollider armorPlateCollider, ShotIdStruct shotId) (at <584e5e373a4147c194040eda2372a621>:0)
Fika.Core.Main.BotClasses.BotPlayerBridge.ApplyShot (DamageInfoStruct damageInfo, EBodyPart bodyPart, EBodyPartColliderType bodyPartCollider, EArmorPlateCollider armorPlateCollider, ShotIdStruct shotId) (at <584e5e373a4147c194040eda2372a621>:0)
ArmorPlateCollider.ApplyHit (DamageInfoStruct damageInfo, ShotIdStruct shotID) (at <ad47400a25db462cbf0a531df654c3c3>:0)
EFT.ClientGameWorld.ShotDelegate (EftBulletClass shotResult) (at <ad47400a25db462cbf0a531df654c3c3>:0)
HollywoodFX.Patches.ShotDelegateWrapperPatch.OnShot (EftBulletClass shotResult) (at <609781b792f24a748477b783eb773a3e>:0)
EFT.Ballistics.BallisticsCalculator.method_2 (System.Single simulationTime) (at <ad47400a25db462cbf0a531df654c3c3>:0)
UnityEngine.DebugLogHandler:LogException(Exception, Object)
Class412:LogException(Exception, Object)
UnityEngine.Debug:LogException(Exception)
EFT.Ballistics.BallisticsCalculator:method_2(Single)
EFT.Ballistics.BallisticsCalculator:ManualUpdate(Single)
EFT.GameWorld:BallisticsTick(Single)
EFT.GameWorld:DMD<EFT.GameWorld::DoWorldTick>(GameWorld, Single)
EFT.GameWorldUnityTickListener:Update()
 
2026-08-17 22:25:35.379 -04:00|0.16.9.0.40087|Error|Default| 
EXCEPTION: System.NullReferenceException: Object reference not set to an instance of an object
  at HollywoodFX.Patches.TextureDecalsPainterVisCheckPatch.Prefix (TextureDecalsPainter __instance, UnityEngine.Renderer objRenderer, System.Boolean& __result) [0x00000] in <609781b792f24a748477b783eb773a3e>:0 
  at (wrapper dynamic-method) TextureDecalsPainter.DMD<TextureDecalsPainter::method_5>(TextureDecalsPainter,UnityEngine.Renderer)
  at TextureDecalsPainter.DrawDecal (System.Collections.Generic.List`1[T] renderers, UnityEngine.Vector3 point, UnityEngine.Vector3 normal) [0x00034] in <ad47400a25db462cbf0a531df654c3c3>:0 
  at Systems.Effects.Effects.PlayerMeshesHit (System.Collections.Generic.List`1[T] renderers, UnityEngine.Vector3 point, UnityEngine.Vector3 direction) [0x00016] in <ad47400a25db462cbf0a531df654c3c3>:0 
  at Systems.Effects.EffectsCommutator.PlayerMeshesHit (System.Collections.Generic.List`1[T] renderers, UnityEngine.Vector3 point, UnityEngine.Vector3 direction) [0x00005] in <ad47400a25db462cbf0a531df654c3c3>:0 
  at EFT.Player.ShotReactions (DamageInfoStruct shot, EBodyPart bodyPart) [0x00219] in <ad47400a25db462cbf0a531df654c3c3>:0 
  at Fika.Core.Main.Players.FikaBot.ApplyShot (DamageInfoStruct damageInfo, EBodyPart bodyPartType, EBodyPartColliderType colliderType, EArmorPlateCollider armorPlateCollider, ShotIdStruct shotId) [0x000ae] in <584e5e373a4147c194040eda2372a621>:0 
  at Fika.Core.Main.BotClasses.BotPlayerBridge.ApplyShot (DamageInfoStruct damageInfo, EBodyPart bodyPart, EBodyPartColliderType bodyPartCollider, EArmorPlateCollider armorPlateCollider, ShotIdStruct shotId) [0x0005e] in <584e5e373a4147c194040eda2372a621>:0 
  at ArmorPlateCollider.ApplyHit (DamageInfoStruct damageInfo, ShotIdStruct shotID) [0x00010] in <ad47400a25db462cbf0a531df654c3c3>:0 
  at EFT.ClientGameWorld.ShotDelegate (EftBulletClass shotResult) [0x00041] in <ad47400a25db462cbf0a531df654c3c3>:0 
  at HollywoodFX.Patches.ShotDelegateWrapperPatch.OnShot (EftBulletClass shotResult) [0x00059] in <609781b792f24a748477b783eb773a3e>:0 
  at EFT.Ballistics.BallisticsCalculator.method_2 (System.Single simulationTime) [0x00094] in <ad47400a25db462cbf0a531df654c3c3>:0 
2026-08-17 22:25:35.379 -04:00|0.16.9.0.40087|Error|Default|NullReferenceException: Object reference not set to an instance of an object
HollywoodFX.Patches.TextureDecalsPainterVisCheckPatch.Prefix (TextureDecalsPainter __instance, UnityEngine.Renderer objRenderer, System.Boolean& __result) (at <609781b792f24a748477b783eb773a3e>:0)
(wrapper dynamic-method) TextureDecalsPainter.DMD<TextureDecalsPainter::method_5>(TextureDecalsPainter,UnityEngine.Renderer)
TextureDecalsPainter.DrawDecal (System.Collections.Generic.List`1[T] renderers, UnityEngine.Vector3 point, UnityEngine.Vector3 normal) (at <ad47400a25db462cbf0a531df654c3c3>:0)
Systems.Effects.Effects.PlayerMeshesHit (System.Collections.Generic.List`1[T] renderers, UnityEngine.Vector3 point, UnityEngine.Vector3 direction) (at <ad47400a25db462cbf0a531df654c3c3>:0)
Systems.Effects.EffectsCommutator.PlayerMeshesHit (System.Collections.Generic.List`1[T] renderers, UnityEngine.Vector3 point, UnityEngine.Vector3 direction) (at <ad47400a25db462cbf0a531df654c3c3>:0)
EFT.Player.ShotReactions (DamageInfoStruct shot, EBodyPart bodyPart) (at <ad47400a25db462cbf0a531df654c3c3>:0)
Fika.Core.Main.Players.FikaBot.ApplyShot (DamageInfoStruct damageInfo, EBodyPart bodyPartType, EBodyPartColliderType colliderType, EArmorPlateCollider armorPlateCollider, ShotIdStruct shotId) (at <584e5e373a4147c194040eda2372a621>:0)
Fika.Core.Main.BotClasses.BotPlayerBridge.ApplyShot (DamageInfoStruct damageInfo, EBodyPart bodyPart, EBodyPartColliderType bodyPartCollider, EArmorPlateCollider armorPlateCollider, ShotIdStruct shotId) (at <584e5e373a4147c194040eda2372a621>:0)
ArmorPlateCollider.ApplyHit (DamageInfoStruct damageInfo, ShotIdStruct shotID) (at <ad47400a25db462cbf0a531df654c3c3>:0)
EFT.ClientGameWorld.ShotDelegate (EftBulletClass shotResult) (at <ad47400a25db462cbf0a531df654c3c3>:0)
HollywoodFX.Patches.ShotDelegateWrapperPatch.OnShot (EftBulletClass shotResult) (at <609781b792f24a748477b783eb773a3e>:0)
EFT.Ballistics.BallisticsCalculator.method_2 (System.Single simulationTime) (at <ad47400a25db462cbf0a531df654c3c3>:0)
UnityEngine.DebugLogHandler:LogException(Exception, Object)
Class412:LogException(Exception, Object)
UnityEngine.Debug:LogException(Exception)
EFT.Ballistics.BallisticsCalculator:method_2(Single)
EFT.Ballistics.BallisticsCalculator:ManualUpdate(Single)
EFT.GameWorld:BallisticsTick(Single)
EFT.GameWorld:DMD<EFT.GameWorld::DoWorldTick>(GameWorld, Single)
EFT.GameWorldUnityTickListener:Update()
 
2026-08-17 22:25:35.980 -04:00|0.16.9.0.40087|Error|Default| 
EXCEPTION: System.NullReferenceException: Object reference not set to an instance of an object
  at HollywoodFX.Patches.TextureDecalsPainterVisCheckPatch.Prefix (TextureDecalsPainter __instance, UnityEngine.Renderer objRenderer, System.Boolean& __result) [0x00000] in <609781b792f24a748477b783eb773a3e>:0 
  at (wrapper dynamic-method) TextureDecalsPainter.DMD<TextureDecalsPainter::method_5>(TextureDecalsPainter,UnityEngine.Renderer)
  at TextureDecalsPainter.DrawDecal (System.Collections.Generic.List`1[T] renderers, UnityEngine.Vector3 point, UnityEngine.Vector3 normal) [0x00034] in <ad47400a25db462cbf0a531df654c3c3>:0 
  at Systems.Effects.Effects.PlayerMeshesHit (System.Collections.Generic.List`1[T] renderers, UnityEngine.Vector3 point, UnityEngine.Vector3 direction) [0x00016] in <ad47400a25db462cbf0a531df654c3c3>:0 
  at Systems.Effects.EffectsCommutator.PlayerMeshesHit (System.Collections.Generic.List`1[T] renderers, UnityEngine.Vector3 point, UnityEngine.Vector3 direction) [0x00005] in <ad47400a25db462cbf0a531df654c3c3>:0 
  at EFT.Player.ShotReactions (DamageInfoStruct shot, EBodyPart bodyPart) [0x00219] in <ad47400a25db462cbf0a531df654c3c3>:0 
  at Fika.Core.Main.Players.FikaBot.ApplyShot (DamageInfoStruct damageInfo, EBodyPart bodyPartType, EBodyPartColliderType colliderType, EArmorPlateCollider armorPlateCollider, ShotIdStruct shotId) [0x000ae] in <584e5e373a4147c194040eda2372a621>:0 
  at Fika.Core.Main.BotClasses.BotPlayerBridge.ApplyShot (DamageInfoStruct damageInfo, EBodyPart bodyPart, EBodyPartColliderType bodyPartCollider, EArmorPlateCollider armorPlateCollider, ShotIdStruct shotId) [0x0005e] in <584e5e373a4147c194040eda2372a621>:0 
  at ArmorPlateCollider.ApplyHit (DamageInfoStruct damageInfo, ShotIdStruct shotID) [0x00010] in <ad47400a25db462cbf0a531df654c3c3>:0 
  at EFT.ClientGameWorld.ShotDelegate (EftBulletClass shotResult) [0x00041] in <ad47400a25db462cbf0a531df654c3c3>:0 
  at HollywoodFX.Patches.ShotDelegateWrapperPatch.OnShot (EftBulletClass shotResult) [0x00059] in <609781b792f24a748477b783eb773a3e>:0 
  at EFT.Ballistics.BallisticsCalculator.method_2 (System.Single simulationTime) [0x00094] in <ad47400a25db462cbf0a531df654c3c3>:0 
2026-08-17 22:25:35.980 -04:00|0.16.9.0.40087|Error|Default|NullReferenceException: Object reference not set to an instance of an object
HollywoodFX.Patches.TextureDecalsPainterVisCheckPatch.Prefix (TextureDecalsPainter __instance, UnityEngine.Renderer objRenderer, System.Boolean& __result) (at <609781b792f24a748477b783eb773a3e>:0)
(wrapper dynamic-method) TextureDecalsPainter.DMD<TextureDecalsPainter::method_5>(TextureDecalsPainter,UnityEngine.Renderer)
TextureDecalsPainter.DrawDecal (System.Collections.Generic.List`1[T] renderers, UnityEngine.Vector3 point, UnityEngine.Vector3 normal) (at <ad47400a25db462cbf0a531df654c3c3>:0)
Systems.Effects.Effects.PlayerMeshesHit (System.Collections.Generic.List`1[T] renderers, UnityEngine.Vector3 point, UnityEngine.Vector3 direction) (at <ad47400a25db462cbf0a531df654c3c3>:0)
Systems.Effects.EffectsCommutator.PlayerMeshesHit (System.Collections.Generic.List`1[T] renderers, UnityEngine.Vector3 point, UnityEngine.Vector3 direction) (at <ad47400a25db462cbf0a531df654c3c3>:0)
EFT.Player.ShotReactions (DamageInfoStruct shot, EBodyPart bodyPart) (at <ad47400a25db462cbf0a531df654c3c3>:0)
Fika.Core.Main.Players.FikaBot.ApplyShot (DamageInfoStruct damageInfo, EBodyPart bodyPartType, EBodyPartColliderType colliderType, EArmorPlateCollider armorPlateCollider, ShotIdStruct shotId) (at <584e5e373a4147c194040eda2372a621>:0)
Fika.Core.Main.BotClasses.BotPlayerBridge.ApplyShot (DamageInfoStruct damageInfo, EBodyPart bodyPart, EBodyPartColliderType bodyPartCollider, EArmorPlateCollider armorPlateCollider, ShotIdStruct shotId) (at <584e5e373a4147c194040eda2372a621>:0)
ArmorPlateCollider.ApplyHit (DamageInfoStruct damageInfo, ShotIdStruct shotID) (at <ad47400a25db462cbf0a531df654c3c3>:0)
EFT.ClientGameWorld.ShotDelegate (EftBulletClass shotResult) (at <ad47400a25db462cbf0a531df654c3c3>:0)
HollywoodFX.Patches.ShotDelegateWrapperPatch.OnShot (EftBulletClass shotResult) (at <609781b792f24a748477b783eb773a3e>:0)
EFT.Ballistics.BallisticsCalculator.method_2 (System.Single simulationTime) (at <ad47400a25db462cbf0a531df654c3c3>:0)
UnityEngine.DebugLogHandler:LogException(Exception, Object)
Class412:LogException(Exception, Object)
UnityEngine.Debug:LogException(Exception)
EFT.Ballistics.BallisticsCalculator:method_2(Single)
EFT.Ballistics.BallisticsCalculator:ManualUpdate(Single)
EFT.GameWorld:BallisticsTick(Single)
EFT.GameWorld:DMD<EFT.GameWorld::DoWorldTick>(GameWorld, Single)
EFT.GameWorldUnityTickListener:Update()
 
2026-08-17 22:25:58.970 -04:00|0.16.9.0.40087|Error|Default| - Index was outside the bounds of the array. 
2026-08-17 22:25:58.970 -04:00|0.16.9.0.40087|Error|Default| - Index was outside the bounds of the array. 
2026-08-17 22:26:02.343 -04:00|0.16.9.0.40087|Error|Default| - Index was outside the bounds of the array. 
2026-08-17 22:26:02.343 -04:00|0.16.9.0.40087|Error|Default| - Index was outside the bounds of the array. 
2026-08-17 22:26:03.044 -04:00|0.16.9.0.40087|Error|Default| - Index was outside the bounds of the array. 
2026-08-17 22:26:03.044 -04:00|0.16.9.0.40087|Error|Default| - Index was outside the bounds of the array. 
2026-08-17 22:26:05.218 -04:00|0.16.9.0.40087|Error|Default| - Index was outside the bounds of the array. 
2026-08-17 22:26:05.218 -04:00|0.16.9.0.40087|Error|Default| - Index was outside the bounds of the array. 
2026-08-17 22:26:08.744 -04:00|0.16.9.0.40087|Error|Default| - Index was outside the bounds of the array. 
2026-08-17 22:26:08.744 -04:00|0.16.9.0.40087|Error|Default| - Index was outside the bounds of the array. 
2026-08-17 22:26:09.277 -04:00|0.16.9.0.40087|Error|Default| - Index was outside the bounds of the array. 
2026-08-17 22:26:09.277 -04:00|0.16.9.0.40087|Error|Default| - Index was outside the bounds of the array. 
2026-08-17 22:26:10.126 -04:00|0.16.9.0.40087|Error|Default| - Index was outside the bounds of the array. 
2026-08-17 22:26:10.126 -04:00|0.16.9.0.40087|Error|Default| - Index was outside the bounds of the array. 
2026-08-17 22:26:10.745 -04:00|0.16.9.0.40087|Error|Default| - Index was outside the bounds of the array. 
2026-08-17 22:26:10.745 -04:00|0.16.9.0.40087|Error|Default| - Index was outside the bounds of the array. 
2026-08-17 22:26:11.226 -04:00|0.16.9.0.40087|Error|Default| - Index was outside the bounds of the array. 
2026-08-17 22:26:11.226 -04:00|0.16.9.0.40087|Error|Default| - Index was outside the bounds of the array. 
2026-08-17 22:26:15.798 -04:00|0.16.9.0.40087|Error|Default| - Index was outside the bounds of the array. 
2026-08-17 22:26:15.798 -04:00|0.16.9.0.40087|Error|Default| - Index was outside the bounds of the array. 
2026-08-17 22:26:16.110 -04:00|0.16.9.0.40087|Error|Default| 
EXCEPTION: System.NullReferenceException: Object reference not set to an instance of an object
  at EFT.Visual.Dress.Init (EFT.PlayerBody playerBody) [0x0003f] in <ad47400a25db462cbf0a531df654c3c3>:0 
  at (wrapper dynamic-method) EFT.PlayerBody+EquipmentSlotClass.DMD<EFT.PlayerBody+EquipmentSlotClass::method_4>(EFT.PlayerBody/EquipmentSlotClass,EFT.PlayerBody,UnityEngine.GameObject)
  at EFT.PlayerBody+EquipmentSlotClass+Class1787.method_2 (EFT.InventoryLogic.Item item) [0x00013] in <ad47400a25db462cbf0a531df654c3c3>:0 
  at GClass1642`1[T].method_0 (T newState) [0x00036] in <ad47400a25db462cbf0a531df654c3c3>:0 
  at BindableStateClass[T].set_Value (T value) [0x00000] in <ad47400a25db462cbf0a531df654c3c3>:0 
  at EFT.InventoryLogic.Slot.ApplyContainedItem () [0x0000c] in <ad47400a25db462cbf0a531df654c3c3>:0 
  at GClass3391.RaiseAddEvent (EFT.InventoryLogic.Item item, EFT.InventoryLogic.CommandStatus status, EFT.InventoryLogic.IItemOwner itemOwner) [0x0000d] in <ad47400a25db462cbf0a531df654c3c3>:0 
  at GClass3414.RaiseEventsInternal (EFT.InventoryLogic.IItemOwner controller, EFT.InventoryLogic.CommandStatus status) [0x0000a] in <ad47400a25db462cbf0a531df654c3c3>:0 
  at GClass3412.RaiseEvents (EFT.InventoryLogic.IItemOwner controller, EFT.InventoryLogic.CommandStatus status) [0x00000] in <ad47400a25db462cbf0a531df654c3c3>:0 
  at GClass3405.RaiseEvents (EFT.InventoryLogic.IItemOwner itemController, EFT.InventoryLogic.CommandStatus status) [0x0008d] in <ad47400a25db462cbf0a531df654c3c3>:0 
  at GClass3411.RaiseEvents (EFT.InventoryLogic.IItemOwner itemController, EFT.InventoryLogic.CommandStatus status) [0x000d4] in <ad47400a25db462cbf0a531df654c3c3>:0 
  at GClass3475`1[T].method_7 () [0x00041] in <ad47400a25db462cbf0a531df654c3c3>:0 
  at GClass3475`1[T].Dispose () [0x00000] in <ad47400a25db462cbf0a531df654c3c3>:0 
  at BaseInventoryOperationClass+Class2503.method_0 (Comfort.Common.IResult result) [0x00000] in <ad47400a25db462cbf0a531df654c3c3>:0 
  at BaseInventoryOperationClass+Class2502.method_0 () [0x0000f] in <ad47400a25db462cbf0a531df654c3c3>:0 
  at GClass1516.RunInMainTread (System.Action action) [0x00012] in <ad47400a25db462cbf0a531df654c3c3>:0 
  at Diz.Utils.AsyncWorker.RunInMainTread (System.Action action) [0x00005] in <ad47400a25db462cbf0a531df654c3c3>:0 
  at BaseInventoryOperationClass+Class2501.method_0 (Comfort.Common.IResult result) [0x00030] in <ad47400a25db462cbf0a531df654c3c3>:0 
  at GClass3475`1+Class2505[T].method_0 (System.Threading.Tasks.Task`1[TResult] finishedTask) [0x00014] in <ad47400a25db462cbf0a531df654c3c3>:0 
  at System.Threading.Tasks.ContinuationTaskFromResultTask`1[TAntecedentResult].InnerInvoke () [0x00024] in <8ce0bd04a7a04b4b9395538239d3fdd8>:0 
  at System.Threading.Tasks.Task.Execute () [0x00000] in <8ce0bd04a7a04b4b9395538239d3fdd8>:0 
2026-08-17 22:26:24.399 -04:00|0.16.9.0.40087|Error|Default| - Index was outside the bounds of the array. 
2026-08-17 22:26:24.399 -04:00|0.16.9.0.40087|Error|Default| - Index was outside the bounds of the array. 
2026-08-17 22:26:24.495 -04:00|0.16.9.0.40087|Error|Default| - Index was outside the bounds of the array. 
2026-08-17 22:26:24.495 -04:00|0.16.9.0.40087|Error|Default| - Index was outside the bounds of the array. 
2026-08-17 22:26:24.640 -04:00|0.16.9.0.40087|Error|Default| - Index was outside the bounds of the array. 
2026-08-17 22:26:24.640 -04:00|0.16.9.0.40087|Error|Default| - Index was outside the bounds of the array. 
2026-08-17 22:26:25.216 -04:00|0.16.9.0.40087|Error|Default| - Index was outside the bounds of the array. 
2026-08-17 22:26:25.216 -04:00|0.16.9.0.40087|Error|Default| - Index was outside the bounds of the array. 
2026-08-17 22:26:25.266 -04:00|0.16.9.0.40087|Error|Default| - Index was outside the bounds of the array. 
2026-08-17 22:26:25.266 -04:00|0.16.9.0.40087|Error|Default| - Index was outside the bounds of the array. 
2026-08-17 22:26:25.297 -04:00|0.16.9.0.40087|Error|Default| - Index was outside the bounds of the array. 
2026-08-17 22:26:25.297 -04:00|0.16.9.0.40087|Error|Default| - Index was outside the bounds of the array. 
2026-08-17 22:26:25.361 -04:00|0.16.9.0.40087|Error|Default| - Index was outside the bounds of the array. 
2026-08-17 22:26:25.362 -04:00|0.16.9.0.40087|Error|Default| - Index was outside the bounds of the array. 
2026-08-17 22:26:25.740 -04:00|0.16.9.0.40087|Error|Default| - Index was outside the bounds of the array. 
2026-08-17 22:26:25.740 -04:00|0.16.9.0.40087|Error|Default| - Index was outside the bounds of the array. 
2026-08-17 22:26:25.810 -04:00|0.16.9.0.40087|Error|Default| - Index was outside the bounds of the array. 
2026-08-17 22:26:25.810 -04:00|0.16.9.0.40087|Error|Default| - Index was outside the bounds of the array. 
2026-08-17 22:26:26.274 -04:00|0.16.9.0.40087|Error|Default| - Index was outside the bounds of the array. 
2026-08-17 22:26:26.274 -04:00|0.16.9.0.40087|Error|Default| - Index was outside the bounds of the array. 
2026-08-17 22:26:26.274 -04:00|0.16.9.0.40087|Error|Default| - Index was outside the bounds of the array. 
2026-08-17 22:26:26.274 -04:00|0.16.9.0.40087|Error|Default| - Index was outside the bounds of the array. 
2026-08-17 22:26:26.637 -04:00|0.16.9.0.40087|Error|Default| - Index was outside the bounds of the array. 
2026-08-17 22:26:26.637 -04:00|0.16.9.0.40087|Error|Default| - Index was outside the bounds of the array. 
2026-08-17 22:26:28.485 -04:00|0.16.9.0.40087|Error|Default|Trying to stop inactive timer. 
2026-08-17 22:26:28.485 -04:00|0.16.9.0.40087|Error|Default|Trying to stop inactive timer. 
2026-08-17 22:26:28.485 -04:00|0.16.9.0.40087|Error|Default|Trying to stop inactive timer. 
2026-08-17 22:26:28.485 -04:00|0.16.9.0.40087|Error|Default|Trying to stop inactive timer. 
2026-08-17 22:26:28.485 -04:00|0.16.9.0.40087|Error|Default|Trying to stop inactive timer. 
2026-08-17 22:26:28.485 -04:00|0.16.9.0.40087|Error|Default|Trying to stop inactive timer. 
2026-08-17 22:26:28.485 -04:00|0.16.9.0.40087|Error|Default|Trying to stop inactive timer. 
2026-08-17 22:26:28.485 -04:00|0.16.9.0.40087|Error|Default|Trying to stop inactive timer. 
2026-08-17 22:26:28.485 -04:00|0.16.9.0.40087|Error|Default|Trying to stop inactive timer. 
2026-08-17 22:26:28.485 -04:00|0.16.9.0.40087|Error|Default|Trying to stop inactive timer. 
2026-08-17 22:26:28.485 -04:00|0.16.9.0.40087|Error|Default|Trying to stop inactive timer. 
2026-08-17 22:26:28.485 -04:00|0.16.9.0.40087|Error|Default|Trying to stop inactive timer. 
2026-08-17 22:26:28.489 -04:00|0.16.9.0.40087|Error|Default| 
EXCEPTION: System.Exception: Current operation is not supported while updating value!
  at GClass1642`1[T].method_2 () [0x00008] in <ad47400a25db462cbf0a531df654c3c3>:0 
  at GClass1642`1+Class1044[T].method_0 () [0x00000] in <ad47400a25db462cbf0a531df654c3c3>:0 
  at GClass1644`1[T].Disconnect () [0x00004] in <ad47400a25db462cbf0a531df654c3c3>:0 
  at GClass1644`1[T].Unbind (System.Action`1[T] handler) [0x0000f] in <ad47400a25db462cbf0a531df654c3c3>:0 
  at GClass1642`1+Class1043[T].method_0 () [0x00000] in <ad47400a25db462cbf0a531df654c3c3>:0 
  at EFT.PlayerBody+EquipmentSlotClass.Dispose () [0x0001c] in <ad47400a25db462cbf0a531df654c3c3>:0 
  at EFT.PlayerBody.Dispose () [0x0003c] in <ad47400a25db462cbf0a531df654c3c3>:0 
  at (wrapper dynamic-method) EFT.Player.DMD<EFT.Player::Dispose>(EFT.Player)
  at EFT.LocalPlayer.Dispose () [0x00013] in <ad47400a25db462cbf0a531df654c3c3>:0 
  at Fika.Core.Main.Players.FikaPlayer.Dispose () [0x000b6] in <584e5e373a4147c194040eda2372a621>:0 
  at (wrapper dynamic-method) Fika.Core.Main.GameMode.CoopGame.DMD<Fika.Core.Main.GameMode.CoopGame::Stop>(Fika.Core.Main.GameMode.CoopGame,string,EFT.ExitStatus,string,single)
  at Fika.Core.Main.Components.CoopHandler.ProcessQuitting () [0x0018c] in <584e5e373a4147c194040eda2372a621>:0 
  at Fika.Core.Main.Components.CoopHandler.Update () [0x0008d] in <584e5e373a4147c194040eda2372a621>:0 
2026-08-17 22:26:28.489 -04:00|0.16.9.0.40087|Error|Default|Exception: Current operation is not supported while updating value!
GClass1642`1[T].method_2 () (at <ad47400a25db462cbf0a531df654c3c3>:0)
GClass1642`1+Class1044[T].method_0 () (at <ad47400a25db462cbf0a531df654c3c3>:0)
GClass1644`1[T].Disconnect () (at <ad47400a25db462cbf0a531df654c3c3>:0)
GClass1644`1[T].Unbind (System.Action`1[T] handler) (at <ad47400a25db462cbf0a531df654c3c3>:0)
GClass1642`1+Class1043[T].method_0 () (at <ad47400a25db462cbf0a531df654c3c3>:0)
EFT.PlayerBody+EquipmentSlotClass.Dispose () (at <ad47400a25db462cbf0a531df654c3c3>:0)
EFT.PlayerBody.Dispose () (at <ad47400a25db462cbf0a531df654c3c3>:0)
(wrapper dynamic-method) EFT.Player.DMD<EFT.Player::Dispose>(EFT.Player)
EFT.LocalPlayer.Dispose () (at <ad47400a25db462cbf0a531df654c3c3>:0)
Fika.Core.Main.Players.FikaPlayer.Dispose () (at <584e5e373a4147c194040eda2372a621>:0)
(wrapper dynamic-method) Fika.Core.Main.GameMode.CoopGame.DMD<Fika.Core.Main.GameMode.CoopGame::Stop>(Fika.Core.Main.GameMode.CoopGame,string,EFT.ExitStatus,string,single)
Fika.Core.Main.Components.CoopHandler.ProcessQuitting () (at <584e5e373a4147c194040eda2372a621>:0)
Fika.Core.Main.Components.CoopHandler.Update () (at <584e5e373a4147c194040eda2372a621>:0)
UnityEngine.DebugLogHandler:LogException(Exception, Object)
Class412:LogException(Exception, Object)
UnityEngine.Debug:CallOverridenDebugHandler(Exception, Object)
 
2026-08-17 22:26:28.544 -04:00|0.16.9.0.40087|Error|Default| 
EXCEPTION: System.NullReferenceException: Object reference not set to an instance of an object
  at SAIN.SAINComponent.Classes.Mover.SAINMoverClass.WantsPatrolStance () [0x0002a] in <e4b9dce640de4a37a12afe7f4a8674fc>:0 
  at SAIN.SAINComponent.Classes.Mover.SAINMoverClass.UpdateStance (System.Single time) [0x00025] in <e4b9dce640de4a37a12afe7f4a8674fc>:0 
  at SAIN.SAINComponent.Classes.Mover.SAINMoverClass.ManualUpdate () [0x00078] in <e4b9dce640de4a37a12afe7f4a8674fc>:0 
  at SAIN.Components.BotComponent.TickClassGroup (System.Collections.Generic.List`1[T] List, System.Single CurrentTime) [0x0000f] in <e4b9dce640de4a37a12afe7f4a8674fc>:0 
  at SAIN.Components.BotComponent.ManualUpdate (System.Single currentTime, System.Single deltaTime) [0x0004b] in <e4b9dce640de4a37a12afe7f4a8674fc>:0 
  at SAIN.Components.BotManagerComponent.ManualUpdate (System.Single currentTime, System.Single deltaTime) [0x00065] in <e4b9dce640de4a37a12afe7f4a8674fc>:0 
  at SAIN.Components.GameWorldComponent.WorldTick (System.Single deltaTime) [0x00014] in <e4b9dce640de4a37a12afe7f4a8674fc>:0 
  at SAIN.Patches.GameWorld.WorldTickPatch.Patch (System.Single dt) [0x0001e] in <e4b9dce640de4a37a12afe7f4a8674fc>:0 
  at (wrapper dynamic-method) EFT.GameWorld.DMD<EFT.GameWorld::DoWorldTick>(EFT.GameWorld,single)
  at EFT.GameWorldUnityTickListener.Update () [0x00031] in <ad47400a25db462cbf0a531df654c3c3>:0 
2026-08-17 22:26:28.544 -04:00|0.16.9.0.40087|Error|Default|NullReferenceException: Object reference not set to an instance of an object
SAIN.SAINComponent.Classes.Mover.SAINMoverClass.WantsPatrolStance () (at <e4b9dce640de4a37a12afe7f4a8674fc>:0)
SAIN.SAINComponent.Classes.Mover.SAINMoverClass.UpdateStance (System.Single time) (at <e4b9dce640de4a37a12afe7f4a8674fc>:0)
SAIN.SAINComponent.Classes.Mover.SAINMoverClass.ManualUpdate () (at <e4b9dce640de4a37a12afe7f4a8674fc>:0)
SAIN.Components.BotComponent.TickClassGroup (System.Collections.Generic.List`1[T] List, System.Single CurrentTime) (at <e4b9dce640de4a37a12afe7f4a8674fc>:0)
SAIN.Components.BotComponent.ManualUpdate (System.Single currentTime, System.Single deltaTime) (at <e4b9dce640de4a37a12afe7f4a8674fc>:0)
SAIN.Components.BotManagerComponent.ManualUpdate (System.Single currentTime, System.Single deltaTime) (at <e4b9dce640de4a37a12afe7f4a8674fc>:0)
SAIN.Components.GameWorldComponent.WorldTick (System.Single deltaTime) (at <e4b9dce640de4a37a12afe7f4a8674fc>:0)
SAIN.Patches.GameWorld.WorldTickPatch.Patch (System.Single dt) (at <e4b9dce640de4a37a12afe7f4a8674fc>:0)
(wrapper dynamic-method) EFT.GameWorld.DMD<EFT.GameWorld::DoWorldTick>(EFT.GameWorld,single)
EFT.GameWorldUnityTickListener.Update () (at <ad47400a25db462cbf0a531df654c3c3>:0)
UnityEngine.DebugLogHandler:LogException(Exception, Object)
Class412:LogException(Exception, Object)
UnityEngine.Debug:CallOverridenDebugHandler(Exception, Object)
 
2026-08-17 22:26:28.553 -04:00|0.16.9.0.40087|Error|Default| 
EXCEPTION: System.NullReferenceException: Object reference not set to an instance of an object
  at SAIN.SAINComponent.Classes.Mover.SAINMoverClass.WantsPatrolStance () [0x0002a] in <e4b9dce640de4a37a12afe7f4a8674fc>:0 
  at SAIN.SAINComponent.Classes.Mover.SAINMoverClass.UpdateStance (System.Single time) [0x00025] in <e4b9dce640de4a37a12afe7f4a8674fc>:0 
  at SAIN.SAINComponent.Classes.Mover.SAINMoverClass.ManualUpdate () [0x00078] in <e4b9dce640de4a37a12afe7f4a8674fc>:0 
  at SAIN.Components.BotComponent.TickClassGroup (System.Collections.Generic.List`1[T] List, System.Single CurrentTime) [0x0000f] in <e4b9dce640de4a37a12afe7f4a8674fc>:0 
  at SAIN.Components.BotComponent.ManualUpdate (System.Single currentTime, System.Single deltaTime) [0x0004b] in <e4b9dce640de4a37a12afe7f4a8674fc>:0 
  at SAIN.Components.BotManagerComponent.ManualUpdate (System.Single currentTime, System.Single deltaTime) [0x00065] in <e4b9dce640de4a37a12afe7f4a8674fc>:0 
  at SAIN.Components.GameWorldComponent.WorldTick (System.Single deltaTime) [0x00014] in <e4b9dce640de4a37a12afe7f4a8674fc>:0 
  at SAIN.Patches.GameWorld.WorldTickPatch.Patch (System.Single dt) [0x0001e] in <e4b9dce640de4a37a12afe7f4a8674fc>:0 
  at (wrapper dynamic-method) EFT.GameWorld.DMD<EFT.GameWorld::DoWorldTick>(EFT.GameWorld,single)
  at EFT.GameWorldUnityTickListener.Update () [0x00031] in <ad47400a25db462cbf0a531df654c3c3>:0 
2026-08-17 22:26:28.553 -04:00|0.16.9.0.40087|Error|Default|NullReferenceException: Object reference not set to an instance of an object
SAIN.SAINComponent.Classes.Mover.SAINMoverClass.WantsPatrolStance () (at <e4b9dce640de4a37a12afe7f4a8674fc>:0)
SAIN.SAINComponent.Classes.Mover.SAINMoverClass.UpdateStance (System.Single time) (at <e4b9dce640de4a37a12afe7f4a8674fc>:0)
SAIN.SAINComponent.Classes.Mover.SAINMoverClass.ManualUpdate () (at <e4b9dce640de4a37a12afe7f4a8674fc>:0)
SAIN.Components.BotComponent.TickClassGroup (System.Collections.Generic.List`1[T] List, System.Single CurrentTime) (at <e4b9dce640de4a37a12afe7f4a8674fc>:0)
SAIN.Components.BotComponent.ManualUpdate (System.Single currentTime, System.Single deltaTime) (at <e4b9dce640de4a37a12afe7f4a8674fc>:0)
SAIN.Components.BotManagerComponent.ManualUpdate (System.Single currentTime, System.Single deltaTime) (at <e4b9dce640de4a37a12afe7f4a8674fc>:0)
SAIN.Components.GameWorldComponent.WorldTick (System.Single deltaTime) (at <e4b9dce640de4a37a12afe7f4a8674fc>:0)
SAIN.Patches.GameWorld.WorldTickPatch.Patch (System.Single dt) (at <e4b9dce640de4a37a12afe7f4a8674fc>:0)
(wrapper dynamic-method) EFT.GameWorld.DMD<EFT.GameWorld::DoWorldTick>(EFT.GameWorld,single)
EFT.GameWorldUnityTickListener.Update () (at <ad47400a25db462cbf0a531df654c3c3>:0)
UnityEngine.DebugLogHandler:LogException(Exception, Object)
Class412:LogException(Exception, Object)
UnityEngine.Debug:CallOverridenDebugHandler(Exception, Object)
 
2026-08-17 22:26:28.553 -04:00|0.16.9.0.40087|Error|Default| 
EXCEPTION: System.NullReferenceException: Object reference not set to an instance of an object
  at SAIN.SAINComponent.Classes.Mover.SAINMoverClass.WantsPatrolStance () [0x0002a] in <e4b9dce640de4a37a12afe7f4a8674fc>:0 
  at SAIN.SAINComponent.Classes.Mover.SAINMoverClass.UpdateStance (System.Single time) [0x00025] in <e4b9dce640de4a37a12afe7f4a8674fc>:0 
  at SAIN.SAINComponent.Classes.Mover.SAINMoverClass.ManualUpdate () [0x00078] in <e4b9dce640de4a37a12afe7f4a8674fc>:0 
  at SAIN.Components.BotComponent.TickClassGroup (System.Collections.Generic.List`1[T] List, System.Single CurrentTime) [0x0000f] in <e4b9dce640de4a37a12afe7f4a8674fc>:0 
  at SAIN.Components.BotComponent.ManualUpdate (System.Single currentTime, System.Single deltaTime) [0x0004b] in <e4b9dce640de4a37a12afe7f4a8674fc>:0 
  at SAIN.Components.BotManagerComponent.ManualUpdate (System.Single currentTime, System.Single deltaTime) [0x00065] in <e4b9dce640de4a37a12afe7f4a8674fc>:0 
  at SAIN.Components.GameWorldComponent.WorldTick (System.Single deltaTime) [0x00014] in <e4b9dce640de4a37a12afe7f4a8674fc>:0 
  at SAIN.Patches.GameWorld.WorldTickPatch.Patch (System.Single dt) [0x0001e] in <e4b9dce640de4a37a12afe7f4a8674fc>:0 
  at (wrapper dynamic-method) EFT.GameWorld.DMD<EFT.GameWorld::DoWorldTick>(EFT.GameWorld,single)
  at EFT.GameWorldUnityTickListener.Update () [0x00031] in <ad47400a25db462cbf0a531df654c3c3>:0 
2026-08-17 22:26:28.553 -04:00|0.16.9.0.40087|Error|Default|NullReferenceException: Object reference not set to an instance of an object
SAIN.SAINComponent.Classes.Mover.SAINMoverClass.WantsPatrolStance () (at <e4b9dce640de4a37a12afe7f4a8674fc>:0)
SAIN.SAINComponent.Classes.Mover.SAINMoverClass.UpdateStance (System.Single time) (at <e4b9dce640de4a37a12afe7f4a8674fc>:0)
SAIN.SAINComponent.Classes.Mover.SAINMoverClass.ManualUpdate () (at <e4b9dce640de4a37a12afe7f4a8674fc>:0)
SAIN.Components.BotComponent.TickClassGroup (System.Collections.Generic.List`1[T] List, System.Single CurrentTime) (at <e4b9dce640de4a37a12afe7f4a8674fc>:0)
SAIN.Components.BotComponent.ManualUpdate (System.Single currentTime, System.Single deltaTime) (at <e4b9dce640de4a37a12afe7f4a8674fc>:0)
SAIN.Components.BotManagerComponent.ManualUpdate (System.Single currentTime, System.Single deltaTime) (at <e4b9dce640de4a37a12afe7f4a8674fc>:0)
SAIN.Components.GameWorldComponent.WorldTick (System.Single deltaTime) (at <e4b9dce640de4a37a12afe7f4a8674fc>:0)
SAIN.Patches.GameWorld.WorldTickPatch.Patch (System.Single dt) (at <e4b9dce640de4a37a12afe7f4a8674fc>:0)
(wrapper dynamic-method) EFT.GameWorld.DMD<EFT.GameWorld::DoWorldTick>(EFT.GameWorld,single)
EFT.GameWorldUnityTickListener.Update () (at <ad47400a25db462cbf0a531df654c3c3>:0)
UnityEngine.DebugLogHandler:LogException(Exception, Object)
Class412:LogException(Exception, Object)
UnityEngine.Debug:CallOverridenDebugHandler(Exception, Object)
 
2026-08-17 22:26:28.571 -04:00|0.16.9.0.40087|Error|Default| 
EXCEPTION: System.NullReferenceException: Object reference not set to an instance of an object
  at SAIN.SAINComponent.Classes.Mover.SAINMoverClass.WantsPatrolStance () [0x0002a] in <e4b9dce640de4a37a12afe7f4a8674fc>:0 
  at SAIN.SAINComponent.Classes.Mover.SAINMoverClass.UpdateStance (System.Single time) [0x00025] in <e4b9dce640de4a37a12afe7f4a8674fc>:0 
  at SAIN.SAINComponent.Classes.Mover.SAINMoverClass.ManualUpdate () [0x00078] in <e4b9dce640de4a37a12afe7f4a8674fc>:0 
  at SAIN.Components.BotComponent.TickClassGroup (System.Collections.Generic.List`1[T] List, System.Single CurrentTime) [0x0000f] in <e4b9dce640de4a37a12afe7f4a8674fc>:0 
  at SAIN.Components.BotComponent.ManualUpdate (System.Single currentTime, System.Single deltaTime) [0x0004b] in <e4b9dce640de4a37a12afe7f4a8674fc>:0 
  at SAIN.Components.BotManagerComponent.ManualUpdate (System.Single currentTime, System.Single deltaTime) [0x00065] in <e4b9dce640de4a37a12afe7f4a8674fc>:0 
  at SAIN.Components.GameWorldComponent.WorldTick (System.Single deltaTime) [0x00014] in <e4b9dce640de4a37a12afe7f4a8674fc>:0 
  at SAIN.Patches.GameWorld.WorldTickPatch.Patch (System.Single dt) [0x0001e] in <e4b9dce640de4a37a12afe7f4a8674fc>:0 
  at (wrapper dynamic-method) EFT.GameWorld.DMD<EFT.GameWorld::DoWorldTick>(EFT.GameWorld,single)
  at EFT.GameWorldUnityTickListener.Update () [0x00031] in <ad47400a25db462cbf0a531df654c3c3>:0 
2026-08-17 22:26:28.571 -04:00|0.16.9.0.40087|Error|Default|NullReferenceException: Object reference not set to an instance of an object
SAIN.SAINComponent.Classes.Mover.SAINMoverClass.WantsPatrolStance () (at <e4b9dce640de4a37a12afe7f4a8674fc>:0)
SAIN.SAINComponent.Classes.Mover.SAINMoverClass.UpdateStance (System.Single time) (at <e4b9dce640de4a37a12afe7f4a8674fc>:0)
SAIN.SAINComponent.Classes.Mover.SAINMoverClass.ManualUpdate () (at <e4b9dce640de4a37a12afe7f4a8674fc>:0)
SAIN.Components.BotComponent.TickClassGroup (System.Collections.Generic.List`1[T] List, System.Single CurrentTime) (at <e4b9dce640de4a37a12afe7f4a8674fc>:0)
SAIN.Components.BotComponent.ManualUpdate (System.Single currentTime, System.Single deltaTime) (at <e4b9dce640de4a37a12afe7f4a8674fc>:0)
SAIN.Components.BotManagerComponent.ManualUpdate (System.Single currentTime, System.Single deltaTime) (at <e4b9dce640de4a37a12afe7f4a8674fc>:0)
SAIN.Components.GameWorldComponent.WorldTick (System.Single deltaTime) (at <e4b9dce640de4a37a12afe7f4a8674fc>:0)
SAIN.Patches.GameWorld.WorldTickPatch.Patch (System.Single dt) (at <e4b9dce640de4a37a12afe7f4a8674fc>:0)
(wrapper dynamic-method) EFT.GameWorld.DMD<EFT.GameWorld::DoWorldTick>(EFT.GameWorld,single)
EFT.GameWorldUnityTickListener.Update () (at <ad47400a25db462cbf0a531df654c3c3>:0)
UnityEngine.DebugLogHandler:LogException(Exception, Object)
Class412:LogException(Exception, Object)
UnityEngine.Debug:CallOverridenDebugHandler(Exception, Object)
 
2026-08-17 22:26:28.797 -04:00|0.16.9.0.40087|Error|Default| 
EXCEPTION: System.NullReferenceException: Object reference not set to an instance of an object
  at SAIN.SAINComponent.Classes.Mover.SAINMoverClass.WantsPatrolStance () [0x0002a] in <e4b9dce640de4a37a12afe7f4a8674fc>:0 
  at SAIN.SAINComponent.Classes.Mover.SAINMoverClass.UpdateStance (System.Single time) [0x00025] in <e4b9dce640de4a37a12afe7f4a8674fc>:0 
  at SAIN.SAINComponent.Classes.Mover.SAINMoverClass.ManualUpdate () [0x00078] in <e4b9dce640de4a37a12afe7f4a8674fc>:0 
  at SAIN.Components.BotComponent.TickClassGroup (System.Collections.Generic.List`1[T] List, System.Single CurrentTime) [0x0000f] in <e4b9dce640de4a37a12afe7f4a8674fc>:0 
  at SAIN.Components.BotComponent.ManualUpdate (System.Single currentTime, System.Single deltaTime) [0x0004b] in <e4b9dce640de4a37a12afe7f4a8674fc>:0 
  at SAIN.Components.BotManagerComponent.ManualUpdate (System.Single currentTime, System.Single deltaTime) [0x00065] in <e4b9dce640de4a37a12afe7f4a8674fc>:0 
  at SAIN.Components.GameWorldComponent.WorldTick (System.Single deltaTime) [0x00014] in <e4b9dce640de4a37a12afe7f4a8674fc>:0 
  at SAIN.Patches.GameWorld.WorldTickPatch.Patch (System.Single dt) [0x0001e] in <e4b9dce640de4a37a12afe7f4a8674fc>:0 
  at (wrapper dynamic-method) EFT.GameWorld.DMD<EFT.GameWorld::DoWorldTick>(EFT.GameWorld,single)
  at EFT.GameWorldUnityTickListener.Update () [0x00031] in <ad47400a25db462cbf0a531df654c3c3>:0 
2026-08-17 22:26:28.797 -04:00|0.16.9.0.40087|Error|Default|NullReferenceException: Object reference not set to an instance of an object
SAIN.SAINComponent.Classes.Mover.SAINMoverClass.WantsPatrolStance () (at <e4b9dce640de4a37a12afe7f4a8674fc>:0)
SAIN.SAINComponent.Classes.Mover.SAINMoverClass.UpdateStance (System.Single time) (at <e4b9dce640de4a37a12afe7f4a8674fc>:0)
SAIN.SAINComponent.Classes.Mover.SAINMoverClass.ManualUpdate () (at <e4b9dce640de4a37a12afe7f4a8674fc>:0)
SAIN.Components.BotComponent.TickClassGroup (System.Collections.Generic.List`1[T] List, System.Single CurrentTime) (at <e4b9dce640de4a37a12afe7f4a8674fc>:0)
SAIN.Components.BotComponent.ManualUpdate (System.Single currentTime, System.Single deltaTime) (at <e4b9dce640de4a37a12afe7f4a8674fc>:0)
SAIN.Components.BotManagerComponent.ManualUpdate (System.Single currentTime, System.Single deltaTime) (at <e4b9dce640de4a37a12afe7f4a8674fc>:0)
SAIN.Components.GameWorldComponent.WorldTick (System.Single deltaTime) (at <e4b9dce640de4a37a12afe7f4a8674fc>:0)
SAIN.Patches.GameWorld.WorldTickPatch.Patch (System.Single dt) (at <e4b9dce640de4a37a12afe7f4a8674fc>:0)
(wrapper dynamic-method) EFT.GameWorld.DMD<EFT.GameWorld::DoWorldTick>(EFT.GameWorld,single)
EFT.GameWorldUnityTickListener.Update () (at <ad47400a25db462cbf0a531df654c3c3>:0)
UnityEngine.DebugLogHandler:LogException(Exception, Object)
Class412:LogException(Exception, Object)
UnityEngine.Debug:CallOverridenDebugHandler(Exception, Object)
 
2026-08-17 22:26:28.806 -04:00|0.16.9.0.40087|Error|Default| 
EXCEPTION: System.NullReferenceException: Object reference not set to an instance of an object
  at SAIN.SAINComponent.Classes.Mover.SAINMoverClass.WantsPatrolStance () [0x0002a] in <e4b9dce640de4a37a12afe7f4a8674fc>:0 
  at SAIN.SAINComponent.Classes.Mover.SAINMoverClass.UpdateStance (System.Single time) [0x00025] in <e4b9dce640de4a37a12afe7f4a8674fc>:0 
  at SAIN.SAINComponent.Classes.Mover.SAINMoverClass.ManualUpdate () [0x00078] in <e4b9dce640de4a37a12afe7f4a8674fc>:0 
  at SAIN.Components.BotComponent.TickClassGroup (System.Collections.Generic.List`1[T] List, System.Single CurrentTime) [0x0000f] in <e4b9dce640de4a37a12afe7f4a8674fc>:0 
  at SAIN.Components.BotComponent.ManualUpdate (System.Single currentTime, System.Single deltaTime) [0x0004b] in <e4b9dce640de4a37a12afe7f4a8674fc>:0 
  at SAIN.Components.BotManagerComponent.ManualUpdate (System.Single currentTime, System.Single deltaTime) [0x00065] in <e4b9dce640de4a37a12afe7f4a8674fc>:0 
  at SAIN.Components.GameWorldComponent.WorldTick (System.Single deltaTime) [0x00014] in <e4b9dce640de4a37a12afe7f4a8674fc>:0 
  at SAIN.Patches.GameWorld.WorldTickPatch.Patch (System.Single dt) [0x0001e] in <e4b9dce640de4a37a12afe7f4a8674fc>:0 
  at (wrapper dynamic-method) EFT.GameWorld.DMD<EFT.GameWorld::DoWorldTick>(EFT.GameWorld,single)
  at EFT.GameWorldUnityTickListener.Update () [0x00031] in <ad47400a25db462cbf0a531df654c3c3>:0 
2026-08-17 22:26:28.806 -04:00|0.16.9.0.40087|Error|Default|NullReferenceException: Object reference not set to an instance of an object
SAIN.SAINComponent.Classes.Mover.SAINMoverClass.WantsPatrolStance () (at <e4b9dce640de4a37a12afe7f4a8674fc>:0)
SAIN.SAINComponent.Classes.Mover.SAINMoverClass.UpdateStance (System.Single time) (at <e4b9dce640de4a37a12afe7f4a8674fc>:0)
SAIN.SAINComponent.Classes.Mover.SAINMoverClass.ManualUpdate () (at <e4b9dce640de4a37a12afe7f4a8674fc>:0)
SAIN.Components.BotComponent.TickClassGroup (System.Collections.Generic.List`1[T] List, System.Single CurrentTime) (at <e4b9dce640de4a37a12afe7f4a8674fc>:0)
SAIN.Components.BotComponent.ManualUpdate (System.Single currentTime, System.Single deltaTime) (at <e4b9dce640de4a37a12afe7f4a8674fc>:0)
SAIN.Components.BotManagerComponent.ManualUpdate (System.Single currentTime, System.Single deltaTime) (at <e4b9dce640de4a37a12afe7f4a8674fc>:0)
SAIN.Components.GameWorldComponent.WorldTick (System.Single deltaTime) (at <e4b9dce640de4a37a12afe7f4a8674fc>:0)
SAIN.Patches.GameWorld.WorldTickPatch.Patch (System.Single dt) (at <e4b9dce640de4a37a12afe7f4a8674fc>:0)
(wrapper dynamic-method) EFT.GameWorld.DMD<EFT.GameWorld::DoWorldTick>(EFT.GameWorld,single)
EFT.GameWorldUnityTickListener.Update () (at <ad47400a25db462cbf0a531df654c3c3>:0)
UnityEngine.DebugLogHandler:LogException(Exception, Object)
Class412:LogException(Exception, Object)
UnityEngine.Debug:CallOverridenDebugHandler(Exception, Object)
 
2026-08-17 22:26:28.806 -04:00|0.16.9.0.40087|Error|Default| 
EXCEPTION: System.NullReferenceException: Object reference not set to an instance of an object
  at SAIN.SAINComponent.Classes.Mover.SAINMoverClass.WantsPatrolStance () [0x0002a] in <e4b9dce640de4a37a12afe7f4a8674fc>:0 
  at SAIN.SAINComponent.Classes.Mover.SAINMoverClass.UpdateStance (System.Single time) [0x00025] in <e4b9dce640de4a37a12afe7f4a8674fc>:0 
  at SAIN.SAINComponent.Classes.Mover.SAINMoverClass.ManualUpdate () [0x00078] in <e4b9dce640de4a37a12afe7f4a8674fc>:0 
  at SAIN.Components.BotComponent.TickClassGroup (System.Collections.Generic.List`1[T] List, System.Single CurrentTime) [0x0000f] in <e4b9dce640de4a37a12afe7f4a8674fc>:0 
  at SAIN.Components.BotComponent.ManualUpdate (System.Single currentTime, System.Single deltaTime) [0x0004b] in <e4b9dce640de4a37a12afe7f4a8674fc>:0 
  at SAIN.Components.BotManagerComponent.ManualUpdate (System.Single currentTime, System.Single deltaTime) [0x00065] in <e4b9dce640de4a37a12afe7f4a8674fc>:0 
  at SAIN.Components.GameWorldComponent.WorldTick (System.Single deltaTime) [0x00014] in <e4b9dce640de4a37a12afe7f4a8674fc>:0 
  at SAIN.Patches.GameWorld.WorldTickPatch.Patch (System.Single dt) [0x0001e] in <e4b9dce640de4a37a12afe7f4a8674fc>:0 
  at (wrapper dynamic-method) EFT.GameWorld.DMD<EFT.GameWorld::DoWorldTick>(EFT.GameWorld,single)
  at EFT.GameWorldUnityTickListener.Update () [0x00031] in <ad47400a25db462cbf0a531df654c3c3>:0 
2026-08-17 22:26:28.815 -04:00|0.16.9.0.40087|Error|Default|NullReferenceException: Object reference not set to an instance of an object
SAIN.SAINComponent.Classes.Mover.SAINMoverClass.WantsPatrolStance () (at <e4b9dce640de4a37a12afe7f4a8674fc>:0)
SAIN.SAINComponent.Classes.Mover.SAINMoverClass.UpdateStance (System.Single time) (at <e4b9dce640de4a37a12afe7f4a8674fc>:0)
SAIN.SAINComponent.Classes.Mover.SAINMoverClass.ManualUpdate () (at <e4b9dce640de4a37a12afe7f4a8674fc>:0)
SAIN.Components.BotComponent.TickClassGroup (System.Collections.Generic.List`1[T] List, System.Single CurrentTime) (at <e4b9dce640de4a37a12afe7f4a8674fc>:0)
SAIN.Components.BotComponent.ManualUpdate (System.Single currentTime, System.Single deltaTime) (at <e4b9dce640de4a37a12afe7f4a8674fc>:0)
SAIN.Components.BotManagerComponent.ManualUpdate (System.Single currentTime, System.Single deltaTime) (at <e4b9dce640de4a37a12afe7f4a8674fc>:0)
SAIN.Components.GameWorldComponent.WorldTick (System.Single deltaTime) (at <e4b9dce640de4a37a12afe7f4a8674fc>:0)
SAIN.Patches.GameWorld.WorldTickPatch.Patch (System.Single dt) (at <e4b9dce640de4a37a12afe7f4a8674fc>:0)
(wrapper dynamic-method) EFT.GameWorld.DMD<EFT.GameWorld::DoWorldTick>(EFT.GameWorld,single)
EFT.GameWorldUnityTickListener.Update () (at <ad47400a25db462cbf0a531df654c3c3>:0)
UnityEngine.DebugLogHandler:LogException(Exception, Object)
Class412:LogException(Exception, Object)
UnityEngine.Debug:CallOverridenDebugHandler(Exception, Object)
 
2026-08-17 22:26:28.815 -04:00|0.16.9.0.40087|Error|Default| 
EXCEPTION: System.NullReferenceException: Object reference not set to an instance of an object
  at SAIN.SAINComponent.Classes.Mover.SAINMoverClass.WantsPatrolStance () [0x0002a] in <e4b9dce640de4a37a12afe7f4a8674fc>:0 
  at SAIN.SAINComponent.Classes.Mover.SAINMoverClass.UpdateStance (System.Single time) [0x00025] in <e4b9dce640de4a37a12afe7f4a8674fc>:0 
  at SAIN.SAINComponent.Classes.Mover.SAINMoverClass.ManualUpdate () [0x00078] in <e4b9dce640de4a37a12afe7f4a8674fc>:0 
  at SAIN.Components.BotComponent.TickClassGroup (System.Collections.Generic.List`1[T] List, System.Single CurrentTime) [0x0000f] in <e4b9dce640de4a37a12afe7f4a8674fc>:0 
  at SAIN.Components.BotComponent.ManualUpdate (System.Single currentTime, System.Single deltaTime) [0x0004b] in <e4b9dce640de4a37a12afe7f4a8674fc>:0 
  at SAIN.Components.BotManagerComponent.ManualUpdate (System.Single currentTime, System.Single deltaTime) [0x00065] in <e4b9dce640de4a37a12afe7f4a8674fc>:0 
  at SAIN.Components.GameWorldComponent.WorldTick (System.Single deltaTime) [0x00014] in <e4b9dce640de4a37a12afe7f4a8674fc>:0 
  at SAIN.Patches.GameWorld.WorldTickPatch.Patch (System.Single dt) [0x0001e] in <e4b9dce640de4a37a12afe7f4a8674fc>:0 
  at (wrapper dynamic-method) EFT.GameWorld.DMD<EFT.GameWorld::DoWorldTick>(EFT.GameWorld,single)
  at EFT.GameWorldUnityTickListener.Update () [0x00031] in <ad47400a25db462cbf0a531df654c3c3>:0 
2026-08-17 22:26:28.815 -04:00|0.16.9.0.40087|Error|Default|NullReferenceException: Object reference not set to an instance of an object
SAIN.SAINComponent.Classes.Mover.SAINMoverClass.WantsPatrolStance () (at <e4b9dce640de4a37a12afe7f4a8674fc>:0)
SAIN.SAINComponent.Classes.Mover.SAINMoverClass.UpdateStance (System.Single time) (at <e4b9dce640de4a37a12afe7f4a8674fc>:0)
SAIN.SAINComponent.Classes.Mover.SAINMoverClass.ManualUpdate () (at <e4b9dce640de4a37a12afe7f4a8674fc>:0)
SAIN.Components.BotComponent.TickClassGroup (System.Collections.Generic.List`1[T] List, System.Single CurrentTime) (at <e4b9dce640de4a37a12afe7f4a8674fc>:0)
SAIN.Components.BotComponent.ManualUpdate (System.Single currentTime, System.Single deltaTime) (at <e4b9dce640de4a37a12afe7f4a8674fc>:0)
SAIN.Components.BotManagerComponent.ManualUpdate (System.Single currentTime, System.Single deltaTime) (at <e4b9dce640de4a37a12afe7f4a8674fc>:0)
SAIN.Components.GameWorldComponent.WorldTick (System.Single deltaTime) (at <e4b9dce640de4a37a12afe7f4a8674fc>:0)
SAIN.Patches.GameWorld.WorldTickPatch.Patch (System.Single dt) (at <e4b9dce640de4a37a12afe7f4a8674fc>:0)
(wrapper dynamic-method) EFT.GameWorld.DMD<EFT.GameWorld::DoWorldTick>(EFT.GameWorld,single)
EFT.GameWorldUnityTickListener.Update () (at <ad47400a25db462cbf0a531df654c3c3>:0)
UnityEngine.DebugLogHandler:LogException(Exception, Object)
Class412:LogException(Exception, Object)
UnityEngine.Debug:CallOverridenDebugHandler(Exception, Object)
 
2026-08-17 22:26:29.052 -04:00|0.16.9.0.40087|Error|Default| 
EXCEPTION: System.NullReferenceException: Object reference not set to an instance of an object
  at SAIN.SAINComponent.Classes.Mover.SAINMoverClass.WantsPatrolStance () [0x0002a] in <e4b9dce640de4a37a12afe7f4a8674fc>:0 
  at SAIN.SAINComponent.Classes.Mover.SAINMoverClass.UpdateStance (System.Single time) [0x00025] in <e4b9dce640de4a37a12afe7f4a8674fc>:0 
  at SAIN.SAINComponent.Classes.Mover.SAINMoverClass.ManualUpdate () [0x00078] in <e4b9dce640de4a37a12afe7f4a8674fc>:0 
  at SAIN.Components.BotComponent.TickClassGroup (System.Collections.Generic.List`1[T] List, System.Single CurrentTime) [0x0000f] in <e4b9dce640de4a37a12afe7f4a8674fc>:0 
  at SAIN.Components.BotComponent.ManualUpdate (System.Single currentTime, System.Single deltaTime) [0x0004b] in <e4b9dce640de4a37a12afe7f4a8674fc>:0 
  at SAIN.Components.BotManagerComponent.ManualUpdate (System.Single currentTime, System.Single deltaTime) [0x00065] in <e4b9dce640de4a37a12afe7f4a8674fc>:0 
  at SAIN.Components.GameWorldComponent.WorldTick (System.Single deltaTime) [0x00014] in <e4b9dce640de4a37a12afe7f4a8674fc>:0 
  at SAIN.Patches.GameWorld.WorldTickPatch.Patch (System.Single dt) [0x0001e] in <e4b9dce640de4a37a12afe7f4a8674fc>:0 
  at (wrapper dynamic-method) EFT.GameWorld.DMD<EFT.GameWorld::DoWorldTick>(EFT.GameWorld,single)
  at EFT.GameWorldUnityTickListener.Update () [0x00031] in <ad47400a25db462cbf0a531df654c3c3>:0 
2026-08-17 22:26:29.052 -04:00|0.16.9.0.40087|Error|Default|NullReferenceException: Object reference not set to an instance of an object
SAIN.SAINComponent.Classes.Mover.SAINMoverClass.WantsPatrolStance () (at <e4b9dce640de4a37a12afe7f4a8674fc>:0)
SAIN.SAINComponent.Classes.Mover.SAINMoverClass.UpdateStance (System.Single time) (at <e4b9dce640de4a37a12afe7f4a8674fc>:0)
SAIN.SAINComponent.Classes.Mover.SAINMoverClass.ManualUpdate () (at <e4b9dce640de4a37a12afe7f4a8674fc>:0)
SAIN.Components.BotComponent.TickClassGroup (System.Collections.Generic.List`1[T] List, System.Single CurrentTime) (at <e4b9dce640de4a37a12afe7f4a8674fc>:0)
SAIN.Components.BotComponent.ManualUpdate (System.Single currentTime, System.Single deltaTime) (at <e4b9dce640de4a37a12afe7f4a8674fc>:0)
SAIN.Components.BotManagerComponent.ManualUpdate (System.Single currentTime, System.Single deltaTime) (at <e4b9dce640de4a37a12afe7f4a8674fc>:0)
SAIN.Components.GameWorldComponent.WorldTick (System.Single deltaTime) (at <e4b9dce640de4a37a12afe7f4a8674fc>:0)
SAIN.Patches.GameWorld.WorldTickPatch.Patch (System.Single dt) (at <e4b9dce640de4a37a12afe7f4a8674fc>:0)
(wrapper dynamic-method) EFT.GameWorld.DMD<EFT.GameWorld::DoWorldTick>(EFT.GameWorld,single)
EFT.GameWorldUnityTickListener.Update () (at <ad47400a25db462cbf0a531df654c3c3>:0)
UnityEngine.DebugLogHandler:LogException(Exception, Object)
Class412:LogException(Exception, Object)
UnityEngine.Debug:CallOverridenDebugHandler(Exception, Object)
 
2026-08-17 22:26:29.052 -04:00|0.16.9.0.40087|Error|Default| 
EXCEPTION: System.NullReferenceException: Object reference not set to an instance of an object
  at SAIN.SAINComponent.Classes.Mover.SAINMoverClass.WantsPatrolStance () [0x0002a] in <e4b9dce640de4a37a12afe7f4a8674fc>:0 
  at SAIN.SAINComponent.Classes.Mover.SAINMoverClass.UpdateStance (System.Single time) [0x00025] in <e4b9dce640de4a37a12afe7f4a8674fc>:0 
  at SAIN.SAINComponent.Classes.Mover.SAINMoverClass.ManualUpdate () [0x00078] in <e4b9dce640de4a37a12afe7f4a8674fc>:0 
  at SAIN.Components.BotComponent.TickClassGroup (System.Collections.Generic.List`1[T] List, System.Single CurrentTime) [0x0000f] in <e4b9dce640de4a37a12afe7f4a8674fc>:0 
  at SAIN.Components.BotComponent.ManualUpdate (System.Single currentTime, System.Single deltaTime) [0x0004b] in <e4b9dce640de4a37a12afe7f4a8674fc>:0 
  at SAIN.Components.BotManagerComponent.ManualUpdate (System.Single currentTime, System.Single deltaTime) [0x00065] in <e4b9dce640de4a37a12afe7f4a8674fc>:0 
  at SAIN.Components.GameWorldComponent.WorldTick (System.Single deltaTime) [0x00014] in <e4b9dce640de4a37a12afe7f4a8674fc>:0 
  at SAIN.Patches.GameWorld.WorldTickPatch.Patch (System.Single dt) [0x0001e] in <e4b9dce640de4a37a12afe7f4a8674fc>:0 
  at (wrapper dynamic-method) EFT.GameWorld.DMD<EFT.GameWorld::DoWorldTick>(EFT.GameWorld,single)
  at EFT.GameWorldUnityTickListener.Update () [0x00031] in <ad47400a25db462cbf0a531df654c3c3>:0 
2026-08-17 22:26:29.052 -04:00|0.16.9.0.40087|Error|Default|NullReferenceException: Object reference not set to an instance of an object
SAIN.SAINComponent.Classes.Mover.SAINMoverClass.WantsPatrolStance () (at <e4b9dce640de4a37a12afe7f4a8674fc>:0)
SAIN.SAINComponent.Classes.Mover.SAINMoverClass.UpdateStance (System.Single time) (at <e4b9dce640de4a37a12afe7f4a8674fc>:0)
SAIN.SAINComponent.Classes.Mover.SAINMoverClass.ManualUpdate () (at <e4b9dce640de4a37a12afe7f4a8674fc>:0)
SAIN.Components.BotComponent.TickClassGroup (System.Collections.Generic.List`1[T] List, System.Single CurrentTime) (at <e4b9dce640de4a37a12afe7f4a8674fc>:0)
SAIN.Components.BotComponent.ManualUpdate (System.Single currentTime, System.Single deltaTime) (at <e4b9dce640de4a37a12afe7f4a8674fc>:0)
SAIN.Components.BotManagerComponent.ManualUpdate (System.Single currentTime, System.Single deltaTime) (at <e4b9dce640de4a37a12afe7f4a8674fc>:0)
SAIN.Components.GameWorldComponent.WorldTick (System.Single deltaTime) (at <e4b9dce640de4a37a12afe7f4a8674fc>:0)
SAIN.Patches.GameWorld.WorldTickPatch.Patch (System.Single dt) (at <e4b9dce640de4a37a12afe7f4a8674fc>:0)
(wrapper dynamic-method) EFT.GameWorld.DMD<EFT.GameWorld::DoWorldTick>(EFT.GameWorld,single)
EFT.GameWorldUnityTickListener.Update () (at <ad47400a25db462cbf0a531df654c3c3>:0)
UnityEngine.DebugLogHandler:LogException(Exception, Object)
Class412:LogException(Exception, Object)
UnityEngine.Debug:CallOverridenDebugHandler(Exception, Object)
 
2026-08-17 22:26:29.067 -04:00|0.16.9.0.40087|Error|Default| 
EXCEPTION: System.NullReferenceException: Object reference not set to an instance of an object
  at SAIN.SAINComponent.Classes.Mover.SAINMoverClass.WantsPatrolStance () [0x0002a] in <e4b9dce640de4a37a12afe7f4a8674fc>:0 
  at SAIN.SAINComponent.Classes.Mover.SAINMoverClass.UpdateStance (System.Single time) [0x00025] in <e4b9dce640de4a37a12afe7f4a8674fc>:0 
  at SAIN.SAINComponent.Classes.Mover.SAINMoverClass.ManualUpdate () [0x00078] in <e4b9dce640de4a37a12afe7f4a8674fc>:0 
  at SAIN.Components.BotComponent.TickClassGroup (System.Collections.Generic.List`1[T] List, System.Single CurrentTime) [0x0000f] in <e4b9dce640de4a37a12afe7f4a8674fc>:0 
  at SAIN.Components.BotComponent.ManualUpdate (System.Single currentTime, System.Single deltaTime) [0x0004b] in <e4b9dce640de4a37a12afe7f4a8674fc>:0 
  at SAIN.Components.BotManagerComponent.ManualUpdate (System.Single currentTime, System.Single deltaTime) [0x00065] in <e4b9dce640de4a37a12afe7f4a8674fc>:0 
  at SAIN.Components.GameWorldComponent.WorldTick (System.Single deltaTime) [0x00014] in <e4b9dce640de4a37a12afe7f4a8674fc>:0 
  at SAIN.Patches.GameWorld.WorldTickPatch.Patch (System.Single dt) [0x0001e] in <e4b9dce640de4a37a12afe7f4a8674fc>:0 
  at (wrapper dynamic-method) EFT.GameWorld.DMD<EFT.GameWorld::DoWorldTick>(EFT.GameWorld,single)
  at EFT.GameWorldUnityTickListener.Update () [0x00031] in <ad47400a25db462cbf0a531df654c3c3>:0 
2026-08-17 22:26:29.067 -04:00|0.16.9.0.40087|Error|Default|NullReferenceException: Object reference not set to an instance of an object
SAIN.SAINComponent.Classes.Mover.SAINMoverClass.WantsPatrolStance () (at <e4b9dce640de4a37a12afe7f4a8674fc>:0)
SAIN.SAINComponent.Classes.Mover.SAINMoverClass.UpdateStance (System.Single time) (at <e4b9dce640de4a37a12afe7f4a8674fc>:0)
SAIN.SAINComponent.Classes.Mover.SAINMoverClass.ManualUpdate () (at <e4b9dce640de4a37a12afe7f4a8674fc>:0)
SAIN.Components.BotComponent.TickClassGroup (System.Collections.Generic.List`1[T] List, System.Single CurrentTime) (at <e4b9dce640de4a37a12afe7f4a8674fc>:0)
SAIN.Components.BotComponent.ManualUpdate (System.Single currentTime, System.Single deltaTime) (at <e4b9dce640de4a37a12afe7f4a8674fc>:0)
SAIN.Components.BotManagerComponent.ManualUpdate (System.Single currentTime, System.Single deltaTime) (at <e4b9dce640de4a37a12afe7f4a8674fc>:0)
SAIN.Components.GameWorldComponent.WorldTick (System.Single deltaTime) (at <e4b9dce640de4a37a12afe7f4a8674fc>:0)
SAIN.Patches.GameWorld.WorldTickPatch.Patch (System.Single dt) (at <e4b9dce640de4a37a12afe7f4a8674fc>:0)
(wrapper dynamic-method) EFT.GameWorld.DMD<EFT.GameWorld::DoWorldTick>(EFT.GameWorld,single)
EFT.GameWorldUnityTickListener.Update () (at <ad47400a25db462cbf0a531df654c3c3>:0)
UnityEngine.DebugLogHandler:LogException(Exception, Object)
Class412:LogException(Exception, Object)
UnityEngine.Debug:CallOverridenDebugHandler(Exception, Object)
 
2026-08-17 22:26:29.067 -04:00|0.16.9.0.40087|Error|Default| 
EXCEPTION: System.NullReferenceException: Object reference not set to an instance of an object
  at SAIN.SAINComponent.Classes.Mover.SAINMoverClass.WantsPatrolStance () [0x0002a] in <e4b9dce640de4a37a12afe7f4a8674fc>:0 
  at SAIN.SAINComponent.Classes.Mover.SAINMoverClass.UpdateStance (System.Single time) [0x00025] in <e4b9dce640de4a37a12afe7f4a8674fc>:0 
  at SAIN.SAINComponent.Classes.Mover.SAINMoverClass.ManualUpdate () [0x00078] in <e4b9dce640de4a37a12afe7f4a8674fc>:0 
  at SAIN.Components.BotComponent.TickClassGroup (System.Collections.Generic.List`1[T] List, System.Single CurrentTime) [0x0000f] in <e4b9dce640de4a37a12afe7f4a8674fc>:0 
  at SAIN.Components.BotComponent.ManualUpdate (System.Single currentTime, System.Single deltaTime) [0x0004b] in <e4b9dce640de4a37a12afe7f4a8674fc>:0 
  at SAIN.Components.BotManagerComponent.ManualUpdate (System.Single currentTime, System.Single deltaTime) [0x00065] in <e4b9dce640de4a37a12afe7f4a8674fc>:0 
  at SAIN.Components.GameWorldComponent.WorldTick (System.Single deltaTime) [0x00014] in <e4b9dce640de4a37a12afe7f4a8674fc>:0 
  at SAIN.Patches.GameWorld.WorldTickPatch.Patch (System.Single dt) [0x0001e] in <e4b9dce640de4a37a12afe7f4a8674fc>:0 
  at (wrapper dynamic-method) EFT.GameWorld.DMD<EFT.GameWorld::DoWorldTick>(EFT.GameWorld,single)
  at EFT.GameWorldUnityTickListener.Update () [0x00031] in <ad47400a25db462cbf0a531df654c3c3>:0 
2026-08-17 22:26:29.067 -04:00|0.16.9.0.40087|Error|Default|NullReferenceException: Object reference not set to an instance of an object
SAIN.SAINComponent.Classes.Mover.SAINMoverClass.WantsPatrolStance () (at <e4b9dce640de4a37a12afe7f4a8674fc>:0)
SAIN.SAINComponent.Classes.Mover.SAINMoverClass.UpdateStance (System.Single time) (at <e4b9dce640de4a37a12afe7f4a8674fc>:0)
SAIN.SAINComponent.Classes.Mover.SAINMoverClass.ManualUpdate () (at <e4b9dce640de4a37a12afe7f4a8674fc>:0)
SAIN.Components.BotComponent.TickClassGroup (System.Collections.Generic.List`1[T] List, System.Single CurrentTime) (at <e4b9dce640de4a37a12afe7f4a8674fc>:0)
SAIN.Components.BotComponent.ManualUpdate (System.Single currentTime, System.Single deltaTime) (at <e4b9dce640de4a37a12afe7f4a8674fc>:0)
SAIN.Components.BotManagerComponent.ManualUpdate (System.Single currentTime, System.Single deltaTime) (at <e4b9dce640de4a37a12afe7f4a8674fc>:0)
SAIN.Components.GameWorldComponent.WorldTick (System.Single deltaTime) (at <e4b9dce640de4a37a12afe7f4a8674fc>:0)
SAIN.Patches.GameWorld.WorldTickPatch.Patch (System.Single dt) (at <e4b9dce640de4a37a12afe7f4a8674fc>:0)
(wrapper dynamic-method) EFT.GameWorld.DMD<EFT.GameWorld::DoWorldTick>(EFT.GameWorld,single)
EFT.GameWorldUnityTickListener.Update () (at <ad47400a25db462cbf0a531df654c3c3>:0)
UnityEngine.DebugLogHandler:LogException(Exception, Object)
Class412:LogException(Exception, Object)
UnityEngine.Debug:CallOverridenDebugHandler(Exception, Object)
 
2026-08-17 22:26:29.306 -04:00|0.16.9.0.40087|Error|Default| 
EXCEPTION: System.NullReferenceException: Object reference not set to an instance of an object
  at SAIN.SAINComponent.Classes.Mover.SAINMoverClass.WantsPatrolStance () [0x0002a] in <e4b9dce640de4a37a12afe7f4a8674fc>:0 
  at SAIN.SAINComponent.Classes.Mover.SAINMoverClass.UpdateStance (System.Single time) [0x00025] in <e4b9dce640de4a37a12afe7f4a8674fc>:0 
  at SAIN.SAINComponent.Classes.Mover.SAINMoverClass.ManualUpdate () [0x00078] in <e4b9dce640de4a37a12afe7f4a8674fc>:0 
  at SAIN.Components.BotComponent.TickClassGroup (System.Collections.Generic.List`1[T] List, System.Single CurrentTime) [0x0000f] in <e4b9dce640de4a37a12afe7f4a8674fc>:0 
  at SAIN.Components.BotComponent.ManualUpdate (System.Single currentTime, System.Single deltaTime) [0x0004b] in <e4b9dce640de4a37a12afe7f4a8674fc>:0 
  at SAIN.Components.BotManagerComponent.ManualUpdate (System.Single currentTime, System.Single deltaTime) [0x00065] in <e4b9dce640de4a37a12afe7f4a8674fc>:0 
  at SAIN.Components.GameWorldComponent.WorldTick (System.Single deltaTime) [0x00014] in <e4b9dce640de4a37a12afe7f4a8674fc>:0 
  at SAIN.Patches.GameWorld.WorldTickPatch.Patch (System.Single dt) [0x0001e] in <e4b9dce640de4a37a12afe7f4a8674fc>:0 
  at (wrapper dynamic-method) EFT.GameWorld.DMD<EFT.GameWorld::DoWorldTick>(EFT.GameWorld,single)
  at EFT.GameWorldUnityTickListener.Update () [0x00031] in <ad47400a25db462cbf0a531df654c3c3>:0 
2026-08-17 22:26:29.306 -04:00|0.16.9.0.40087|Error|Default|NullReferenceException: Object reference not set to an instance of an object
SAIN.SAINComponent.Classes.Mover.SAINMoverClass.WantsPatrolStance () (at <e4b9dce640de4a37a12afe7f4a8674fc>:0)
SAIN.SAINComponent.Classes.Mover.SAINMoverClass.UpdateStance (System.Single time) (at <e4b9dce640de4a37a12afe7f4a8674fc>:0)
SAIN.SAINComponent.Classes.Mover.SAINMoverClass.ManualUpdate () (at <e4b9dce640de4a37a12afe7f4a8674fc>:0)
SAIN.Components.BotComponent.TickClassGroup (System.Collections.Generic.List`1[T] List, System.Single CurrentTime) (at <e4b9dce640de4a37a12afe7f4a8674fc>:0)
SAIN.Components.BotComponent.ManualUpdate (System.Single currentTime, System.Single deltaTime) (at <e4b9dce640de4a37a12afe7f4a8674fc>:0)
SAIN.Components.BotManagerComponent.ManualUpdate (System.Single currentTime, System.Single deltaTime) (at <e4b9dce640de4a37a12afe7f4a8674fc>:0)
SAIN.Components.GameWorldComponent.WorldTick (System.Single deltaTime) (at <e4b9dce640de4a37a12afe7f4a8674fc>:0)
SAIN.Patches.GameWorld.WorldTickPatch.Patch (System.Single dt) (at <e4b9dce640de4a37a12afe7f4a8674fc>:0)
(wrapper dynamic-method) EFT.GameWorld.DMD<EFT.GameWorld::DoWorldTick>(EFT.GameWorld,single)
EFT.GameWorldUnityTickListener.Update () (at <ad47400a25db462cbf0a531df654c3c3>:0)
UnityEngine.DebugLogHandler:LogException(Exception, Object)
Class412:LogException(Exception, Object)
UnityEngine.Debug:CallOverridenDebugHandler(Exception, Object)
 
2026-08-17 22:26:29.306 -04:00|0.16.9.0.40087|Error|Default| 
EXCEPTION: System.NullReferenceException: Object reference not set to an instance of an object
  at SAIN.SAINComponent.Classes.Mover.SAINMoverClass.WantsPatrolStance () [0x0002a] in <e4b9dce640de4a37a12afe7f4a8674fc>:0 
  at SAIN.SAINComponent.Classes.Mover.SAINMoverClass.UpdateStance (System.Single time) [0x00025] in <e4b9dce640de4a37a12afe7f4a8674fc>:0 
  at SAIN.SAINComponent.Classes.Mover.SAINMoverClass.ManualUpdate () [0x00078] in <e4b9dce640de4a37a12afe7f4a8674fc>:0 
  at SAIN.Components.BotComponent.TickClassGroup (System.Collections.Generic.List`1[T] List, System.Single CurrentTime) [0x0000f] in <e4b9dce640de4a37a12afe7f4a8674fc>:0 
  at SAIN.Components.BotComponent.ManualUpdate (System.Single currentTime, System.Single deltaTime) [0x0004b] in <e4b9dce640de4a37a12afe7f4a8674fc>:0 
  at SAIN.Components.BotManagerComponent.ManualUpdate (System.Single currentTime, System.Single deltaTime) [0x00065] in <e4b9dce640de4a37a12afe7f4a8674fc>:0 
  at SAIN.Components.GameWorldComponent.WorldTick (System.Single deltaTime) [0x00014] in <e4b9dce640de4a37a12afe7f4a8674fc>:0 
  at SAIN.Patches.GameWorld.WorldTickPatch.Patch (System.Single dt) [0x0001e] in <e4b9dce640de4a37a12afe7f4a8674fc>:0 
  at (wrapper dynamic-method) EFT.GameWorld.DMD<EFT.GameWorld::DoWorldTick>(EFT.GameWorld,single)
  at EFT.GameWorldUnityTickListener.Update () [0x00031] in <ad47400a25db462cbf0a531df654c3c3>:0 
2026-08-17 22:26:29.306 -04:00|0.16.9.0.40087|Error|Default|NullReferenceException: Object reference not set to an instance of an object
SAIN.SAINComponent.Classes.Mover.SAINMoverClass.WantsPatrolStance () (at <e4b9dce640de4a37a12afe7f4a8674fc>:0)
SAIN.SAINComponent.Classes.Mover.SAINMoverClass.UpdateStance (System.Single time) (at <e4b9dce640de4a37a12afe7f4a8674fc>:0)
SAIN.SAINComponent.Classes.Mover.SAINMoverClass.ManualUpdate () (at <e4b9dce640de4a37a12afe7f4a8674fc>:0)
SAIN.Components.BotComponent.TickClassGroup (System.Collections.Generic.List`1[T] List, System.Single CurrentTime) (at <e4b9dce640de4a37a12afe7f4a8674fc>:0)
SAIN.Components.BotComponent.ManualUpdate (System.Single currentTime, System.Single deltaTime) (at <e4b9dce640de4a37a12afe7f4a8674fc>:0)
SAIN.Components.BotManagerComponent.ManualUpdate (System.Single currentTime, System.Single deltaTime) (at <e4b9dce640de4a37a12afe7f4a8674fc>:0)
SAIN.Components.GameWorldComponent.WorldTick (System.Single deltaTime) (at <e4b9dce640de4a37a12afe7f4a8674fc>:0)
SAIN.Patches.GameWorld.WorldTickPatch.Patch (System.Single dt) (at <e4b9dce640de4a37a12afe7f4a8674fc>:0)
(wrapper dynamic-method) EFT.GameWorld.DMD<EFT.GameWorld::DoWorldTick>(EFT.GameWorld,single)
EFT.GameWorldUnityTickListener.Update () (at <ad47400a25db462cbf0a531df654c3c3>:0)
UnityEngine.DebugLogHandler:LogException(Exception, Object)
Class412:LogException(Exception, Object)
UnityEngine.Debug:CallOverridenDebugHandler(Exception, Object)
 
2026-08-17 22:26:29.323 -04:00|0.16.9.0.40087|Error|Default| 
EXCEPTION: System.NullReferenceException: Object reference not set to an instance of an object
  at SAIN.SAINComponent.Classes.Mover.SAINMoverClass.WantsPatrolStance () [0x0002a] in <e4b9dce640de4a37a12afe7f4a8674fc>:0 
  at SAIN.SAINComponent.Classes.Mover.SAINMoverClass.UpdateStance (System.Single time) [0x00025] in <e4b9dce640de4a37a12afe7f4a8674fc>:0 
  at SAIN.SAINComponent.Classes.Mover.SAINMoverClass.ManualUpdate () [0x00078] in <e4b9dce640de4a37a12afe7f4a8674fc>:0 
  at SAIN.Components.BotComponent.TickClassGroup (System.Collections.Generic.List`1[T] List, System.Single CurrentTime) [0x0000f] in <e4b9dce640de4a37a12afe7f4a8674fc>:0 
  at SAIN.Components.BotComponent.ManualUpdate (System.Single currentTime, System.Single deltaTime) [0x0004b] in <e4b9dce640de4a37a12afe7f4a8674fc>:0 
  at SAIN.Components.BotManagerComponent.ManualUpdate (System.Single currentTime, System.Single deltaTime) [0x00065] in <e4b9dce640de4a37a12afe7f4a8674fc>:0 
  at SAIN.Components.GameWorldComponent.WorldTick (System.Single deltaTime) [0x00014] in <e4b9dce640de4a37a12afe7f4a8674fc>:0 
  at SAIN.Patches.GameWorld.WorldTickPatch.Patch (System.Single dt) [0x0001e] in <e4b9dce640de4a37a12afe7f4a8674fc>:0 
  at (wrapper dynamic-method) EFT.GameWorld.DMD<EFT.GameWorld::DoWorldTick>(EFT.GameWorld,single)
  at EFT.GameWorldUnityTickListener.Update () [0x00031] in <ad47400a25db462cbf0a531df654c3c3>:0 
2026-08-17 22:26:29.323 -04:00|0.16.9.0.40087|Error|Default|NullReferenceException: Object reference not set to an instance of an object
SAIN.SAINComponent.Classes.Mover.SAINMoverClass.WantsPatrolStance () (at <e4b9dce640de4a37a12afe7f4a8674fc>:0)
SAIN.SAINComponent.Classes.Mover.SAINMoverClass.UpdateStance (System.Single time) (at <e4b9dce640de4a37a12afe7f4a8674fc>:0)
SAIN.SAINComponent.Classes.Mover.SAINMoverClass.ManualUpdate () (at <e4b9dce640de4a37a12afe7f4a8674fc>:0)
SAIN.Components.BotComponent.TickClassGroup (System.Collections.Generic.List`1[T] List, System.Single CurrentTime) (at <e4b9dce640de4a37a12afe7f4a8674fc>:0)
SAIN.Components.BotComponent.ManualUpdate (System.Single currentTime, System.Single deltaTime) (at <e4b9dce640de4a37a12afe7f4a8674fc>:0)
SAIN.Components.BotManagerComponent.ManualUpdate (System.Single currentTime, System.Single deltaTime) (at <e4b9dce640de4a37a12afe7f4a8674fc>:0)
SAIN.Components.GameWorldComponent.WorldTick (System.Single deltaTime) (at <e4b9dce640de4a37a12afe7f4a8674fc>:0)
SAIN.Patches.GameWorld.WorldTickPatch.Patch (System.Single dt) (at <e4b9dce640de4a37a12afe7f4a8674fc>:0)
(wrapper dynamic-method) EFT.GameWorld.DMD<EFT.GameWorld::DoWorldTick>(EFT.GameWorld,single)
EFT.GameWorldUnityTickListener.Update () (at <ad47400a25db462cbf0a531df654c3c3>:0)
UnityEngine.DebugLogHandler:LogException(Exception, Object)
Class412:LogException(Exception, Object)
UnityEngine.Debug:CallOverridenDebugHandler(Exception, Object)
 
2026-08-17 22:26:29.323 -04:00|0.16.9.0.40087|Error|Default| 
EXCEPTION: System.NullReferenceException: Object reference not set to an instance of an object
  at SAIN.SAINComponent.Classes.Mover.SAINMoverClass.WantsPatrolStance () [0x0002a] in <e4b9dce640de4a37a12afe7f4a8674fc>:0 
  at SAIN.SAINComponent.Classes.Mover.SAINMoverClass.UpdateStance (System.Single time) [0x00025] in <e4b9dce640de4a37a12afe7f4a8674fc>:0 
  at SAIN.SAINComponent.Classes.Mover.SAINMoverClass.ManualUpdate () [0x00078] in <e4b9dce640de4a37a12afe7f4a8674fc>:0 
  at SAIN.Components.BotComponent.TickClassGroup (System.Collections.Generic.List`1[T] List, System.Single CurrentTime) [0x0000f] in <e4b9dce640de4a37a12afe7f4a8674fc>:0 
  at SAIN.Components.BotComponent.ManualUpdate (System.Single currentTime, System.Single deltaTime) [0x0004b] in <e4b9dce640de4a37a12afe7f4a8674fc>:0 
  at SAIN.Components.BotManagerComponent.ManualUpdate (System.Single currentTime, System.Single deltaTime) [0x00065] in <e4b9dce640de4a37a12afe7f4a8674fc>:0 
  at SAIN.Components.GameWorldComponent.WorldTick (System.Single deltaTime) [0x00014] in <e4b9dce640de4a37a12afe7f4a8674fc>:0 
  at SAIN.Patches.GameWorld.WorldTickPatch.Patch (System.Single dt) [0x0001e] in <e4b9dce640de4a37a12afe7f4a8674fc>:0 
  at (wrapper dynamic-method) EFT.GameWorld.DMD<EFT.GameWorld::DoWorldTick>(EFT.GameWorld,single)
  at EFT.GameWorldUnityTickListener.Update () [0x00031] in <ad47400a25db462cbf0a531df654c3c3>:0 
2026-08-17 22:26:29.331 -04:00|0.16.9.0.40087|Error|Default|NullReferenceException: Object reference not set to an instance of an object
SAIN.SAINComponent.Classes.Mover.SAINMoverClass.WantsPatrolStance () (at <e4b9dce640de4a37a12afe7f4a8674fc>:0)
SAIN.SAINComponent.Classes.Mover.SAINMoverClass.UpdateStance (System.Single time) (at <e4b9dce640de4a37a12afe7f4a8674fc>:0)
SAIN.SAINComponent.Classes.Mover.SAINMoverClass.ManualUpdate () (at <e4b9dce640de4a37a12afe7f4a8674fc>:0)
SAIN.Components.BotComponent.TickClassGroup (System.Collections.Generic.List`1[T] List, System.Single CurrentTime) (at <e4b9dce640de4a37a12afe7f4a8674fc>:0)
SAIN.Components.BotComponent.ManualUpdate (System.Single currentTime, System.Single deltaTime) (at <e4b9dce640de4a37a12afe7f4a8674fc>:0)
SAIN.Components.BotManagerComponent.ManualUpdate (System.Single currentTime, System.Single deltaTime) (at <e4b9dce640de4a37a12afe7f4a8674fc>:0)
SAIN.Components.GameWorldComponent.WorldTick (System.Single deltaTime) (at <e4b9dce640de4a37a12afe7f4a8674fc>:0)
SAIN.Patches.GameWorld.WorldTickPatch.Patch (System.Single dt) (at <e4b9dce640de4a37a12afe7f4a8674fc>:0)
(wrapper dynamic-method) EFT.GameWorld.DMD<EFT.GameWorld::DoWorldTick>(EFT.GameWorld,single)
EFT.GameWorldUnityTickListener.Update () (at <ad47400a25db462cbf0a531df654c3c3>:0)
UnityEngine.DebugLogHandler:LogException(Exception, Object)
Class412:LogException(Exception, Object)
UnityEngine.Debug:CallOverridenDebugHandler(Exception, Object)
 
2026-08-17 22:26:29.562 -04:00|0.16.9.0.40087|Error|Default| 
EXCEPTION: System.NullReferenceException: Object reference not set to an instance of an object
  at SAIN.SAINComponent.Classes.Mover.SAINMoverClass.WantsPatrolStance () [0x0002a] in <e4b9dce640de4a37a12afe7f4a8674fc>:0 
  at SAIN.SAINComponent.Classes.Mover.SAINMoverClass.UpdateStance (System.Single time) [0x00025] in <e4b9dce640de4a37a12afe7f4a8674fc>:0 
  at SAIN.SAINComponent.Classes.Mover.SAINMoverClass.ManualUpdate () [0x00078] in <e4b9dce640de4a37a12afe7f4a8674fc>:0 
  at SAIN.Components.BotComponent.TickClassGroup (System.Collections.Generic.List`1[T] List, System.Single CurrentTime) [0x0000f] in <e4b9dce640de4a37a12afe7f4a8674fc>:0 
  at SAIN.Components.BotComponent.ManualUpdate (System.Single currentTime, System.Single deltaTime) [0x0004b] in <e4b9dce640de4a37a12afe7f4a8674fc>:0 
  at SAIN.Components.BotManagerComponent.ManualUpdate (System.Single currentTime, System.Single deltaTime) [0x00065] in <e4b9dce640de4a37a12afe7f4a8674fc>:0 
  at SAIN.Components.GameWorldComponent.WorldTick (System.Single deltaTime) [0x00014] in <e4b9dce640de4a37a12afe7f4a8674fc>:0 
  at SAIN.Patches.GameWorld.WorldTickPatch.Patch (System.Single dt) [0x0001e] in <e4b9dce640de4a37a12afe7f4a8674fc>:0 
  at (wrapper dynamic-method) EFT.GameWorld.DMD<EFT.GameWorld::DoWorldTick>(EFT.GameWorld,single)
  at EFT.GameWorldUnityTickListener.Update () [0x00031] in <ad47400a25db462cbf0a531df654c3c3>:0 
2026-08-17 22:26:29.562 -04:00|0.16.9.0.40087|Error|Default|NullReferenceException: Object reference not set to an instance of an object
SAIN.SAINComponent.Classes.Mover.SAINMoverClass.WantsPatrolStance () (at <e4b9dce640de4a37a12afe7f4a8674fc>:0)
SAIN.SAINComponent.Classes.Mover.SAINMoverClass.UpdateStance (System.Single time) (at <e4b9dce640de4a37a12afe7f4a8674fc>:0)
SAIN.SAINComponent.Classes.Mover.SAINMoverClass.ManualUpdate () (at <e4b9dce640de4a37a12afe7f4a8674fc>:0)
SAIN.Components.BotComponent.TickClassGroup (System.Collections.Generic.List`1[T] List, System.Single CurrentTime) (at <e4b9dce640de4a37a12afe7f4a8674fc>:0)
SAIN.Components.BotComponent.ManualUpdate (System.Single currentTime, System.Single deltaTime) (at <e4b9dce640de4a37a12afe7f4a8674fc>:0)
SAIN.Components.BotManagerComponent.ManualUpdate (System.Single currentTime, System.Single deltaTime) (at <e4b9dce640de4a37a12afe7f4a8674fc>:0)
SAIN.Components.GameWorldComponent.WorldTick (System.Single deltaTime) (at <e4b9dce640de4a37a12afe7f4a8674fc>:0)
SAIN.Patches.GameWorld.WorldTickPatch.Patch (System.Single dt) (at <e4b9dce640de4a37a12afe7f4a8674fc>:0)
(wrapper dynamic-method) EFT.GameWorld.DMD<EFT.GameWorld::DoWorldTick>(EFT.GameWorld,single)
EFT.GameWorldUnityTickListener.Update () (at <ad47400a25db462cbf0a531df654c3c3>:0)
UnityEngine.DebugLogHandler:LogException(Exception, Object)
Class412:LogException(Exception, Object)
UnityEngine.Debug:CallOverridenDebugHandler(Exception, Object)
 
2026-08-17 22:26:29.570 -04:00|0.16.9.0.40087|Error|Default| 
EXCEPTION: System.NullReferenceException: Object reference not set to an instance of an object
  at SAIN.SAINComponent.Classes.Mover.SAINMoverClass.WantsPatrolStance () [0x0002a] in <e4b9dce640de4a37a12afe7f4a8674fc>:0 
  at SAIN.SAINComponent.Classes.Mover.SAINMoverClass.UpdateStance (System.Single time) [0x00025] in <e4b9dce640de4a37a12afe7f4a8674fc>:0 
  at SAIN.SAINComponent.Classes.Mover.SAINMoverClass.ManualUpdate () [0x00078] in <e4b9dce640de4a37a12afe7f4a8674fc>:0 
  at SAIN.Components.BotComponent.TickClassGroup (System.Collections.Generic.List`1[T] List, System.Single CurrentTime) [0x0000f] in <e4b9dce640de4a37a12afe7f4a8674fc>:0 
  at SAIN.Components.BotComponent.ManualUpdate (System.Single currentTime, System.Single deltaTime) [0x0004b] in <e4b9dce640de4a37a12afe7f4a8674fc>:0 
  at SAIN.Components.BotManagerComponent.ManualUpdate (System.Single currentTime, System.Single deltaTime) [0x00065] in <e4b9dce640de4a37a12afe7f4a8674fc>:0 
  at SAIN.Components.GameWorldComponent.WorldTick (System.Single deltaTime) [0x00014] in <e4b9dce640de4a37a12afe7f4a8674fc>:0 
  at SAIN.Patches.GameWorld.WorldTickPatch.Patch (System.Single dt) [0x0001e] in <e4b9dce640de4a37a12afe7f4a8674fc>:0 
  at (wrapper dynamic-method) EFT.GameWorld.DMD<EFT.GameWorld::DoWorldTick>(EFT.GameWorld,single)
  at EFT.GameWorldUnityTickListener.Update () [0x00031] in <ad47400a25db462cbf0a531df654c3c3>:0 
2026-08-17 22:26:29.570 -04:00|0.16.9.0.40087|Error|Default|NullReferenceException: Object reference not set to an instance of an object
SAIN.SAINComponent.Classes.Mover.SAINMoverClass.WantsPatrolStance () (at <e4b9dce640de4a37a12afe7f4a8674fc>:0)
SAIN.SAINComponent.Classes.Mover.SAINMoverClass.UpdateStance (System.Single time) (at <e4b9dce640de4a37a12afe7f4a8674fc>:0)
SAIN.SAINComponent.Classes.Mover.SAINMoverClass.ManualUpdate () (at <e4b9dce640de4a37a12afe7f4a8674fc>:0)
SAIN.Components.BotComponent.TickClassGroup (System.Collections.Generic.List`1[T] List, System.Single CurrentTime) (at <e4b9dce640de4a37a12afe7f4a8674fc>:0)
SAIN.Components.BotComponent.ManualUpdate (System.Single currentTime, System.Single deltaTime) (at <e4b9dce640de4a37a12afe7f4a8674fc>:0)
SAIN.Components.BotManagerComponent.ManualUpdate (System.Single currentTime, System.Single deltaTime) (at <e4b9dce640de4a37a12afe7f4a8674fc>:0)
SAIN.Components.GameWorldComponent.WorldTick (System.Single deltaTime) (at <e4b9dce640de4a37a12afe7f4a8674fc>:0)
SAIN.Patches.GameWorld.WorldTickPatch.Patch (System.Single dt) (at <e4b9dce640de4a37a12afe7f4a8674fc>:0)
(wrapper dynamic-method) EFT.GameWorld.DMD<EFT.GameWorld::DoWorldTick>(EFT.GameWorld,single)
EFT.GameWorldUnityTickListener.Update () (at <ad47400a25db462cbf0a531df654c3c3>:0)
UnityEngine.DebugLogHandler:LogException(Exception, Object)
Class412:LogException(Exception, Object)
UnityEngine.Debug:CallOverridenDebugHandler(Exception, Object)
 
2026-08-17 22:26:29.570 -04:00|0.16.9.0.40087|Error|Default| 
EXCEPTION: System.NullReferenceException: Object reference not set to an instance of an object
  at SAIN.SAINComponent.Classes.Mover.SAINMoverClass.WantsPatrolStance () [0x0002a] in <e4b9dce640de4a37a12afe7f4a8674fc>:0 
  at SAIN.SAINComponent.Classes.Mover.SAINMoverClass.UpdateStance (System.Single time) [0x00025] in <e4b9dce640de4a37a12afe7f4a8674fc>:0 
  at SAIN.SAINComponent.Classes.Mover.SAINMoverClass.ManualUpdate () [0x00078] in <e4b9dce640de4a37a12afe7f4a8674fc>:0 
  at SAIN.Components.BotComponent.TickClassGroup (System.Collections.Generic.List`1[T] List, System.Single CurrentTime) [0x0000f] in <e4b9dce640de4a37a12afe7f4a8674fc>:0 
  at SAIN.Components.BotComponent.ManualUpdate (System.Single currentTime, System.Single deltaTime) [0x0004b] in <e4b9dce640de4a37a12afe7f4a8674fc>:0 
  at SAIN.Components.BotManagerComponent.ManualUpdate (System.Single currentTime, System.Single deltaTime) [0x00065] in <e4b9dce640de4a37a12afe7f4a8674fc>:0 
  at SAIN.Components.GameWorldComponent.WorldTick (System.Single deltaTime) [0x00014] in <e4b9dce640de4a37a12afe7f4a8674fc>:0 
  at SAIN.Patches.GameWorld.WorldTickPatch.Patch (System.Single dt) [0x0001e] in <e4b9dce640de4a37a12afe7f4a8674fc>:0 
  at (wrapper dynamic-method) EFT.GameWorld.DMD<EFT.GameWorld::DoWorldTick>(EFT.GameWorld,single)
  at EFT.GameWorldUnityTickListener.Update () [0x00031] in <ad47400a25db462cbf0a531df654c3c3>:0 
2026-08-17 22:26:29.570 -04:00|0.16.9.0.40087|Error|Default|NullReferenceException: Object reference not set to an instance of an object
SAIN.SAINComponent.Classes.Mover.SAINMoverClass.WantsPatrolStance () (at <e4b9dce640de4a37a12afe7f4a8674fc>:0)
SAIN.SAINComponent.Classes.Mover.SAINMoverClass.UpdateStance (System.Single time) (at <e4b9dce640de4a37a12afe7f4a8674fc>:0)
SAIN.SAINComponent.Classes.Mover.SAINMoverClass.ManualUpdate () (at <e4b9dce640de4a37a12afe7f4a8674fc>:0)
SAIN.Components.BotComponent.TickClassGroup (System.Collections.Generic.List`1[T] List, System.Single CurrentTime) (at <e4b9dce640de4a37a12afe7f4a8674fc>:0)
SAIN.Components.BotComponent.ManualUpdate (System.Single currentTime, System.Single deltaTime) (at <e4b9dce640de4a37a12afe7f4a8674fc>:0)
SAIN.Components.BotManagerComponent.ManualUpdate (System.Single currentTime, System.Single deltaTime) (at <e4b9dce640de4a37a12afe7f4a8674fc>:0)
SAIN.Components.GameWorldComponent.WorldTick (System.Single deltaTime) (at <e4b9dce640de4a37a12afe7f4a8674fc>:0)
SAIN.Patches.GameWorld.WorldTickPatch.Patch (System.Single dt) (at <e4b9dce640de4a37a12afe7f4a8674fc>:0)
(wrapper dynamic-method) EFT.GameWorld.DMD<EFT.GameWorld::DoWorldTick>(EFT.GameWorld,single)
EFT.GameWorldUnityTickListener.Update () (at <ad47400a25db462cbf0a531df654c3c3>:0)
UnityEngine.DebugLogHandler:LogException(Exception, Object)
Class412:LogException(Exception, Object)
UnityEngine.Debug:CallOverridenDebugHandler(Exception, Object)
 
2026-08-17 22:26:29.585 -04:00|0.16.9.0.40087|Error|Default| 
EXCEPTION: System.NullReferenceException: Object reference not set to an instance of an object
  at SAIN.SAINComponent.Classes.Mover.SAINMoverClass.WantsPatrolStance () [0x0002a] in <e4b9dce640de4a37a12afe7f4a8674fc>:0 
  at SAIN.SAINComponent.Classes.Mover.SAINMoverClass.UpdateStance (System.Single time) [0x00025] in <e4b9dce640de4a37a12afe7f4a8674fc>:0 
  at SAIN.SAINComponent.Classes.Mover.SAINMoverClass.ManualUpdate () [0x00078] in <e4b9dce640de4a37a12afe7f4a8674fc>:0 
  at SAIN.Components.BotComponent.TickClassGroup (System.Collections.Generic.List`1[T] List, System.Single CurrentTime) [0x0000f] in <e4b9dce640de4a37a12afe7f4a8674fc>:0 
  at SAIN.Components.BotComponent.ManualUpdate (System.Single currentTime, System.Single deltaTime) [0x0004b] in <e4b9dce640de4a37a12afe7f4a8674fc>:0 
  at SAIN.Components.BotManagerComponent.ManualUpdate (System.Single currentTime, System.Single deltaTime) [0x00065] in <e4b9dce640de4a37a12afe7f4a8674fc>:0 
  at SAIN.Components.GameWorldComponent.WorldTick (System.Single deltaTime) [0x00014] in <e4b9dce640de4a37a12afe7f4a8674fc>:0 
  at SAIN.Patches.GameWorld.WorldTickPatch.Patch (System.Single dt) [0x0001e] in <e4b9dce640de4a37a12afe7f4a8674fc>:0 
  at (wrapper dynamic-method) EFT.GameWorld.DMD<EFT.GameWorld::DoWorldTick>(EFT.GameWorld,single)
  at EFT.GameWorldUnityTickListener.Update () [0x00031] in <ad47400a25db462cbf0a531df654c3c3>:0 
2026-08-17 22:26:29.585 -04:00|0.16.9.0.40087|Error|Default|NullReferenceException: Object reference not set to an instance of an object
SAIN.SAINComponent.Classes.Mover.SAINMoverClass.WantsPatrolStance () (at <e4b9dce640de4a37a12afe7f4a8674fc>:0)
SAIN.SAINComponent.Classes.Mover.SAINMoverClass.UpdateStance (System.Single time) (at <e4b9dce640de4a37a12afe7f4a8674fc>:0)
SAIN.SAINComponent.Classes.Mover.SAINMoverClass.ManualUpdate () (at <e4b9dce640de4a37a12afe7f4a8674fc>:0)
SAIN.Components.BotComponent.TickClassGroup (System.Collections.Generic.List`1[T] List, System.Single CurrentTime) (at <e4b9dce640de4a37a12afe7f4a8674fc>:0)
SAIN.Components.BotComponent.ManualUpdate (System.Single currentTime, System.Single deltaTime) (at <e4b9dce640de4a37a12afe7f4a8674fc>:0)
SAIN.Components.BotManagerComponent.ManualUpdate (System.Single currentTime, System.Single deltaTime) (at <e4b9dce640de4a37a12afe7f4a8674fc>:0)
SAIN.Components.GameWorldComponent.WorldTick (System.Single deltaTime) (at <e4b9dce640de4a37a12afe7f4a8674fc>:0)
SAIN.Patches.GameWorld.WorldTickPatch.Patch (System.Single dt) (at <e4b9dce640de4a37a12afe7f4a8674fc>:0)
(wrapper dynamic-method) EFT.GameWorld.DMD<EFT.GameWorld::DoWorldTick>(EFT.GameWorld,single)
EFT.GameWorldUnityTickListener.Update () (at <ad47400a25db462cbf0a531df654c3c3>:0)
UnityEngine.DebugLogHandler:LogException(Exception, Object)
Class412:LogException(Exception, Object)
UnityEngine.Debug:CallOverridenDebugHandler(Exception, Object)
 
2026-08-17 22:26:29.820 -04:00|0.16.9.0.40087|Error|Default| 
EXCEPTION: System.NullReferenceException: Object reference not set to an instance of an object
  at SAIN.SAINComponent.Classes.Mover.SAINMoverClass.WantsPatrolStance () [0x0002a] in <e4b9dce640de4a37a12afe7f4a8674fc>:0 
  at SAIN.SAINComponent.Classes.Mover.SAINMoverClass.UpdateStance (System.Single time) [0x00025] in <e4b9dce640de4a37a12afe7f4a8674fc>:0 
  at SAIN.SAINComponent.Classes.Mover.SAINMoverClass.ManualUpdate () [0x00078] in <e4b9dce640de4a37a12afe7f4a8674fc>:0 
  at SAIN.Components.BotComponent.TickClassGroup (System.Collections.Generic.List`1[T] List, System.Single CurrentTime) [0x0000f] in <e4b9dce640de4a37a12afe7f4a8674fc>:0 
  at SAIN.Components.BotComponent.ManualUpdate (System.Single currentTime, System.Single deltaTime) [0x0004b] in <e4b9dce640de4a37a12afe7f4a8674fc>:0 
  at SAIN.Components.BotManagerComponent.ManualUpdate (System.Single currentTime, System.Single deltaTime) [0x00065] in <e4b9dce640de4a37a12afe7f4a8674fc>:0 
  at SAIN.Components.GameWorldComponent.WorldTick (System.Single deltaTime) [0x00014] in <e4b9dce640de4a37a12afe7f4a8674fc>:0 
  at SAIN.Patches.GameWorld.WorldTickPatch.Patch (System.Single dt) [0x0001e] in <e4b9dce640de4a37a12afe7f4a8674fc>:0 
  at (wrapper dynamic-method) EFT.GameWorld.DMD<EFT.GameWorld::DoWorldTick>(EFT.GameWorld,single)
  at EFT.GameWorldUnityTickListener.Update () [0x00031] in <ad47400a25db462cbf0a531df654c3c3>:0 
2026-08-17 22:26:29.820 -04:00|0.16.9.0.40087|Error|Default|NullReferenceException: Object reference not set to an instance of an object
SAIN.SAINComponent.Classes.Mover.SAINMoverClass.WantsPatrolStance () (at <e4b9dce640de4a37a12afe7f4a8674fc>:0)
SAIN.SAINComponent.Classes.Mover.SAINMoverClass.UpdateStance (System.Single time) (at <e4b9dce640de4a37a12afe7f4a8674fc>:0)
SAIN.SAINComponent.Classes.Mover.SAINMoverClass.ManualUpdate () (at <e4b9dce640de4a37a12afe7f4a8674fc>:0)
SAIN.Components.BotComponent.TickClassGroup (System.Collections.Generic.List`1[T] List, System.Single CurrentTime) (at <e4b9dce640de4a37a12afe7f4a8674fc>:0)
SAIN.Components.BotComponent.ManualUpdate (System.Single currentTime, System.Single deltaTime) (at <e4b9dce640de4a37a12afe7f4a8674fc>:0)
SAIN.Components.BotManagerComponent.ManualUpdate (System.Single currentTime, System.Single deltaTime) (at <e4b9dce640de4a37a12afe7f4a8674fc>:0)
SAIN.Components.GameWorldComponent.WorldTick (System.Single deltaTime) (at <e4b9dce640de4a37a12afe7f4a8674fc>:0)
SAIN.Patches.GameWorld.WorldTickPatch.Patch (System.Single dt) (at <e4b9dce640de4a37a12afe7f4a8674fc>:0)
(wrapper dynamic-method) EFT.GameWorld.DMD<EFT.GameWorld::DoWorldTick>(EFT.GameWorld,single)
EFT.GameWorldUnityTickListener.Update () (at <ad47400a25db462cbf0a531df654c3c3>:0)
UnityEngine.DebugLogHandler:LogException(Exception, Object)
Class412:LogException(Exception, Object)
UnityEngine.Debug:CallOverridenDebugHandler(Exception, Object)
 
2026-08-17 22:26:29.820 -04:00|0.16.9.0.40087|Error|Default| 
EXCEPTION: System.NullReferenceException: Object reference not set to an instance of an object
  at SAIN.SAINComponent.Classes.Mover.SAINMoverClass.WantsPatrolStance () [0x0002a] in <e4b9dce640de4a37a12afe7f4a8674fc>:0 
  at SAIN.SAINComponent.Classes.Mover.SAINMoverClass.UpdateStance (System.Single time) [0x00025] in <e4b9dce640de4a37a12afe7f4a8674fc>:0 
  at SAIN.SAINComponent.Classes.Mover.SAINMoverClass.ManualUpdate () [0x00078] in <e4b9dce640de4a37a12afe7f4a8674fc>:0 
  at SAIN.Components.BotComponent.TickClassGroup (System.Collections.Generic.List`1[T] List, System.Single CurrentTime) [0x0000f] in <e4b9dce640de4a37a12afe7f4a8674fc>:0 
  at SAIN.Components.BotComponent.ManualUpdate (System.Single currentTime, System.Single deltaTime) [0x0004b] in <e4b9dce640de4a37a12afe7f4a8674fc>:0 
  at SAIN.Components.BotManagerComponent.ManualUpdate (System.Single currentTime, System.Single deltaTime) [0x00065] in <e4b9dce640de4a37a12afe7f4a8674fc>:0 
  at SAIN.Components.GameWorldComponent.WorldTick (System.Single deltaTime) [0x00014] in <e4b9dce640de4a37a12afe7f4a8674fc>:0 
  at SAIN.Patches.GameWorld.WorldTickPatch.Patch (System.Single dt) [0x0001e] in <e4b9dce640de4a37a12afe7f4a8674fc>:0 
  at (wrapper dynamic-method) EFT.GameWorld.DMD<EFT.GameWorld::DoWorldTick>(EFT.GameWorld,single)
  at EFT.GameWorldUnityTickListener.Update () [0x00031] in <ad47400a25db462cbf0a531df654c3c3>:0 
2026-08-17 22:26:29.820 -04:00|0.16.9.0.40087|Error|Default|NullReferenceException: Object reference not set to an instance of an object
SAIN.SAINComponent.Classes.Mover.SAINMoverClass.WantsPatrolStance () (at <e4b9dce640de4a37a12afe7f4a8674fc>:0)
SAIN.SAINComponent.Classes.Mover.SAINMoverClass.UpdateStance (System.Single time) (at <e4b9dce640de4a37a12afe7f4a8674fc>:0)
SAIN.SAINComponent.Classes.Mover.SAINMoverClass.ManualUpdate () (at <e4b9dce640de4a37a12afe7f4a8674fc>:0)
SAIN.Components.BotComponent.TickClassGroup (System.Collections.Generic.List`1[T] List, System.Single CurrentTime) (at <e4b9dce640de4a37a12afe7f4a8674fc>:0)
SAIN.Components.BotComponent.ManualUpdate (System.Single currentTime, System.Single deltaTime) (at <e4b9dce640de4a37a12afe7f4a8674fc>:0)
SAIN.Components.BotManagerComponent.ManualUpdate (System.Single currentTime, System.Single deltaTime) (at <e4b9dce640de4a37a12afe7f4a8674fc>:0)
SAIN.Components.GameWorldComponent.WorldTick (System.Single deltaTime) (at <e4b9dce640de4a37a12afe7f4a8674fc>:0)
SAIN.Patches.GameWorld.WorldTickPatch.Patch (System.Single dt) (at <e4b9dce640de4a37a12afe7f4a8674fc>:0)
(wrapper dynamic-method) EFT.GameWorld.DMD<EFT.GameWorld::DoWorldTick>(EFT.GameWorld,single)
EFT.GameWorldUnityTickListener.Update () (at <ad47400a25db462cbf0a531df654c3c3>:0)
UnityEngine.DebugLogHandler:LogException(Exception, Object)
Class412:LogException(Exception, Object)
UnityEngine.Debug:CallOverridenDebugHandler(Exception, Object)
 
2026-08-17 22:26:29.837 -04:00|0.16.9.0.40087|Error|Default| 
EXCEPTION: System.NullReferenceException: Object reference not set to an instance of an object
  at SAIN.SAINComponent.Classes.Mover.SAINMoverClass.WantsPatrolStance () [0x0002a] in <e4b9dce640de4a37a12afe7f4a8674fc>:0 
  at SAIN.SAINComponent.Classes.Mover.SAINMoverClass.UpdateStance (System.Single time) [0x00025] in <e4b9dce640de4a37a12afe7f4a8674fc>:0 
  at SAIN.SAINComponent.Classes.Mover.SAINMoverClass.ManualUpdate () [0x00078] in <e4b9dce640de4a37a12afe7f4a8674fc>:0 
  at SAIN.Components.BotComponent.TickClassGroup (System.Collections.Generic.List`1[T] List, System.Single CurrentTime) [0x0000f] in <e4b9dce640de4a37a12afe7f4a8674fc>:0 
  at SAIN.Components.BotComponent.ManualUpdate (System.Single currentTime, System.Single deltaTime) [0x0004b] in <e4b9dce640de4a37a12afe7f4a8674fc>:0 
  at SAIN.Components.BotManagerComponent.ManualUpdate (System.Single currentTime, System.Single deltaTime) [0x00065] in <e4b9dce640de4a37a12afe7f4a8674fc>:0 
  at SAIN.Components.GameWorldComponent.WorldTick (System.Single deltaTime) [0x00014] in <e4b9dce640de4a37a12afe7f4a8674fc>:0 
  at SAIN.Patches.GameWorld.WorldTickPatch.Patch (System.Single dt) [0x0001e] in <e4b9dce640de4a37a12afe7f4a8674fc>:0 
  at (wrapper dynamic-method) EFT.GameWorld.DMD<EFT.GameWorld::DoWorldTick>(EFT.GameWorld,single)
  at EFT.GameWorldUnityTickListener.Update () [0x00031] in <ad47400a25db462cbf0a531df654c3c3>:0 
2026-08-17 22:26:29.837 -04:00|0.16.9.0.40087|Error|Default|NullReferenceException: Object reference not set to an instance of an object
SAIN.SAINComponent.Classes.Mover.SAINMoverClass.WantsPatrolStance () (at <e4b9dce640de4a37a12afe7f4a8674fc>:0)
SAIN.SAINComponent.Classes.Mover.SAINMoverClass.UpdateStance (System.Single time) (at <e4b9dce640de4a37a12afe7f4a8674fc>:0)
SAIN.SAINComponent.Classes.Mover.SAINMoverClass.ManualUpdate () (at <e4b9dce640de4a37a12afe7f4a8674fc>:0)
SAIN.Components.BotComponent.TickClassGroup (System.Collections.Generic.List`1[T] List, System.Single CurrentTime) (at <e4b9dce640de4a37a12afe7f4a8674fc>:0)
SAIN.Components.BotComponent.ManualUpdate (System.Single currentTime, System.Single deltaTime) (at <e4b9dce640de4a37a12afe7f4a8674fc>:0)
SAIN.Components.BotManagerComponent.ManualUpdate (System.Single currentTime, System.Single deltaTime) (at <e4b9dce640de4a37a12afe7f4a8674fc>:0)
SAIN.Components.GameWorldComponent.WorldTick (System.Single deltaTime) (at <e4b9dce640de4a37a12afe7f4a8674fc>:0)
SAIN.Patches.GameWorld.WorldTickPatch.Patch (System.Single dt) (at <e4b9dce640de4a37a12afe7f4a8674fc>:0)
(wrapper dynamic-method) EFT.GameWorld.DMD<EFT.GameWorld::DoWorldTick>(EFT.GameWorld,single)
EFT.GameWorldUnityTickListener.Update () (at <ad47400a25db462cbf0a531df654c3c3>:0)
UnityEngine.DebugLogHandler:LogException(Exception, Object)
Class412:LogException(Exception, Object)
UnityEngine.Debug:CallOverridenDebugHandler(Exception, Object)
 
2026-08-17 22:26:29.837 -04:00|0.16.9.0.40087|Error|Default| 
EXCEPTION: System.NullReferenceException: Object reference not set to an instance of an object
  at SAIN.SAINComponent.Classes.Mover.SAINMoverClass.WantsPatrolStance () [0x0002a] in <e4b9dce640de4a37a12afe7f4a8674fc>:0 
  at SAIN.SAINComponent.Classes.Mover.SAINMoverClass.UpdateStance (System.Single time) [0x00025] in <e4b9dce640de4a37a12afe7f4a8674fc>:0 
  at SAIN.SAINComponent.Classes.Mover.SAINMoverClass.ManualUpdate () [0x00078] in <e4b9dce640de4a37a12afe7f4a8674fc>:0 
  at SAIN.Components.BotComponent.TickClassGroup (System.Collections.Generic.List`1[T] List, System.Single CurrentTime) [0x0000f] in <e4b9dce640de4a37a12afe7f4a8674fc>:0 
  at SAIN.Components.BotComponent.ManualUpdate (System.Single currentTime, System.Single deltaTime) [0x0004b] in <e4b9dce640de4a37a12afe7f4a8674fc>:0 
  at SAIN.Components.BotManagerComponent.ManualUpdate (System.Single currentTime, System.Single deltaTime) [0x00065] in <e4b9dce640de4a37a12afe7f4a8674fc>:0 
  at SAIN.Components.GameWorldComponent.WorldTick (System.Single deltaTime) [0x00014] in <e4b9dce640de4a37a12afe7f4a8674fc>:0 
  at SAIN.Patches.GameWorld.WorldTickPatch.Patch (System.Single dt) [0x0001e] in <e4b9dce640de4a37a12afe7f4a8674fc>:0 
  at (wrapper dynamic-method) EFT.GameWorld.DMD<EFT.GameWorld::DoWorldTick>(EFT.GameWorld,single)
  at EFT.GameWorldUnityTickListener.Update () [0x00031] in <ad47400a25db462cbf0a531df654c3c3>:0 
2026-08-17 22:26:29.837 -04:00|0.16.9.0.40087|Error|Default|NullReferenceException: Object reference not set to an instance of an object
SAIN.SAINComponent.Classes.Mover.SAINMoverClass.WantsPatrolStance () (at <e4b9dce640de4a37a12afe7f4a8674fc>:0)
SAIN.SAINComponent.Classes.Mover.SAINMoverClass.UpdateStance (System.Single time) (at <e4b9dce640de4a37a12afe7f4a8674fc>:0)
SAIN.SAINComponent.Classes.Mover.SAINMoverClass.ManualUpdate () (at <e4b9dce640de4a37a12afe7f4a8674fc>:0)
SAIN.Components.BotComponent.TickClassGroup (System.Collections.Generic.List`1[T] List, System.Single CurrentTime) (at <e4b9dce640de4a37a12afe7f4a8674fc>:0)
SAIN.Components.BotComponent.ManualUpdate (System.Single currentTime, System.Single deltaTime) (at <e4b9dce640de4a37a12afe7f4a8674fc>:0)
SAIN.Components.BotManagerComponent.ManualUpdate (System.Single currentTime, System.Single deltaTime) (at <e4b9dce640de4a37a12afe7f4a8674fc>:0)
SAIN.Components.GameWorldComponent.WorldTick (System.Single deltaTime) (at <e4b9dce640de4a37a12afe7f4a8674fc>:0)
SAIN.Patches.GameWorld.WorldTickPatch.Patch (System.Single dt) (at <e4b9dce640de4a37a12afe7f4a8674fc>:0)
(wrapper dynamic-method) EFT.GameWorld.DMD<EFT.GameWorld::DoWorldTick>(EFT.GameWorld,single)
EFT.GameWorldUnityTickListener.Update () (at <ad47400a25db462cbf0a531df654c3c3>:0)
UnityEngine.DebugLogHandler:LogException(Exception, Object)
Class412:LogException(Exception, Object)
UnityEngine.Debug:CallOverridenDebugHandler(Exception, Object)
 
2026-08-17 22:26:30.076 -04:00|0.16.9.0.40087|Error|Default| 
EXCEPTION: System.NullReferenceException: Object reference not set to an instance of an object
  at SAIN.SAINComponent.Classes.Mover.SAINMoverClass.WantsPatrolStance () [0x0002a] in <e4b9dce640de4a37a12afe7f4a8674fc>:0 
  at SAIN.SAINComponent.Classes.Mover.SAINMoverClass.UpdateStance (System.Single time) [0x00025] in <e4b9dce640de4a37a12afe7f4a8674fc>:0 
  at SAIN.SAINComponent.Classes.Mover.SAINMoverClass.ManualUpdate () [0x00078] in <e4b9dce640de4a37a12afe7f4a8674fc>:0 
  at SAIN.Components.BotComponent.TickClassGroup (System.Collections.Generic.List`1[T] List, System.Single CurrentTime) [0x0000f] in <e4b9dce640de4a37a12afe7f4a8674fc>:0 
  at SAIN.Components.BotComponent.ManualUpdate (System.Single currentTime, System.Single deltaTime) [0x0004b] in <e4b9dce640de4a37a12afe7f4a8674fc>:0 
  at SAIN.Components.BotManagerComponent.ManualUpdate (System.Single currentTime, System.Single deltaTime) [0x00065] in <e4b9dce640de4a37a12afe7f4a8674fc>:0 
  at SAIN.Components.GameWorldComponent.WorldTick (System.Single deltaTime) [0x00014] in <e4b9dce640de4a37a12afe7f4a8674fc>:0 
  at SAIN.Patches.GameWorld.WorldTickPatch.Patch (System.Single dt) [0x0001e] in <e4b9dce640de4a37a12afe7f4a8674fc>:0 
  at (wrapper dynamic-method) EFT.GameWorld.DMD<EFT.GameWorld::DoWorldTick>(EFT.GameWorld,single)
  at EFT.GameWorldUnityTickListener.Update () [0x00031] in <ad47400a25db462cbf0a531df654c3c3>:0 
2026-08-17 22:26:30.076 -04:00|0.16.9.0.40087|Error|Default|NullReferenceException: Object reference not set to an instance of an object
SAIN.SAINComponent.Classes.Mover.SAINMoverClass.WantsPatrolStance () (at <e4b9dce640de4a37a12afe7f4a8674fc>:0)
SAIN.SAINComponent.Classes.Mover.SAINMoverClass.UpdateStance (System.Single time) (at <e4b9dce640de4a37a12afe7f4a8674fc>:0)
SAIN.SAINComponent.Classes.Mover.SAINMoverClass.ManualUpdate () (at <e4b9dce640de4a37a12afe7f4a8674fc>:0)
SAIN.Components.BotComponent.TickClassGroup (System.Collections.Generic.List`1[T] List, System.Single CurrentTime) (at <e4b9dce640de4a37a12afe7f4a8674fc>:0)
SAIN.Components.BotComponent.ManualUpdate (System.Single currentTime, System.Single deltaTime) (at <e4b9dce640de4a37a12afe7f4a8674fc>:0)
SAIN.Components.BotManagerComponent.ManualUpdate (System.Single currentTime, System.Single deltaTime) (at <e4b9dce640de4a37a12afe7f4a8674fc>:0)
SAIN.Components.GameWorldComponent.WorldTick (System.Single deltaTime) (at <e4b9dce640de4a37a12afe7f4a8674fc>:0)
SAIN.Patches.GameWorld.WorldTickPatch.Patch (System.Single dt) (at <e4b9dce640de4a37a12afe7f4a8674fc>:0)
(wrapper dynamic-method) EFT.GameWorld.DMD<EFT.GameWorld::DoWorldTick>(EFT.GameWorld,single)
EFT.GameWorldUnityTickListener.Update () (at <ad47400a25db462cbf0a531df654c3c3>:0)
UnityEngine.DebugLogHandler:LogException(Exception, Object)
Class412:LogException(Exception, Object)
UnityEngine.Debug:CallOverridenDebugHandler(Exception, Object)
 
2026-08-17 22:26:30.084 -04:00|0.16.9.0.40087|Error|Default| 
EXCEPTION: System.NullReferenceException: Object reference not set to an instance of an object
  at SAIN.SAINComponent.Classes.Mover.SAINMoverClass.WantsPatrolStance () [0x0002a] in <e4b9dce640de4a37a12afe7f4a8674fc>:0 
  at SAIN.SAINComponent.Classes.Mover.SAINMoverClass.UpdateStance (System.Single time) [0x00025] in <e4b9dce640de4a37a12afe7f4a8674fc>:0 
  at SAIN.SAINComponent.Classes.Mover.SAINMoverClass.ManualUpdate () [0x00078] in <e4b9dce640de4a37a12afe7f4a8674fc>:0 
  at SAIN.Components.BotComponent.TickClassGroup (System.Collections.Generic.List`1[T] List, System.Single CurrentTime) [0x0000f] in <e4b9dce640de4a37a12afe7f4a8674fc>:0 
  at SAIN.Components.BotComponent.ManualUpdate (System.Single currentTime, System.Single deltaTime) [0x0004b] in <e4b9dce640de4a37a12afe7f4a8674fc>:0 
  at SAIN.Components.BotManagerComponent.ManualUpdate (System.Single currentTime, System.Single deltaTime) [0x00065] in <e4b9dce640de4a37a12afe7f4a8674fc>:0 
  at SAIN.Components.GameWorldComponent.WorldTick (System.Single deltaTime) [0x00014] in <e4b9dce640de4a37a12afe7f4a8674fc>:0 
  at SAIN.Patches.GameWorld.WorldTickPatch.Patch (System.Single dt) [0x0001e] in <e4b9dce640de4a37a12afe7f4a8674fc>:0 
  at (wrapper dynamic-method) EFT.GameWorld.DMD<EFT.GameWorld::DoWorldTick>(EFT.GameWorld,single)
  at EFT.GameWorldUnityTickListener.Update () [0x00031] in <ad47400a25db462cbf0a531df654c3c3>:0 
2026-08-17 22:26:30.084 -04:00|0.16.9.0.40087|Error|Default|NullReferenceException: Object reference not set to an instance of an object
SAIN.SAINComponent.Classes.Mover.SAINMoverClass.WantsPatrolStance () (at <e4b9dce640de4a37a12afe7f4a8674fc>:0)
SAIN.SAINComponent.Classes.Mover.SAINMoverClass.UpdateStance (System.Single time) (at <e4b9dce640de4a37a12afe7f4a8674fc>:0)
SAIN.SAINComponent.Classes.Mover.SAINMoverClass.ManualUpdate () (at <e4b9dce640de4a37a12afe7f4a8674fc>:0)
SAIN.Components.BotComponent.TickClassGroup (System.Collections.Generic.List`1[T] List, System.Single CurrentTime) (at <e4b9dce640de4a37a12afe7f4a8674fc>:0)
SAIN.Components.BotComponent.ManualUpdate (System.Single currentTime, System.Single deltaTime) (at <e4b9dce640de4a37a12afe7f4a8674fc>:0)
SAIN.Components.BotManagerComponent.ManualUpdate (System.Single currentTime, System.Single deltaTime) (at <e4b9dce640de4a37a12afe7f4a8674fc>:0)
SAIN.Components.GameWorldComponent.WorldTick (System.Single deltaTime) (at <e4b9dce640de4a37a12afe7f4a8674fc>:0)
SAIN.Patches.GameWorld.WorldTickPatch.Patch (System.Single dt) (at <e4b9dce640de4a37a12afe7f4a8674fc>:0)
(wrapper dynamic-method) EFT.GameWorld.DMD<EFT.GameWorld::DoWorldTick>(EFT.GameWorld,single)
EFT.GameWorldUnityTickListener.Update () (at <ad47400a25db462cbf0a531df654c3c3>:0)
UnityEngine.DebugLogHandler:LogException(Exception, Object)
Class412:LogException(Exception, Object)
UnityEngine.Debug:CallOverridenDebugHandler(Exception, Object)
 
2026-08-17 22:26:30.084 -04:00|0.16.9.0.40087|Error|Default| 
EXCEPTION: System.NullReferenceException: Object reference not set to an instance of an object
  at SAIN.SAINComponent.Classes.Mover.SAINMoverClass.WantsPatrolStance () [0x0002a] in <e4b9dce640de4a37a12afe7f4a8674fc>:0 
  at SAIN.SAINComponent.Classes.Mover.SAINMoverClass.UpdateStance (System.Single time) [0x00025] in <e4b9dce640de4a37a12afe7f4a8674fc>:0 
  at SAIN.SAINComponent.Classes.Mover.SAINMoverClass.ManualUpdate () [0x00078] in <e4b9dce640de4a37a12afe7f4a8674fc>:0 
  at SAIN.Components.BotComponent.TickClassGroup (System.Collections.Generic.List`1[T] List, System.Single CurrentTime) [0x0000f] in <e4b9dce640de4a37a12afe7f4a8674fc>:0 
  at SAIN.Components.BotComponent.ManualUpdate (System.Single currentTime, System.Single deltaTime) [0x0004b] in <e4b9dce640de4a37a12afe7f4a8674fc>:0 
  at SAIN.Components.BotManagerComponent.ManualUpdate (System.Single currentTime, System.Single deltaTime) [0x00065] in <e4b9dce640de4a37a12afe7f4a8674fc>:0 
  at SAIN.Components.GameWorldComponent.WorldTick (System.Single deltaTime) [0x00014] in <e4b9dce640de4a37a12afe7f4a8674fc>:0 
  at SAIN.Patches.GameWorld.WorldTickPatch.Patch (System.Single dt) [0x0001e] in <e4b9dce640de4a37a12afe7f4a8674fc>:0 
  at (wrapper dynamic-method) EFT.GameWorld.DMD<EFT.GameWorld::DoWorldTick>(EFT.GameWorld,single)
  at EFT.GameWorldUnityTickListener.Update () [0x00031] in <ad47400a25db462cbf0a531df654c3c3>:0 
2026-08-17 22:26:30.084 -04:00|0.16.9.0.40087|Error|Default|NullReferenceException: Object reference not set to an instance of an object
SAIN.SAINComponent.Classes.Mover.SAINMoverClass.WantsPatrolStance () (at <e4b9dce640de4a37a12afe7f4a8674fc>:0)
SAIN.SAINComponent.Classes.Mover.SAINMoverClass.UpdateStance (System.Single time) (at <e4b9dce640de4a37a12afe7f4a8674fc>:0)
SAIN.SAINComponent.Classes.Mover.SAINMoverClass.ManualUpdate () (at <e4b9dce640de4a37a12afe7f4a8674fc>:0)
SAIN.Components.BotComponent.TickClassGroup (System.Collections.Generic.List`1[T] List, System.Single CurrentTime) (at <e4b9dce640de4a37a12afe7f4a8674fc>:0)
SAIN.Components.BotComponent.ManualUpdate (System.Single currentTime, System.Single deltaTime) (at <e4b9dce640de4a37a12afe7f4a8674fc>:0)
SAIN.Components.BotManagerComponent.ManualUpdate (System.Single currentTime, System.Single deltaTime) (at <e4b9dce640de4a37a12afe7f4a8674fc>:0)
SAIN.Components.GameWorldComponent.WorldTick (System.Single deltaTime) (at <e4b9dce640de4a37a12afe7f4a8674fc>:0)
SAIN.Patches.GameWorld.WorldTickPatch.Patch (System.Single dt) (at <e4b9dce640de4a37a12afe7f4a8674fc>:0)
(wrapper dynamic-method) EFT.GameWorld.DMD<EFT.GameWorld::DoWorldTick>(EFT.GameWorld,single)
EFT.GameWorldUnityTickListener.Update () (at <ad47400a25db462cbf0a531df654c3c3>:0)
UnityEngine.DebugLogHandler:LogException(Exception, Object)
Class412:LogException(Exception, Object)
UnityEngine.Debug:CallOverridenDebugHandler(Exception, Object)
 
2026-08-17 22:26:30.100 -04:00|0.16.9.0.40087|Error|Default| 
EXCEPTION: System.NullReferenceException: Object reference not set to an instance of an object
  at SAIN.SAINComponent.Classes.Mover.SAINMoverClass.WantsPatrolStance () [0x0002a] in <e4b9dce640de4a37a12afe7f4a8674fc>:0 
  at SAIN.SAINComponent.Classes.Mover.SAINMoverClass.UpdateStance (System.Single time) [0x00025] in <e4b9dce640de4a37a12afe7f4a8674fc>:0 
  at SAIN.SAINComponent.Classes.Mover.SAINMoverClass.ManualUpdate () [0x00078] in <e4b9dce640de4a37a12afe7f4a8674fc>:0 
  at SAIN.Components.BotComponent.TickClassGroup (System.Collections.Generic.List`1[T] List, System.Single CurrentTime) [0x0000f] in <e4b9dce640de4a37a12afe7f4a8674fc>:0 
  at SAIN.Components.BotComponent.ManualUpdate (System.Single currentTime, System.Single deltaTime) [0x0004b] in <e4b9dce640de4a37a12afe7f4a8674fc>:0 
  at SAIN.Components.BotManagerComponent.ManualUpdate (System.Single currentTime, System.Single deltaTime) [0x00065] in <e4b9dce640de4a37a12afe7f4a8674fc>:0 
  at SAIN.Components.GameWorldComponent.WorldTick (System.Single deltaTime) [0x00014] in <e4b9dce640de4a37a12afe7f4a8674fc>:0 
  at SAIN.Patches.GameWorld.WorldTickPatch.Patch (System.Single dt) [0x0001e] in <e4b9dce640de4a37a12afe7f4a8674fc>:0 
  at (wrapper dynamic-method) EFT.GameWorld.DMD<EFT.GameWorld::DoWorldTick>(EFT.GameWorld,single)
  at EFT.GameWorldUnityTickListener.Update () [0x00031] in <ad47400a25db462cbf0a531df654c3c3>:0 
2026-08-17 22:26:30.100 -04:00|0.16.9.0.40087|Error|Default|NullReferenceException: Object reference not set to an instance of an object
SAIN.SAINComponent.Classes.Mover.SAINMoverClass.WantsPatrolStance () (at <e4b9dce640de4a37a12afe7f4a8674fc>:0)
SAIN.SAINComponent.Classes.Mover.SAINMoverClass.UpdateStance (System.Single time) (at <e4b9dce640de4a37a12afe7f4a8674fc>:0)
SAIN.SAINComponent.Classes.Mover.SAINMoverClass.ManualUpdate () (at <e4b9dce640de4a37a12afe7f4a8674fc>:0)
SAIN.Components.BotComponent.TickClassGroup (System.Collections.Generic.List`1[T] List, System.Single CurrentTime) (at <e4b9dce640de4a37a12afe7f4a8674fc>:0)
SAIN.Components.BotComponent.ManualUpdate (System.Single currentTime, System.Single deltaTime) (at <e4b9dce640de4a37a12afe7f4a8674fc>:0)
SAIN.Components.BotManagerComponent.ManualUpdate (System.Single currentTime, System.Single deltaTime) (at <e4b9dce640de4a37a12afe7f4a8674fc>:0)
SAIN.Components.GameWorldComponent.WorldTick (System.Single deltaTime) (at <e4b9dce640de4a37a12afe7f4a8674fc>:0)
SAIN.Patches.GameWorld.WorldTickPatch.Patch (System.Single dt) (at <e4b9dce640de4a37a12afe7f4a8674fc>:0)
(wrapper dynamic-method) EFT.GameWorld.DMD<EFT.GameWorld::DoWorldTick>(EFT.GameWorld,single)
EFT.GameWorldUnityTickListener.Update () (at <ad47400a25db462cbf0a531df654c3c3>:0)
UnityEngine.DebugLogHandler:LogException(Exception, Object)
Class412:LogException(Exception, Object)
UnityEngine.Debug:CallOverridenDebugHandler(Exception, Object)
 
2026-08-17 22:26:30.331 -04:00|0.16.9.0.40087|Error|Default| 
EXCEPTION: System.NullReferenceException: Object reference not set to an instance of an object
  at SAIN.SAINComponent.Classes.Mover.SAINMoverClass.WantsPatrolStance () [0x0002a] in <e4b9dce640de4a37a12afe7f4a8674fc>:0 
  at SAIN.SAINComponent.Classes.Mover.SAINMoverClass.UpdateStance (System.Single time) [0x00025] in <e4b9dce640de4a37a12afe7f4a8674fc>:0 
  at SAIN.SAINComponent.Classes.Mover.SAINMoverClass.ManualUpdate () [0x00078] in <e4b9dce640de4a37a12afe7f4a8674fc>:0 
  at SAIN.Components.BotComponent.TickClassGroup (System.Collections.Generic.List`1[T] List, System.Single CurrentTime) [0x0000f] in <e4b9dce640de4a37a12afe7f4a8674fc>:0 
  at SAIN.Components.BotComponent.ManualUpdate (System.Single currentTime, System.Single deltaTime) [0x0004b] in <e4b9dce640de4a37a12afe7f4a8674fc>:0 
  at SAIN.Components.BotManagerComponent.ManualUpdate (System.Single currentTime, System.Single deltaTime) [0x00065] in <e4b9dce640de4a37a12afe7f4a8674fc>:0 
  at SAIN.Components.GameWorldComponent.WorldTick (System.Single deltaTime) [0x00014] in <e4b9dce640de4a37a12afe7f4a8674fc>:0 
  at SAIN.Patches.GameWorld.WorldTickPatch.Patch (System.Single dt) [0x0001e] in <e4b9dce640de4a37a12afe7f4a8674fc>:0 
  at (wrapper dynamic-method) EFT.GameWorld.DMD<EFT.GameWorld::DoWorldTick>(EFT.GameWorld,single)
  at EFT.GameWorldUnityTickListener.Update () [0x00031] in <ad47400a25db462cbf0a531df654c3c3>:0 
2026-08-17 22:26:30.331 -04:00|0.16.9.0.40087|Error|Default|NullReferenceException: Object reference not set to an instance of an object
SAIN.SAINComponent.Classes.Mover.SAINMoverClass.WantsPatrolStance () (at <e4b9dce640de4a37a12afe7f4a8674fc>:0)
SAIN.SAINComponent.Classes.Mover.SAINMoverClass.UpdateStance (System.Single time) (at <e4b9dce640de4a37a12afe7f4a8674fc>:0)
SAIN.SAINComponent.Classes.Mover.SAINMoverClass.ManualUpdate () (at <e4b9dce640de4a37a12afe7f4a8674fc>:0)
SAIN.Components.BotComponent.TickClassGroup (System.Collections.Generic.List`1[T] List, System.Single CurrentTime) (at <e4b9dce640de4a37a12afe7f4a8674fc>:0)
SAIN.Components.BotComponent.ManualUpdate (System.Single currentTime, System.Single deltaTime) (at <e4b9dce640de4a37a12afe7f4a8674fc>:0)
SAIN.Components.BotManagerComponent.ManualUpdate (System.Single currentTime, System.Single deltaTime) (at <e4b9dce640de4a37a12afe7f4a8674fc>:0)
SAIN.Components.GameWorldComponent.WorldTick (System.Single deltaTime) (at <e4b9dce640de4a37a12afe7f4a8674fc>:0)
SAIN.Patches.GameWorld.WorldTickPatch.Patch (System.Single dt) (at <e4b9dce640de4a37a12afe7f4a8674fc>:0)
(wrapper dynamic-method) EFT.GameWorld.DMD<EFT.GameWorld::DoWorldTick>(EFT.GameWorld,single)
EFT.GameWorldUnityTickListener.Update () (at <ad47400a25db462cbf0a531df654c3c3>:0)
UnityEngine.DebugLogHandler:LogException(Exception, Object)
Class412:LogException(Exception, Object)
UnityEngine.Debug:CallOverridenDebugHandler(Exception, Object)
 
2026-08-17 22:26:30.331 -04:00|0.16.9.0.40087|Error|Default| 
EXCEPTION: System.NullReferenceException: Object reference not set to an instance of an object
  at SAIN.SAINComponent.Classes.Mover.SAINMoverClass.WantsPatrolStance () [0x0002a] in <e4b9dce640de4a37a12afe7f4a8674fc>:0 
  at SAIN.SAINComponent.Classes.Mover.SAINMoverClass.UpdateStance (System.Single time) [0x00025] in <e4b9dce640de4a37a12afe7f4a8674fc>:0 
  at SAIN.SAINComponent.Classes.Mover.SAINMoverClass.ManualUpdate () [0x00078] in <e4b9dce640de4a37a12afe7f4a8674fc>:0 
  at SAIN.Components.BotComponent.TickClassGroup (System.Collections.Generic.List`1[T] List, System.Single CurrentTime) [0x0000f] in <e4b9dce640de4a37a12afe7f4a8674fc>:0 
  at SAIN.Components.BotComponent.ManualUpdate (System.Single currentTime, System.Single deltaTime) [0x0004b] in <e4b9dce640de4a37a12afe7f4a8674fc>:0 
  at SAIN.Components.BotManagerComponent.ManualUpdate (System.Single currentTime, System.Single deltaTime) [0x00065] in <e4b9dce640de4a37a12afe7f4a8674fc>:0 
  at SAIN.Components.GameWorldComponent.WorldTick (System.Single deltaTime) [0x00014] in <e4b9dce640de4a37a12afe7f4a8674fc>:0 
  at SAIN.Patches.GameWorld.WorldTickPatch.Patch (System.Single dt) [0x0001e] in <e4b9dce640de4a37a12afe7f4a8674fc>:0 
  at (wrapper dynamic-method) EFT.GameWorld.DMD<EFT.GameWorld::DoWorldTick>(EFT.GameWorld,single)
  at EFT.GameWorldUnityTickListener.Update () [0x00031] in <ad47400a25db462cbf0a531df654c3c3>:0 
2026-08-17 22:26:30.331 -04:00|0.16.9.0.40087|Error|Default|NullReferenceException: Object reference not set to an instance of an object
SAIN.SAINComponent.Classes.Mover.SAINMoverClass.WantsPatrolStance () (at <e4b9dce640de4a37a12afe7f4a8674fc>:0)
SAIN.SAINComponent.Classes.Mover.SAINMoverClass.UpdateStance (System.Single time) (at <e4b9dce640de4a37a12afe7f4a8674fc>:0)
SAIN.SAINComponent.Classes.Mover.SAINMoverClass.ManualUpdate () (at <e4b9dce640de4a37a12afe7f4a8674fc>:0)
SAIN.Components.BotComponent.TickClassGroup (System.Collections.Generic.List`1[T] List, System.Single CurrentTime) (at <e4b9dce640de4a37a12afe7f4a8674fc>:0)
SAIN.Components.BotComponent.ManualUpdate (System.Single currentTime, System.Single deltaTime) (at <e4b9dce640de4a37a12afe7f4a8674fc>:0)
SAIN.Components.BotManagerComponent.ManualUpdate (System.Single currentTime, System.Single deltaTime) (at <e4b9dce640de4a37a12afe7f4a8674fc>:0)
SAIN.Components.GameWorldComponent.WorldTick (System.Single deltaTime) (at <e4b9dce640de4a37a12afe7f4a8674fc>:0)
SAIN.Patches.GameWorld.WorldTickPatch.Patch (System.Single dt) (at <e4b9dce640de4a37a12afe7f4a8674fc>:0)
(wrapper dynamic-method) EFT.GameWorld.DMD<EFT.GameWorld::DoWorldTick>(EFT.GameWorld,single)
EFT.GameWorldUnityTickListener.Update () (at <ad47400a25db462cbf0a531df654c3c3>:0)
UnityEngine.DebugLogHandler:LogException(Exception, Object)
Class412:LogException(Exception, Object)
UnityEngine.Debug:CallOverridenDebugHandler(Exception, Object)
 
2026-08-17 22:26:30.349 -04:00|0.16.9.0.40087|Error|Default| 
EXCEPTION: System.NullReferenceException: Object reference not set to an instance of an object
  at SAIN.SAINComponent.Classes.Mover.SAINMoverClass.WantsPatrolStance () [0x0002a] in <e4b9dce640de4a37a12afe7f4a8674fc>:0 
  at SAIN.SAINComponent.Classes.Mover.SAINMoverClass.UpdateStance (System.Single time) [0x00025] in <e4b9dce640de4a37a12afe7f4a8674fc>:0 
  at SAIN.SAINComponent.Classes.Mover.SAINMoverClass.ManualUpdate () [0x00078] in <e4b9dce640de4a37a12afe7f4a8674fc>:0 
  at SAIN.Components.BotComponent.TickClassGroup (System.Collections.Generic.List`1[T] List, System.Single CurrentTime) [0x0000f] in <e4b9dce640de4a37a12afe7f4a8674fc>:0 
  at SAIN.Components.BotComponent.ManualUpdate (System.Single currentTime, System.Single deltaTime) [0x0004b] in <e4b9dce640de4a37a12afe7f4a8674fc>:0 
  at SAIN.Components.BotManagerComponent.ManualUpdate (System.Single currentTime, System.Single deltaTime) [0x00065] in <e4b9dce640de4a37a12afe7f4a8674fc>:0 
  at SAIN.Components.GameWorldComponent.WorldTick (System.Single deltaTime) [0x00014] in <e4b9dce640de4a37a12afe7f4a8674fc>:0 
  at SAIN.Patches.GameWorld.WorldTickPatch.Patch (System.Single dt) [0x0001e] in <e4b9dce640de4a37a12afe7f4a8674fc>:0 
  at (wrapper dynamic-method) EFT.GameWorld.DMD<EFT.GameWorld::DoWorldTick>(EFT.GameWorld,single)
  at EFT.GameWorldUnityTickListener.Update () [0x00031] in <ad47400a25db462cbf0a531df654c3c3>:0 
2026-08-17 22:26:30.349 -04:00|0.16.9.0.40087|Error|Default|NullReferenceException: Object reference not set to an instance of an object
SAIN.SAINComponent.Classes.Mover.SAINMoverClass.WantsPatrolStance () (at <e4b9dce640de4a37a12afe7f4a8674fc>:0)
SAIN.SAINComponent.Classes.Mover.SAINMoverClass.UpdateStance (System.Single time) (at <e4b9dce640de4a37a12afe7f4a8674fc>:0)
SAIN.SAINComponent.Classes.Mover.SAINMoverClass.ManualUpdate () (at <e4b9dce640de4a37a12afe7f4a8674fc>:0)
SAIN.Components.BotComponent.TickClassGroup (System.Collections.Generic.List`1[T] List, System.Single CurrentTime) (at <e4b9dce640de4a37a12afe7f4a8674fc>:0)
SAIN.Components.BotComponent.ManualUpdate (System.Single currentTime, System.Single deltaTime) (at <e4b9dce640de4a37a12afe7f4a8674fc>:0)
SAIN.Components.BotManagerComponent.ManualUpdate (System.Single currentTime, System.Single deltaTime) (at <e4b9dce640de4a37a12afe7f4a8674fc>:0)
SAIN.Components.GameWorldComponent.WorldTick (System.Single deltaTime) (at <e4b9dce640de4a37a12afe7f4a8674fc>:0)
SAIN.Patches.GameWorld.WorldTickPatch.Patch (System.Single dt) (at <e4b9dce640de4a37a12afe7f4a8674fc>:0)
(wrapper dynamic-method) EFT.GameWorld.DMD<EFT.GameWorld::DoWorldTick>(EFT.GameWorld,single)
EFT.GameWorldUnityTickListener.Update () (at <ad47400a25db462cbf0a531df654c3c3>:0)
UnityEngine.DebugLogHandler:LogException(Exception, Object)
Class412:LogException(Exception, Object)
UnityEngine.Debug:CallOverridenDebugHandler(Exception, Object)
 
2026-08-17 22:26:30.349 -04:00|0.16.9.0.40087|Error|Default| 
EXCEPTION: System.NullReferenceException: Object reference not set to an instance of an object
  at SAIN.SAINComponent.Classes.Mover.SAINMoverClass.WantsPatrolStance () [0x0002a] in <e4b9dce640de4a37a12afe7f4a8674fc>:0 
  at SAIN.SAINComponent.Classes.Mover.SAINMoverClass.UpdateStance (System.Single time) [0x00025] in <e4b9dce640de4a37a12afe7f4a8674fc>:0 
  at SAIN.SAINComponent.Classes.Mover.SAINMoverClass.ManualUpdate () [0x00078] in <e4b9dce640de4a37a12afe7f4a8674fc>:0 
  at SAIN.Components.BotComponent.TickClassGroup (System.Collections.Generic.List`1[T] List, System.Single CurrentTime) [0x0000f] in <e4b9dce640de4a37a12afe7f4a8674fc>:0 
  at SAIN.Components.BotComponent.ManualUpdate (System.Single currentTime, System.Single deltaTime) [0x0004b] in <e4b9dce640de4a37a12afe7f4a8674fc>:0 
  at SAIN.Components.BotManagerComponent.ManualUpdate (System.Single currentTime, System.Single deltaTime) [0x00065] in <e4b9dce640de4a37a12afe7f4a8674fc>:0 
  at SAIN.Components.GameWorldComponent.WorldTick (System.Single deltaTime) [0x00014] in <e4b9dce640de4a37a12afe7f4a8674fc>:0 
  at SAIN.Patches.GameWorld.WorldTickPatch.Patch (System.Single dt) [0x0001e] in <e4b9dce640de4a37a12afe7f4a8674fc>:0 
  at (wrapper dynamic-method) EFT.GameWorld.DMD<EFT.GameWorld::DoWorldTick>(EFT.GameWorld,single)
  at EFT.GameWorldUnityTickListener.Update () [0x00031] in <ad47400a25db462cbf0a531df654c3c3>:0 
2026-08-17 22:26:30.349 -04:00|0.16.9.0.40087|Error|Default|NullReferenceException: Object reference not set to an instance of an object
SAIN.SAINComponent.Classes.Mover.SAINMoverClass.WantsPatrolStance () (at <e4b9dce640de4a37a12afe7f4a8674fc>:0)
SAIN.SAINComponent.Classes.Mover.SAINMoverClass.UpdateStance (System.Single time) (at <e4b9dce640de4a37a12afe7f4a8674fc>:0)
SAIN.SAINComponent.Classes.Mover.SAINMoverClass.ManualUpdate () (at <e4b9dce640de4a37a12afe7f4a8674fc>:0)
SAIN.Components.BotComponent.TickClassGroup (System.Collections.Generic.List`1[T] List, System.Single CurrentTime) (at <e4b9dce640de4a37a12afe7f4a8674fc>:0)
SAIN.Components.BotComponent.ManualUpdate (System.Single currentTime, System.Single deltaTime) (at <e4b9dce640de4a37a12afe7f4a8674fc>:0)
SAIN.Components.BotManagerComponent.ManualUpdate (System.Single currentTime, System.Single deltaTime) (at <e4b9dce640de4a37a12afe7f4a8674fc>:0)
SAIN.Components.GameWorldComponent.WorldTick (System.Single deltaTime) (at <e4b9dce640de4a37a12afe7f4a8674fc>:0)
SAIN.Patches.GameWorld.WorldTickPatch.Patch (System.Single dt) (at <e4b9dce640de4a37a12afe7f4a8674fc>:0)
(wrapper dynamic-method) EFT.GameWorld.DMD<EFT.GameWorld::DoWorldTick>(EFT.GameWorld,single)
EFT.GameWorldUnityTickListener.Update () (at <ad47400a25db462cbf0a531df654c3c3>:0)
UnityEngine.DebugLogHandler:LogException(Exception, Object)
Class412:LogException(Exception, Object)
UnityEngine.Debug:CallOverridenDebugHandler(Exception, Object)
 
2026-08-17 22:26:30.586 -04:00|0.16.9.0.40087|Error|Default| 
EXCEPTION: System.NullReferenceException: Object reference not set to an instance of an object
  at SAIN.SAINComponent.Classes.Mover.SAINMoverClass.WantsPatrolStance () [0x0002a] in <e4b9dce640de4a37a12afe7f4a8674fc>:0 
  at SAIN.SAINComponent.Classes.Mover.SAINMoverClass.UpdateStance (System.Single time) [0x00025] in <e4b9dce640de4a37a12afe7f4a8674fc>:0 
  at SAIN.SAINComponent.Classes.Mover.SAINMoverClass.ManualUpdate () [0x00078] in <e4b9dce640de4a37a12afe7f4a8674fc>:0 
  at SAIN.Components.BotComponent.TickClassGroup (System.Collections.Generic.List`1[T] List, System.Single CurrentTime) [0x0000f] in <e4b9dce640de4a37a12afe7f4a8674fc>:0 
  at SAIN.Components.BotComponent.ManualUpdate (System.Single currentTime, System.Single deltaTime) [0x0004b] in <e4b9dce640de4a37a12afe7f4a8674fc>:0 
  at SAIN.Components.BotManagerComponent.ManualUpdate (System.Single currentTime, System.Single deltaTime) [0x00065] in <e4b9dce640de4a37a12afe7f4a8674fc>:0 
  at SAIN.Components.GameWorldComponent.WorldTick (System.Single deltaTime) [0x00014] in <e4b9dce640de4a37a12afe7f4a8674fc>:0 
  at SAIN.Patches.GameWorld.WorldTickPatch.Patch (System.Single dt) [0x0001e] in <e4b9dce640de4a37a12afe7f4a8674fc>:0 
  at (wrapper dynamic-method) EFT.GameWorld.DMD<EFT.GameWorld::DoWorldTick>(EFT.GameWorld,single)
  at EFT.GameWorldUnityTickListener.Update () [0x00031] in <ad47400a25db462cbf0a531df654c3c3>:0 
2026-08-17 22:26:30.586 -04:00|0.16.9.0.40087|Error|Default|NullReferenceException: Object reference not set to an instance of an object
SAIN.SAINComponent.Classes.Mover.SAINMoverClass.WantsPatrolStance () (at <e4b9dce640de4a37a12afe7f4a8674fc>:0)
SAIN.SAINComponent.Classes.Mover.SAINMoverClass.UpdateStance (System.Single time) (at <e4b9dce640de4a37a12afe7f4a8674fc>:0)
SAIN.SAINComponent.Classes.Mover.SAINMoverClass.ManualUpdate () (at <e4b9dce640de4a37a12afe7f4a8674fc>:0)
SAIN.Components.BotComponent.TickClassGroup (System.Collections.Generic.List`1[T] List, System.Single CurrentTime) (at <e4b9dce640de4a37a12afe7f4a8674fc>:0)
SAIN.Components.BotComponent.ManualUpdate (System.Single currentTime, System.Single deltaTime) (at <e4b9dce640de4a37a12afe7f4a8674fc>:0)
SAIN.Components.BotManagerComponent.ManualUpdate (System.Single currentTime, System.Single deltaTime) (at <e4b9dce640de4a37a12afe7f4a8674fc>:0)
SAIN.Components.GameWorldComponent.WorldTick (System.Single deltaTime) (at <e4b9dce640de4a37a12afe7f4a8674fc>:0)
SAIN.Patches.GameWorld.WorldTickPatch.Patch (System.Single dt) (at <e4b9dce640de4a37a12afe7f4a8674fc>:0)
(wrapper dynamic-method) EFT.GameWorld.DMD<EFT.GameWorld::DoWorldTick>(EFT.GameWorld,single)
EFT.GameWorldUnityTickListener.Update () (at <ad47400a25db462cbf0a531df654c3c3>:0)
UnityEngine.DebugLogHandler:LogException(Exception, Object)
Class412:LogException(Exception, Object)
UnityEngine.Debug:CallOverridenDebugHandler(Exception, Object)
 
2026-08-17 22:26:30.586 -04:00|0.16.9.0.40087|Error|Default| 
EXCEPTION: System.NullReferenceException: Object reference not set to an instance of an object
  at SAIN.SAINComponent.Classes.Mover.SAINMoverClass.WantsPatrolStance () [0x0002a] in <e4b9dce640de4a37a12afe7f4a8674fc>:0 
  at SAIN.SAINComponent.Classes.Mover.SAINMoverClass.UpdateStance (System.Single time) [0x00025] in <e4b9dce640de4a37a12afe7f4a8674fc>:0 
  at SAIN.SAINComponent.Classes.Mover.SAINMoverClass.ManualUpdate () [0x00078] in <e4b9dce640de4a37a12afe7f4a8674fc>:0 
  at SAIN.Components.BotComponent.TickClassGroup (System.Collections.Generic.List`1[T] List, System.Single CurrentTime) [0x0000f] in <e4b9dce640de4a37a12afe7f4a8674fc>:0 
  at SAIN.Components.BotComponent.ManualUpdate (System.Single currentTime, System.Single deltaTime) [0x0004b] in <e4b9dce640de4a37a12afe7f4a8674fc>:0 
  at SAIN.Components.BotManagerComponent.ManualUpdate (System.Single currentTime, System.Single deltaTime) [0x00065] in <e4b9dce640de4a37a12afe7f4a8674fc>:0 
  at SAIN.Components.GameWorldComponent.WorldTick (System.Single deltaTime) [0x00014] in <e4b9dce640de4a37a12afe7f4a8674fc>:0 
  at SAIN.Patches.GameWorld.WorldTickPatch.Patch (System.Single dt) [0x0001e] in <e4b9dce640de4a37a12afe7f4a8674fc>:0 
  at (wrapper dynamic-method) EFT.GameWorld.DMD<EFT.GameWorld::DoWorldTick>(EFT.GameWorld,single)
  at EFT.GameWorldUnityTickListener.Update () [0x00031] in <ad47400a25db462cbf0a531df654c3c3>:0 
2026-08-17 22:26:30.586 -04:00|0.16.9.0.40087|Error|Default|NullReferenceException: Object reference not set to an instance of an object
SAIN.SAINComponent.Classes.Mover.SAINMoverClass.WantsPatrolStance () (at <e4b9dce640de4a37a12afe7f4a8674fc>:0)
SAIN.SAINComponent.Classes.Mover.SAINMoverClass.UpdateStance (System.Single time) (at <e4b9dce640de4a37a12afe7f4a8674fc>:0)
SAIN.SAINComponent.Classes.Mover.SAINMoverClass.ManualUpdate () (at <e4b9dce640de4a37a12afe7f4a8674fc>:0)
SAIN.Components.BotComponent.TickClassGroup (System.Collections.Generic.List`1[T] List, System.Single CurrentTime) (at <e4b9dce640de4a37a12afe7f4a8674fc>:0)
SAIN.Components.BotComponent.ManualUpdate (System.Single currentTime, System.Single deltaTime) (at <e4b9dce640de4a37a12afe7f4a8674fc>:0)
SAIN.Components.BotManagerComponent.ManualUpdate (System.Single currentTime, System.Single deltaTime) (at <e4b9dce640de4a37a12afe7f4a8674fc>:0)
SAIN.Components.GameWorldComponent.WorldTick (System.Single deltaTime) (at <e4b9dce640de4a37a12afe7f4a8674fc>:0)
SAIN.Patches.GameWorld.WorldTickPatch.Patch (System.Single dt) (at <e4b9dce640de4a37a12afe7f4a8674fc>:0)
(wrapper dynamic-method) EFT.GameWorld.DMD<EFT.GameWorld::DoWorldTick>(EFT.GameWorld,single)
EFT.GameWorldUnityTickListener.Update () (at <ad47400a25db462cbf0a531df654c3c3>:0)
UnityEngine.DebugLogHandler:LogException(Exception, Object)
Class412:LogException(Exception, Object)
UnityEngine.Debug:CallOverridenDebugHandler(Exception, Object)
 
2026-08-17 22:26:30.602 -04:00|0.16.9.0.40087|Error|Default| 
EXCEPTION: System.NullReferenceException: Object reference not set to an instance of an object
  at SAIN.SAINComponent.Classes.Mover.SAINMoverClass.WantsPatrolStance () [0x0002a] in <e4b9dce640de4a37a12afe7f4a8674fc>:0 
  at SAIN.SAINComponent.Classes.Mover.SAINMoverClass.UpdateStance (System.Single time) [0x00025] in <e4b9dce640de4a37a12afe7f4a8674fc>:0 
  at SAIN.SAINComponent.Classes.Mover.SAINMoverClass.ManualUpdate () [0x00078] in <e4b9dce640de4a37a12afe7f4a8674fc>:0 
  at SAIN.Components.BotComponent.TickClassGroup (System.Collections.Generic.List`1[T] List, System.Single CurrentTime) [0x0000f] in <e4b9dce640de4a37a12afe7f4a8674fc>:0 
  at SAIN.Components.BotComponent.ManualUpdate (System.Single currentTime, System.Single deltaTime) [0x0004b] in <e4b9dce640de4a37a12afe7f4a8674fc>:0 
  at SAIN.Components.BotManagerComponent.ManualUpdate (System.Single currentTime, System.Single deltaTime) [0x00065] in <e4b9dce640de4a37a12afe7f4a8674fc>:0 
  at SAIN.Components.GameWorldComponent.WorldTick (System.Single deltaTime) [0x00014] in <e4b9dce640de4a37a12afe7f4a8674fc>:0 
  at SAIN.Patches.GameWorld.WorldTickPatch.Patch (System.Single dt) [0x0001e] in <e4b9dce640de4a37a12afe7f4a8674fc>:0 
  at (wrapper dynamic-method) EFT.GameWorld.DMD<EFT.GameWorld::DoWorldTick>(EFT.GameWorld,single)
  at EFT.GameWorldUnityTickListener.Update () [0x00031] in <ad47400a25db462cbf0a531df654c3c3>:0 
2026-08-17 22:26:30.602 -04:00|0.16.9.0.40087|Error|Default|NullReferenceException: Object reference not set to an instance of an object
SAIN.SAINComponent.Classes.Mover.SAINMoverClass.WantsPatrolStance () (at <e4b9dce640de4a37a12afe7f4a8674fc>:0)
SAIN.SAINComponent.Classes.Mover.SAINMoverClass.UpdateStance (System.Single time) (at <e4b9dce640de4a37a12afe7f4a8674fc>:0)
SAIN.SAINComponent.Classes.Mover.SAINMoverClass.ManualUpdate () (at <e4b9dce640de4a37a12afe7f4a8674fc>:0)
SAIN.Components.BotComponent.TickClassGroup (System.Collections.Generic.List`1[T] List, System.Single CurrentTime) (at <e4b9dce640de4a37a12afe7f4a8674fc>:0)
SAIN.Components.BotComponent.ManualUpdate (System.Single currentTime, System.Single deltaTime) (at <e4b9dce640de4a37a12afe7f4a8674fc>:0)
SAIN.Components.BotManagerComponent.ManualUpdate (System.Single currentTime, System.Single deltaTime) (at <e4b9dce640de4a37a12afe7f4a8674fc>:0)
SAIN.Components.GameWorldComponent.WorldTick (System.Single deltaTime) (at <e4b9dce640de4a37a12afe7f4a8674fc>:0)
SAIN.Patches.GameWorld.WorldTickPatch.Patch (System.Single dt) (at <e4b9dce640de4a37a12afe7f4a8674fc>:0)
(wrapper dynamic-method) EFT.GameWorld.DMD<EFT.GameWorld::DoWorldTick>(EFT.GameWorld,single)
EFT.GameWorldUnityTickListener.Update () (at <ad47400a25db462cbf0a531df654c3c3>:0)
UnityEngine.DebugLogHandler:LogException(Exception, Object)
Class412:LogException(Exception, Object)
UnityEngine.Debug:CallOverridenDebugHandler(Exception, Object)
 
2026-08-17 22:26:30.602 -04:00|0.16.9.0.40087|Error|Default| 
EXCEPTION: System.NullReferenceException: Object reference not set to an instance of an object
  at SAIN.SAINComponent.Classes.Mover.SAINMoverClass.WantsPatrolStance () [0x0002a] in <e4b9dce640de4a37a12afe7f4a8674fc>:0 
  at SAIN.SAINComponent.Classes.Mover.SAINMoverClass.UpdateStance (System.Single time) [0x00025] in <e4b9dce640de4a37a12afe7f4a8674fc>:0 
  at SAIN.SAINComponent.Classes.Mover.SAINMoverClass.ManualUpdate () [0x00078] in <e4b9dce640de4a37a12afe7f4a8674fc>:0 
  at SAIN.Components.BotComponent.TickClassGroup (System.Collections.Generic.List`1[T] List, System.Single CurrentTime) [0x0000f] in <e4b9dce640de4a37a12afe7f4a8674fc>:0 
  at SAIN.Components.BotComponent.ManualUpdate (System.Single currentTime, System.Single deltaTime) [0x0004b] in <e4b9dce640de4a37a12afe7f4a8674fc>:0 
  at SAIN.Components.BotManagerComponent.ManualUpdate (System.Single currentTime, System.Single deltaTime) [0x00065] in <e4b9dce640de4a37a12afe7f4a8674fc>:0 
  at SAIN.Components.GameWorldComponent.WorldTick (System.Single deltaTime) [0x00014] in <e4b9dce640de4a37a12afe7f4a8674fc>:0 
  at SAIN.Patches.GameWorld.WorldTickPatch.Patch (System.Single dt) [0x0001e] in <e4b9dce640de4a37a12afe7f4a8674fc>:0 
  at (wrapper dynamic-method) EFT.GameWorld.DMD<EFT.GameWorld::DoWorldTick>(EFT.GameWorld,single)
  at EFT.GameWorldUnityTickListener.Update () [0x00031] in <ad47400a25db462cbf0a531df654c3c3>:0 
2026-08-17 22:26:30.602 -04:00|0.16.9.0.40087|Error|Default|NullReferenceException: Object reference not set to an instance of an object
SAIN.SAINComponent.Classes.Mover.SAINMoverClass.WantsPatrolStance () (at <e4b9dce640de4a37a12afe7f4a8674fc>:0)
SAIN.SAINComponent.Classes.Mover.SAINMoverClass.UpdateStance (System.Single time) (at <e4b9dce640de4a37a12afe7f4a8674fc>:0)
SAIN.SAINComponent.Classes.Mover.SAINMoverClass.ManualUpdate () (at <e4b9dce640de4a37a12afe7f4a8674fc>:0)
SAIN.Components.BotComponent.TickClassGroup (System.Collections.Generic.List`1[T] List, System.Single CurrentTime) (at <e4b9dce640de4a37a12afe7f4a8674fc>:0)
SAIN.Components.BotComponent.ManualUpdate (System.Single currentTime, System.Single deltaTime) (at <e4b9dce640de4a37a12afe7f4a8674fc>:0)
SAIN.Components.BotManagerComponent.ManualUpdate (System.Single currentTime, System.Single deltaTime) (at <e4b9dce640de4a37a12afe7f4a8674fc>:0)
SAIN.Components.GameWorldComponent.WorldTick (System.Single deltaTime) (at <e4b9dce640de4a37a12afe7f4a8674fc>:0)
SAIN.Patches.GameWorld.WorldTickPatch.Patch (System.Single dt) (at <e4b9dce640de4a37a12afe7f4a8674fc>:0)
(wrapper dynamic-method) EFT.GameWorld.DMD<EFT.GameWorld::DoWorldTick>(EFT.GameWorld,single)
EFT.GameWorldUnityTickListener.Update () (at <ad47400a25db462cbf0a531df654c3c3>:0)
UnityEngine.DebugLogHandler:LogException(Exception, Object)
Class412:LogException(Exception, Object)
UnityEngine.Debug:CallOverridenDebugHandler(Exception, Object)
 
2026-08-17 22:26:30.841 -04:00|0.16.9.0.40087|Error|Default| 
EXCEPTION: System.NullReferenceException: Object reference not set to an instance of an object
  at SAIN.SAINComponent.Classes.Mover.SAINMoverClass.WantsPatrolStance () [0x0002a] in <e4b9dce640de4a37a12afe7f4a8674fc>:0 
  at SAIN.SAINComponent.Classes.Mover.SAINMoverClass.UpdateStance (System.Single time) [0x00025] in <e4b9dce640de4a37a12afe7f4a8674fc>:0 
  at SAIN.SAINComponent.Classes.Mover.SAINMoverClass.ManualUpdate () [0x00078] in <e4b9dce640de4a37a12afe7f4a8674fc>:0 
  at SAIN.Components.BotComponent.TickClassGroup (System.Collections.Generic.List`1[T] List, System.Single CurrentTime) [0x0000f] in <e4b9dce640de4a37a12afe7f4a8674fc>:0 
  at SAIN.Components.BotComponent.ManualUpdate (System.Single currentTime, System.Single deltaTime) [0x0004b] in <e4b9dce640de4a37a12afe7f4a8674fc>:0 
  at SAIN.Components.BotManagerComponent.ManualUpdate (System.Single currentTime, System.Single deltaTime) [0x00065] in <e4b9dce640de4a37a12afe7f4a8674fc>:0 
  at SAIN.Components.GameWorldComponent.WorldTick (System.Single deltaTime) [0x00014] in <e4b9dce640de4a37a12afe7f4a8674fc>:0 
  at SAIN.Patches.GameWorld.WorldTickPatch.Patch (System.Single dt) [0x0001e] in <e4b9dce640de4a37a12afe7f4a8674fc>:0 
  at (wrapper dynamic-method) EFT.GameWorld.DMD<EFT.GameWorld::DoWorldTick>(EFT.GameWorld,single)
  at EFT.GameWorldUnityTickListener.Update () [0x00031] in <ad47400a25db462cbf0a531df654c3c3>:0 
2026-08-17 22:26:30.841 -04:00|0.16.9.0.40087|Error|Default|NullReferenceException: Object reference not set to an instance of an object
SAIN.SAINComponent.Classes.Mover.SAINMoverClass.WantsPatrolStance () (at <e4b9dce640de4a37a12afe7f4a8674fc>:0)
SAIN.SAINComponent.Classes.Mover.SAINMoverClass.UpdateStance (System.Single time) (at <e4b9dce640de4a37a12afe7f4a8674fc>:0)
SAIN.SAINComponent.Classes.Mover.SAINMoverClass.ManualUpdate () (at <e4b9dce640de4a37a12afe7f4a8674fc>:0)
SAIN.Components.BotComponent.TickClassGroup (System.Collections.Generic.List`1[T] List, System.Single CurrentTime) (at <e4b9dce640de4a37a12afe7f4a8674fc>:0)
SAIN.Components.BotComponent.ManualUpdate (System.Single currentTime, System.Single deltaTime) (at <e4b9dce640de4a37a12afe7f4a8674fc>:0)
SAIN.Components.BotManagerComponent.ManualUpdate (System.Single currentTime, System.Single deltaTime) (at <e4b9dce640de4a37a12afe7f4a8674fc>:0)
SAIN.Components.GameWorldComponent.WorldTick (System.Single deltaTime) (at <e4b9dce640de4a37a12afe7f4a8674fc>:0)
SAIN.Patches.GameWorld.WorldTickPatch.Patch (System.Single dt) (at <e4b9dce640de4a37a12afe7f4a8674fc>:0)
(wrapper dynamic-method) EFT.GameWorld.DMD<EFT.GameWorld::DoWorldTick>(EFT.GameWorld,single)
EFT.GameWorldUnityTickListener.Update () (at <ad47400a25db462cbf0a531df654c3c3>:0)
UnityEngine.DebugLogHandler:LogException(Exception, Object)
Class412:LogException(Exception, Object)
UnityEngine.Debug:CallOverridenDebugHandler(Exception, Object)
 
2026-08-17 22:26:30.849 -04:00|0.16.9.0.40087|Error|Default| 
EXCEPTION: System.NullReferenceException: Object reference not set to an instance of an object
  at SAIN.SAINComponent.Classes.Mover.SAINMoverClass.WantsPatrolStance () [0x0002a] in <e4b9dce640de4a37a12afe7f4a8674fc>:0 
  at SAIN.SAINComponent.Classes.Mover.SAINMoverClass.UpdateStance (System.Single time) [0x00025] in <e4b9dce640de4a37a12afe7f4a8674fc>:0 
  at SAIN.SAINComponent.Classes.Mover.SAINMoverClass.ManualUpdate () [0x00078] in <e4b9dce640de4a37a12afe7f4a8674fc>:0 
  at SAIN.Components.BotComponent.TickClassGroup (System.Collections.Generic.List`1[T] List, System.Single CurrentTime) [0x0000f] in <e4b9dce640de4a37a12afe7f4a8674fc>:0 
  at SAIN.Components.BotComponent.ManualUpdate (System.Single currentTime, System.Single deltaTime) [0x0004b] in <e4b9dce640de4a37a12afe7f4a8674fc>:0 
  at SAIN.Components.BotManagerComponent.ManualUpdate (System.Single currentTime, System.Single deltaTime) [0x00065] in <e4b9dce640de4a37a12afe7f4a8674fc>:0 
  at SAIN.Components.GameWorldComponent.WorldTick (System.Single deltaTime) [0x00014] in <e4b9dce640de4a37a12afe7f4a8674fc>:0 
  at SAIN.Patches.GameWorld.WorldTickPatch.Patch (System.Single dt) [0x0001e] in <e4b9dce640de4a37a12afe7f4a8674fc>:0 
  at (wrapper dynamic-method) EFT.GameWorld.DMD<EFT.GameWorld::DoWorldTick>(EFT.GameWorld,single)
  at EFT.GameWorldUnityTickListener.Update () [0x00031] in <ad47400a25db462cbf0a531df654c3c3>:0 
2026-08-17 22:26:30.849 -04:00|0.16.9.0.40087|Error|Default|NullReferenceException: Object reference not set to an instance of an object
SAIN.SAINComponent.Classes.Mover.SAINMoverClass.WantsPatrolStance () (at <e4b9dce640de4a37a12afe7f4a8674fc>:0)
SAIN.SAINComponent.Classes.Mover.SAINMoverClass.UpdateStance (System.Single time) (at <e4b9dce640de4a37a12afe7f4a8674fc>:0)
SAIN.SAINComponent.Classes.Mover.SAINMoverClass.ManualUpdate () (at <e4b9dce640de4a37a12afe7f4a8674fc>:0)
SAIN.Components.BotComponent.TickClassGroup (System.Collections.Generic.List`1[T] List, System.Single CurrentTime) (at <e4b9dce640de4a37a12afe7f4a8674fc>:0)
SAIN.Components.BotComponent.ManualUpdate (System.Single currentTime, System.Single deltaTime) (at <e4b9dce640de4a37a12afe7f4a8674fc>:0)
SAIN.Components.BotManagerComponent.ManualUpdate (System.Single currentTime, System.Single deltaTime) (at <e4b9dce640de4a37a12afe7f4a8674fc>:0)
SAIN.Components.GameWorldComponent.WorldTick (System.Single deltaTime) (at <e4b9dce640de4a37a12afe7f4a8674fc>:0)
SAIN.Patches.GameWorld.WorldTickPatch.Patch (System.Single dt) (at <e4b9dce640de4a37a12afe7f4a8674fc>:0)
(wrapper dynamic-method) EFT.GameWorld.DMD<EFT.GameWorld::DoWorldTick>(EFT.GameWorld,single)
EFT.GameWorldUnityTickListener.Update () (at <ad47400a25db462cbf0a531df654c3c3>:0)
UnityEngine.DebugLogHandler:LogException(Exception, Object)
Class412:LogException(Exception, Object)
UnityEngine.Debug:CallOverridenDebugHandler(Exception, Object)
 
2026-08-17 22:26:30.849 -04:00|0.16.9.0.40087|Error|Default| 
EXCEPTION: System.NullReferenceException: Object reference not set to an instance of an object
  at SAIN.SAINComponent.Classes.Mover.SAINMoverClass.WantsPatrolStance () [0x0002a] in <e4b9dce640de4a37a12afe7f4a8674fc>:0 
  at SAIN.SAINComponent.Classes.Mover.SAINMoverClass.UpdateStance (System.Single time) [0x00025] in <e4b9dce640de4a37a12afe7f4a8674fc>:0 
  at SAIN.SAINComponent.Classes.Mover.SAINMoverClass.ManualUpdate () [0x00078] in <e4b9dce640de4a37a12afe7f4a8674fc>:0 
  at SAIN.Components.BotComponent.TickClassGroup (System.Collections.Generic.List`1[T] List, System.Single CurrentTime) [0x0000f] in <e4b9dce640de4a37a12afe7f4a8674fc>:0 
  at SAIN.Components.BotComponent.ManualUpdate (System.Single currentTime, System.Single deltaTime) [0x0004b] in <e4b9dce640de4a37a12afe7f4a8674fc>:0 
  at SAIN.Components.BotManagerComponent.ManualUpdate (System.Single currentTime, System.Single deltaTime) [0x00065] in <e4b9dce640de4a37a12afe7f4a8674fc>:0 
  at SAIN.Components.GameWorldComponent.WorldTick (System.Single deltaTime) [0x00014] in <e4b9dce640de4a37a12afe7f4a8674fc>:0 
  at SAIN.Patches.GameWorld.WorldTickPatch.Patch (System.Single dt) [0x0001e] in <e4b9dce640de4a37a12afe7f4a8674fc>:0 
  at (wrapper dynamic-method) EFT.GameWorld.DMD<EFT.GameWorld::DoWorldTick>(EFT.GameWorld,single)
  at EFT.GameWorldUnityTickListener.Update () [0x00031] in <ad47400a25db462cbf0a531df654c3c3>:0 
2026-08-17 22:26:30.849 -04:00|0.16.9.0.40087|Error|Default|NullReferenceException: Object reference not set to an instance of an object
SAIN.SAINComponent.Classes.Mover.SAINMoverClass.WantsPatrolStance () (at <e4b9dce640de4a37a12afe7f4a8674fc>:0)
SAIN.SAINComponent.Classes.Mover.SAINMoverClass.UpdateStance (System.Single time) (at <e4b9dce640de4a37a12afe7f4a8674fc>:0)
SAIN.SAINComponent.Classes.Mover.SAINMoverClass.ManualUpdate () (at <e4b9dce640de4a37a12afe7f4a8674fc>:0)
SAIN.Components.BotComponent.TickClassGroup (System.Collections.Generic.List`1[T] List, System.Single CurrentTime) (at <e4b9dce640de4a37a12afe7f4a8674fc>:0)
SAIN.Components.BotComponent.ManualUpdate (System.Single currentTime, System.Single deltaTime) (at <e4b9dce640de4a37a12afe7f4a8674fc>:0)
SAIN.Components.BotManagerComponent.ManualUpdate (System.Single currentTime, System.Single deltaTime) (at <e4b9dce640de4a37a12afe7f4a8674fc>:0)
SAIN.Components.GameWorldComponent.WorldTick (System.Single deltaTime) (at <e4b9dce640de4a37a12afe7f4a8674fc>:0)
SAIN.Patches.GameWorld.WorldTickPatch.Patch (System.Single dt) (at <e4b9dce640de4a37a12afe7f4a8674fc>:0)
(wrapper dynamic-method) EFT.GameWorld.DMD<EFT.GameWorld::DoWorldTick>(EFT.GameWorld,single)
EFT.GameWorldUnityTickListener.Update () (at <ad47400a25db462cbf0a531df654c3c3>:0)
UnityEngine.DebugLogHandler:LogException(Exception, Object)
Class412:LogException(Exception, Object)
UnityEngine.Debug:CallOverridenDebugHandler(Exception, Object)
 
2026-08-17 22:26:30.865 -04:00|0.16.9.0.40087|Error|Default| 
EXCEPTION: System.NullReferenceException: Object reference not set to an instance of an object
  at SAIN.SAINComponent.Classes.Mover.SAINMoverClass.WantsPatrolStance () [0x0002a] in <e4b9dce640de4a37a12afe7f4a8674fc>:0 
  at SAIN.SAINComponent.Classes.Mover.SAINMoverClass.UpdateStance (System.Single time) [0x00025] in <e4b9dce640de4a37a12afe7f4a8674fc>:0 
  at SAIN.SAINComponent.Classes.Mover.SAINMoverClass.ManualUpdate () [0x00078] in <e4b9dce640de4a37a12afe7f4a8674fc>:0 
  at SAIN.Components.BotComponent.TickClassGroup (System.Collections.Generic.List`1[T] List, System.Single CurrentTime) [0x0000f] in <e4b9dce640de4a37a12afe7f4a8674fc>:0 
  at SAIN.Components.BotComponent.ManualUpdate (System.Single currentTime, System.Single deltaTime) [0x0004b] in <e4b9dce640de4a37a12afe7f4a8674fc>:0 
  at SAIN.Components.BotManagerComponent.ManualUpdate (System.Single currentTime, System.Single deltaTime) [0x00065] in <e4b9dce640de4a37a12afe7f4a8674fc>:0 
  at SAIN.Components.GameWorldComponent.WorldTick (System.Single deltaTime) [0x00014] in <e4b9dce640de4a37a12afe7f4a8674fc>:0 
  at SAIN.Patches.GameWorld.WorldTickPatch.Patch (System.Single dt) [0x0001e] in <e4b9dce640de4a37a12afe7f4a8674fc>:0 
  at (wrapper dynamic-method) EFT.GameWorld.DMD<EFT.GameWorld::DoWorldTick>(EFT.GameWorld,single)
  at EFT.GameWorldUnityTickListener.Update () [0x00031] in <ad47400a25db462cbf0a531df654c3c3>:0 
2026-08-17 22:26:30.865 -04:00|0.16.9.0.40087|Error|Default|NullReferenceException: Object reference not set to an instance of an object
SAIN.SAINComponent.Classes.Mover.SAINMoverClass.WantsPatrolStance () (at <e4b9dce640de4a37a12afe7f4a8674fc>:0)
SAIN.SAINComponent.Classes.Mover.SAINMoverClass.UpdateStance (System.Single time) (at <e4b9dce640de4a37a12afe7f4a8674fc>:0)
SAIN.SAINComponent.Classes.Mover.SAINMoverClass.ManualUpdate () (at <e4b9dce640de4a37a12afe7f4a8674fc>:0)
SAIN.Components.BotComponent.TickClassGroup (System.Collections.Generic.List`1[T] List, System.Single CurrentTime) (at <e4b9dce640de4a37a12afe7f4a8674fc>:0)
SAIN.Components.BotComponent.ManualUpdate (System.Single currentTime, System.Single deltaTime) (at <e4b9dce640de4a37a12afe7f4a8674fc>:0)
SAIN.Components.BotManagerComponent.ManualUpdate (System.Single currentTime, System.Single deltaTime) (at <e4b9dce640de4a37a12afe7f4a8674fc>:0)
SAIN.Components.GameWorldComponent.WorldTick (System.Single deltaTime) (at <e4b9dce640de4a37a12afe7f4a8674fc>:0)
SAIN.Patches.GameWorld.WorldTickPatch.Patch (System.Single dt) (at <e4b9dce640de4a37a12afe7f4a8674fc>:0)
(wrapper dynamic-method) EFT.GameWorld.DMD<EFT.GameWorld::DoWorldTick>(EFT.GameWorld,single)
EFT.GameWorldUnityTickListener.Update () (at <ad47400a25db462cbf0a531df654c3c3>:0)
UnityEngine.DebugLogHandler:LogException(Exception, Object)
Class412:LogException(Exception, Object)
UnityEngine.Debug:CallOverridenDebugHandler(Exception, Object)
 
2026-08-17 22:26:31.094 -04:00|0.16.9.0.40087|Error|Default| 
EXCEPTION: System.NullReferenceException: Object reference not set to an instance of an object
  at SAIN.SAINComponent.Classes.Mover.SAINMoverClass.WantsPatrolStance () [0x0002a] in <e4b9dce640de4a37a12afe7f4a8674fc>:0 
  at SAIN.SAINComponent.Classes.Mover.SAINMoverClass.UpdateStance (System.Single time) [0x00025] in <e4b9dce640de4a37a12afe7f4a8674fc>:0 
  at SAIN.SAINComponent.Classes.Mover.SAINMoverClass.ManualUpdate () [0x00078] in <e4b9dce640de4a37a12afe7f4a8674fc>:0 
  at SAIN.Components.BotComponent.TickClassGroup (System.Collections.Generic.List`1[T] List, System.Single CurrentTime) [0x0000f] in <e4b9dce640de4a37a12afe7f4a8674fc>:0 
  at SAIN.Components.BotComponent.ManualUpdate (System.Single currentTime, System.Single deltaTime) [0x0004b] in <e4b9dce640de4a37a12afe7f4a8674fc>:0 
  at SAIN.Components.BotManagerComponent.ManualUpdate (System.Single currentTime, System.Single deltaTime) [0x00065] in <e4b9dce640de4a37a12afe7f4a8674fc>:0 
  at SAIN.Components.GameWorldComponent.WorldTick (System.Single deltaTime) [0x00014] in <e4b9dce640de4a37a12afe7f4a8674fc>:0 
  at SAIN.Patches.GameWorld.WorldTickPatch.Patch (System.Single dt) [0x0001e] in <e4b9dce640de4a37a12afe7f4a8674fc>:0 
  at (wrapper dynamic-method) EFT.GameWorld.DMD<EFT.GameWorld::DoWorldTick>(EFT.GameWorld,single)
  at EFT.GameWorldUnityTickListener.Update () [0x00031] in <ad47400a25db462cbf0a531df654c3c3>:0 
2026-08-17 22:26:31.094 -04:00|0.16.9.0.40087|Error|Default|NullReferenceException: Object reference not set to an instance of an object
SAIN.SAINComponent.Classes.Mover.SAINMoverClass.WantsPatrolStance () (at <e4b9dce640de4a37a12afe7f4a8674fc>:0)
SAIN.SAINComponent.Classes.Mover.SAINMoverClass.UpdateStance (System.Single time) (at <e4b9dce640de4a37a12afe7f4a8674fc>:0)
SAIN.SAINComponent.Classes.Mover.SAINMoverClass.ManualUpdate () (at <e4b9dce640de4a37a12afe7f4a8674fc>:0)
SAIN.Components.BotComponent.TickClassGroup (System.Collections.Generic.List`1[T] List, System.Single CurrentTime) (at <e4b9dce640de4a37a12afe7f4a8674fc>:0)
SAIN.Components.BotComponent.ManualUpdate (System.Single currentTime, System.Single deltaTime) (at <e4b9dce640de4a37a12afe7f4a8674fc>:0)
SAIN.Components.BotManagerComponent.ManualUpdate (System.Single currentTime, System.Single deltaTime) (at <e4b9dce640de4a37a12afe7f4a8674fc>:0)
SAIN.Components.GameWorldComponent.WorldTick (System.Single deltaTime) (at <e4b9dce640de4a37a12afe7f4a8674fc>:0)
SAIN.Patches.GameWorld.WorldTickPatch.Patch (System.Single dt) (at <e4b9dce640de4a37a12afe7f4a8674fc>:0)
(wrapper dynamic-method) EFT.GameWorld.DMD<EFT.GameWorld::DoWorldTick>(EFT.GameWorld,single)
EFT.GameWorldUnityTickListener.Update () (at <ad47400a25db462cbf0a531df654c3c3>:0)
UnityEngine.DebugLogHandler:LogException(Exception, Object)
Class412:LogException(Exception, Object)
UnityEngine.Debug:CallOverridenDebugHandler(Exception, Object)
 
2026-08-17 22:26:31.101 -04:00|0.16.9.0.40087|Error|Default| 
EXCEPTION: System.NullReferenceException: Object reference not set to an instance of an object
  at SAIN.SAINComponent.Classes.Mover.SAINMoverClass.WantsPatrolStance () [0x0002a] in <e4b9dce640de4a37a12afe7f4a8674fc>:0 
  at SAIN.SAINComponent.Classes.Mover.SAINMoverClass.UpdateStance (System.Single time) [0x00025] in <e4b9dce640de4a37a12afe7f4a8674fc>:0 
  at SAIN.SAINComponent.Classes.Mover.SAINMoverClass.ManualUpdate () [0x00078] in <e4b9dce640de4a37a12afe7f4a8674fc>:0 
  at SAIN.Components.BotComponent.TickClassGroup (System.Collections.Generic.List`1[T] List, System.Single CurrentTime) [0x0000f] in <e4b9dce640de4a37a12afe7f4a8674fc>:0 
  at SAIN.Components.BotComponent.ManualUpdate (System.Single currentTime, System.Single deltaTime) [0x0004b] in <e4b9dce640de4a37a12afe7f4a8674fc>:0 
  at SAIN.Components.BotManagerComponent.ManualUpdate (System.Single currentTime, System.Single deltaTime) [0x00065] in <e4b9dce640de4a37a12afe7f4a8674fc>:0 
  at SAIN.Components.GameWorldComponent.WorldTick (System.Single deltaTime) [0x00014] in <e4b9dce640de4a37a12afe7f4a8674fc>:0 
  at SAIN.Patches.GameWorld.WorldTickPatch.Patch (System.Single dt) [0x0001e] in <e4b9dce640de4a37a12afe7f4a8674fc>:0 
  at (wrapper dynamic-method) EFT.GameWorld.DMD<EFT.GameWorld::DoWorldTick>(EFT.GameWorld,single)
  at EFT.GameWorldUnityTickListener.Update () [0x00031] in <ad47400a25db462cbf0a531df654c3c3>:0 
2026-08-17 22:26:31.101 -04:00|0.16.9.0.40087|Error|Default|NullReferenceException: Object reference not set to an instance of an object
SAIN.SAINComponent.Classes.Mover.SAINMoverClass.WantsPatrolStance () (at <e4b9dce640de4a37a12afe7f4a8674fc>:0)
SAIN.SAINComponent.Classes.Mover.SAINMoverClass.UpdateStance (System.Single time) (at <e4b9dce640de4a37a12afe7f4a8674fc>:0)
SAIN.SAINComponent.Classes.Mover.SAINMoverClass.ManualUpdate () (at <e4b9dce640de4a37a12afe7f4a8674fc>:0)
SAIN.Components.BotComponent.TickClassGroup (System.Collections.Generic.List`1[T] List, System.Single CurrentTime) (at <e4b9dce640de4a37a12afe7f4a8674fc>:0)
SAIN.Components.BotComponent.ManualUpdate (System.Single currentTime, System.Single deltaTime) (at <e4b9dce640de4a37a12afe7f4a8674fc>:0)
SAIN.Components.BotManagerComponent.ManualUpdate (System.Single currentTime, System.Single deltaTime) (at <e4b9dce640de4a37a12afe7f4a8674fc>:0)
SAIN.Components.GameWorldComponent.WorldTick (System.Single deltaTime) (at <e4b9dce640de4a37a12afe7f4a8674fc>:0)
SAIN.Patches.GameWorld.WorldTickPatch.Patch (System.Single dt) (at <e4b9dce640de4a37a12afe7f4a8674fc>:0)
(wrapper dynamic-method) EFT.GameWorld.DMD<EFT.GameWorld::DoWorldTick>(EFT.GameWorld,single)
EFT.GameWorldUnityTickListener.Update () (at <ad47400a25db462cbf0a531df654c3c3>:0)
UnityEngine.DebugLogHandler:LogException(Exception, Object)
Class412:LogException(Exception, Object)
UnityEngine.Debug:CallOverridenDebugHandler(Exception, Object)
 
2026-08-17 22:26:31.101 -04:00|0.16.9.0.40087|Error|Default| 
EXCEPTION: System.NullReferenceException: Object reference not set to an instance of an object
  at SAIN.SAINComponent.Classes.Mover.SAINMoverClass.WantsPatrolStance () [0x0002a] in <e4b9dce640de4a37a12afe7f4a8674fc>:0 
  at SAIN.SAINComponent.Classes.Mover.SAINMoverClass.UpdateStance (System.Single time) [0x00025] in <e4b9dce640de4a37a12afe7f4a8674fc>:0 
  at SAIN.SAINComponent.Classes.Mover.SAINMoverClass.ManualUpdate () [0x00078] in <e4b9dce640de4a37a12afe7f4a8674fc>:0 
  at SAIN.Components.BotComponent.TickClassGroup (System.Collections.Generic.List`1[T] List, System.Single CurrentTime) [0x0000f] in <e4b9dce640de4a37a12afe7f4a8674fc>:0 
  at SAIN.Components.BotComponent.ManualUpdate (System.Single currentTime, System.Single deltaTime) [0x0004b] in <e4b9dce640de4a37a12afe7f4a8674fc>:0 
  at SAIN.Components.BotManagerComponent.ManualUpdate (System.Single currentTime, System.Single deltaTime) [0x00065] in <e4b9dce640de4a37a12afe7f4a8674fc>:0 
  at SAIN.Components.GameWorldComponent.WorldTick (System.Single deltaTime) [0x00014] in <e4b9dce640de4a37a12afe7f4a8674fc>:0 
  at SAIN.Patches.GameWorld.WorldTickPatch.Patch (System.Single dt) [0x0001e] in <e4b9dce640de4a37a12afe7f4a8674fc>:0 
  at (wrapper dynamic-method) EFT.GameWorld.DMD<EFT.GameWorld::DoWorldTick>(EFT.GameWorld,single)
  at EFT.GameWorldUnityTickListener.Update () [0x00031] in <ad47400a25db462cbf0a531df654c3c3>:0 
2026-08-17 22:26:31.101 -04:00|0.16.9.0.40087|Error|Default|NullReferenceException: Object reference not set to an instance of an object
SAIN.SAINComponent.Classes.Mover.SAINMoverClass.WantsPatrolStance () (at <e4b9dce640de4a37a12afe7f4a8674fc>:0)
SAIN.SAINComponent.Classes.Mover.SAINMoverClass.UpdateStance (System.Single time) (at <e4b9dce640de4a37a12afe7f4a8674fc>:0)
SAIN.SAINComponent.Classes.Mover.SAINMoverClass.ManualUpdate () (at <e4b9dce640de4a37a12afe7f4a8674fc>:0)
SAIN.Components.BotComponent.TickClassGroup (System.Collections.Generic.List`1[T] List, System.Single CurrentTime) (at <e4b9dce640de4a37a12afe7f4a8674fc>:0)
SAIN.Components.BotComponent.ManualUpdate (System.Single currentTime, System.Single deltaTime) (at <e4b9dce640de4a37a12afe7f4a8674fc>:0)
SAIN.Components.BotManagerComponent.ManualUpdate (System.Single currentTime, System.Single deltaTime) (at <e4b9dce640de4a37a12afe7f4a8674fc>:0)
SAIN.Components.GameWorldComponent.WorldTick (System.Single deltaTime) (at <e4b9dce640de4a37a12afe7f4a8674fc>:0)
SAIN.Patches.GameWorld.WorldTickPatch.Patch (System.Single dt) (at <e4b9dce640de4a37a12afe7f4a8674fc>:0)
(wrapper dynamic-method) EFT.GameWorld.DMD<EFT.GameWorld::DoWorldTick>(EFT.GameWorld,single)
EFT.GameWorldUnityTickListener.Update () (at <ad47400a25db462cbf0a531df654c3c3>:0)
UnityEngine.DebugLogHandler:LogException(Exception, Object)
Class412:LogException(Exception, Object)
UnityEngine.Debug:CallOverridenDebugHandler(Exception, Object)
 
2026-08-17 22:26:31.117 -04:00|0.16.9.0.40087|Error|Default| 
EXCEPTION: System.NullReferenceException: Object reference not set to an instance of an object
  at SAIN.SAINComponent.Classes.Mover.SAINMoverClass.WantsPatrolStance () [0x0002a] in <e4b9dce640de4a37a12afe7f4a8674fc>:0 
  at SAIN.SAINComponent.Classes.Mover.SAINMoverClass.UpdateStance (System.Single time) [0x00025] in <e4b9dce640de4a37a12afe7f4a8674fc>:0 
  at SAIN.SAINComponent.Classes.Mover.SAINMoverClass.ManualUpdate () [0x00078] in <e4b9dce640de4a37a12afe7f4a8674fc>:0 
  at SAIN.Components.BotComponent.TickClassGroup (System.Collections.Generic.List`1[T] List, System.Single CurrentTime) [0x0000f] in <e4b9dce640de4a37a12afe7f4a8674fc>:0 
  at SAIN.Components.BotComponent.ManualUpdate (System.Single currentTime, System.Single deltaTime) [0x0004b] in <e4b9dce640de4a37a12afe7f4a8674fc>:0 
  at SAIN.Components.BotManagerComponent.ManualUpdate (System.Single currentTime, System.Single deltaTime) [0x00065] in <e4b9dce640de4a37a12afe7f4a8674fc>:0 
  at SAIN.Components.GameWorldComponent.WorldTick (System.Single deltaTime) [0x00014] in <e4b9dce640de4a37a12afe7f4a8674fc>:0 
  at SAIN.Patches.GameWorld.WorldTickPatch.Patch (System.Single dt) [0x0001e] in <e4b9dce640de4a37a12afe7f4a8674fc>:0 
  at (wrapper dynamic-method) EFT.GameWorld.DMD<EFT.GameWorld::DoWorldTick>(EFT.GameWorld,single)
  at EFT.GameWorldUnityTickListener.Update () [0x00031] in <ad47400a25db462cbf0a531df654c3c3>:0 
2026-08-17 22:26:31.117 -04:00|0.16.9.0.40087|Error|Default|NullReferenceException: Object reference not set to an instance of an object
SAIN.SAINComponent.Classes.Mover.SAINMoverClass.WantsPatrolStance () (at <e4b9dce640de4a37a12afe7f4a8674fc>:0)
SAIN.SAINComponent.Classes.Mover.SAINMoverClass.UpdateStance (System.Single time) (at <e4b9dce640de4a37a12afe7f4a8674fc>:0)
SAIN.SAINComponent.Classes.Mover.SAINMoverClass.ManualUpdate () (at <e4b9dce640de4a37a12afe7f4a8674fc>:0)
SAIN.Components.BotComponent.TickClassGroup (System.Collections.Generic.List`1[T] List, System.Single CurrentTime) (at <e4b9dce640de4a37a12afe7f4a8674fc>:0)
SAIN.Components.BotComponent.ManualUpdate (System.Single currentTime, System.Single deltaTime) (at <e4b9dce640de4a37a12afe7f4a8674fc>:0)
SAIN.Components.BotManagerComponent.ManualUpdate (System.Single currentTime, System.Single deltaTime) (at <e4b9dce640de4a37a12afe7f4a8674fc>:0)
SAIN.Components.GameWorldComponent.WorldTick (System.Single deltaTime) (at <e4b9dce640de4a37a12afe7f4a8674fc>:0)
SAIN.Patches.GameWorld.WorldTickPatch.Patch (System.Single dt) (at <e4b9dce640de4a37a12afe7f4a8674fc>:0)
(wrapper dynamic-method) EFT.GameWorld.DMD<EFT.GameWorld::DoWorldTick>(EFT.GameWorld,single)
EFT.GameWorldUnityTickListener.Update () (at <ad47400a25db462cbf0a531df654c3c3>:0)
UnityEngine.DebugLogHandler:LogException(Exception, Object)
Class412:LogException(Exception, Object)
UnityEngine.Debug:CallOverridenDebugHandler(Exception, Object)
 
2026-08-17 22:26:31.345 -04:00|0.16.9.0.40087|Error|Default| 
EXCEPTION: System.NullReferenceException: Object reference not set to an instance of an object
  at SAIN.SAINComponent.Classes.Mover.SAINMoverClass.WantsPatrolStance () [0x0002a] in <e4b9dce640de4a37a12afe7f4a8674fc>:0 
  at SAIN.SAINComponent.Classes.Mover.SAINMoverClass.UpdateStance (System.Single time) [0x00025] in <e4b9dce640de4a37a12afe7f4a8674fc>:0 
  at SAIN.SAINComponent.Classes.Mover.SAINMoverClass.ManualUpdate () [0x00078] in <e4b9dce640de4a37a12afe7f4a8674fc>:0 
  at SAIN.Components.BotComponent.TickClassGroup (System.Collections.Generic.List`1[T] List, System.Single CurrentTime) [0x0000f] in <e4b9dce640de4a37a12afe7f4a8674fc>:0 
  at SAIN.Components.BotComponent.ManualUpdate (System.Single currentTime, System.Single deltaTime) [0x0004b] in <e4b9dce640de4a37a12afe7f4a8674fc>:0 
  at SAIN.Components.BotManagerComponent.ManualUpdate (System.Single currentTime, System.Single deltaTime) [0x00065] in <e4b9dce640de4a37a12afe7f4a8674fc>:0 
  at SAIN.Components.GameWorldComponent.WorldTick (System.Single deltaTime) [0x00014] in <e4b9dce640de4a37a12afe7f4a8674fc>:0 
  at SAIN.Patches.GameWorld.WorldTickPatch.Patch (System.Single dt) [0x0001e] in <e4b9dce640de4a37a12afe7f4a8674fc>:0 
  at (wrapper dynamic-method) EFT.GameWorld.DMD<EFT.GameWorld::DoWorldTick>(EFT.GameWorld,single)
  at EFT.GameWorldUnityTickListener.Update () [0x00031] in <ad47400a25db462cbf0a531df654c3c3>:0 
2026-08-17 22:26:31.345 -04:00|0.16.9.0.40087|Error|Default|NullReferenceException: Object reference not set to an instance of an object
SAIN.SAINComponent.Classes.Mover.SAINMoverClass.WantsPatrolStance () (at <e4b9dce640de4a37a12afe7f4a8674fc>:0)
SAIN.SAINComponent.Classes.Mover.SAINMoverClass.UpdateStance (System.Single time) (at <e4b9dce640de4a37a12afe7f4a8674fc>:0)
SAIN.SAINComponent.Classes.Mover.SAINMoverClass.ManualUpdate () (at <e4b9dce640de4a37a12afe7f4a8674fc>:0)
SAIN.Components.BotComponent.TickClassGroup (System.Collections.Generic.List`1[T] List, System.Single CurrentTime) (at <e4b9dce640de4a37a12afe7f4a8674fc>:0)
SAIN.Components.BotComponent.ManualUpdate (System.Single currentTime, System.Single deltaTime) (at <e4b9dce640de4a37a12afe7f4a8674fc>:0)
SAIN.Components.BotManagerComponent.ManualUpdate (System.Single currentTime, System.Single deltaTime) (at <e4b9dce640de4a37a12afe7f4a8674fc>:0)
SAIN.Components.GameWorldComponent.WorldTick (System.Single deltaTime) (at <e4b9dce640de4a37a12afe7f4a8674fc>:0)
SAIN.Patches.GameWorld.WorldTickPatch.Patch (System.Single dt) (at <e4b9dce640de4a37a12afe7f4a8674fc>:0)
(wrapper dynamic-method) EFT.GameWorld.DMD<EFT.GameWorld::DoWorldTick>(EFT.GameWorld,single)
EFT.GameWorldUnityTickListener.Update () (at <ad47400a25db462cbf0a531df654c3c3>:0)
UnityEngine.DebugLogHandler:LogException(Exception, Object)
Class412:LogException(Exception, Object)
UnityEngine.Debug:CallOverridenDebugHandler(Exception, Object)
 
2026-08-17 22:26:31.353 -04:00|0.16.9.0.40087|Error|Default| 
EXCEPTION: System.NullReferenceException: Object reference not set to an instance of an object
  at SAIN.SAINComponent.Classes.Mover.SAINMoverClass.WantsPatrolStance () [0x0002a] in <e4b9dce640de4a37a12afe7f4a8674fc>:0 
  at SAIN.SAINComponent.Classes.Mover.SAINMoverClass.UpdateStance (System.Single time) [0x00025] in <e4b9dce640de4a37a12afe7f4a8674fc>:0 
  at SAIN.SAINComponent.Classes.Mover.SAINMoverClass.ManualUpdate () [0x00078] in <e4b9dce640de4a37a12afe7f4a8674fc>:0 
  at SAIN.Components.BotComponent.TickClassGroup (System.Collections.Generic.List`1[T] List, System.Single CurrentTime) [0x0000f] in <e4b9dce640de4a37a12afe7f4a8674fc>:0 
  at SAIN.Components.BotComponent.ManualUpdate (System.Single currentTime, System.Single deltaTime) [0x0004b] in <e4b9dce640de4a37a12afe7f4a8674fc>:0 
  at SAIN.Components.BotManagerComponent.ManualUpdate (System.Single currentTime, System.Single deltaTime) [0x00065] in <e4b9dce640de4a37a12afe7f4a8674fc>:0 
  at SAIN.Components.GameWorldComponent.WorldTick (System.Single deltaTime) [0x00014] in <e4b9dce640de4a37a12afe7f4a8674fc>:0 
  at SAIN.Patches.GameWorld.WorldTickPatch.Patch (System.Single dt) [0x0001e] in <e4b9dce640de4a37a12afe7f4a8674fc>:0 
  at (wrapper dynamic-method) EFT.GameWorld.DMD<EFT.GameWorld::DoWorldTick>(EFT.GameWorld,single)
  at EFT.GameWorldUnityTickListener.Update () [0x00031] in <ad47400a25db462cbf0a531df654c3c3>:0 
2026-08-17 22:26:31.353 -04:00|0.16.9.0.40087|Error|Default|NullReferenceException: Object reference not set to an instance of an object
SAIN.SAINComponent.Classes.Mover.SAINMoverClass.WantsPatrolStance () (at <e4b9dce640de4a37a12afe7f4a8674fc>:0)
SAIN.SAINComponent.Classes.Mover.SAINMoverClass.UpdateStance (System.Single time) (at <e4b9dce640de4a37a12afe7f4a8674fc>:0)
SAIN.SAINComponent.Classes.Mover.SAINMoverClass.ManualUpdate () (at <e4b9dce640de4a37a12afe7f4a8674fc>:0)
SAIN.Components.BotComponent.TickClassGroup (System.Collections.Generic.List`1[T] List, System.Single CurrentTime) (at <e4b9dce640de4a37a12afe7f4a8674fc>:0)
SAIN.Components.BotComponent.ManualUpdate (System.Single currentTime, System.Single deltaTime) (at <e4b9dce640de4a37a12afe7f4a8674fc>:0)
SAIN.Components.BotManagerComponent.ManualUpdate (System.Single currentTime, System.Single deltaTime) (at <e4b9dce640de4a37a12afe7f4a8674fc>:0)
SAIN.Components.GameWorldComponent.WorldTick (System.Single deltaTime) (at <e4b9dce640de4a37a12afe7f4a8674fc>:0)
SAIN.Patches.GameWorld.WorldTickPatch.Patch (System.Single dt) (at <e4b9dce640de4a37a12afe7f4a8674fc>:0)
(wrapper dynamic-method) EFT.GameWorld.DMD<EFT.GameWorld::DoWorldTick>(EFT.GameWorld,single)
EFT.GameWorldUnityTickListener.Update () (at <ad47400a25db462cbf0a531df654c3c3>:0)
UnityEngine.DebugLogHandler:LogException(Exception, Object)
Class412:LogException(Exception, Object)
UnityEngine.Debug:CallOverridenDebugHandler(Exception, Object)
 
2026-08-17 22:26:31.353 -04:00|0.16.9.0.40087|Error|Default| 
EXCEPTION: System.NullReferenceException: Object reference not set to an instance of an object
  at SAIN.SAINComponent.Classes.Mover.SAINMoverClass.WantsPatrolStance () [0x0002a] in <e4b9dce640de4a37a12afe7f4a8674fc>:0 
  at SAIN.SAINComponent.Classes.Mover.SAINMoverClass.UpdateStance (System.Single time) [0x00025] in <e4b9dce640de4a37a12afe7f4a8674fc>:0 
  at SAIN.SAINComponent.Classes.Mover.SAINMoverClass.ManualUpdate () [0x00078] in <e4b9dce640de4a37a12afe7f4a8674fc>:0 
  at SAIN.Components.BotComponent.TickClassGroup (System.Collections.Generic.List`1[T] List, System.Single CurrentTime) [0x0000f] in <e4b9dce640de4a37a12afe7f4a8674fc>:0 
  at SAIN.Components.BotComponent.ManualUpdate (System.Single currentTime, System.Single deltaTime) [0x0004b] in <e4b9dce640de4a37a12afe7f4a8674fc>:0 
  at SAIN.Components.BotManagerComponent.ManualUpdate (System.Single currentTime, System.Single deltaTime) [0x00065] in <e4b9dce640de4a37a12afe7f4a8674fc>:0 
  at SAIN.Components.GameWorldComponent.WorldTick (System.Single deltaTime) [0x00014] in <e4b9dce640de4a37a12afe7f4a8674fc>:0 
  at SAIN.Patches.GameWorld.WorldTickPatch.Patch (System.Single dt) [0x0001e] in <e4b9dce640de4a37a12afe7f4a8674fc>:0 
  at (wrapper dynamic-method) EFT.GameWorld.DMD<EFT.GameWorld::DoWorldTick>(EFT.GameWorld,single)
  at EFT.GameWorldUnityTickListener.Update () [0x00031] in <ad47400a25db462cbf0a531df654c3c3>:0 
2026-08-17 22:26:31.353 -04:00|0.16.9.0.40087|Error|Default|NullReferenceException: Object reference not set to an instance of an object
SAIN.SAINComponent.Classes.Mover.SAINMoverClass.WantsPatrolStance () (at <e4b9dce640de4a37a12afe7f4a8674fc>:0)
SAIN.SAINComponent.Classes.Mover.SAINMoverClass.UpdateStance (System.Single time) (at <e4b9dce640de4a37a12afe7f4a8674fc>:0)
SAIN.SAINComponent.Classes.Mover.SAINMoverClass.ManualUpdate () (at <e4b9dce640de4a37a12afe7f4a8674fc>:0)
SAIN.Components.BotComponent.TickClassGroup (System.Collections.Generic.List`1[T] List, System.Single CurrentTime) (at <e4b9dce640de4a37a12afe7f4a8674fc>:0)
SAIN.Components.BotComponent.ManualUpdate (System.Single currentTime, System.Single deltaTime) (at <e4b9dce640de4a37a12afe7f4a8674fc>:0)
SAIN.Components.BotManagerComponent.ManualUpdate (System.Single currentTime, System.Single deltaTime) (at <e4b9dce640de4a37a12afe7f4a8674fc>:0)
SAIN.Components.GameWorldComponent.WorldTick (System.Single deltaTime) (at <e4b9dce640de4a37a12afe7f4a8674fc>:0)
SAIN.Patches.GameWorld.WorldTickPatch.Patch (System.Single dt) (at <e4b9dce640de4a37a12afe7f4a8674fc>:0)
(wrapper dynamic-method) EFT.GameWorld.DMD<EFT.GameWorld::DoWorldTick>(EFT.GameWorld,single)
EFT.GameWorldUnityTickListener.Update () (at <ad47400a25db462cbf0a531df654c3c3>:0)
UnityEngine.DebugLogHandler:LogException(Exception, Object)
Class412:LogException(Exception, Object)
UnityEngine.Debug:CallOverridenDebugHandler(Exception, Object)
 
2026-08-17 22:26:31.369 -04:00|0.16.9.0.40087|Error|Default| 
EXCEPTION: System.NullReferenceException: Object reference not set to an instance of an object
  at SAIN.SAINComponent.Classes.Mover.SAINMoverClass.WantsPatrolStance () [0x0002a] in <e4b9dce640de4a37a12afe7f4a8674fc>:0 
  at SAIN.SAINComponent.Classes.Mover.SAINMoverClass.UpdateStance (System.Single time) [0x00025] in <e4b9dce640de4a37a12afe7f4a8674fc>:0 
  at SAIN.SAINComponent.Classes.Mover.SAINMoverClass.ManualUpdate () [0x00078] in <e4b9dce640de4a37a12afe7f4a8674fc>:0 
  at SAIN.Components.BotComponent.TickClassGroup (System.Collections.Generic.List`1[T] List, System.Single CurrentTime) [0x0000f] in <e4b9dce640de4a37a12afe7f4a8674fc>:0 
  at SAIN.Components.BotComponent.ManualUpdate (System.Single currentTime, System.Single deltaTime) [0x0004b] in <e4b9dce640de4a37a12afe7f4a8674fc>:0 
  at SAIN.Components.BotManagerComponent.ManualUpdate (System.Single currentTime, System.Single deltaTime) [0x00065] in <e4b9dce640de4a37a12afe7f4a8674fc>:0 
  at SAIN.Components.GameWorldComponent.WorldTick (System.Single deltaTime) [0x00014] in <e4b9dce640de4a37a12afe7f4a8674fc>:0 
  at SAIN.Patches.GameWorld.WorldTickPatch.Patch (System.Single dt) [0x0001e] in <e4b9dce640de4a37a12afe7f4a8674fc>:0 
  at (wrapper dynamic-method) EFT.GameWorld.DMD<EFT.GameWorld::DoWorldTick>(EFT.GameWorld,single)
  at EFT.GameWorldUnityTickListener.Update () [0x00031] in <ad47400a25db462cbf0a531df654c3c3>:0 
2026-08-17 22:26:31.369 -04:00|0.16.9.0.40087|Error|Default|NullReferenceException: Object reference not set to an instance of an object
SAIN.SAINComponent.Classes.Mover.SAINMoverClass.WantsPatrolStance () (at <e4b9dce640de4a37a12afe7f4a8674fc>:0)
SAIN.SAINComponent.Classes.Mover.SAINMoverClass.UpdateStance (System.Single time) (at <e4b9dce640de4a37a12afe7f4a8674fc>:0)
SAIN.SAINComponent.Classes.Mover.SAINMoverClass.ManualUpdate () (at <e4b9dce640de4a37a12afe7f4a8674fc>:0)
SAIN.Components.BotComponent.TickClassGroup (System.Collections.Generic.List`1[T] List, System.Single CurrentTime) (at <e4b9dce640de4a37a12afe7f4a8674fc>:0)
SAIN.Components.BotComponent.ManualUpdate (System.Single currentTime, System.Single deltaTime) (at <e4b9dce640de4a37a12afe7f4a8674fc>:0)
SAIN.Components.BotManagerComponent.ManualUpdate (System.Single currentTime, System.Single deltaTime) (at <e4b9dce640de4a37a12afe7f4a8674fc>:0)
SAIN.Components.GameWorldComponent.WorldTick (System.Single deltaTime) (at <e4b9dce640de4a37a12afe7f4a8674fc>:0)
SAIN.Patches.GameWorld.WorldTickPatch.Patch (System.Single dt) (at <e4b9dce640de4a37a12afe7f4a8674fc>:0)
(wrapper dynamic-method) EFT.GameWorld.DMD<EFT.GameWorld::DoWorldTick>(EFT.GameWorld,single)
EFT.GameWorldUnityTickListener.Update () (at <ad47400a25db462cbf0a531df654c3c3>:0)
UnityEngine.DebugLogHandler:LogException(Exception, Object)
Class412:LogException(Exception, Object)
UnityEngine.Debug:CallOverridenDebugHandler(Exception, Object)
 
2026-08-17 22:26:31.597 -04:00|0.16.9.0.40087|Error|Default| 
EXCEPTION: System.NullReferenceException: Object reference not set to an instance of an object
  at SAIN.SAINComponent.Classes.Mover.SAINMoverClass.WantsPatrolStance () [0x0002a] in <e4b9dce640de4a37a12afe7f4a8674fc>:0 
  at SAIN.SAINComponent.Classes.Mover.SAINMoverClass.UpdateStance (System.Single time) [0x00025] in <e4b9dce640de4a37a12afe7f4a8674fc>:0 
  at SAIN.SAINComponent.Classes.Mover.SAINMoverClass.ManualUpdate () [0x00078] in <e4b9dce640de4a37a12afe7f4a8674fc>:0 
  at SAIN.Components.BotComponent.TickClassGroup (System.Collections.Generic.List`1[T] List, System.Single CurrentTime) [0x0000f] in <e4b9dce640de4a37a12afe7f4a8674fc>:0 
  at SAIN.Components.BotComponent.ManualUpdate (System.Single currentTime, System.Single deltaTime) [0x0004b] in <e4b9dce640de4a37a12afe7f4a8674fc>:0 
  at SAIN.Components.BotManagerComponent.ManualUpdate (System.Single currentTime, System.Single deltaTime) [0x00065] in <e4b9dce640de4a37a12afe7f4a8674fc>:0 
  at SAIN.Components.GameWorldComponent.WorldTick (System.Single deltaTime) [0x00014] in <e4b9dce640de4a37a12afe7f4a8674fc>:0 
  at SAIN.Patches.GameWorld.WorldTickPatch.Patch (System.Single dt) [0x0001e] in <e4b9dce640de4a37a12afe7f4a8674fc>:0 
  at (wrapper dynamic-method) EFT.GameWorld.DMD<EFT.GameWorld::DoWorldTick>(EFT.GameWorld,single)
  at EFT.GameWorldUnityTickListener.Update () [0x00031] in <ad47400a25db462cbf0a531df654c3c3>:0 
2026-08-17 22:26:31.597 -04:00|0.16.9.0.40087|Error|Default|NullReferenceException: Object reference not set to an instance of an object
SAIN.SAINComponent.Classes.Mover.SAINMoverClass.WantsPatrolStance () (at <e4b9dce640de4a37a12afe7f4a8674fc>:0)
SAIN.SAINComponent.Classes.Mover.SAINMoverClass.UpdateStance (System.Single time) (at <e4b9dce640de4a37a12afe7f4a8674fc>:0)
SAIN.SAINComponent.Classes.Mover.SAINMoverClass.ManualUpdate () (at <e4b9dce640de4a37a12afe7f4a8674fc>:0)
SAIN.Components.BotComponent.TickClassGroup (System.Collections.Generic.List`1[T] List, System.Single CurrentTime) (at <e4b9dce640de4a37a12afe7f4a8674fc>:0)
SAIN.Components.BotComponent.ManualUpdate (System.Single currentTime, System.Single deltaTime) (at <e4b9dce640de4a37a12afe7f4a8674fc>:0)
SAIN.Components.BotManagerComponent.ManualUpdate (System.Single currentTime, System.Single deltaTime) (at <e4b9dce640de4a37a12afe7f4a8674fc>:0)
SAIN.Components.GameWorldComponent.WorldTick (System.Single deltaTime) (at <e4b9dce640de4a37a12afe7f4a8674fc>:0)
SAIN.Patches.GameWorld.WorldTickPatch.Patch (System.Single dt) (at <e4b9dce640de4a37a12afe7f4a8674fc>:0)
(wrapper dynamic-method) EFT.GameWorld.DMD<EFT.GameWorld::DoWorldTick>(EFT.GameWorld,single)
EFT.GameWorldUnityTickListener.Update () (at <ad47400a25db462cbf0a531df654c3c3>:0)
UnityEngine.DebugLogHandler:LogException(Exception, Object)
Class412:LogException(Exception, Object)
UnityEngine.Debug:CallOverridenDebugHandler(Exception, Object)
 
2026-08-17 22:26:31.597 -04:00|0.16.9.0.40087|Error|Default| 
EXCEPTION: System.NullReferenceException: Object reference not set to an instance of an object
  at SAIN.SAINComponent.Classes.Mover.SAINMoverClass.WantsPatrolStance () [0x0002a] in <e4b9dce640de4a37a12afe7f4a8674fc>:0 
  at SAIN.SAINComponent.Classes.Mover.SAINMoverClass.UpdateStance (System.Single time) [0x00025] in <e4b9dce640de4a37a12afe7f4a8674fc>:0 
  at SAIN.SAINComponent.Classes.Mover.SAINMoverClass.ManualUpdate () [0x00078] in <e4b9dce640de4a37a12afe7f4a8674fc>:0 
  at SAIN.Components.BotComponent.TickClassGroup (System.Collections.Generic.List`1[T] List, System.Single CurrentTime) [0x0000f] in <e4b9dce640de4a37a12afe7f4a8674fc>:0 
  at SAIN.Components.BotComponent.ManualUpdate (System.Single currentTime, System.Single deltaTime) [0x0004b] in <e4b9dce640de4a37a12afe7f4a8674fc>:0 
  at SAIN.Components.BotManagerComponent.ManualUpdate (System.Single currentTime, System.Single deltaTime) [0x00065] in <e4b9dce640de4a37a12afe7f4a8674fc>:0 
  at SAIN.Components.GameWorldComponent.WorldTick (System.Single deltaTime) [0x00014] in <e4b9dce640de4a37a12afe7f4a8674fc>:0 
  at SAIN.Patches.GameWorld.WorldTickPatch.Patch (System.Single dt) [0x0001e] in <e4b9dce640de4a37a12afe7f4a8674fc>:0 
  at (wrapper dynamic-method) EFT.GameWorld.DMD<EFT.GameWorld::DoWorldTick>(EFT.GameWorld,single)
  at EFT.GameWorldUnityTickListener.Update () [0x00031] in <ad47400a25db462cbf0a531df654c3c3>:0 
2026-08-17 22:26:31.597 -04:00|0.16.9.0.40087|Error|Default|NullReferenceException: Object reference not set to an instance of an object
SAIN.SAINComponent.Classes.Mover.SAINMoverClass.WantsPatrolStance () (at <e4b9dce640de4a37a12afe7f4a8674fc>:0)
SAIN.SAINComponent.Classes.Mover.SAINMoverClass.UpdateStance (System.Single time) (at <e4b9dce640de4a37a12afe7f4a8674fc>:0)
SAIN.SAINComponent.Classes.Mover.SAINMoverClass.ManualUpdate () (at <e4b9dce640de4a37a12afe7f4a8674fc>:0)
SAIN.Components.BotComponent.TickClassGroup (System.Collections.Generic.List`1[T] List, System.Single CurrentTime) (at <e4b9dce640de4a37a12afe7f4a8674fc>:0)
SAIN.Components.BotComponent.ManualUpdate (System.Single currentTime, System.Single deltaTime) (at <e4b9dce640de4a37a12afe7f4a8674fc>:0)
SAIN.Components.BotManagerComponent.ManualUpdate (System.Single currentTime, System.Single deltaTime) (at <e4b9dce640de4a37a12afe7f4a8674fc>:0)
SAIN.Components.GameWorldComponent.WorldTick (System.Single deltaTime) (at <e4b9dce640de4a37a12afe7f4a8674fc>:0)
SAIN.Patches.GameWorld.WorldTickPatch.Patch (System.Single dt) (at <e4b9dce640de4a37a12afe7f4a8674fc>:0)
(wrapper dynamic-method) EFT.GameWorld.DMD<EFT.GameWorld::DoWorldTick>(EFT.GameWorld,single)
EFT.GameWorldUnityTickListener.Update () (at <ad47400a25db462cbf0a531df654c3c3>:0)
UnityEngine.DebugLogHandler:LogException(Exception, Object)
Class412:LogException(Exception, Object)
UnityEngine.Debug:CallOverridenDebugHandler(Exception, Object)
 
2026-08-17 22:26:31.612 -04:00|0.16.9.0.40087|Error|Default| 
EXCEPTION: System.NullReferenceException: Object reference not set to an instance of an object
  at SAIN.SAINComponent.Classes.Mover.SAINMoverClass.WantsPatrolStance () [0x0002a] in <e4b9dce640de4a37a12afe7f4a8674fc>:0 
  at SAIN.SAINComponent.Classes.Mover.SAINMoverClass.UpdateStance (System.Single time) [0x00025] in <e4b9dce640de4a37a12afe7f4a8674fc>:0 
  at SAIN.SAINComponent.Classes.Mover.SAINMoverClass.ManualUpdate () [0x00078] in <e4b9dce640de4a37a12afe7f4a8674fc>:0 
  at SAIN.Components.BotComponent.TickClassGroup (System.Collections.Generic.List`1[T] List, System.Single CurrentTime) [0x0000f] in <e4b9dce640de4a37a12afe7f4a8674fc>:0 
  at SAIN.Components.BotComponent.ManualUpdate (System.Single currentTime, System.Single deltaTime) [0x0004b] in <e4b9dce640de4a37a12afe7f4a8674fc>:0 
  at SAIN.Components.BotManagerComponent.ManualUpdate (System.Single currentTime, System.Single deltaTime) [0x00065] in <e4b9dce640de4a37a12afe7f4a8674fc>:0 
  at SAIN.Components.GameWorldComponent.WorldTick (System.Single deltaTime) [0x00014] in <e4b9dce640de4a37a12afe7f4a8674fc>:0 
  at SAIN.Patches.GameWorld.WorldTickPatch.Patch (System.Single dt) [0x0001e] in <e4b9dce640de4a37a12afe7f4a8674fc>:0 
  at (wrapper dynamic-method) EFT.GameWorld.DMD<EFT.GameWorld::DoWorldTick>(EFT.GameWorld,single)
  at EFT.GameWorldUnityTickListener.Update () [0x00031] in <ad47400a25db462cbf0a531df654c3c3>:0 
2026-08-17 22:26:31.612 -04:00|0.16.9.0.40087|Error|Default|NullReferenceException: Object reference not set to an instance of an object
SAIN.SAINComponent.Classes.Mover.SAINMoverClass.WantsPatrolStance () (at <e4b9dce640de4a37a12afe7f4a8674fc>:0)
SAIN.SAINComponent.Classes.Mover.SAINMoverClass.UpdateStance (System.Single time) (at <e4b9dce640de4a37a12afe7f4a8674fc>:0)
SAIN.SAINComponent.Classes.Mover.SAINMoverClass.ManualUpdate () (at <e4b9dce640de4a37a12afe7f4a8674fc>:0)
SAIN.Components.BotComponent.TickClassGroup (System.Collections.Generic.List`1[T] List, System.Single CurrentTime) (at <e4b9dce640de4a37a12afe7f4a8674fc>:0)
SAIN.Components.BotComponent.ManualUpdate (System.Single currentTime, System.Single deltaTime) (at <e4b9dce640de4a37a12afe7f4a8674fc>:0)
SAIN.Components.BotManagerComponent.ManualUpdate (System.Single currentTime, System.Single deltaTime) (at <e4b9dce640de4a37a12afe7f4a8674fc>:0)
SAIN.Components.GameWorldComponent.WorldTick (System.Single deltaTime) (at <e4b9dce640de4a37a12afe7f4a8674fc>:0)
SAIN.Patches.GameWorld.WorldTickPatch.Patch (System.Single dt) (at <e4b9dce640de4a37a12afe7f4a8674fc>:0)
(wrapper dynamic-method) EFT.GameWorld.DMD<EFT.GameWorld::DoWorldTick>(EFT.GameWorld,single)
EFT.GameWorldUnityTickListener.Update () (at <ad47400a25db462cbf0a531df654c3c3>:0)
UnityEngine.DebugLogHandler:LogException(Exception, Object)
Class412:LogException(Exception, Object)
UnityEngine.Debug:CallOverridenDebugHandler(Exception, Object)
 
2026-08-17 22:26:31.612 -04:00|0.16.9.0.40087|Error|Default| 
EXCEPTION: System.NullReferenceException: Object reference not set to an instance of an object
  at SAIN.SAINComponent.Classes.Mover.SAINMoverClass.WantsPatrolStance () [0x0002a] in <e4b9dce640de4a37a12afe7f4a8674fc>:0 
  at SAIN.SAINComponent.Classes.Mover.SAINMoverClass.UpdateStance (System.Single time) [0x00025] in <e4b9dce640de4a37a12afe7f4a8674fc>:0 
  at SAIN.SAINComponent.Classes.Mover.SAINMoverClass.ManualUpdate () [0x00078] in <e4b9dce640de4a37a12afe7f4a8674fc>:0 
  at SAIN.Components.BotComponent.TickClassGroup (System.Collections.Generic.List`1[T] List, System.Single CurrentTime) [0x0000f] in <e4b9dce640de4a37a12afe7f4a8674fc>:0 
  at SAIN.Components.BotComponent.ManualUpdate (System.Single currentTime, System.Single deltaTime) [0x0004b] in <e4b9dce640de4a37a12afe7f4a8674fc>:0 
  at SAIN.Components.BotManagerComponent.ManualUpdate (System.Single currentTime, System.Single deltaTime) [0x00065] in <e4b9dce640de4a37a12afe7f4a8674fc>:0 
  at SAIN.Components.GameWorldComponent.WorldTick (System.Single deltaTime) [0x00014] in <e4b9dce640de4a37a12afe7f4a8674fc>:0 
  at SAIN.Patches.GameWorld.WorldTickPatch.Patch (System.Single dt) [0x0001e] in <e4b9dce640de4a37a12afe7f4a8674fc>:0 
  at (wrapper dynamic-method) EFT.GameWorld.DMD<EFT.GameWorld::DoWorldTick>(EFT.GameWorld,single)
  at EFT.GameWorldUnityTickListener.Update () [0x00031] in <ad47400a25db462cbf0a531df654c3c3>:0 
2026-08-17 22:26:31.612 -04:00|0.16.9.0.40087|Error|Default|NullReferenceException: Object reference not set to an instance of an object
SAIN.SAINComponent.Classes.Mover.SAINMoverClass.WantsPatrolStance () (at <e4b9dce640de4a37a12afe7f4a8674fc>:0)
SAIN.SAINComponent.Classes.Mover.SAINMoverClass.UpdateStance (System.Single time) (at <e4b9dce640de4a37a12afe7f4a8674fc>:0)
SAIN.SAINComponent.Classes.Mover.SAINMoverClass.ManualUpdate () (at <e4b9dce640de4a37a12afe7f4a8674fc>:0)
SAIN.Components.BotComponent.TickClassGroup (System.Collections.Generic.List`1[T] List, System.Single CurrentTime) (at <e4b9dce640de4a37a12afe7f4a8674fc>:0)
SAIN.Components.BotComponent.ManualUpdate (System.Single currentTime, System.Single deltaTime) (at <e4b9dce640de4a37a12afe7f4a8674fc>:0)
SAIN.Components.BotManagerComponent.ManualUpdate (System.Single currentTime, System.Single deltaTime) (at <e4b9dce640de4a37a12afe7f4a8674fc>:0)
SAIN.Components.GameWorldComponent.WorldTick (System.Single deltaTime) (at <e4b9dce640de4a37a12afe7f4a8674fc>:0)
SAIN.Patches.GameWorld.WorldTickPatch.Patch (System.Single dt) (at <e4b9dce640de4a37a12afe7f4a8674fc>:0)
(wrapper dynamic-method) EFT.GameWorld.DMD<EFT.GameWorld::DoWorldTick>(EFT.GameWorld,single)
EFT.GameWorldUnityTickListener.Update () (at <ad47400a25db462cbf0a531df654c3c3>:0)
UnityEngine.DebugLogHandler:LogException(Exception, Object)
Class412:LogException(Exception, Object)
UnityEngine.Debug:CallOverridenDebugHandler(Exception, Object)
 
2026-08-17 22:26:31.847 -04:00|0.16.9.0.40087|Error|Default| 
EXCEPTION: System.NullReferenceException: Object reference not set to an instance of an object
  at SAIN.SAINComponent.Classes.Mover.SAINMoverClass.WantsPatrolStance () [0x0002a] in <e4b9dce640de4a37a12afe7f4a8674fc>:0 
  at SAIN.SAINComponent.Classes.Mover.SAINMoverClass.UpdateStance (System.Single time) [0x00025] in <e4b9dce640de4a37a12afe7f4a8674fc>:0 
  at SAIN.SAINComponent.Classes.Mover.SAINMoverClass.ManualUpdate () [0x00078] in <e4b9dce640de4a37a12afe7f4a8674fc>:0 
  at SAIN.Components.BotComponent.TickClassGroup (System.Collections.Generic.List`1[T] List, System.Single CurrentTime) [0x0000f] in <e4b9dce640de4a37a12afe7f4a8674fc>:0 
  at SAIN.Components.BotComponent.ManualUpdate (System.Single currentTime, System.Single deltaTime) [0x0004b] in <e4b9dce640de4a37a12afe7f4a8674fc>:0 
  at SAIN.Components.BotManagerComponent.ManualUpdate (System.Single currentTime, System.Single deltaTime) [0x00065] in <e4b9dce640de4a37a12afe7f4a8674fc>:0 
  at SAIN.Components.GameWorldComponent.WorldTick (System.Single deltaTime) [0x00014] in <e4b9dce640de4a37a12afe7f4a8674fc>:0 
  at SAIN.Patches.GameWorld.WorldTickPatch.Patch (System.Single dt) [0x0001e] in <e4b9dce640de4a37a12afe7f4a8674fc>:0 
  at (wrapper dynamic-method) EFT.GameWorld.DMD<EFT.GameWorld::DoWorldTick>(EFT.GameWorld,single)
  at EFT.GameWorldUnityTickListener.Update () [0x00031] in <ad47400a25db462cbf0a531df654c3c3>:0 
2026-08-17 22:26:31.847 -04:00|0.16.9.0.40087|Error|Default|NullReferenceException: Object reference not set to an instance of an object
SAIN.SAINComponent.Classes.Mover.SAINMoverClass.WantsPatrolStance () (at <e4b9dce640de4a37a12afe7f4a8674fc>:0)
SAIN.SAINComponent.Classes.Mover.SAINMoverClass.UpdateStance (System.Single time) (at <e4b9dce640de4a37a12afe7f4a8674fc>:0)
SAIN.SAINComponent.Classes.Mover.SAINMoverClass.ManualUpdate () (at <e4b9dce640de4a37a12afe7f4a8674fc>:0)
SAIN.Components.BotComponent.TickClassGroup (System.Collections.Generic.List`1[T] List, System.Single CurrentTime) (at <e4b9dce640de4a37a12afe7f4a8674fc>:0)
SAIN.Components.BotComponent.ManualUpdate (System.Single currentTime, System.Single deltaTime) (at <e4b9dce640de4a37a12afe7f4a8674fc>:0)
SAIN.Components.BotManagerComponent.ManualUpdate (System.Single currentTime, System.Single deltaTime) (at <e4b9dce640de4a37a12afe7f4a8674fc>:0)
SAIN.Components.GameWorldComponent.WorldTick (System.Single deltaTime) (at <e4b9dce640de4a37a12afe7f4a8674fc>:0)
SAIN.Patches.GameWorld.WorldTickPatch.Patch (System.Single dt) (at <e4b9dce640de4a37a12afe7f4a8674fc>:0)
(wrapper dynamic-method) EFT.GameWorld.DMD<EFT.GameWorld::DoWorldTick>(EFT.GameWorld,single)
EFT.GameWorldUnityTickListener.Update () (at <ad47400a25db462cbf0a531df654c3c3>:0)
UnityEngine.DebugLogHandler:LogException(Exception, Object)
Class412:LogException(Exception, Object)
UnityEngine.Debug:CallOverridenDebugHandler(Exception, Object)
 
2026-08-17 22:26:31.847 -04:00|0.16.9.0.40087|Error|Default| 
EXCEPTION: System.NullReferenceException: Object reference not set to an instance of an object
  at SAIN.SAINComponent.Classes.Mover.SAINMoverClass.WantsPatrolStance () [0x0002a] in <e4b9dce640de4a37a12afe7f4a8674fc>:0 
  at SAIN.SAINComponent.Classes.Mover.SAINMoverClass.UpdateStance (System.Single time) [0x00025] in <e4b9dce640de4a37a12afe7f4a8674fc>:0 
  at SAIN.SAINComponent.Classes.Mover.SAINMoverClass.ManualUpdate () [0x00078] in <e4b9dce640de4a37a12afe7f4a8674fc>:0 
  at SAIN.Components.BotComponent.TickClassGroup (System.Collections.Generic.List`1[T] List, System.Single CurrentTime) [0x0000f] in <e4b9dce640de4a37a12afe7f4a8674fc>:0 
  at SAIN.Components.BotComponent.ManualUpdate (System.Single currentTime, System.Single deltaTime) [0x0004b] in <e4b9dce640de4a37a12afe7f4a8674fc>:0 
  at SAIN.Components.BotManagerComponent.ManualUpdate (System.Single currentTime, System.Single deltaTime) [0x00065] in <e4b9dce640de4a37a12afe7f4a8674fc>:0 
  at SAIN.Components.GameWorldComponent.WorldTick (System.Single deltaTime) [0x00014] in <e4b9dce640de4a37a12afe7f4a8674fc>:0 
  at SAIN.Patches.GameWorld.WorldTickPatch.Patch (System.Single dt) [0x0001e] in <e4b9dce640de4a37a12afe7f4a8674fc>:0 
  at (wrapper dynamic-method) EFT.GameWorld.DMD<EFT.GameWorld::DoWorldTick>(EFT.GameWorld,single)
  at EFT.GameWorldUnityTickListener.Update () [0x00031] in <ad47400a25db462cbf0a531df654c3c3>:0 
2026-08-17 22:26:31.847 -04:00|0.16.9.0.40087|Error|Default|NullReferenceException: Object reference not set to an instance of an object
SAIN.SAINComponent.Classes.Mover.SAINMoverClass.WantsPatrolStance () (at <e4b9dce640de4a37a12afe7f4a8674fc>:0)
SAIN.SAINComponent.Classes.Mover.SAINMoverClass.UpdateStance (System.Single time) (at <e4b9dce640de4a37a12afe7f4a8674fc>:0)
SAIN.SAINComponent.Classes.Mover.SAINMoverClass.ManualUpdate () (at <e4b9dce640de4a37a12afe7f4a8674fc>:0)
SAIN.Components.BotComponent.TickClassGroup (System.Collections.Generic.List`1[T] List, System.Single CurrentTime) (at <e4b9dce640de4a37a12afe7f4a8674fc>:0)
SAIN.Components.BotComponent.ManualUpdate (System.Single currentTime, System.Single deltaTime) (at <e4b9dce640de4a37a12afe7f4a8674fc>:0)
SAIN.Components.BotManagerComponent.ManualUpdate (System.Single currentTime, System.Single deltaTime) (at <e4b9dce640de4a37a12afe7f4a8674fc>:0)
SAIN.Components.GameWorldComponent.WorldTick (System.Single deltaTime) (at <e4b9dce640de4a37a12afe7f4a8674fc>:0)
SAIN.Patches.GameWorld.WorldTickPatch.Patch (System.Single dt) (at <e4b9dce640de4a37a12afe7f4a8674fc>:0)
(wrapper dynamic-method) EFT.GameWorld.DMD<EFT.GameWorld::DoWorldTick>(EFT.GameWorld,single)
EFT.GameWorldUnityTickListener.Update () (at <ad47400a25db462cbf0a531df654c3c3>:0)
UnityEngine.DebugLogHandler:LogException(Exception, Object)
Class412:LogException(Exception, Object)
UnityEngine.Debug:CallOverridenDebugHandler(Exception, Object)
 
2026-08-17 22:26:31.863 -04:00|0.16.9.0.40087|Error|Default| 
EXCEPTION: System.NullReferenceException: Object reference not set to an instance of an object
  at SAIN.SAINComponent.Classes.Mover.SAINMoverClass.WantsPatrolStance () [0x0002a] in <e4b9dce640de4a37a12afe7f4a8674fc>:0 
  at SAIN.SAINComponent.Classes.Mover.SAINMoverClass.UpdateStance (System.Single time) [0x00025] in <e4b9dce640de4a37a12afe7f4a8674fc>:0 
  at SAIN.SAINComponent.Classes.Mover.SAINMoverClass.ManualUpdate () [0x00078] in <e4b9dce640de4a37a12afe7f4a8674fc>:0 
  at SAIN.Components.BotComponent.TickClassGroup (System.Collections.Generic.List`1[T] List, System.Single CurrentTime) [0x0000f] in <e4b9dce640de4a37a12afe7f4a8674fc>:0 
  at SAIN.Components.BotComponent.ManualUpdate (System.Single currentTime, System.Single deltaTime) [0x0004b] in <e4b9dce640de4a37a12afe7f4a8674fc>:0 
  at SAIN.Components.BotManagerComponent.ManualUpdate (System.Single currentTime, System.Single deltaTime) [0x00065] in <e4b9dce640de4a37a12afe7f4a8674fc>:0 
  at SAIN.Components.GameWorldComponent.WorldTick (System.Single deltaTime) [0x00014] in <e4b9dce640de4a37a12afe7f4a8674fc>:0 
  at SAIN.Patches.GameWorld.WorldTickPatch.Patch (System.Single dt) [0x0001e] in <e4b9dce640de4a37a12afe7f4a8674fc>:0 
  at (wrapper dynamic-method) EFT.GameWorld.DMD<EFT.GameWorld::DoWorldTick>(EFT.GameWorld,single)
  at EFT.GameWorldUnityTickListener.Update () [0x00031] in <ad47400a25db462cbf0a531df654c3c3>:0 
2026-08-17 22:26:31.863 -04:00|0.16.9.0.40087|Error|Default|NullReferenceException: Object reference not set to an instance of an object
SAIN.SAINComponent.Classes.Mover.SAINMoverClass.WantsPatrolStance () (at <e4b9dce640de4a37a12afe7f4a8674fc>:0)
SAIN.SAINComponent.Classes.Mover.SAINMoverClass.UpdateStance (System.Single time) (at <e4b9dce640de4a37a12afe7f4a8674fc>:0)
SAIN.SAINComponent.Classes.Mover.SAINMoverClass.ManualUpdate () (at <e4b9dce640de4a37a12afe7f4a8674fc>:0)
SAIN.Components.BotComponent.TickClassGroup (System.Collections.Generic.List`1[T] List, System.Single CurrentTime) (at <e4b9dce640de4a37a12afe7f4a8674fc>:0)
SAIN.Components.BotComponent.ManualUpdate (System.Single currentTime, System.Single deltaTime) (at <e4b9dce640de4a37a12afe7f4a8674fc>:0)
SAIN.Components.BotManagerComponent.ManualUpdate (System.Single currentTime, System.Single deltaTime) (at <e4b9dce640de4a37a12afe7f4a8674fc>:0)
SAIN.Components.GameWorldComponent.WorldTick (System.Single deltaTime) (at <e4b9dce640de4a37a12afe7f4a8674fc>:0)
SAIN.Patches.GameWorld.WorldTickPatch.Patch (System.Single dt) (at <e4b9dce640de4a37a12afe7f4a8674fc>:0)
(wrapper dynamic-method) EFT.GameWorld.DMD<EFT.GameWorld::DoWorldTick>(EFT.GameWorld,single)
EFT.GameWorldUnityTickListener.Update () (at <ad47400a25db462cbf0a531df654c3c3>:0)
UnityEngine.DebugLogHandler:LogException(Exception, Object)
Class412:LogException(Exception, Object)
UnityEngine.Debug:CallOverridenDebugHandler(Exception, Object)
 
2026-08-17 22:26:31.863 -04:00|0.16.9.0.40087|Error|Default| 
EXCEPTION: System.NullReferenceException: Object reference not set to an instance of an object
  at SAIN.SAINComponent.Classes.Mover.SAINMoverClass.WantsPatrolStance () [0x0002a] in <e4b9dce640de4a37a12afe7f4a8674fc>:0 
  at SAIN.SAINComponent.Classes.Mover.SAINMoverClass.UpdateStance (System.Single time) [0x00025] in <e4b9dce640de4a37a12afe7f4a8674fc>:0 
  at SAIN.SAINComponent.Classes.Mover.SAINMoverClass.ManualUpdate () [0x00078] in <e4b9dce640de4a37a12afe7f4a8674fc>:0 
  at SAIN.Components.BotComponent.TickClassGroup (System.Collections.Generic.List`1[T] List, System.Single CurrentTime) [0x0000f] in <e4b9dce640de4a37a12afe7f4a8674fc>:0 
  at SAIN.Components.BotComponent.ManualUpdate (System.Single currentTime, System.Single deltaTime) [0x0004b] in <e4b9dce640de4a37a12afe7f4a8674fc>:0 
  at SAIN.Components.BotManagerComponent.ManualUpdate (System.Single currentTime, System.Single deltaTime) [0x00065] in <e4b9dce640de4a37a12afe7f4a8674fc>:0 
  at SAIN.Components.GameWorldComponent.WorldTick (System.Single deltaTime) [0x00014] in <e4b9dce640de4a37a12afe7f4a8674fc>:0 
  at SAIN.Patches.GameWorld.WorldTickPatch.Patch (System.Single dt) [0x0001e] in <e4b9dce640de4a37a12afe7f4a8674fc>:0 
  at (wrapper dynamic-method) EFT.GameWorld.DMD<EFT.GameWorld::DoWorldTick>(EFT.GameWorld,single)
  at EFT.GameWorldUnityTickListener.Update () [0x00031] in <ad47400a25db462cbf0a531df654c3c3>:0 
2026-08-17 22:26:31.863 -04:00|0.16.9.0.40087|Error|Default|NullReferenceException: Object reference not set to an instance of an object
SAIN.SAINComponent.Classes.Mover.SAINMoverClass.WantsPatrolStance () (at <e4b9dce640de4a37a12afe7f4a8674fc>:0)
SAIN.SAINComponent.Classes.Mover.SAINMoverClass.UpdateStance (System.Single time) (at <e4b9dce640de4a37a12afe7f4a8674fc>:0)
SAIN.SAINComponent.Classes.Mover.SAINMoverClass.ManualUpdate () (at <e4b9dce640de4a37a12afe7f4a8674fc>:0)
SAIN.Components.BotComponent.TickClassGroup (System.Collections.Generic.List`1[T] List, System.Single CurrentTime) (at <e4b9dce640de4a37a12afe7f4a8674fc>:0)
SAIN.Components.BotComponent.ManualUpdate (System.Single currentTime, System.Single deltaTime) (at <e4b9dce640de4a37a12afe7f4a8674fc>:0)
SAIN.Components.BotManagerComponent.ManualUpdate (System.Single currentTime, System.Single deltaTime) (at <e4b9dce640de4a37a12afe7f4a8674fc>:0)
SAIN.Components.GameWorldComponent.WorldTick (System.Single deltaTime) (at <e4b9dce640de4a37a12afe7f4a8674fc>:0)
SAIN.Patches.GameWorld.WorldTickPatch.Patch (System.Single dt) (at <e4b9dce640de4a37a12afe7f4a8674fc>:0)
(wrapper dynamic-method) EFT.GameWorld.DMD<EFT.GameWorld::DoWorldTick>(EFT.GameWorld,single)
EFT.GameWorldUnityTickListener.Update () (at <ad47400a25db462cbf0a531df654c3c3>:0)
UnityEngine.DebugLogHandler:LogException(Exception, Object)
Class412:LogException(Exception, Object)
UnityEngine.Debug:CallOverridenDebugHandler(Exception, Object)
 
2026-08-17 22:26:32.099 -04:00|0.16.9.0.40087|Error|Default| 
EXCEPTION: System.NullReferenceException: Object reference not set to an instance of an object
  at SAIN.SAINComponent.Classes.Mover.SAINMoverClass.WantsPatrolStance () [0x0002a] in <e4b9dce640de4a37a12afe7f4a8674fc>:0 
  at SAIN.SAINComponent.Classes.Mover.SAINMoverClass.UpdateStance (System.Single time) [0x00025] in <e4b9dce640de4a37a12afe7f4a8674fc>:0 
  at SAIN.SAINComponent.Classes.Mover.SAINMoverClass.ManualUpdate () [0x00078] in <e4b9dce640de4a37a12afe7f4a8674fc>:0 
  at SAIN.Components.BotComponent.TickClassGroup (System.Collections.Generic.List`1[T] List, System.Single CurrentTime) [0x0000f] in <e4b9dce640de4a37a12afe7f4a8674fc>:0 
  at SAIN.Components.BotComponent.ManualUpdate (System.Single currentTime, System.Single deltaTime) [0x0004b] in <e4b9dce640de4a37a12afe7f4a8674fc>:0 
  at SAIN.Components.BotManagerComponent.ManualUpdate (System.Single currentTime, System.Single deltaTime) [0x00065] in <e4b9dce640de4a37a12afe7f4a8674fc>:0 
  at SAIN.Components.GameWorldComponent.WorldTick (System.Single deltaTime) [0x00014] in <e4b9dce640de4a37a12afe7f4a8674fc>:0 
  at SAIN.Patches.GameWorld.WorldTickPatch.Patch (System.Single dt) [0x0001e] in <e4b9dce640de4a37a12afe7f4a8674fc>:0 
  at (wrapper dynamic-method) EFT.GameWorld.DMD<EFT.GameWorld::DoWorldTick>(EFT.GameWorld,single)
  at EFT.GameWorldUnityTickListener.Update () [0x00031] in <ad47400a25db462cbf0a531df654c3c3>:0 
2026-08-17 22:26:32.099 -04:00|0.16.9.0.40087|Error|Default|NullReferenceException: Object reference not set to an instance of an object
SAIN.SAINComponent.Classes.Mover.SAINMoverClass.WantsPatrolStance () (at <e4b9dce640de4a37a12afe7f4a8674fc>:0)
SAIN.SAINComponent.Classes.Mover.SAINMoverClass.UpdateStance (System.Single time) (at <e4b9dce640de4a37a12afe7f4a8674fc>:0)
SAIN.SAINComponent.Classes.Mover.SAINMoverClass.ManualUpdate () (at <e4b9dce640de4a37a12afe7f4a8674fc>:0)
SAIN.Components.BotComponent.TickClassGroup (System.Collections.Generic.List`1[T] List, System.Single CurrentTime) (at <e4b9dce640de4a37a12afe7f4a8674fc>:0)
SAIN.Components.BotComponent.ManualUpdate (System.Single currentTime, System.Single deltaTime) (at <e4b9dce640de4a37a12afe7f4a8674fc>:0)
SAIN.Components.BotManagerComponent.ManualUpdate (System.Single currentTime, System.Single deltaTime) (at <e4b9dce640de4a37a12afe7f4a8674fc>:0)
SAIN.Components.GameWorldComponent.WorldTick (System.Single deltaTime) (at <e4b9dce640de4a37a12afe7f4a8674fc>:0)
SAIN.Patches.GameWorld.WorldTickPatch.Patch (System.Single dt) (at <e4b9dce640de4a37a12afe7f4a8674fc>:0)
(wrapper dynamic-method) EFT.GameWorld.DMD<EFT.GameWorld::DoWorldTick>(EFT.GameWorld,single)
EFT.GameWorldUnityTickListener.Update () (at <ad47400a25db462cbf0a531df654c3c3>:0)
UnityEngine.DebugLogHandler:LogException(Exception, Object)
Class412:LogException(Exception, Object)
UnityEngine.Debug:CallOverridenDebugHandler(Exception, Object)
 
2026-08-17 22:26:32.099 -04:00|0.16.9.0.40087|Error|Default| 
EXCEPTION: System.NullReferenceException: Object reference not set to an instance of an object
  at SAIN.SAINComponent.Classes.Mover.SAINMoverClass.WantsPatrolStance () [0x0002a] in <e4b9dce640de4a37a12afe7f4a8674fc>:0 
  at SAIN.SAINComponent.Classes.Mover.SAINMoverClass.UpdateStance (System.Single time) [0x00025] in <e4b9dce640de4a37a12afe7f4a8674fc>:0 
  at SAIN.SAINComponent.Classes.Mover.SAINMoverClass.ManualUpdate () [0x00078] in <e4b9dce640de4a37a12afe7f4a8674fc>:0 
  at SAIN.Components.BotComponent.TickClassGroup (System.Collections.Generic.List`1[T] List, System.Single CurrentTime) [0x0000f] in <e4b9dce640de4a37a12afe7f4a8674fc>:0 
  at SAIN.Components.BotComponent.ManualUpdate (System.Single currentTime, System.Single deltaTime) [0x0004b] in <e4b9dce640de4a37a12afe7f4a8674fc>:0 
  at SAIN.Components.BotManagerComponent.ManualUpdate (System.Single currentTime, System.Single deltaTime) [0x00065] in <e4b9dce640de4a37a12afe7f4a8674fc>:0 
  at SAIN.Components.GameWorldComponent.WorldTick (System.Single deltaTime) [0x00014] in <e4b9dce640de4a37a12afe7f4a8674fc>:0 
  at SAIN.Patches.GameWorld.WorldTickPatch.Patch (System.Single dt) [0x0001e] in <e4b9dce640de4a37a12afe7f4a8674fc>:0 
  at (wrapper dynamic-method) EFT.GameWorld.DMD<EFT.GameWorld::DoWorldTick>(EFT.GameWorld,single)
  at EFT.GameWorldUnityTickListener.Update () [0x00031] in <ad47400a25db462cbf0a531df654c3c3>:0 
2026-08-17 22:26:32.099 -04:00|0.16.9.0.40087|Error|Default|NullReferenceException: Object reference not set to an instance of an object
SAIN.SAINComponent.Classes.Mover.SAINMoverClass.WantsPatrolStance () (at <e4b9dce640de4a37a12afe7f4a8674fc>:0)
SAIN.SAINComponent.Classes.Mover.SAINMoverClass.UpdateStance (System.Single time) (at <e4b9dce640de4a37a12afe7f4a8674fc>:0)
SAIN.SAINComponent.Classes.Mover.SAINMoverClass.ManualUpdate () (at <e4b9dce640de4a37a12afe7f4a8674fc>:0)
SAIN.Components.BotComponent.TickClassGroup (System.Collections.Generic.List`1[T] List, System.Single CurrentTime) (at <e4b9dce640de4a37a12afe7f4a8674fc>:0)
SAIN.Components.BotComponent.ManualUpdate (System.Single currentTime, System.Single deltaTime) (at <e4b9dce640de4a37a12afe7f4a8674fc>:0)
SAIN.Components.BotManagerComponent.ManualUpdate (System.Single currentTime, System.Single deltaTime) (at <e4b9dce640de4a37a12afe7f4a8674fc>:0)
SAIN.Components.GameWorldComponent.WorldTick (System.Single deltaTime) (at <e4b9dce640de4a37a12afe7f4a8674fc>:0)
SAIN.Patches.GameWorld.WorldTickPatch.Patch (System.Single dt) (at <e4b9dce640de4a37a12afe7f4a8674fc>:0)
(wrapper dynamic-method) EFT.GameWorld.DMD<EFT.GameWorld::DoWorldTick>(EFT.GameWorld,single)
EFT.GameWorldUnityTickListener.Update () (at <ad47400a25db462cbf0a531df654c3c3>:0)
UnityEngine.DebugLogHandler:LogException(Exception, Object)
Class412:LogException(Exception, Object)
UnityEngine.Debug:CallOverridenDebugHandler(Exception, Object)
 
2026-08-17 22:26:32.114 -04:00|0.16.9.0.40087|Error|Default| 
EXCEPTION: System.NullReferenceException: Object reference not set to an instance of an object
  at SAIN.SAINComponent.Classes.Mover.SAINMoverClass.WantsPatrolStance () [0x0002a] in <e4b9dce640de4a37a12afe7f4a8674fc>:0 
  at SAIN.SAINComponent.Classes.Mover.SAINMoverClass.UpdateStance (System.Single time) [0x00025] in <e4b9dce640de4a37a12afe7f4a8674fc>:0 
  at SAIN.SAINComponent.Classes.Mover.SAINMoverClass.ManualUpdate () [0x00078] in <e4b9dce640de4a37a12afe7f4a8674fc>:0 
  at SAIN.Components.BotComponent.TickClassGroup (System.Collections.Generic.List`1[T] List, System.Single CurrentTime) [0x0000f] in <e4b9dce640de4a37a12afe7f4a8674fc>:0 
  at SAIN.Components.BotComponent.ManualUpdate (System.Single currentTime, System.Single deltaTime) [0x0004b] in <e4b9dce640de4a37a12afe7f4a8674fc>:0 
  at SAIN.Components.BotManagerComponent.ManualUpdate (System.Single currentTime, System.Single deltaTime) [0x00065] in <e4b9dce640de4a37a12afe7f4a8674fc>:0 
  at SAIN.Components.GameWorldComponent.WorldTick (System.Single deltaTime) [0x00014] in <e4b9dce640de4a37a12afe7f4a8674fc>:0 
  at SAIN.Patches.GameWorld.WorldTickPatch.Patch (System.Single dt) [0x0001e] in <e4b9dce640de4a37a12afe7f4a8674fc>:0 
  at (wrapper dynamic-method) EFT.GameWorld.DMD<EFT.GameWorld::DoWorldTick>(EFT.GameWorld,single)
  at EFT.GameWorldUnityTickListener.Update () [0x00031] in <ad47400a25db462cbf0a531df654c3c3>:0 
2026-08-17 22:26:32.114 -04:00|0.16.9.0.40087|Error|Default|NullReferenceException: Object reference not set to an instance of an object
SAIN.SAINComponent.Classes.Mover.SAINMoverClass.WantsPatrolStance () (at <e4b9dce640de4a37a12afe7f4a8674fc>:0)
SAIN.SAINComponent.Classes.Mover.SAINMoverClass.UpdateStance (System.Single time) (at <e4b9dce640de4a37a12afe7f4a8674fc>:0)
SAIN.SAINComponent.Classes.Mover.SAINMoverClass.ManualUpdate () (at <e4b9dce640de4a37a12afe7f4a8674fc>:0)
SAIN.Components.BotComponent.TickClassGroup (System.Collections.Generic.List`1[T] List, System.Single CurrentTime) (at <e4b9dce640de4a37a12afe7f4a8674fc>:0)
SAIN.Components.BotComponent.ManualUpdate (System.Single currentTime, System.Single deltaTime) (at <e4b9dce640de4a37a12afe7f4a8674fc>:0)
SAIN.Components.BotManagerComponent.ManualUpdate (System.Single currentTime, System.Single deltaTime) (at <e4b9dce640de4a37a12afe7f4a8674fc>:0)
SAIN.Components.GameWorldComponent.WorldTick (System.Single deltaTime) (at <e4b9dce640de4a37a12afe7f4a8674fc>:0)
SAIN.Patches.GameWorld.WorldTickPatch.Patch (System.Single dt) (at <e4b9dce640de4a37a12afe7f4a8674fc>:0)
(wrapper dynamic-method) EFT.GameWorld.DMD<EFT.GameWorld::DoWorldTick>(EFT.GameWorld,single)
EFT.GameWorldUnityTickListener.Update () (at <ad47400a25db462cbf0a531df654c3c3>:0)
UnityEngine.DebugLogHandler:LogException(Exception, Object)
Class412:LogException(Exception, Object)
UnityEngine.Debug:CallOverridenDebugHandler(Exception, Object)
 
2026-08-17 22:26:32.114 -04:00|0.16.9.0.40087|Error|Default| 
EXCEPTION: System.NullReferenceException: Object reference not set to an instance of an object
  at SAIN.SAINComponent.Classes.Mover.SAINMoverClass.WantsPatrolStance () [0x0002a] in <e4b9dce640de4a37a12afe7f4a8674fc>:0 
  at SAIN.SAINComponent.Classes.Mover.SAINMoverClass.UpdateStance (System.Single time) [0x00025] in <e4b9dce640de4a37a12afe7f4a8674fc>:0 
  at SAIN.SAINComponent.Classes.Mover.SAINMoverClass.ManualUpdate () [0x00078] in <e4b9dce640de4a37a12afe7f4a8674fc>:0 
  at SAIN.Components.BotComponent.TickClassGroup (System.Collections.Generic.List`1[T] List, System.Single CurrentTime) [0x0000f] in <e4b9dce640de4a37a12afe7f4a8674fc>:0 
  at SAIN.Components.BotComponent.ManualUpdate (System.Single currentTime, System.Single deltaTime) [0x0004b] in <e4b9dce640de4a37a12afe7f4a8674fc>:0 
  at SAIN.Components.BotManagerComponent.ManualUpdate (System.Single currentTime, System.Single deltaTime) [0x00065] in <e4b9dce640de4a37a12afe7f4a8674fc>:0 
  at SAIN.Components.GameWorldComponent.WorldTick (System.Single deltaTime) [0x00014] in <e4b9dce640de4a37a12afe7f4a8674fc>:0 
  at SAIN.Patches.GameWorld.WorldTickPatch.Patch (System.Single dt) [0x0001e] in <e4b9dce640de4a37a12afe7f4a8674fc>:0 
  at (wrapper dynamic-method) EFT.GameWorld.DMD<EFT.GameWorld::DoWorldTick>(EFT.GameWorld,single)
  at EFT.GameWorldUnityTickListener.Update () [0x00031] in <ad47400a25db462cbf0a531df654c3c3>:0 
2026-08-17 22:26:32.114 -04:00|0.16.9.0.40087|Error|Default|NullReferenceException: Object reference not set to an instance of an object
SAIN.SAINComponent.Classes.Mover.SAINMoverClass.WantsPatrolStance () (at <e4b9dce640de4a37a12afe7f4a8674fc>:0)
SAIN.SAINComponent.Classes.Mover.SAINMoverClass.UpdateStance (System.Single time) (at <e4b9dce640de4a37a12afe7f4a8674fc>:0)
SAIN.SAINComponent.Classes.Mover.SAINMoverClass.ManualUpdate () (at <e4b9dce640de4a37a12afe7f4a8674fc>:0)
SAIN.Components.BotComponent.TickClassGroup (System.Collections.Generic.List`1[T] List, System.Single CurrentTime) (at <e4b9dce640de4a37a12afe7f4a8674fc>:0)
SAIN.Components.BotComponent.ManualUpdate (System.Single currentTime, System.Single deltaTime) (at <e4b9dce640de4a37a12afe7f4a8674fc>:0)
SAIN.Components.BotManagerComponent.ManualUpdate (System.Single currentTime, System.Single deltaTime) (at <e4b9dce640de4a37a12afe7f4a8674fc>:0)
SAIN.Components.GameWorldComponent.WorldTick (System.Single deltaTime) (at <e4b9dce640de4a37a12afe7f4a8674fc>:0)
SAIN.Patches.GameWorld.WorldTickPatch.Patch (System.Single dt) (at <e4b9dce640de4a37a12afe7f4a8674fc>:0)
(wrapper dynamic-method) EFT.GameWorld.DMD<EFT.GameWorld::DoWorldTick>(EFT.GameWorld,single)
EFT.GameWorldUnityTickListener.Update () (at <ad47400a25db462cbf0a531df654c3c3>:0)
UnityEngine.DebugLogHandler:LogException(Exception, Object)
Class412:LogException(Exception, Object)
UnityEngine.Debug:CallOverridenDebugHandler(Exception, Object)
 
2026-08-17 22:26:32.353 -04:00|0.16.9.0.40087|Error|Default| 
EXCEPTION: System.NullReferenceException: Object reference not set to an instance of an object
  at SAIN.SAINComponent.Classes.Mover.SAINMoverClass.WantsPatrolStance () [0x0002a] in <e4b9dce640de4a37a12afe7f4a8674fc>:0 
  at SAIN.SAINComponent.Classes.Mover.SAINMoverClass.UpdateStance (System.Single time) [0x00025] in <e4b9dce640de4a37a12afe7f4a8674fc>:0 
  at SAIN.SAINComponent.Classes.Mover.SAINMoverClass.ManualUpdate () [0x00078] in <e4b9dce640de4a37a12afe7f4a8674fc>:0 
  at SAIN.Components.BotComponent.TickClassGroup (System.Collections.Generic.List`1[T] List, System.Single CurrentTime) [0x0000f] in <e4b9dce640de4a37a12afe7f4a8674fc>:0 
  at SAIN.Components.BotComponent.ManualUpdate (System.Single currentTime, System.Single deltaTime) [0x0004b] in <e4b9dce640de4a37a12afe7f4a8674fc>:0 
  at SAIN.Components.BotManagerComponent.ManualUpdate (System.Single currentTime, System.Single deltaTime) [0x00065] in <e4b9dce640de4a37a12afe7f4a8674fc>:0 
  at SAIN.Components.GameWorldComponent.WorldTick (System.Single deltaTime) [0x00014] in <e4b9dce640de4a37a12afe7f4a8674fc>:0 
  at SAIN.Patches.GameWorld.WorldTickPatch.Patch (System.Single dt) [0x0001e] in <e4b9dce640de4a37a12afe7f4a8674fc>:0 
  at (wrapper dynamic-method) EFT.GameWorld.DMD<EFT.GameWorld::DoWorldTick>(EFT.GameWorld,single)
  at EFT.GameWorldUnityTickListener.Update () [0x00031] in <ad47400a25db462cbf0a531df654c3c3>:0 
2026-08-17 22:26:32.353 -04:00|0.16.9.0.40087|Error|Default|NullReferenceException: Object reference not set to an instance of an object
SAIN.SAINComponent.Classes.Mover.SAINMoverClass.WantsPatrolStance () (at <e4b9dce640de4a37a12afe7f4a8674fc>:0)
SAIN.SAINComponent.Classes.Mover.SAINMoverClass.UpdateStance (System.Single time) (at <e4b9dce640de4a37a12afe7f4a8674fc>:0)
SAIN.SAINComponent.Classes.Mover.SAINMoverClass.ManualUpdate () (at <e4b9dce640de4a37a12afe7f4a8674fc>:0)
SAIN.Components.BotComponent.TickClassGroup (System.Collections.Generic.List`1[T] List, System.Single CurrentTime) (at <e4b9dce640de4a37a12afe7f4a8674fc>:0)
SAIN.Components.BotComponent.ManualUpdate (System.Single currentTime, System.Single deltaTime) (at <e4b9dce640de4a37a12afe7f4a8674fc>:0)
SAIN.Components.BotManagerComponent.ManualUpdate (System.Single currentTime, System.Single deltaTime) (at <e4b9dce640de4a37a12afe7f4a8674fc>:0)
SAIN.Components.GameWorldComponent.WorldTick (System.Single deltaTime) (at <e4b9dce640de4a37a12afe7f4a8674fc>:0)
SAIN.Patches.GameWorld.WorldTickPatch.Patch (System.Single dt) (at <e4b9dce640de4a37a12afe7f4a8674fc>:0)
(wrapper dynamic-method) EFT.GameWorld.DMD<EFT.GameWorld::DoWorldTick>(EFT.GameWorld,single)
EFT.GameWorldUnityTickListener.Update () (at <ad47400a25db462cbf0a531df654c3c3>:0)
UnityEngine.DebugLogHandler:LogException(Exception, Object)
Class412:LogException(Exception, Object)
UnityEngine.Debug:CallOverridenDebugHandler(Exception, Object)
 
2026-08-17 22:26:32.353 -04:00|0.16.9.0.40087|Error|Default| 
EXCEPTION: System.NullReferenceException: Object reference not set to an instance of an object
  at SAIN.SAINComponent.Classes.Mover.SAINMoverClass.WantsPatrolStance () [0x0002a] in <e4b9dce640de4a37a12afe7f4a8674fc>:0 
  at SAIN.SAINComponent.Classes.Mover.SAINMoverClass.UpdateStance (System.Single time) [0x00025] in <e4b9dce640de4a37a12afe7f4a8674fc>:0 
  at SAIN.SAINComponent.Classes.Mover.SAINMoverClass.ManualUpdate () [0x00078] in <e4b9dce640de4a37a12afe7f4a8674fc>:0 
  at SAIN.Components.BotComponent.TickClassGroup (System.Collections.Generic.List`1[T] List, System.Single CurrentTime) [0x0000f] in <e4b9dce640de4a37a12afe7f4a8674fc>:0 
  at SAIN.Components.BotComponent.ManualUpdate (System.Single currentTime, System.Single deltaTime) [0x0004b] in <e4b9dce640de4a37a12afe7f4a8674fc>:0 
  at SAIN.Components.BotManagerComponent.ManualUpdate (System.Single currentTime, System.Single deltaTime) [0x00065] in <e4b9dce640de4a37a12afe7f4a8674fc>:0 
  at SAIN.Components.GameWorldComponent.WorldTick (System.Single deltaTime) [0x00014] in <e4b9dce640de4a37a12afe7f4a8674fc>:0 
  at SAIN.Patches.GameWorld.WorldTickPatch.Patch (System.Single dt) [0x0001e] in <e4b9dce640de4a37a12afe7f4a8674fc>:0 
  at (wrapper dynamic-method) EFT.GameWorld.DMD<EFT.GameWorld::DoWorldTick>(EFT.GameWorld,single)
  at EFT.GameWorldUnityTickListener.Update () [0x00031] in <ad47400a25db462cbf0a531df654c3c3>:0 
2026-08-17 22:26:32.353 -04:00|0.16.9.0.40087|Error|Default|NullReferenceException: Object reference not set to an instance of an object
SAIN.SAINComponent.Classes.Mover.SAINMoverClass.WantsPatrolStance () (at <e4b9dce640de4a37a12afe7f4a8674fc>:0)
SAIN.SAINComponent.Classes.Mover.SAINMoverClass.UpdateStance (System.Single time) (at <e4b9dce640de4a37a12afe7f4a8674fc>:0)
SAIN.SAINComponent.Classes.Mover.SAINMoverClass.ManualUpdate () (at <e4b9dce640de4a37a12afe7f4a8674fc>:0)
SAIN.Components.BotComponent.TickClassGroup (System.Collections.Generic.List`1[T] List, System.Single CurrentTime) (at <e4b9dce640de4a37a12afe7f4a8674fc>:0)
SAIN.Components.BotComponent.ManualUpdate (System.Single currentTime, System.Single deltaTime) (at <e4b9dce640de4a37a12afe7f4a8674fc>:0)
SAIN.Components.BotManagerComponent.ManualUpdate (System.Single currentTime, System.Single deltaTime) (at <e4b9dce640de4a37a12afe7f4a8674fc>:0)
SAIN.Components.GameWorldComponent.WorldTick (System.Single deltaTime) (at <e4b9dce640de4a37a12afe7f4a8674fc>:0)
SAIN.Patches.GameWorld.WorldTickPatch.Patch (System.Single dt) (at <e4b9dce640de4a37a12afe7f4a8674fc>:0)
(wrapper dynamic-method) EFT.GameWorld.DMD<EFT.GameWorld::DoWorldTick>(EFT.GameWorld,single)
EFT.GameWorldUnityTickListener.Update () (at <ad47400a25db462cbf0a531df654c3c3>:0)
UnityEngine.DebugLogHandler:LogException(Exception, Object)
Class412:LogException(Exception, Object)
UnityEngine.Debug:CallOverridenDebugHandler(Exception, Object)
 
2026-08-17 22:26:32.368 -04:00|0.16.9.0.40087|Error|Default| 
EXCEPTION: System.NullReferenceException: Object reference not set to an instance of an object
  at SAIN.SAINComponent.Classes.Mover.SAINMoverClass.WantsPatrolStance () [0x0002a] in <e4b9dce640de4a37a12afe7f4a8674fc>:0 
  at SAIN.SAINComponent.Classes.Mover.SAINMoverClass.UpdateStance (System.Single time) [0x00025] in <e4b9dce640de4a37a12afe7f4a8674fc>:0 
  at SAIN.SAINComponent.Classes.Mover.SAINMoverClass.ManualUpdate () [0x00078] in <e4b9dce640de4a37a12afe7f4a8674fc>:0 
  at SAIN.Components.BotComponent.TickClassGroup (System.Collections.Generic.List`1[T] List, System.Single CurrentTime) [0x0000f] in <e4b9dce640de4a37a12afe7f4a8674fc>:0 
  at SAIN.Components.BotComponent.ManualUpdate (System.Single currentTime, System.Single deltaTime) [0x0004b] in <e4b9dce640de4a37a12afe7f4a8674fc>:0 
  at SAIN.Components.BotManagerComponent.ManualUpdate (System.Single currentTime, System.Single deltaTime) [0x00065] in <e4b9dce640de4a37a12afe7f4a8674fc>:0 
  at SAIN.Components.GameWorldComponent.WorldTick (System.Single deltaTime) [0x00014] in <e4b9dce640de4a37a12afe7f4a8674fc>:0 
  at SAIN.Patches.GameWorld.WorldTickPatch.Patch (System.Single dt) [0x0001e] in <e4b9dce640de4a37a12afe7f4a8674fc>:0 
  at (wrapper dynamic-method) EFT.GameWorld.DMD<EFT.GameWorld::DoWorldTick>(EFT.GameWorld,single)
  at EFT.GameWorldUnityTickListener.Update () [0x00031] in <ad47400a25db462cbf0a531df654c3c3>:0 
2026-08-17 22:26:32.368 -04:00|0.16.9.0.40087|Error|Default|NullReferenceException: Object reference not set to an instance of an object
SAIN.SAINComponent.Classes.Mover.SAINMoverClass.WantsPatrolStance () (at <e4b9dce640de4a37a12afe7f4a8674fc>:0)
SAIN.SAINComponent.Classes.Mover.SAINMoverClass.UpdateStance (System.Single time) (at <e4b9dce640de4a37a12afe7f4a8674fc>:0)
SAIN.SAINComponent.Classes.Mover.SAINMoverClass.ManualUpdate () (at <e4b9dce640de4a37a12afe7f4a8674fc>:0)
SAIN.Components.BotComponent.TickClassGroup (System.Collections.Generic.List`1[T] List, System.Single CurrentTime) (at <e4b9dce640de4a37a12afe7f4a8674fc>:0)
SAIN.Components.BotComponent.ManualUpdate (System.Single currentTime, System.Single deltaTime) (at <e4b9dce640de4a37a12afe7f4a8674fc>:0)
SAIN.Components.BotManagerComponent.ManualUpdate (System.Single currentTime, System.Single deltaTime) (at <e4b9dce640de4a37a12afe7f4a8674fc>:0)
SAIN.Components.GameWorldComponent.WorldTick (System.Single deltaTime) (at <e4b9dce640de4a37a12afe7f4a8674fc>:0)
SAIN.Patches.GameWorld.WorldTickPatch.Patch (System.Single dt) (at <e4b9dce640de4a37a12afe7f4a8674fc>:0)
(wrapper dynamic-method) EFT.GameWorld.DMD<EFT.GameWorld::DoWorldTick>(EFT.GameWorld,single)
EFT.GameWorldUnityTickListener.Update () (at <ad47400a25db462cbf0a531df654c3c3>:0)
UnityEngine.DebugLogHandler:LogException(Exception, Object)
Class412:LogException(Exception, Object)
UnityEngine.Debug:CallOverridenDebugHandler(Exception, Object)
 
2026-08-17 22:26:32.368 -04:00|0.16.9.0.40087|Error|Default| 
EXCEPTION: System.NullReferenceException: Object reference not set to an instance of an object
  at SAIN.SAINComponent.Classes.Mover.SAINMoverClass.WantsPatrolStance () [0x0002a] in <e4b9dce640de4a37a12afe7f4a8674fc>:0 
  at SAIN.SAINComponent.Classes.Mover.SAINMoverClass.UpdateStance (System.Single time) [0x00025] in <e4b9dce640de4a37a12afe7f4a8674fc>:0 
  at SAIN.SAINComponent.Classes.Mover.SAINMoverClass.ManualUpdate () [0x00078] in <e4b9dce640de4a37a12afe7f4a8674fc>:0 
  at SAIN.Components.BotComponent.TickClassGroup (System.Collections.Generic.List`1[T] List, System.Single CurrentTime) [0x0000f] in <e4b9dce640de4a37a12afe7f4a8674fc>:0 
  at SAIN.Components.BotComponent.ManualUpdate (System.Single currentTime, System.Single deltaTime) [0x0004b] in <e4b9dce640de4a37a12afe7f4a8674fc>:0 
  at SAIN.Components.BotManagerComponent.ManualUpdate (System.Single currentTime, System.Single deltaTime) [0x00065] in <e4b9dce640de4a37a12afe7f4a8674fc>:0 
  at SAIN.Components.GameWorldComponent.WorldTick (System.Single deltaTime) [0x00014] in <e4b9dce640de4a37a12afe7f4a8674fc>:0 
  at SAIN.Patches.GameWorld.WorldTickPatch.Patch (System.Single dt) [0x0001e] in <e4b9dce640de4a37a12afe7f4a8674fc>:0 
  at (wrapper dynamic-method) EFT.GameWorld.DMD<EFT.GameWorld::DoWorldTick>(EFT.GameWorld,single)
  at EFT.GameWorldUnityTickListener.Update () [0x00031] in <ad47400a25db462cbf0a531df654c3c3>:0 
2026-08-17 22:26:32.368 -04:00|0.16.9.0.40087|Error|Default|NullReferenceException: Object reference not set to an instance of an object
SAIN.SAINComponent.Classes.Mover.SAINMoverClass.WantsPatrolStance () (at <e4b9dce640de4a37a12afe7f4a8674fc>:0)
SAIN.SAINComponent.Classes.Mover.SAINMoverClass.UpdateStance (System.Single time) (at <e4b9dce640de4a37a12afe7f4a8674fc>:0)
SAIN.SAINComponent.Classes.Mover.SAINMoverClass.ManualUpdate () (at <e4b9dce640de4a37a12afe7f4a8674fc>:0)
SAIN.Components.BotComponent.TickClassGroup (System.Collections.Generic.List`1[T] List, System.Single CurrentTime) (at <e4b9dce640de4a37a12afe7f4a8674fc>:0)
SAIN.Components.BotComponent.ManualUpdate (System.Single currentTime, System.Single deltaTime) (at <e4b9dce640de4a37a12afe7f4a8674fc>:0)
SAIN.Components.BotManagerComponent.ManualUpdate (System.Single currentTime, System.Single deltaTime) (at <e4b9dce640de4a37a12afe7f4a8674fc>:0)
SAIN.Components.GameWorldComponent.WorldTick (System.Single deltaTime) (at <e4b9dce640de4a37a12afe7f4a8674fc>:0)
SAIN.Patches.GameWorld.WorldTickPatch.Patch (System.Single dt) (at <e4b9dce640de4a37a12afe7f4a8674fc>:0)
(wrapper dynamic-method) EFT.GameWorld.DMD<EFT.GameWorld::DoWorldTick>(EFT.GameWorld,single)
EFT.GameWorldUnityTickListener.Update () (at <ad47400a25db462cbf0a531df654c3c3>:0)
UnityEngine.DebugLogHandler:LogException(Exception, Object)
Class412:LogException(Exception, Object)
UnityEngine.Debug:CallOverridenDebugHandler(Exception, Object)
 
2026-08-17 22:26:32.604 -04:00|0.16.9.0.40087|Error|Default| 
EXCEPTION: System.NullReferenceException: Object reference not set to an instance of an object
  at SAIN.SAINComponent.Classes.Mover.SAINMoverClass.WantsPatrolStance () [0x0002a] in <e4b9dce640de4a37a12afe7f4a8674fc>:0 
  at SAIN.SAINComponent.Classes.Mover.SAINMoverClass.UpdateStance (System.Single time) [0x00025] in <e4b9dce640de4a37a12afe7f4a8674fc>:0 
  at SAIN.SAINComponent.Classes.Mover.SAINMoverClass.ManualUpdate () [0x00078] in <e4b9dce640de4a37a12afe7f4a8674fc>:0 
  at SAIN.Components.BotComponent.TickClassGroup (System.Collections.Generic.List`1[T] List, System.Single CurrentTime) [0x0000f] in <e4b9dce640de4a37a12afe7f4a8674fc>:0 
  at SAIN.Components.BotComponent.ManualUpdate (System.Single currentTime, System.Single deltaTime) [0x0004b] in <e4b9dce640de4a37a12afe7f4a8674fc>:0 
  at SAIN.Components.BotManagerComponent.ManualUpdate (System.Single currentTime, System.Single deltaTime) [0x00065] in <e4b9dce640de4a37a12afe7f4a8674fc>:0 
  at SAIN.Components.GameWorldComponent.WorldTick (System.Single deltaTime) [0x00014] in <e4b9dce640de4a37a12afe7f4a8674fc>:0 
  at SAIN.Patches.GameWorld.WorldTickPatch.Patch (System.Single dt) [0x0001e] in <e4b9dce640de4a37a12afe7f4a8674fc>:0 
  at (wrapper dynamic-method) EFT.GameWorld.DMD<EFT.GameWorld::DoWorldTick>(EFT.GameWorld,single)
  at EFT.GameWorldUnityTickListener.Update () [0x00031] in <ad47400a25db462cbf0a531df654c3c3>:0 
2026-08-17 22:26:32.604 -04:00|0.16.9.0.40087|Error|Default|NullReferenceException: Object reference not set to an instance of an object
SAIN.SAINComponent.Classes.Mover.SAINMoverClass.WantsPatrolStance () (at <e4b9dce640de4a37a12afe7f4a8674fc>:0)
SAIN.SAINComponent.Classes.Mover.SAINMoverClass.UpdateStance (System.Single time) (at <e4b9dce640de4a37a12afe7f4a8674fc>:0)
SAIN.SAINComponent.Classes.Mover.SAINMoverClass.ManualUpdate () (at <e4b9dce640de4a37a12afe7f4a8674fc>:0)
SAIN.Components.BotComponent.TickClassGroup (System.Collections.Generic.List`1[T] List, System.Single CurrentTime) (at <e4b9dce640de4a37a12afe7f4a8674fc>:0)
SAIN.Components.BotComponent.ManualUpdate (System.Single currentTime, System.Single deltaTime) (at <e4b9dce640de4a37a12afe7f4a8674fc>:0)
SAIN.Components.BotManagerComponent.ManualUpdate (System.Single currentTime, System.Single deltaTime) (at <e4b9dce640de4a37a12afe7f4a8674fc>:0)
SAIN.Components.GameWorldComponent.WorldTick (System.Single deltaTime) (at <e4b9dce640de4a37a12afe7f4a8674fc>:0)
SAIN.Patches.GameWorld.WorldTickPatch.Patch (System.Single dt) (at <e4b9dce640de4a37a12afe7f4a8674fc>:0)
(wrapper dynamic-method) EFT.GameWorld.DMD<EFT.GameWorld::DoWorldTick>(EFT.GameWorld,single)
EFT.GameWorldUnityTickListener.Update () (at <ad47400a25db462cbf0a531df654c3c3>:0)
UnityEngine.DebugLogHandler:LogException(Exception, Object)
Class412:LogException(Exception, Object)
UnityEngine.Debug:CallOverridenDebugHandler(Exception, Object)
 
2026-08-17 22:26:32.614 -04:00|0.16.9.0.40087|Error|Default| 
EXCEPTION: System.NullReferenceException: Object reference not set to an instance of an object
  at SAIN.SAINComponent.Classes.Mover.SAINMoverClass.WantsPatrolStance () [0x0002a] in <e4b9dce640de4a37a12afe7f4a8674fc>:0 
  at SAIN.SAINComponent.Classes.Mover.SAINMoverClass.UpdateStance (System.Single time) [0x00025] in <e4b9dce640de4a37a12afe7f4a8674fc>:0 
  at SAIN.SAINComponent.Classes.Mover.SAINMoverClass.ManualUpdate () [0x00078] in <e4b9dce640de4a37a12afe7f4a8674fc>:0 
  at SAIN.Components.BotComponent.TickClassGroup (System.Collections.Generic.List`1[T] List, System.Single CurrentTime) [0x0000f] in <e4b9dce640de4a37a12afe7f4a8674fc>:0 
  at SAIN.Components.BotComponent.ManualUpdate (System.Single currentTime, System.Single deltaTime) [0x0004b] in <e4b9dce640de4a37a12afe7f4a8674fc>:0 
  at SAIN.Components.BotManagerComponent.ManualUpdate (System.Single currentTime, System.Single deltaTime) [0x00065] in <e4b9dce640de4a37a12afe7f4a8674fc>:0 
  at SAIN.Components.GameWorldComponent.WorldTick (System.Single deltaTime) [0x00014] in <e4b9dce640de4a37a12afe7f4a8674fc>:0 
  at SAIN.Patches.GameWorld.WorldTickPatch.Patch (System.Single dt) [0x0001e] in <e4b9dce640de4a37a12afe7f4a8674fc>:0 
  at (wrapper dynamic-method) EFT.GameWorld.DMD<EFT.GameWorld::DoWorldTick>(EFT.GameWorld,single)
  at EFT.GameWorldUnityTickListener.Update () [0x00031] in <ad47400a25db462cbf0a531df654c3c3>:0 
2026-08-17 22:26:32.614 -04:00|0.16.9.0.40087|Error|Default|NullReferenceException: Object reference not set to an instance of an object
SAIN.SAINComponent.Classes.Mover.SAINMoverClass.WantsPatrolStance () (at <e4b9dce640de4a37a12afe7f4a8674fc>:0)
SAIN.SAINComponent.Classes.Mover.SAINMoverClass.UpdateStance (System.Single time) (at <e4b9dce640de4a37a12afe7f4a8674fc>:0)
SAIN.SAINComponent.Classes.Mover.SAINMoverClass.ManualUpdate () (at <e4b9dce640de4a37a12afe7f4a8674fc>:0)
SAIN.Components.BotComponent.TickClassGroup (System.Collections.Generic.List`1[T] List, System.Single CurrentTime) (at <e4b9dce640de4a37a12afe7f4a8674fc>:0)
SAIN.Components.BotComponent.ManualUpdate (System.Single currentTime, System.Single deltaTime) (at <e4b9dce640de4a37a12afe7f4a8674fc>:0)
SAIN.Components.BotManagerComponent.ManualUpdate (System.Single currentTime, System.Single deltaTime) (at <e4b9dce640de4a37a12afe7f4a8674fc>:0)
SAIN.Components.GameWorldComponent.WorldTick (System.Single deltaTime) (at <e4b9dce640de4a37a12afe7f4a8674fc>:0)
SAIN.Patches.GameWorld.WorldTickPatch.Patch (System.Single dt) (at <e4b9dce640de4a37a12afe7f4a8674fc>:0)
(wrapper dynamic-method) EFT.GameWorld.DMD<EFT.GameWorld::DoWorldTick>(EFT.GameWorld,single)
EFT.GameWorldUnityTickListener.Update () (at <ad47400a25db462cbf0a531df654c3c3>:0)
UnityEngine.DebugLogHandler:LogException(Exception, Object)
Class412:LogException(Exception, Object)
UnityEngine.Debug:CallOverridenDebugHandler(Exception, Object)
 
2026-08-17 22:26:32.614 -04:00|0.16.9.0.40087|Error|Default| 
EXCEPTION: System.NullReferenceException: Object reference not set to an instance of an object
  at SAIN.SAINComponent.Classes.Mover.SAINMoverClass.WantsPatrolStance () [0x0002a] in <e4b9dce640de4a37a12afe7f4a8674fc>:0 
  at SAIN.SAINComponent.Classes.Mover.SAINMoverClass.UpdateStance (System.Single time) [0x00025] in <e4b9dce640de4a37a12afe7f4a8674fc>:0 
  at SAIN.SAINComponent.Classes.Mover.SAINMoverClass.ManualUpdate () [0x00078] in <e4b9dce640de4a37a12afe7f4a8674fc>:0 
  at SAIN.Components.BotComponent.TickClassGroup (System.Collections.Generic.List`1[T] List, System.Single CurrentTime) [0x0000f] in <e4b9dce640de4a37a12afe7f4a8674fc>:0 
  at SAIN.Components.BotComponent.ManualUpdate (System.Single currentTime, System.Single deltaTime) [0x0004b] in <e4b9dce640de4a37a12afe7f4a8674fc>:0 
  at SAIN.Components.BotManagerComponent.ManualUpdate (System.Single currentTime, System.Single deltaTime) [0x00065] in <e4b9dce640de4a37a12afe7f4a8674fc>:0 
  at SAIN.Components.GameWorldComponent.WorldTick (System.Single deltaTime) [0x00014] in <e4b9dce640de4a37a12afe7f4a8674fc>:0 
  at SAIN.Patches.GameWorld.WorldTickPatch.Patch (System.Single dt) [0x0001e] in <e4b9dce640de4a37a12afe7f4a8674fc>:0 
  at (wrapper dynamic-method) EFT.GameWorld.DMD<EFT.GameWorld::DoWorldTick>(EFT.GameWorld,single)
  at EFT.GameWorldUnityTickListener.Update () [0x00031] in <ad47400a25db462cbf0a531df654c3c3>:0 
2026-08-17 22:26:32.614 -04:00|0.16.9.0.40087|Error|Default|NullReferenceException: Object reference not set to an instance of an object
SAIN.SAINComponent.Classes.Mover.SAINMoverClass.WantsPatrolStance () (at <e4b9dce640de4a37a12afe7f4a8674fc>:0)
SAIN.SAINComponent.Classes.Mover.SAINMoverClass.UpdateStance (System.Single time) (at <e4b9dce640de4a37a12afe7f4a8674fc>:0)
SAIN.SAINComponent.Classes.Mover.SAINMoverClass.ManualUpdate () (at <e4b9dce640de4a37a12afe7f4a8674fc>:0)
SAIN.Components.BotComponent.TickClassGroup (System.Collections.Generic.List`1[T] List, System.Single CurrentTime) (at <e4b9dce640de4a37a12afe7f4a8674fc>:0)
SAIN.Components.BotComponent.ManualUpdate (System.Single currentTime, System.Single deltaTime) (at <e4b9dce640de4a37a12afe7f4a8674fc>:0)
SAIN.Components.BotManagerComponent.ManualUpdate (System.Single currentTime, System.Single deltaTime) (at <e4b9dce640de4a37a12afe7f4a8674fc>:0)
SAIN.Components.GameWorldComponent.WorldTick (System.Single deltaTime) (at <e4b9dce640de4a37a12afe7f4a8674fc>:0)
SAIN.Patches.GameWorld.WorldTickPatch.Patch (System.Single dt) (at <e4b9dce640de4a37a12afe7f4a8674fc>:0)
(wrapper dynamic-method) EFT.GameWorld.DMD<EFT.GameWorld::DoWorldTick>(EFT.GameWorld,single)
EFT.GameWorldUnityTickListener.Update () (at <ad47400a25db462cbf0a531df654c3c3>:0)
UnityEngine.DebugLogHandler:LogException(Exception, Object)
Class412:LogException(Exception, Object)
UnityEngine.Debug:CallOverridenDebugHandler(Exception, Object)
 
2026-08-17 22:26:32.631 -04:00|0.16.9.0.40087|Error|Default| 
EXCEPTION: System.NullReferenceException: Object reference not set to an instance of an object
  at SAIN.SAINComponent.Classes.Mover.SAINMoverClass.WantsPatrolStance () [0x0002a] in <e4b9dce640de4a37a12afe7f4a8674fc>:0 
  at SAIN.SAINComponent.Classes.Mover.SAINMoverClass.UpdateStance (System.Single time) [0x00025] in <e4b9dce640de4a37a12afe7f4a8674fc>:0 
  at SAIN.SAINComponent.Classes.Mover.SAINMoverClass.ManualUpdate () [0x00078] in <e4b9dce640de4a37a12afe7f4a8674fc>:0 
  at SAIN.Components.BotComponent.TickClassGroup (System.Collections.Generic.List`1[T] List, System.Single CurrentTime) [0x0000f] in <e4b9dce640de4a37a12afe7f4a8674fc>:0 
  at SAIN.Components.BotComponent.ManualUpdate (System.Single currentTime, System.Single deltaTime) [0x0004b] in <e4b9dce640de4a37a12afe7f4a8674fc>:0 
  at SAIN.Components.BotManagerComponent.ManualUpdate (System.Single currentTime, System.Single deltaTime) [0x00065] in <e4b9dce640de4a37a12afe7f4a8674fc>:0 
  at SAIN.Components.GameWorldComponent.WorldTick (System.Single deltaTime) [0x00014] in <e4b9dce640de4a37a12afe7f4a8674fc>:0 
  at SAIN.Patches.GameWorld.WorldTickPatch.Patch (System.Single dt) [0x0001e] in <e4b9dce640de4a37a12afe7f4a8674fc>:0 
  at (wrapper dynamic-method) EFT.GameWorld.DMD<EFT.GameWorld::DoWorldTick>(EFT.GameWorld,single)
  at EFT.GameWorldUnityTickListener.Update () [0x00031] in <ad47400a25db462cbf0a531df654c3c3>:0 
2026-08-17 22:26:32.631 -04:00|0.16.9.0.40087|Error|Default|NullReferenceException: Object reference not set to an instance of an object
SAIN.SAINComponent.Classes.Mover.SAINMoverClass.WantsPatrolStance () (at <e4b9dce640de4a37a12afe7f4a8674fc>:0)
SAIN.SAINComponent.Classes.Mover.SAINMoverClass.UpdateStance (System.Single time) (at <e4b9dce640de4a37a12afe7f4a8674fc>:0)
SAIN.SAINComponent.Classes.Mover.SAINMoverClass.ManualUpdate () (at <e4b9dce640de4a37a12afe7f4a8674fc>:0)
SAIN.Components.BotComponent.TickClassGroup (System.Collections.Generic.List`1[T] List, System.Single CurrentTime) (at <e4b9dce640de4a37a12afe7f4a8674fc>:0)
SAIN.Components.BotComponent.ManualUpdate (System.Single currentTime, System.Single deltaTime) (at <e4b9dce640de4a37a12afe7f4a8674fc>:0)
SAIN.Components.BotManagerComponent.ManualUpdate (System.Single currentTime, System.Single deltaTime) (at <e4b9dce640de4a37a12afe7f4a8674fc>:0)
SAIN.Components.GameWorldComponent.WorldTick (System.Single deltaTime) (at <e4b9dce640de4a37a12afe7f4a8674fc>:0)
SAIN.Patches.GameWorld.WorldTickPatch.Patch (System.Single dt) (at <e4b9dce640de4a37a12afe7f4a8674fc>:0)
(wrapper dynamic-method) EFT.GameWorld.DMD<EFT.GameWorld::DoWorldTick>(EFT.GameWorld,single)
EFT.GameWorldUnityTickListener.Update () (at <ad47400a25db462cbf0a531df654c3c3>:0)
UnityEngine.DebugLogHandler:LogException(Exception, Object)
Class412:LogException(Exception, Object)
UnityEngine.Debug:CallOverridenDebugHandler(Exception, Object)
 
2026-08-17 22:26:32.864 -04:00|0.16.9.0.40087|Error|Default| 
EXCEPTION: System.NullReferenceException: Object reference not set to an instance of an object
  at SAIN.SAINComponent.Classes.Mover.SAINMoverClass.WantsPatrolStance () [0x0002a] in <e4b9dce640de4a37a12afe7f4a8674fc>:0 
  at SAIN.SAINComponent.Classes.Mover.SAINMoverClass.UpdateStance (System.Single time) [0x00025] in <e4b9dce640de4a37a12afe7f4a8674fc>:0 
  at SAIN.SAINComponent.Classes.Mover.SAINMoverClass.ManualUpdate () [0x00078] in <e4b9dce640de4a37a12afe7f4a8674fc>:0 
  at SAIN.Components.BotComponent.TickClassGroup (System.Collections.Generic.List`1[T] List, System.Single CurrentTime) [0x0000f] in <e4b9dce640de4a37a12afe7f4a8674fc>:0 
  at SAIN.Components.BotComponent.ManualUpdate (System.Single currentTime, System.Single deltaTime) [0x0004b] in <e4b9dce640de4a37a12afe7f4a8674fc>:0 
  at SAIN.Components.BotManagerComponent.ManualUpdate (System.Single currentTime, System.Single deltaTime) [0x00065] in <e4b9dce640de4a37a12afe7f4a8674fc>:0 
  at SAIN.Components.GameWorldComponent.WorldTick (System.Single deltaTime) [0x00014] in <e4b9dce640de4a37a12afe7f4a8674fc>:0 
  at SAIN.Patches.GameWorld.WorldTickPatch.Patch (System.Single dt) [0x0001e] in <e4b9dce640de4a37a12afe7f4a8674fc>:0 
  at (wrapper dynamic-method) EFT.GameWorld.DMD<EFT.GameWorld::DoWorldTick>(EFT.GameWorld,single)
  at EFT.GameWorldUnityTickListener.Update () [0x00031] in <ad47400a25db462cbf0a531df654c3c3>:0 
2026-08-17 22:26:32.864 -04:00|0.16.9.0.40087|Error|Default|NullReferenceException: Object reference not set to an instance of an object
SAIN.SAINComponent.Classes.Mover.SAINMoverClass.WantsPatrolStance () (at <e4b9dce640de4a37a12afe7f4a8674fc>:0)
SAIN.SAINComponent.Classes.Mover.SAINMoverClass.UpdateStance (System.Single time) (at <e4b9dce640de4a37a12afe7f4a8674fc>:0)
SAIN.SAINComponent.Classes.Mover.SAINMoverClass.ManualUpdate () (at <e4b9dce640de4a37a12afe7f4a8674fc>:0)
SAIN.Components.BotComponent.TickClassGroup (System.Collections.Generic.List`1[T] List, System.Single CurrentTime) (at <e4b9dce640de4a37a12afe7f4a8674fc>:0)
SAIN.Components.BotComponent.ManualUpdate (System.Single currentTime, System.Single deltaTime) (at <e4b9dce640de4a37a12afe7f4a8674fc>:0)
SAIN.Components.BotManagerComponent.ManualUpdate (System.Single currentTime, System.Single deltaTime) (at <e4b9dce640de4a37a12afe7f4a8674fc>:0)
SAIN.Components.GameWorldComponent.WorldTick (System.Single deltaTime) (at <e4b9dce640de4a37a12afe7f4a8674fc>:0)
SAIN.Patches.GameWorld.WorldTickPatch.Patch (System.Single dt) (at <e4b9dce640de4a37a12afe7f4a8674fc>:0)
(wrapper dynamic-method) EFT.GameWorld.DMD<EFT.GameWorld::DoWorldTick>(EFT.GameWorld,single)
EFT.GameWorldUnityTickListener.Update () (at <ad47400a25db462cbf0a531df654c3c3>:0)
UnityEngine.DebugLogHandler:LogException(Exception, Object)
Class412:LogException(Exception, Object)
UnityEngine.Debug:CallOverridenDebugHandler(Exception, Object)
 
2026-08-17 22:26:32.864 -04:00|0.16.9.0.40087|Error|Default| 
EXCEPTION: System.NullReferenceException: Object reference not set to an instance of an object
  at SAIN.SAINComponent.Classes.Mover.SAINMoverClass.WantsPatrolStance () [0x0002a] in <e4b9dce640de4a37a12afe7f4a8674fc>:0 
  at SAIN.SAINComponent.Classes.Mover.SAINMoverClass.UpdateStance (System.Single time) [0x00025] in <e4b9dce640de4a37a12afe7f4a8674fc>:0 
  at SAIN.SAINComponent.Classes.Mover.SAINMoverClass.ManualUpdate () [0x00078] in <e4b9dce640de4a37a12afe7f4a8674fc>:0 
  at SAIN.Components.BotComponent.TickClassGroup (System.Collections.Generic.List`1[T] List, System.Single CurrentTime) [0x0000f] in <e4b9dce640de4a37a12afe7f4a8674fc>:0 
  at SAIN.Components.BotComponent.ManualUpdate (System.Single currentTime, System.Single deltaTime) [0x0004b] in <e4b9dce640de4a37a12afe7f4a8674fc>:0 
  at SAIN.Components.BotManagerComponent.ManualUpdate (System.Single currentTime, System.Single deltaTime) [0x00065] in <e4b9dce640de4a37a12afe7f4a8674fc>:0 
  at SAIN.Components.GameWorldComponent.WorldTick (System.Single deltaTime) [0x00014] in <e4b9dce640de4a37a12afe7f4a8674fc>:0 
  at SAIN.Patches.GameWorld.WorldTickPatch.Patch (System.Single dt) [0x0001e] in <e4b9dce640de4a37a12afe7f4a8674fc>:0 
  at (wrapper dynamic-method) EFT.GameWorld.DMD<EFT.GameWorld::DoWorldTick>(EFT.GameWorld,single)
  at EFT.GameWorldUnityTickListener.Update () [0x00031] in <ad47400a25db462cbf0a531df654c3c3>:0 
2026-08-17 22:26:32.864 -04:00|0.16.9.0.40087|Error|Default|NullReferenceException: Object reference not set to an instance of an object
SAIN.SAINComponent.Classes.Mover.SAINMoverClass.WantsPatrolStance () (at <e4b9dce640de4a37a12afe7f4a8674fc>:0)
SAIN.SAINComponent.Classes.Mover.SAINMoverClass.UpdateStance (System.Single time) (at <e4b9dce640de4a37a12afe7f4a8674fc>:0)
SAIN.SAINComponent.Classes.Mover.SAINMoverClass.ManualUpdate () (at <e4b9dce640de4a37a12afe7f4a8674fc>:0)
SAIN.Components.BotComponent.TickClassGroup (System.Collections.Generic.List`1[T] List, System.Single CurrentTime) (at <e4b9dce640de4a37a12afe7f4a8674fc>:0)
SAIN.Components.BotComponent.ManualUpdate (System.Single currentTime, System.Single deltaTime) (at <e4b9dce640de4a37a12afe7f4a8674fc>:0)
SAIN.Components.BotManagerComponent.ManualUpdate (System.Single currentTime, System.Single deltaTime) (at <e4b9dce640de4a37a12afe7f4a8674fc>:0)
SAIN.Components.GameWorldComponent.WorldTick (System.Single deltaTime) (at <e4b9dce640de4a37a12afe7f4a8674fc>:0)
SAIN.Patches.GameWorld.WorldTickPatch.Patch (System.Single dt) (at <e4b9dce640de4a37a12afe7f4a8674fc>:0)
(wrapper dynamic-method) EFT.GameWorld.DMD<EFT.GameWorld::DoWorldTick>(EFT.GameWorld,single)
EFT.GameWorldUnityTickListener.Update () (at <ad47400a25db462cbf0a531df654c3c3>:0)
UnityEngine.DebugLogHandler:LogException(Exception, Object)
Class412:LogException(Exception, Object)
UnityEngine.Debug:CallOverridenDebugHandler(Exception, Object)
 
2026-08-17 22:26:32.882 -04:00|0.16.9.0.40087|Error|Default| 
EXCEPTION: System.NullReferenceException: Object reference not set to an instance of an object
  at SAIN.SAINComponent.Classes.Mover.SAINMoverClass.WantsPatrolStance () [0x0002a] in <e4b9dce640de4a37a12afe7f4a8674fc>:0 
  at SAIN.SAINComponent.Classes.Mover.SAINMoverClass.UpdateStance (System.Single time) [0x00025] in <e4b9dce640de4a37a12afe7f4a8674fc>:0 
  at SAIN.SAINComponent.Classes.Mover.SAINMoverClass.ManualUpdate () [0x00078] in <e4b9dce640de4a37a12afe7f4a8674fc>:0 
  at SAIN.Components.BotComponent.TickClassGroup (System.Collections.Generic.List`1[T] List, System.Single CurrentTime) [0x0000f] in <e4b9dce640de4a37a12afe7f4a8674fc>:0 
  at SAIN.Components.BotComponent.ManualUpdate (System.Single currentTime, System.Single deltaTime) [0x0004b] in <e4b9dce640de4a37a12afe7f4a8674fc>:0 
  at SAIN.Components.BotManagerComponent.ManualUpdate (System.Single currentTime, System.Single deltaTime) [0x00065] in <e4b9dce640de4a37a12afe7f4a8674fc>:0 
  at SAIN.Components.GameWorldComponent.WorldTick (System.Single deltaTime) [0x00014] in <e4b9dce640de4a37a12afe7f4a8674fc>:0 
  at SAIN.Patches.GameWorld.WorldTickPatch.Patch (System.Single dt) [0x0001e] in <e4b9dce640de4a37a12afe7f4a8674fc>:0 
  at (wrapper dynamic-method) EFT.GameWorld.DMD<EFT.GameWorld::DoWorldTick>(EFT.GameWorld,single)
  at EFT.GameWorldUnityTickListener.Update () [0x00031] in <ad47400a25db462cbf0a531df654c3c3>:0 
2026-08-17 22:26:32.882 -04:00|0.16.9.0.40087|Error|Default|NullReferenceException: Object reference not set to an instance of an object
SAIN.SAINComponent.Classes.Mover.SAINMoverClass.WantsPatrolStance () (at <e4b9dce640de4a37a12afe7f4a8674fc>:0)
SAIN.SAINComponent.Classes.Mover.SAINMoverClass.UpdateStance (System.Single time) (at <e4b9dce640de4a37a12afe7f4a8674fc>:0)
SAIN.SAINComponent.Classes.Mover.SAINMoverClass.ManualUpdate () (at <e4b9dce640de4a37a12afe7f4a8674fc>:0)
SAIN.Components.BotComponent.TickClassGroup (System.Collections.Generic.List`1[T] List, System.Single CurrentTime) (at <e4b9dce640de4a37a12afe7f4a8674fc>:0)
SAIN.Components.BotComponent.ManualUpdate (System.Single currentTime, System.Single deltaTime) (at <e4b9dce640de4a37a12afe7f4a8674fc>:0)
SAIN.Components.BotManagerComponent.ManualUpdate (System.Single currentTime, System.Single deltaTime) (at <e4b9dce640de4a37a12afe7f4a8674fc>:0)
SAIN.Components.GameWorldComponent.WorldTick (System.Single deltaTime) (at <e4b9dce640de4a37a12afe7f4a8674fc>:0)
SAIN.Patches.GameWorld.WorldTickPatch.Patch (System.Single dt) (at <e4b9dce640de4a37a12afe7f4a8674fc>:0)
(wrapper dynamic-method) EFT.GameWorld.DMD<EFT.GameWorld::DoWorldTick>(EFT.GameWorld,single)
EFT.GameWorldUnityTickListener.Update () (at <ad47400a25db462cbf0a531df654c3c3>:0)
UnityEngine.DebugLogHandler:LogException(Exception, Object)
Class412:LogException(Exception, Object)
UnityEngine.Debug:CallOverridenDebugHandler(Exception, Object)
 
2026-08-17 22:26:32.882 -04:00|0.16.9.0.40087|Error|Default| 
EXCEPTION: System.NullReferenceException: Object reference not set to an instance of an object
  at SAIN.SAINComponent.Classes.Mover.SAINMoverClass.WantsPatrolStance () [0x0002a] in <e4b9dce640de4a37a12afe7f4a8674fc>:0 
  at SAIN.SAINComponent.Classes.Mover.SAINMoverClass.UpdateStance (System.Single time) [0x00025] in <e4b9dce640de4a37a12afe7f4a8674fc>:0 
  at SAIN.SAINComponent.Classes.Mover.SAINMoverClass.ManualUpdate () [0x00078] in <e4b9dce640de4a37a12afe7f4a8674fc>:0 
  at SAIN.Components.BotComponent.TickClassGroup (System.Collections.Generic.List`1[T] List, System.Single CurrentTime) [0x0000f] in <e4b9dce640de4a37a12afe7f4a8674fc>:0 
  at SAIN.Components.BotComponent.ManualUpdate (System.Single currentTime, System.Single deltaTime) [0x0004b] in <e4b9dce640de4a37a12afe7f4a8674fc>:0 
  at SAIN.Components.BotManagerComponent.ManualUpdate (System.Single currentTime, System.Single deltaTime) [0x00065] in <e4b9dce640de4a37a12afe7f4a8674fc>:0 
  at SAIN.Components.GameWorldComponent.WorldTick (System.Single deltaTime) [0x00014] in <e4b9dce640de4a37a12afe7f4a8674fc>:0 
  at SAIN.Patches.GameWorld.WorldTickPatch.Patch (System.Single dt) [0x0001e] in <e4b9dce640de4a37a12afe7f4a8674fc>:0 
  at (wrapper dynamic-method) EFT.GameWorld.DMD<EFT.GameWorld::DoWorldTick>(EFT.GameWorld,single)
  at EFT.GameWorldUnityTickListener.Update () [0x00031] in <ad47400a25db462cbf0a531df654c3c3>:0 
2026-08-17 22:26:32.882 -04:00|0.16.9.0.40087|Error|Default|NullReferenceException: Object reference not set to an instance of an object
SAIN.SAINComponent.Classes.Mover.SAINMoverClass.WantsPatrolStance () (at <e4b9dce640de4a37a12afe7f4a8674fc>:0)
SAIN.SAINComponent.Classes.Mover.SAINMoverClass.UpdateStance (System.Single time) (at <e4b9dce640de4a37a12afe7f4a8674fc>:0)
SAIN.SAINComponent.Classes.Mover.SAINMoverClass.ManualUpdate () (at <e4b9dce640de4a37a12afe7f4a8674fc>:0)
SAIN.Components.BotComponent.TickClassGroup (System.Collections.Generic.List`1[T] List, System.Single CurrentTime) (at <e4b9dce640de4a37a12afe7f4a8674fc>:0)
SAIN.Components.BotComponent.ManualUpdate (System.Single currentTime, System.Single deltaTime) (at <e4b9dce640de4a37a12afe7f4a8674fc>:0)
SAIN.Components.BotManagerComponent.ManualUpdate (System.Single currentTime, System.Single deltaTime) (at <e4b9dce640de4a37a12afe7f4a8674fc>:0)
SAIN.Components.GameWorldComponent.WorldTick (System.Single deltaTime) (at <e4b9dce640de4a37a12afe7f4a8674fc>:0)
SAIN.Patches.GameWorld.WorldTickPatch.Patch (System.Single dt) (at <e4b9dce640de4a37a12afe7f4a8674fc>:0)
(wrapper dynamic-method) EFT.GameWorld.DMD<EFT.GameWorld::DoWorldTick>(EFT.GameWorld,single)
EFT.GameWorldUnityTickListener.Update () (at <ad47400a25db462cbf0a531df654c3c3>:0)
UnityEngine.DebugLogHandler:LogException(Exception, Object)
Class412:LogException(Exception, Object)
UnityEngine.Debug:CallOverridenDebugHandler(Exception, Object)
 
2026-08-17 22:26:33.117 -04:00|0.16.9.0.40087|Error|Default| 
EXCEPTION: System.NullReferenceException: Object reference not set to an instance of an object
  at SAIN.SAINComponent.Classes.Mover.SAINMoverClass.WantsPatrolStance () [0x0002a] in <e4b9dce640de4a37a12afe7f4a8674fc>:0 
  at SAIN.SAINComponent.Classes.Mover.SAINMoverClass.UpdateStance (System.Single time) [0x00025] in <e4b9dce640de4a37a12afe7f4a8674fc>:0 
  at SAIN.SAINComponent.Classes.Mover.SAINMoverClass.ManualUpdate () [0x00078] in <e4b9dce640de4a37a12afe7f4a8674fc>:0 
  at SAIN.Components.BotComponent.TickClassGroup (System.Collections.Generic.List`1[T] List, System.Single CurrentTime) [0x0000f] in <e4b9dce640de4a37a12afe7f4a8674fc>:0 
  at SAIN.Components.BotComponent.ManualUpdate (System.Single currentTime, System.Single deltaTime) [0x0004b] in <e4b9dce640de4a37a12afe7f4a8674fc>:0 
  at SAIN.Components.BotManagerComponent.ManualUpdate (System.Single currentTime, System.Single deltaTime) [0x00065] in <e4b9dce640de4a37a12afe7f4a8674fc>:0 
  at SAIN.Components.GameWorldComponent.WorldTick (System.Single deltaTime) [0x00014] in <e4b9dce640de4a37a12afe7f4a8674fc>:0 
  at SAIN.Patches.GameWorld.WorldTickPatch.Patch (System.Single dt) [0x0001e] in <e4b9dce640de4a37a12afe7f4a8674fc>:0 
  at (wrapper dynamic-method) EFT.GameWorld.DMD<EFT.GameWorld::DoWorldTick>(EFT.GameWorld,single)
  at EFT.GameWorldUnityTickListener.Update () [0x00031] in <ad47400a25db462cbf0a531df654c3c3>:0 
2026-08-17 22:26:33.117 -04:00|0.16.9.0.40087|Error|Default|NullReferenceException: Object reference not set to an instance of an object
SAIN.SAINComponent.Classes.Mover.SAINMoverClass.WantsPatrolStance () (at <e4b9dce640de4a37a12afe7f4a8674fc>:0)
SAIN.SAINComponent.Classes.Mover.SAINMoverClass.UpdateStance (System.Single time) (at <e4b9dce640de4a37a12afe7f4a8674fc>:0)
SAIN.SAINComponent.Classes.Mover.SAINMoverClass.ManualUpdate () (at <e4b9dce640de4a37a12afe7f4a8674fc>:0)
SAIN.Components.BotComponent.TickClassGroup (System.Collections.Generic.List`1[T] List, System.Single CurrentTime) (at <e4b9dce640de4a37a12afe7f4a8674fc>:0)
SAIN.Components.BotComponent.ManualUpdate (System.Single currentTime, System.Single deltaTime) (at <e4b9dce640de4a37a12afe7f4a8674fc>:0)
SAIN.Components.BotManagerComponent.ManualUpdate (System.Single currentTime, System.Single deltaTime) (at <e4b9dce640de4a37a12afe7f4a8674fc>:0)
SAIN.Components.GameWorldComponent.WorldTick (System.Single deltaTime) (at <e4b9dce640de4a37a12afe7f4a8674fc>:0)
SAIN.Patches.GameWorld.WorldTickPatch.Patch (System.Single dt) (at <e4b9dce640de4a37a12afe7f4a8674fc>:0)
(wrapper dynamic-method) EFT.GameWorld.DMD<EFT.GameWorld::DoWorldTick>(EFT.GameWorld,single)
EFT.GameWorldUnityTickListener.Update () (at <ad47400a25db462cbf0a531df654c3c3>:0)
UnityEngine.DebugLogHandler:LogException(Exception, Object)
Class412:LogException(Exception, Object)
UnityEngine.Debug:CallOverridenDebugHandler(Exception, Object)
 
2026-08-17 22:26:33.117 -04:00|0.16.9.0.40087|Error|Default| 
EXCEPTION: System.NullReferenceException: Object reference not set to an instance of an object
  at SAIN.SAINComponent.Classes.Mover.SAINMoverClass.WantsPatrolStance () [0x0002a] in <e4b9dce640de4a37a12afe7f4a8674fc>:0 
  at SAIN.SAINComponent.Classes.Mover.SAINMoverClass.UpdateStance (System.Single time) [0x00025] in <e4b9dce640de4a37a12afe7f4a8674fc>:0 
  at SAIN.SAINComponent.Classes.Mover.SAINMoverClass.ManualUpdate () [0x00078] in <e4b9dce640de4a37a12afe7f4a8674fc>:0 
  at SAIN.Components.BotComponent.TickClassGroup (System.Collections.Generic.List`1[T] List, System.Single CurrentTime) [0x0000f] in <e4b9dce640de4a37a12afe7f4a8674fc>:0 
  at SAIN.Components.BotComponent.ManualUpdate (System.Single currentTime, System.Single deltaTime) [0x0004b] in <e4b9dce640de4a37a12afe7f4a8674fc>:0 
  at SAIN.Components.BotManagerComponent.ManualUpdate (System.Single currentTime, System.Single deltaTime) [0x00065] in <e4b9dce640de4a37a12afe7f4a8674fc>:0 
  at SAIN.Components.GameWorldComponent.WorldTick (System.Single deltaTime) [0x00014] in <e4b9dce640de4a37a12afe7f4a8674fc>:0 
  at SAIN.Patches.GameWorld.WorldTickPatch.Patch (System.Single dt) [0x0001e] in <e4b9dce640de4a37a12afe7f4a8674fc>:0 
  at (wrapper dynamic-method) EFT.GameWorld.DMD<EFT.GameWorld::DoWorldTick>(EFT.GameWorld,single)
  at EFT.GameWorldUnityTickListener.Update () [0x00031] in <ad47400a25db462cbf0a531df654c3c3>:0 
2026-08-17 22:26:33.117 -04:00|0.16.9.0.40087|Error|Default|NullReferenceException: Object reference not set to an instance of an object
SAIN.SAINComponent.Classes.Mover.SAINMoverClass.WantsPatrolStance () (at <e4b9dce640de4a37a12afe7f4a8674fc>:0)
SAIN.SAINComponent.Classes.Mover.SAINMoverClass.UpdateStance (System.Single time) (at <e4b9dce640de4a37a12afe7f4a8674fc>:0)
SAIN.SAINComponent.Classes.Mover.SAINMoverClass.ManualUpdate () (at <e4b9dce640de4a37a12afe7f4a8674fc>:0)
SAIN.Components.BotComponent.TickClassGroup (System.Collections.Generic.List`1[T] List, System.Single CurrentTime) (at <e4b9dce640de4a37a12afe7f4a8674fc>:0)
SAIN.Components.BotComponent.ManualUpdate (System.Single currentTime, System.Single deltaTime) (at <e4b9dce640de4a37a12afe7f4a8674fc>:0)
SAIN.Components.BotManagerComponent.ManualUpdate (System.Single currentTime, System.Single deltaTime) (at <e4b9dce640de4a37a12afe7f4a8674fc>:0)
SAIN.Components.GameWorldComponent.WorldTick (System.Single deltaTime) (at <e4b9dce640de4a37a12afe7f4a8674fc>:0)
SAIN.Patches.GameWorld.WorldTickPatch.Patch (System.Single dt) (at <e4b9dce640de4a37a12afe7f4a8674fc>:0)
(wrapper dynamic-method) EFT.GameWorld.DMD<EFT.GameWorld::DoWorldTick>(EFT.GameWorld,single)
EFT.GameWorldUnityTickListener.Update () (at <ad47400a25db462cbf0a531df654c3c3>:0)
UnityEngine.DebugLogHandler:LogException(Exception, Object)
Class412:LogException(Exception, Object)
UnityEngine.Debug:CallOverridenDebugHandler(Exception, Object)
 
2026-08-17 22:26:33.137 -04:00|0.16.9.0.40087|Error|Default| 
EXCEPTION: System.NullReferenceException: Object reference not set to an instance of an object
  at SAIN.SAINComponent.Classes.Mover.SAINMoverClass.WantsPatrolStance () [0x0002a] in <e4b9dce640de4a37a12afe7f4a8674fc>:0 
  at SAIN.SAINComponent.Classes.Mover.SAINMoverClass.UpdateStance (System.Single time) [0x00025] in <e4b9dce640de4a37a12afe7f4a8674fc>:0 
  at SAIN.SAINComponent.Classes.Mover.SAINMoverClass.ManualUpdate () [0x00078] in <e4b9dce640de4a37a12afe7f4a8674fc>:0 
  at SAIN.Components.BotComponent.TickClassGroup (System.Collections.Generic.List`1[T] List, System.Single CurrentTime) [0x0000f] in <e4b9dce640de4a37a12afe7f4a8674fc>:0 
  at SAIN.Components.BotComponent.ManualUpdate (System.Single currentTime, System.Single deltaTime) [0x0004b] in <e4b9dce640de4a37a12afe7f4a8674fc>:0 
  at SAIN.Components.BotManagerComponent.ManualUpdate (System.Single currentTime, System.Single deltaTime) [0x00065] in <e4b9dce640de4a37a12afe7f4a8674fc>:0 
  at SAIN.Components.GameWorldComponent.WorldTick (System.Single deltaTime) [0x00014] in <e4b9dce640de4a37a12afe7f4a8674fc>:0 
  at SAIN.Patches.GameWorld.WorldTickPatch.Patch (System.Single dt) [0x0001e] in <e4b9dce640de4a37a12afe7f4a8674fc>:0 
  at (wrapper dynamic-method) EFT.GameWorld.DMD<EFT.GameWorld::DoWorldTick>(EFT.GameWorld,single)
  at EFT.GameWorldUnityTickListener.Update () [0x00031] in <ad47400a25db462cbf0a531df654c3c3>:0 
2026-08-17 22:26:33.137 -04:00|0.16.9.0.40087|Error|Default|NullReferenceException: Object reference not set to an instance of an object
SAIN.SAINComponent.Classes.Mover.SAINMoverClass.WantsPatrolStance () (at <e4b9dce640de4a37a12afe7f4a8674fc>:0)
SAIN.SAINComponent.Classes.Mover.SAINMoverClass.UpdateStance (System.Single time) (at <e4b9dce640de4a37a12afe7f4a8674fc>:0)
SAIN.SAINComponent.Classes.Mover.SAINMoverClass.ManualUpdate () (at <e4b9dce640de4a37a12afe7f4a8674fc>:0)
SAIN.Components.BotComponent.TickClassGroup (System.Collections.Generic.List`1[T] List, System.Single CurrentTime) (at <e4b9dce640de4a37a12afe7f4a8674fc>:0)
SAIN.Components.BotComponent.ManualUpdate (System.Single currentTime, System.Single deltaTime) (at <e4b9dce640de4a37a12afe7f4a8674fc>:0)
SAIN.Components.BotManagerComponent.ManualUpdate (System.Single currentTime, System.Single deltaTime) (at <e4b9dce640de4a37a12afe7f4a8674fc>:0)
SAIN.Components.GameWorldComponent.WorldTick (System.Single deltaTime) (at <e4b9dce640de4a37a12afe7f4a8674fc>:0)
SAIN.Patches.GameWorld.WorldTickPatch.Patch (System.Single dt) (at <e4b9dce640de4a37a12afe7f4a8674fc>:0)
(wrapper dynamic-method) EFT.GameWorld.DMD<EFT.GameWorld::DoWorldTick>(EFT.GameWorld,single)
EFT.GameWorldUnityTickListener.Update () (at <ad47400a25db462cbf0a531df654c3c3>:0)
UnityEngine.DebugLogHandler:LogException(Exception, Object)
Class412:LogException(Exception, Object)
UnityEngine.Debug:CallOverridenDebugHandler(Exception, Object)
 
2026-08-17 22:26:33.147 -04:00|0.16.9.0.40087|Error|Default| 
EXCEPTION: System.NullReferenceException: Object reference not set to an instance of an object
  at SAIN.SAINComponent.Classes.Mover.SAINMoverClass.WantsPatrolStance () [0x0002a] in <e4b9dce640de4a37a12afe7f4a8674fc>:0 
  at SAIN.SAINComponent.Classes.Mover.SAINMoverClass.UpdateStance (System.Single time) [0x00025] in <e4b9dce640de4a37a12afe7f4a8674fc>:0 
  at SAIN.SAINComponent.Classes.Mover.SAINMoverClass.ManualUpdate () [0x00078] in <e4b9dce640de4a37a12afe7f4a8674fc>:0 
  at SAIN.Components.BotComponent.TickClassGroup (System.Collections.Generic.List`1[T] List, System.Single CurrentTime) [0x0000f] in <e4b9dce640de4a37a12afe7f4a8674fc>:0 
  at SAIN.Components.BotComponent.ManualUpdate (System.Single currentTime, System.Single deltaTime) [0x0004b] in <e4b9dce640de4a37a12afe7f4a8674fc>:0 
  at SAIN.Components.BotManagerComponent.ManualUpdate (System.Single currentTime, System.Single deltaTime) [0x00065] in <e4b9dce640de4a37a12afe7f4a8674fc>:0 
  at SAIN.Components.GameWorldComponent.WorldTick (System.Single deltaTime) [0x00014] in <e4b9dce640de4a37a12afe7f4a8674fc>:0 
  at SAIN.Patches.GameWorld.WorldTickPatch.Patch (System.Single dt) [0x0001e] in <e4b9dce640de4a37a12afe7f4a8674fc>:0 
  at (wrapper dynamic-method) EFT.GameWorld.DMD<EFT.GameWorld::DoWorldTick>(EFT.GameWorld,single)
  at EFT.GameWorldUnityTickListener.Update () [0x00031] in <ad47400a25db462cbf0a531df654c3c3>:0 
2026-08-17 22:26:33.147 -04:00|0.16.9.0.40087|Error|Default|NullReferenceException: Object reference not set to an instance of an object
SAIN.SAINComponent.Classes.Mover.SAINMoverClass.WantsPatrolStance () (at <e4b9dce640de4a37a12afe7f4a8674fc>:0)
SAIN.SAINComponent.Classes.Mover.SAINMoverClass.UpdateStance (System.Single time) (at <e4b9dce640de4a37a12afe7f4a8674fc>:0)
SAIN.SAINComponent.Classes.Mover.SAINMoverClass.ManualUpdate () (at <e4b9dce640de4a37a12afe7f4a8674fc>:0)
SAIN.Components.BotComponent.TickClassGroup (System.Collections.Generic.List`1[T] List, System.Single CurrentTime) (at <e4b9dce640de4a37a12afe7f4a8674fc>:0)
SAIN.Components.BotComponent.ManualUpdate (System.Single currentTime, System.Single deltaTime) (at <e4b9dce640de4a37a12afe7f4a8674fc>:0)
SAIN.Components.BotManagerComponent.ManualUpdate (System.Single currentTime, System.Single deltaTime) (at <e4b9dce640de4a37a12afe7f4a8674fc>:0)
SAIN.Components.GameWorldComponent.WorldTick (System.Single deltaTime) (at <e4b9dce640de4a37a12afe7f4a8674fc>:0)
SAIN.Patches.GameWorld.WorldTickPatch.Patch (System.Single dt) (at <e4b9dce640de4a37a12afe7f4a8674fc>:0)
(wrapper dynamic-method) EFT.GameWorld.DMD<EFT.GameWorld::DoWorldTick>(EFT.GameWorld,single)
EFT.GameWorldUnityTickListener.Update () (at <ad47400a25db462cbf0a531df654c3c3>:0)
UnityEngine.DebugLogHandler:LogException(Exception, Object)
Class412:LogException(Exception, Object)
UnityEngine.Debug:CallOverridenDebugHandler(Exception, Object)
 
2026-08-17 22:26:33.207 -04:00|0.16.9.0.40087|Error|Default| - Index was outside the bounds of the array. 
2026-08-17 22:26:33.207 -04:00|0.16.9.0.40087|Error|Default| - Index was outside the bounds of the array. 
2026-08-17 22:26:33.327 -04:00|0.16.9.0.40087|Error|Default| - Index was outside the bounds of the array. 
2026-08-17 22:26:33.327 -04:00|0.16.9.0.40087|Error|Default| - Index was outside the bounds of the array. 
2026-08-17 22:26:33.375 -04:00|0.16.9.0.40087|Error|Default| 
EXCEPTION: System.NullReferenceException: Object reference not set to an instance of an object
  at SAIN.SAINComponent.Classes.Mover.SAINMoverClass.WantsPatrolStance () [0x0002a] in <e4b9dce640de4a37a12afe7f4a8674fc>:0 
  at SAIN.SAINComponent.Classes.Mover.SAINMoverClass.UpdateStance (System.Single time) [0x00025] in <e4b9dce640de4a37a12afe7f4a8674fc>:0 
  at SAIN.SAINComponent.Classes.Mover.SAINMoverClass.ManualUpdate () [0x00078] in <e4b9dce640de4a37a12afe7f4a8674fc>:0 
  at SAIN.Components.BotComponent.TickClassGroup (System.Collections.Generic.List`1[T] List, System.Single CurrentTime) [0x0000f] in <e4b9dce640de4a37a12afe7f4a8674fc>:0 
  at SAIN.Components.BotComponent.ManualUpdate (System.Single currentTime, System.Single deltaTime) [0x0004b] in <e4b9dce640de4a37a12afe7f4a8674fc>:0 
  at SAIN.Components.BotManagerComponent.ManualUpdate (System.Single currentTime, System.Single deltaTime) [0x00065] in <e4b9dce640de4a37a12afe7f4a8674fc>:0 
  at SAIN.Components.GameWorldComponent.WorldTick (System.Single deltaTime) [0x00014] in <e4b9dce640de4a37a12afe7f4a8674fc>:0 
  at SAIN.Patches.GameWorld.WorldTickPatch.Patch (System.Single dt) [0x0001e] in <e4b9dce640de4a37a12afe7f4a8674fc>:0 
  at (wrapper dynamic-method) EFT.GameWorld.DMD<EFT.GameWorld::DoWorldTick>(EFT.GameWorld,single)
  at EFT.GameWorldUnityTickListener.Update () [0x00031] in <ad47400a25db462cbf0a531df654c3c3>:0 
2026-08-17 22:26:33.375 -04:00|0.16.9.0.40087|Error|Default|NullReferenceException: Object reference not set to an instance of an object
SAIN.SAINComponent.Classes.Mover.SAINMoverClass.WantsPatrolStance () (at <e4b9dce640de4a37a12afe7f4a8674fc>:0)
SAIN.SAINComponent.Classes.Mover.SAINMoverClass.UpdateStance (System.Single time) (at <e4b9dce640de4a37a12afe7f4a8674fc>:0)
SAIN.SAINComponent.Classes.Mover.SAINMoverClass.ManualUpdate () (at <e4b9dce640de4a37a12afe7f4a8674fc>:0)
SAIN.Components.BotComponent.TickClassGroup (System.Collections.Generic.List`1[T] List, System.Single CurrentTime) (at <e4b9dce640de4a37a12afe7f4a8674fc>:0)
SAIN.Components.BotComponent.ManualUpdate (System.Single currentTime, System.Single deltaTime) (at <e4b9dce640de4a37a12afe7f4a8674fc>:0)
SAIN.Components.BotManagerComponent.ManualUpdate (System.Single currentTime, System.Single deltaTime) (at <e4b9dce640de4a37a12afe7f4a8674fc>:0)
SAIN.Components.GameWorldComponent.WorldTick (System.Single deltaTime) (at <e4b9dce640de4a37a12afe7f4a8674fc>:0)
SAIN.Patches.GameWorld.WorldTickPatch.Patch (System.Single dt) (at <e4b9dce640de4a37a12afe7f4a8674fc>:0)
(wrapper dynamic-method) EFT.GameWorld.DMD<EFT.GameWorld::DoWorldTick>(EFT.GameWorld,single)
EFT.GameWorldUnityTickListener.Update () (at <ad47400a25db462cbf0a531df654c3c3>:0)
UnityEngine.DebugLogHandler:LogException(Exception, Object)
Class412:LogException(Exception, Object)
UnityEngine.Debug:CallOverridenDebugHandler(Exception, Object)
 
2026-08-17 22:26:33.386 -04:00|0.16.9.0.40087|Error|Default| 
EXCEPTION: System.NullReferenceException: Object reference not set to an instance of an object
  at SAIN.SAINComponent.Classes.Mover.SAINMoverClass.WantsPatrolStance () [0x0002a] in <e4b9dce640de4a37a12afe7f4a8674fc>:0 
  at SAIN.SAINComponent.Classes.Mover.SAINMoverClass.UpdateStance (System.Single time) [0x00025] in <e4b9dce640de4a37a12afe7f4a8674fc>:0 
  at SAIN.SAINComponent.Classes.Mover.SAINMoverClass.ManualUpdate () [0x00078] in <e4b9dce640de4a37a12afe7f4a8674fc>:0 
  at SAIN.Components.BotComponent.TickClassGroup (System.Collections.Generic.List`1[T] List, System.Single CurrentTime) [0x0000f] in <e4b9dce640de4a37a12afe7f4a8674fc>:0 
  at SAIN.Components.BotComponent.ManualUpdate (System.Single currentTime, System.Single deltaTime) [0x0004b] in <e4b9dce640de4a37a12afe7f4a8674fc>:0 
  at SAIN.Components.BotManagerComponent.ManualUpdate (System.Single currentTime, System.Single deltaTime) [0x00065] in <e4b9dce640de4a37a12afe7f4a8674fc>:0 
  at SAIN.Components.GameWorldComponent.WorldTick (System.Single deltaTime) [0x00014] in <e4b9dce640de4a37a12afe7f4a8674fc>:0 
  at SAIN.Patches.GameWorld.WorldTickPatch.Patch (System.Single dt) [0x0001e] in <e4b9dce640de4a37a12afe7f4a8674fc>:0 
  at (wrapper dynamic-method) EFT.GameWorld.DMD<EFT.GameWorld::DoWorldTick>(EFT.GameWorld,single)
  at EFT.GameWorldUnityTickListener.Update () [0x00031] in <ad47400a25db462cbf0a531df654c3c3>:0 
2026-08-17 22:26:33.386 -04:00|0.16.9.0.40087|Error|Default|NullReferenceException: Object reference not set to an instance of an object
SAIN.SAINComponent.Classes.Mover.SAINMoverClass.WantsPatrolStance () (at <e4b9dce640de4a37a12afe7f4a8674fc>:0)
SAIN.SAINComponent.Classes.Mover.SAINMoverClass.UpdateStance (System.Single time) (at <e4b9dce640de4a37a12afe7f4a8674fc>:0)
SAIN.SAINComponent.Classes.Mover.SAINMoverClass.ManualUpdate () (at <e4b9dce640de4a37a12afe7f4a8674fc>:0)
SAIN.Components.BotComponent.TickClassGroup (System.Collections.Generic.List`1[T] List, System.Single CurrentTime) (at <e4b9dce640de4a37a12afe7f4a8674fc>:0)
SAIN.Components.BotComponent.ManualUpdate (System.Single currentTime, System.Single deltaTime) (at <e4b9dce640de4a37a12afe7f4a8674fc>:0)
SAIN.Components.BotManagerComponent.ManualUpdate (System.Single currentTime, System.Single deltaTime) (at <e4b9dce640de4a37a12afe7f4a8674fc>:0)
SAIN.Components.GameWorldComponent.WorldTick (System.Single deltaTime) (at <e4b9dce640de4a37a12afe7f4a8674fc>:0)
SAIN.Patches.GameWorld.WorldTickPatch.Patch (System.Single dt) (at <e4b9dce640de4a37a12afe7f4a8674fc>:0)
(wrapper dynamic-method) EFT.GameWorld.DMD<EFT.GameWorld::DoWorldTick>(EFT.GameWorld,single)
EFT.GameWorldUnityTickListener.Update () (at <ad47400a25db462cbf0a531df654c3c3>:0)
UnityEngine.DebugLogHandler:LogException(Exception, Object)
Class412:LogException(Exception, Object)
UnityEngine.Debug:CallOverridenDebugHandler(Exception, Object)
 
2026-08-17 22:26:33.396 -04:00|0.16.9.0.40087|Error|Default| 
EXCEPTION: System.NullReferenceException: Object reference not set to an instance of an object
  at SAIN.SAINComponent.Classes.Mover.SAINMoverClass.WantsPatrolStance () [0x0002a] in <e4b9dce640de4a37a12afe7f4a8674fc>:0 
  at SAIN.SAINComponent.Classes.Mover.SAINMoverClass.UpdateStance (System.Single time) [0x00025] in <e4b9dce640de4a37a12afe7f4a8674fc>:0 
  at SAIN.SAINComponent.Classes.Mover.SAINMoverClass.ManualUpdate () [0x00078] in <e4b9dce640de4a37a12afe7f4a8674fc>:0 
  at SAIN.Components.BotComponent.TickClassGroup (System.Collections.Generic.List`1[T] List, System.Single CurrentTime) [0x0000f] in <e4b9dce640de4a37a12afe7f4a8674fc>:0 
  at SAIN.Components.BotComponent.ManualUpdate (System.Single currentTime, System.Single deltaTime) [0x0004b] in <e4b9dce640de4a37a12afe7f4a8674fc>:0 
  at SAIN.Components.BotManagerComponent.ManualUpdate (System.Single currentTime, System.Single deltaTime) [0x00065] in <e4b9dce640de4a37a12afe7f4a8674fc>:0 
  at SAIN.Components.GameWorldComponent.WorldTick (System.Single deltaTime) [0x00014] in <e4b9dce640de4a37a12afe7f4a8674fc>:0 
  at SAIN.Patches.GameWorld.WorldTickPatch.Patch (System.Single dt) [0x0001e] in <e4b9dce640de4a37a12afe7f4a8674fc>:0 
  at (wrapper dynamic-method) EFT.GameWorld.DMD<EFT.GameWorld::DoWorldTick>(EFT.GameWorld,single)
  at EFT.GameWorldUnityTickListener.Update () [0x00031] in <ad47400a25db462cbf0a531df654c3c3>:0 
2026-08-17 22:26:33.396 -04:00|0.16.9.0.40087|Error|Default|NullReferenceException: Object reference not set to an instance of an object
SAIN.SAINComponent.Classes.Mover.SAINMoverClass.WantsPatrolStance () (at <e4b9dce640de4a37a12afe7f4a8674fc>:0)
SAIN.SAINComponent.Classes.Mover.SAINMoverClass.UpdateStance (System.Single time) (at <e4b9dce640de4a37a12afe7f4a8674fc>:0)
SAIN.SAINComponent.Classes.Mover.SAINMoverClass.ManualUpdate () (at <e4b9dce640de4a37a12afe7f4a8674fc>:0)
SAIN.Components.BotComponent.TickClassGroup (System.Collections.Generic.List`1[T] List, System.Single CurrentTime) (at <e4b9dce640de4a37a12afe7f4a8674fc>:0)
SAIN.Components.BotComponent.ManualUpdate (System.Single currentTime, System.Single deltaTime) (at <e4b9dce640de4a37a12afe7f4a8674fc>:0)
SAIN.Components.BotManagerComponent.ManualUpdate (System.Single currentTime, System.Single deltaTime) (at <e4b9dce640de4a37a12afe7f4a8674fc>:0)
SAIN.Components.GameWorldComponent.WorldTick (System.Single deltaTime) (at <e4b9dce640de4a37a12afe7f4a8674fc>:0)
SAIN.Patches.GameWorld.WorldTickPatch.Patch (System.Single dt) (at <e4b9dce640de4a37a12afe7f4a8674fc>:0)
(wrapper dynamic-method) EFT.GameWorld.DMD<EFT.GameWorld::DoWorldTick>(EFT.GameWorld,single)
EFT.GameWorldUnityTickListener.Update () (at <ad47400a25db462cbf0a531df654c3c3>:0)
UnityEngine.DebugLogHandler:LogException(Exception, Object)
Class412:LogException(Exception, Object)
UnityEngine.Debug:CallOverridenDebugHandler(Exception, Object)
 
2026-08-17 22:26:33.396 -04:00|0.16.9.0.40087|Error|Default| 
EXCEPTION: System.NullReferenceException: Object reference not set to an instance of an object
  at SAIN.SAINComponent.Classes.Mover.SAINMoverClass.WantsPatrolStance () [0x0002a] in <e4b9dce640de4a37a12afe7f4a8674fc>:0 
  at SAIN.SAINComponent.Classes.Mover.SAINMoverClass.UpdateStance (System.Single time) [0x00025] in <e4b9dce640de4a37a12afe7f4a8674fc>:0 
  at SAIN.SAINComponent.Classes.Mover.SAINMoverClass.ManualUpdate () [0x00078] in <e4b9dce640de4a37a12afe7f4a8674fc>:0 
  at SAIN.Components.BotComponent.TickClassGroup (System.Collections.Generic.List`1[T] List, System.Single CurrentTime) [0x0000f] in <e4b9dce640de4a37a12afe7f4a8674fc>:0 
  at SAIN.Components.BotComponent.ManualUpdate (System.Single currentTime, System.Single deltaTime) [0x0004b] in <e4b9dce640de4a37a12afe7f4a8674fc>:0 
  at SAIN.Components.BotManagerComponent.ManualUpdate (System.Single currentTime, System.Single deltaTime) [0x00065] in <e4b9dce640de4a37a12afe7f4a8674fc>:0 
  at SAIN.Components.GameWorldComponent.WorldTick (System.Single deltaTime) [0x00014] in <e4b9dce640de4a37a12afe7f4a8674fc>:0 
  at SAIN.Patches.GameWorld.WorldTickPatch.Patch (System.Single dt) [0x0001e] in <e4b9dce640de4a37a12afe7f4a8674fc>:0 
  at (wrapper dynamic-method) EFT.GameWorld.DMD<EFT.GameWorld::DoWorldTick>(EFT.GameWorld,single)
  at EFT.GameWorldUnityTickListener.Update () [0x00031] in <ad47400a25db462cbf0a531df654c3c3>:0 
2026-08-17 22:26:33.396 -04:00|0.16.9.0.40087|Error|Default|NullReferenceException: Object reference not set to an instance of an object
SAIN.SAINComponent.Classes.Mover.SAINMoverClass.WantsPatrolStance () (at <e4b9dce640de4a37a12afe7f4a8674fc>:0)
SAIN.SAINComponent.Classes.Mover.SAINMoverClass.UpdateStance (System.Single time) (at <e4b9dce640de4a37a12afe7f4a8674fc>:0)
SAIN.SAINComponent.Classes.Mover.SAINMoverClass.ManualUpdate () (at <e4b9dce640de4a37a12afe7f4a8674fc>:0)
SAIN.Components.BotComponent.TickClassGroup (System.Collections.Generic.List`1[T] List, System.Single CurrentTime) (at <e4b9dce640de4a37a12afe7f4a8674fc>:0)
SAIN.Components.BotComponent.ManualUpdate (System.Single currentTime, System.Single deltaTime) (at <e4b9dce640de4a37a12afe7f4a8674fc>:0)
SAIN.Components.BotManagerComponent.ManualUpdate (System.Single currentTime, System.Single deltaTime) (at <e4b9dce640de4a37a12afe7f4a8674fc>:0)
SAIN.Components.GameWorldComponent.WorldTick (System.Single deltaTime) (at <e4b9dce640de4a37a12afe7f4a8674fc>:0)
SAIN.Patches.GameWorld.WorldTickPatch.Patch (System.Single dt) (at <e4b9dce640de4a37a12afe7f4a8674fc>:0)
(wrapper dynamic-method) EFT.GameWorld.DMD<EFT.GameWorld::DoWorldTick>(EFT.GameWorld,single)
EFT.GameWorldUnityTickListener.Update () (at <ad47400a25db462cbf0a531df654c3c3>:0)
UnityEngine.DebugLogHandler:LogException(Exception, Object)
Class412:LogException(Exception, Object)
UnityEngine.Debug:CallOverridenDebugHandler(Exception, Object)
 
2026-08-17 22:26:33.628 -04:00|0.16.9.0.40087|Error|Default| 
EXCEPTION: System.NullReferenceException: Object reference not set to an instance of an object
  at SAIN.SAINComponent.Classes.Mover.SAINMoverClass.WantsPatrolStance () [0x0002a] in <e4b9dce640de4a37a12afe7f4a8674fc>:0 
  at SAIN.SAINComponent.Classes.Mover.SAINMoverClass.UpdateStance (System.Single time) [0x00025] in <e4b9dce640de4a37a12afe7f4a8674fc>:0 
  at SAIN.SAINComponent.Classes.Mover.SAINMoverClass.ManualUpdate () [0x00078] in <e4b9dce640de4a37a12afe7f4a8674fc>:0 
  at SAIN.Components.BotComponent.TickClassGroup (System.Collections.Generic.List`1[T] List, System.Single CurrentTime) [0x0000f] in <e4b9dce640de4a37a12afe7f4a8674fc>:0 
  at SAIN.Components.BotComponent.ManualUpdate (System.Single currentTime, System.Single deltaTime) [0x0004b] in <e4b9dce640de4a37a12afe7f4a8674fc>:0 
  at SAIN.Components.BotManagerComponent.ManualUpdate (System.Single currentTime, System.Single deltaTime) [0x00065] in <e4b9dce640de4a37a12afe7f4a8674fc>:0 
  at SAIN.Components.GameWorldComponent.WorldTick (System.Single deltaTime) [0x00014] in <e4b9dce640de4a37a12afe7f4a8674fc>:0 
  at SAIN.Patches.GameWorld.WorldTickPatch.Patch (System.Single dt) [0x0001e] in <e4b9dce640de4a37a12afe7f4a8674fc>:0 
  at (wrapper dynamic-method) EFT.GameWorld.DMD<EFT.GameWorld::DoWorldTick>(EFT.GameWorld,single)
  at EFT.GameWorldUnityTickListener.Update () [0x00031] in <ad47400a25db462cbf0a531df654c3c3>:0 
2026-08-17 22:26:33.628 -04:00|0.16.9.0.40087|Error|Default|NullReferenceException: Object reference not set to an instance of an object
SAIN.SAINComponent.Classes.Mover.SAINMoverClass.WantsPatrolStance () (at <e4b9dce640de4a37a12afe7f4a8674fc>:0)
SAIN.SAINComponent.Classes.Mover.SAINMoverClass.UpdateStance (System.Single time) (at <e4b9dce640de4a37a12afe7f4a8674fc>:0)
SAIN.SAINComponent.Classes.Mover.SAINMoverClass.ManualUpdate () (at <e4b9dce640de4a37a12afe7f4a8674fc>:0)
SAIN.Components.BotComponent.TickClassGroup (System.Collections.Generic.List`1[T] List, System.Single CurrentTime) (at <e4b9dce640de4a37a12afe7f4a8674fc>:0)
SAIN.Components.BotComponent.ManualUpdate (System.Single currentTime, System.Single deltaTime) (at <e4b9dce640de4a37a12afe7f4a8674fc>:0)
SAIN.Components.BotManagerComponent.ManualUpdate (System.Single currentTime, System.Single deltaTime) (at <e4b9dce640de4a37a12afe7f4a8674fc>:0)
SAIN.Components.GameWorldComponent.WorldTick (System.Single deltaTime) (at <e4b9dce640de4a37a12afe7f4a8674fc>:0)
SAIN.Patches.GameWorld.WorldTickPatch.Patch (System.Single dt) (at <e4b9dce640de4a37a12afe7f4a8674fc>:0)
(wrapper dynamic-method) EFT.GameWorld.DMD<EFT.GameWorld::DoWorldTick>(EFT.GameWorld,single)
EFT.GameWorldUnityTickListener.Update () (at <ad47400a25db462cbf0a531df654c3c3>:0)
UnityEngine.DebugLogHandler:LogException(Exception, Object)
Class412:LogException(Exception, Object)
UnityEngine.Debug:CallOverridenDebugHandler(Exception, Object)
 
2026-08-17 22:26:33.628 -04:00|0.16.9.0.40087|Error|Default| 
EXCEPTION: System.NullReferenceException: Object reference not set to an instance of an object
  at SAIN.SAINComponent.Classes.Mover.SAINMoverClass.WantsPatrolStance () [0x0002a] in <e4b9dce640de4a37a12afe7f4a8674fc>:0 
  at SAIN.SAINComponent.Classes.Mover.SAINMoverClass.UpdateStance (System.Single time) [0x00025] in <e4b9dce640de4a37a12afe7f4a8674fc>:0 
  at SAIN.SAINComponent.Classes.Mover.SAINMoverClass.ManualUpdate () [0x00078] in <e4b9dce640de4a37a12afe7f4a8674fc>:0 
  at SAIN.Components.BotComponent.TickClassGroup (System.Collections.Generic.List`1[T] List, System.Single CurrentTime) [0x0000f] in <e4b9dce640de4a37a12afe7f4a8674fc>:0 
  at SAIN.Components.BotComponent.ManualUpdate (System.Single currentTime, System.Single deltaTime) [0x0004b] in <e4b9dce640de4a37a12afe7f4a8674fc>:0 
  at SAIN.Components.BotManagerComponent.ManualUpdate (System.Single currentTime, System.Single deltaTime) [0x00065] in <e4b9dce640de4a37a12afe7f4a8674fc>:0 
  at SAIN.Components.GameWorldComponent.WorldTick (System.Single deltaTime) [0x00014] in <e4b9dce640de4a37a12afe7f4a8674fc>:0 
  at SAIN.Patches.GameWorld.WorldTickPatch.Patch (System.Single dt) [0x0001e] in <e4b9dce640de4a37a12afe7f4a8674fc>:0 
  at (wrapper dynamic-method) EFT.GameWorld.DMD<EFT.GameWorld::DoWorldTick>(EFT.GameWorld,single)
  at EFT.GameWorldUnityTickListener.Update () [0x00031] in <ad47400a25db462cbf0a531df654c3c3>:0 
2026-08-17 22:26:33.628 -04:00|0.16.9.0.40087|Error|Default|NullReferenceException: Object reference not set to an instance of an object
SAIN.SAINComponent.Classes.Mover.SAINMoverClass.WantsPatrolStance () (at <e4b9dce640de4a37a12afe7f4a8674fc>:0)
SAIN.SAINComponent.Classes.Mover.SAINMoverClass.UpdateStance (System.Single time) (at <e4b9dce640de4a37a12afe7f4a8674fc>:0)
SAIN.SAINComponent.Classes.Mover.SAINMoverClass.ManualUpdate () (at <e4b9dce640de4a37a12afe7f4a8674fc>:0)
SAIN.Components.BotComponent.TickClassGroup (System.Collections.Generic.List`1[T] List, System.Single CurrentTime) (at <e4b9dce640de4a37a12afe7f4a8674fc>:0)
SAIN.Components.BotComponent.ManualUpdate (System.Single currentTime, System.Single deltaTime) (at <e4b9dce640de4a37a12afe7f4a8674fc>:0)
SAIN.Components.BotManagerComponent.ManualUpdate (System.Single currentTime, System.Single deltaTime) (at <e4b9dce640de4a37a12afe7f4a8674fc>:0)
SAIN.Components.GameWorldComponent.WorldTick (System.Single deltaTime) (at <e4b9dce640de4a37a12afe7f4a8674fc>:0)
SAIN.Patches.GameWorld.WorldTickPatch.Patch (System.Single dt) (at <e4b9dce640de4a37a12afe7f4a8674fc>:0)
(wrapper dynamic-method) EFT.GameWorld.DMD<EFT.GameWorld::DoWorldTick>(EFT.GameWorld,single)
EFT.GameWorldUnityTickListener.Update () (at <ad47400a25db462cbf0a531df654c3c3>:0)
UnityEngine.DebugLogHandler:LogException(Exception, Object)
Class412:LogException(Exception, Object)
UnityEngine.Debug:CallOverridenDebugHandler(Exception, Object)
 
2026-08-17 22:26:33.652 -04:00|0.16.9.0.40087|Error|Default| 
EXCEPTION: System.NullReferenceException: Object reference not set to an instance of an object
  at SAIN.SAINComponent.Classes.Mover.SAINMoverClass.WantsPatrolStance () [0x0002a] in <e4b9dce640de4a37a12afe7f4a8674fc>:0 
  at SAIN.SAINComponent.Classes.Mover.SAINMoverClass.UpdateStance (System.Single time) [0x00025] in <e4b9dce640de4a37a12afe7f4a8674fc>:0 
  at SAIN.SAINComponent.Classes.Mover.SAINMoverClass.ManualUpdate () [0x00078] in <e4b9dce640de4a37a12afe7f4a8674fc>:0 
  at SAIN.Components.BotComponent.TickClassGroup (System.Collections.Generic.List`1[T] List, System.Single CurrentTime) [0x0000f] in <e4b9dce640de4a37a12afe7f4a8674fc>:0 
  at SAIN.Components.BotComponent.ManualUpdate (System.Single currentTime, System.Single deltaTime) [0x0004b] in <e4b9dce640de4a37a12afe7f4a8674fc>:0 
  at SAIN.Components.BotManagerComponent.ManualUpdate (System.Single currentTime, System.Single deltaTime) [0x00065] in <e4b9dce640de4a37a12afe7f4a8674fc>:0 
  at SAIN.Components.GameWorldComponent.WorldTick (System.Single deltaTime) [0x00014] in <e4b9dce640de4a37a12afe7f4a8674fc>:0 
  at SAIN.Patches.GameWorld.WorldTickPatch.Patch (System.Single dt) [0x0001e] in <e4b9dce640de4a37a12afe7f4a8674fc>:0 
  at (wrapper dynamic-method) EFT.GameWorld.DMD<EFT.GameWorld::DoWorldTick>(EFT.GameWorld,single)
  at EFT.GameWorldUnityTickListener.Update () [0x00031] in <ad47400a25db462cbf0a531df654c3c3>:0 
2026-08-17 22:26:33.652 -04:00|0.16.9.0.40087|Error|Default|NullReferenceException: Object reference not set to an instance of an object
SAIN.SAINComponent.Classes.Mover.SAINMoverClass.WantsPatrolStance () (at <e4b9dce640de4a37a12afe7f4a8674fc>:0)
SAIN.SAINComponent.Classes.Mover.SAINMoverClass.UpdateStance (System.Single time) (at <e4b9dce640de4a37a12afe7f4a8674fc>:0)
SAIN.SAINComponent.Classes.Mover.SAINMoverClass.ManualUpdate () (at <e4b9dce640de4a37a12afe7f4a8674fc>:0)
SAIN.Components.BotComponent.TickClassGroup (System.Collections.Generic.List`1[T] List, System.Single CurrentTime) (at <e4b9dce640de4a37a12afe7f4a8674fc>:0)
SAIN.Components.BotComponent.ManualUpdate (System.Single currentTime, System.Single deltaTime) (at <e4b9dce640de4a37a12afe7f4a8674fc>:0)
SAIN.Components.BotManagerComponent.ManualUpdate (System.Single currentTime, System.Single deltaTime) (at <e4b9dce640de4a37a12afe7f4a8674fc>:0)
SAIN.Components.GameWorldComponent.WorldTick (System.Single deltaTime) (at <e4b9dce640de4a37a12afe7f4a8674fc>:0)
SAIN.Patches.GameWorld.WorldTickPatch.Patch (System.Single dt) (at <e4b9dce640de4a37a12afe7f4a8674fc>:0)
(wrapper dynamic-method) EFT.GameWorld.DMD<EFT.GameWorld::DoWorldTick>(EFT.GameWorld,single)
EFT.GameWorldUnityTickListener.Update () (at <ad47400a25db462cbf0a531df654c3c3>:0)
UnityEngine.DebugLogHandler:LogException(Exception, Object)
Class412:LogException(Exception, Object)
UnityEngine.Debug:CallOverridenDebugHandler(Exception, Object)
 
2026-08-17 22:26:33.660 -04:00|0.16.9.0.40087|Error|Default| 
EXCEPTION: System.NullReferenceException: Object reference not set to an instance of an object
  at SAIN.SAINComponent.Classes.Mover.SAINMoverClass.WantsPatrolStance () [0x0002a] in <e4b9dce640de4a37a12afe7f4a8674fc>:0 
  at SAIN.SAINComponent.Classes.Mover.SAINMoverClass.UpdateStance (System.Single time) [0x00025] in <e4b9dce640de4a37a12afe7f4a8674fc>:0 
  at SAIN.SAINComponent.Classes.Mover.SAINMoverClass.ManualUpdate () [0x00078] in <e4b9dce640de4a37a12afe7f4a8674fc>:0 
  at SAIN.Components.BotComponent.TickClassGroup (System.Collections.Generic.List`1[T] List, System.Single CurrentTime) [0x0000f] in <e4b9dce640de4a37a12afe7f4a8674fc>:0 
  at SAIN.Components.BotComponent.ManualUpdate (System.Single currentTime, System.Single deltaTime) [0x0004b] in <e4b9dce640de4a37a12afe7f4a8674fc>:0 
  at SAIN.Components.BotManagerComponent.ManualUpdate (System.Single currentTime, System.Single deltaTime) [0x00065] in <e4b9dce640de4a37a12afe7f4a8674fc>:0 
  at SAIN.Components.GameWorldComponent.WorldTick (System.Single deltaTime) [0x00014] in <e4b9dce640de4a37a12afe7f4a8674fc>:0 
  at SAIN.Patches.GameWorld.WorldTickPatch.Patch (System.Single dt) [0x0001e] in <e4b9dce640de4a37a12afe7f4a8674fc>:0 
  at (wrapper dynamic-method) EFT.GameWorld.DMD<EFT.GameWorld::DoWorldTick>(EFT.GameWorld,single)
  at EFT.GameWorldUnityTickListener.Update () [0x00031] in <ad47400a25db462cbf0a531df654c3c3>:0 
2026-08-17 22:26:33.660 -04:00|0.16.9.0.40087|Error|Default|NullReferenceException: Object reference not set to an instance of an object
SAIN.SAINComponent.Classes.Mover.SAINMoverClass.WantsPatrolStance () (at <e4b9dce640de4a37a12afe7f4a8674fc>:0)
SAIN.SAINComponent.Classes.Mover.SAINMoverClass.UpdateStance (System.Single time) (at <e4b9dce640de4a37a12afe7f4a8674fc>:0)
SAIN.SAINComponent.Classes.Mover.SAINMoverClass.ManualUpdate () (at <e4b9dce640de4a37a12afe7f4a8674fc>:0)
SAIN.Components.BotComponent.TickClassGroup (System.Collections.Generic.List`1[T] List, System.Single CurrentTime) (at <e4b9dce640de4a37a12afe7f4a8674fc>:0)
SAIN.Components.BotComponent.ManualUpdate (System.Single currentTime, System.Single deltaTime) (at <e4b9dce640de4a37a12afe7f4a8674fc>:0)
SAIN.Components.BotManagerComponent.ManualUpdate (System.Single currentTime, System.Single deltaTime) (at <e4b9dce640de4a37a12afe7f4a8674fc>:0)
SAIN.Components.GameWorldComponent.WorldTick (System.Single deltaTime) (at <e4b9dce640de4a37a12afe7f4a8674fc>:0)
SAIN.Patches.GameWorld.WorldTickPatch.Patch (System.Single dt) (at <e4b9dce640de4a37a12afe7f4a8674fc>:0)
(wrapper dynamic-method) EFT.GameWorld.DMD<EFT.GameWorld::DoWorldTick>(EFT.GameWorld,single)
EFT.GameWorldUnityTickListener.Update () (at <ad47400a25db462cbf0a531df654c3c3>:0)
UnityEngine.DebugLogHandler:LogException(Exception, Object)
Class412:LogException(Exception, Object)
UnityEngine.Debug:CallOverridenDebugHandler(Exception, Object)
 
2026-08-17 22:26:33.761 -04:00|0.16.9.0.40087|Error|Default| - Index was outside the bounds of the array. 
2026-08-17 22:26:33.761 -04:00|0.16.9.0.40087|Error|Default| - Index was outside the bounds of the array. 
2026-08-17 22:26:33.883 -04:00|0.16.9.0.40087|Error|Default| 
EXCEPTION: System.NullReferenceException: Object reference not set to an instance of an object
  at SAIN.SAINComponent.Classes.Mover.SAINMoverClass.WantsPatrolStance () [0x0002a] in <e4b9dce640de4a37a12afe7f4a8674fc>:0 
  at SAIN.SAINComponent.Classes.Mover.SAINMoverClass.UpdateStance (System.Single time) [0x00025] in <e4b9dce640de4a37a12afe7f4a8674fc>:0 
  at SAIN.SAINComponent.Classes.Mover.SAINMoverClass.ManualUpdate () [0x00078] in <e4b9dce640de4a37a12afe7f4a8674fc>:0 
  at SAIN.Components.BotComponent.TickClassGroup (System.Collections.Generic.List`1[T] List, System.Single CurrentTime) [0x0000f] in <e4b9dce640de4a37a12afe7f4a8674fc>:0 
  at SAIN.Components.BotComponent.ManualUpdate (System.Single currentTime, System.Single deltaTime) [0x0004b] in <e4b9dce640de4a37a12afe7f4a8674fc>:0 
  at SAIN.Components.BotManagerComponent.ManualUpdate (System.Single currentTime, System.Single deltaTime) [0x00065] in <e4b9dce640de4a37a12afe7f4a8674fc>:0 
  at SAIN.Components.GameWorldComponent.WorldTick (System.Single deltaTime) [0x00014] in <e4b9dce640de4a37a12afe7f4a8674fc>:0 
  at SAIN.Patches.GameWorld.WorldTickPatch.Patch (System.Single dt) [0x0001e] in <e4b9dce640de4a37a12afe7f4a8674fc>:0 
  at (wrapper dynamic-method) EFT.GameWorld.DMD<EFT.GameWorld::DoWorldTick>(EFT.GameWorld,single)
  at EFT.GameWorldUnityTickListener.Update () [0x00031] in <ad47400a25db462cbf0a531df654c3c3>:0 
2026-08-17 22:26:33.883 -04:00|0.16.9.0.40087|Error|Default|NullReferenceException: Object reference not set to an instance of an object
SAIN.SAINComponent.Classes.Mover.SAINMoverClass.WantsPatrolStance () (at <e4b9dce640de4a37a12afe7f4a8674fc>:0)
SAIN.SAINComponent.Classes.Mover.SAINMoverClass.UpdateStance (System.Single time) (at <e4b9dce640de4a37a12afe7f4a8674fc>:0)
SAIN.SAINComponent.Classes.Mover.SAINMoverClass.ManualUpdate () (at <e4b9dce640de4a37a12afe7f4a8674fc>:0)
SAIN.Components.BotComponent.TickClassGroup (System.Collections.Generic.List`1[T] List, System.Single CurrentTime) (at <e4b9dce640de4a37a12afe7f4a8674fc>:0)
SAIN.Components.BotComponent.ManualUpdate (System.Single currentTime, System.Single deltaTime) (at <e4b9dce640de4a37a12afe7f4a8674fc>:0)
SAIN.Components.BotManagerComponent.ManualUpdate (System.Single currentTime, System.Single deltaTime) (at <e4b9dce640de4a37a12afe7f4a8674fc>:0)
SAIN.Components.GameWorldComponent.WorldTick (System.Single deltaTime) (at <e4b9dce640de4a37a12afe7f4a8674fc>:0)
SAIN.Patches.GameWorld.WorldTickPatch.Patch (System.Single dt) (at <e4b9dce640de4a37a12afe7f4a8674fc>:0)
(wrapper dynamic-method) EFT.GameWorld.DMD<EFT.GameWorld::DoWorldTick>(EFT.GameWorld,single)
EFT.GameWorldUnityTickListener.Update () (at <ad47400a25db462cbf0a531df654c3c3>:0)
UnityEngine.DebugLogHandler:LogException(Exception, Object)
Class412:LogException(Exception, Object)
UnityEngine.Debug:CallOverridenDebugHandler(Exception, Object)
 
2026-08-17 22:26:33.883 -04:00|0.16.9.0.40087|Error|Default| 
EXCEPTION: System.NullReferenceException: Object reference not set to an instance of an object
  at SAIN.SAINComponent.Classes.Mover.SAINMoverClass.WantsPatrolStance () [0x0002a] in <e4b9dce640de4a37a12afe7f4a8674fc>:0 
  at SAIN.SAINComponent.Classes.Mover.SAINMoverClass.UpdateStance (System.Single time) [0x00025] in <e4b9dce640de4a37a12afe7f4a8674fc>:0 
  at SAIN.SAINComponent.Classes.Mover.SAINMoverClass.ManualUpdate () [0x00078] in <e4b9dce640de4a37a12afe7f4a8674fc>:0 
  at SAIN.Components.BotComponent.TickClassGroup (System.Collections.Generic.List`1[T] List, System.Single CurrentTime) [0x0000f] in <e4b9dce640de4a37a12afe7f4a8674fc>:0 
  at SAIN.Components.BotComponent.ManualUpdate (System.Single currentTime, System.Single deltaTime) [0x0004b] in <e4b9dce640de4a37a12afe7f4a8674fc>:0 
  at SAIN.Components.BotManagerComponent.ManualUpdate (System.Single currentTime, System.Single deltaTime) [0x00065] in <e4b9dce640de4a37a12afe7f4a8674fc>:0 
  at SAIN.Components.GameWorldComponent.WorldTick (System.Single deltaTime) [0x00014] in <e4b9dce640de4a37a12afe7f4a8674fc>:0 
  at SAIN.Patches.GameWorld.WorldTickPatch.Patch (System.Single dt) [0x0001e] in <e4b9dce640de4a37a12afe7f4a8674fc>:0 
  at (wrapper dynamic-method) EFT.GameWorld.DMD<EFT.GameWorld::DoWorldTick>(EFT.GameWorld,single)
  at EFT.GameWorldUnityTickListener.Update () [0x00031] in <ad47400a25db462cbf0a531df654c3c3>:0 
2026-08-17 22:26:33.883 -04:00|0.16.9.0.40087|Error|Default|NullReferenceException: Object reference not set to an instance of an object
SAIN.SAINComponent.Classes.Mover.SAINMoverClass.WantsPatrolStance () (at <e4b9dce640de4a37a12afe7f4a8674fc>:0)
SAIN.SAINComponent.Classes.Mover.SAINMoverClass.UpdateStance (System.Single time) (at <e4b9dce640de4a37a12afe7f4a8674fc>:0)
SAIN.SAINComponent.Classes.Mover.SAINMoverClass.ManualUpdate () (at <e4b9dce640de4a37a12afe7f4a8674fc>:0)
SAIN.Components.BotComponent.TickClassGroup (System.Collections.Generic.List`1[T] List, System.Single CurrentTime) (at <e4b9dce640de4a37a12afe7f4a8674fc>:0)
SAIN.Components.BotComponent.ManualUpdate (System.Single currentTime, System.Single deltaTime) (at <e4b9dce640de4a37a12afe7f4a8674fc>:0)
SAIN.Components.BotManagerComponent.ManualUpdate (System.Single currentTime, System.Single deltaTime) (at <e4b9dce640de4a37a12afe7f4a8674fc>:0)
SAIN.Components.GameWorldComponent.WorldTick (System.Single deltaTime) (at <e4b9dce640de4a37a12afe7f4a8674fc>:0)
SAIN.Patches.GameWorld.WorldTickPatch.Patch (System.Single dt) (at <e4b9dce640de4a37a12afe7f4a8674fc>:0)
(wrapper dynamic-method) EFT.GameWorld.DMD<EFT.GameWorld::DoWorldTick>(EFT.GameWorld,single)
EFT.GameWorldUnityTickListener.Update () (at <ad47400a25db462cbf0a531df654c3c3>:0)
UnityEngine.DebugLogHandler:LogException(Exception, Object)
Class412:LogException(Exception, Object)
UnityEngine.Debug:CallOverridenDebugHandler(Exception, Object)
 
2026-08-17 22:26:33.906 -04:00|0.16.9.0.40087|Error|Default| 
EXCEPTION: System.NullReferenceException: Object reference not set to an instance of an object
  at SAIN.SAINComponent.Classes.Mover.SAINMoverClass.WantsPatrolStance () [0x0002a] in <e4b9dce640de4a37a12afe7f4a8674fc>:0 
  at SAIN.SAINComponent.Classes.Mover.SAINMoverClass.UpdateStance (System.Single time) [0x00025] in <e4b9dce640de4a37a12afe7f4a8674fc>:0 
  at SAIN.SAINComponent.Classes.Mover.SAINMoverClass.ManualUpdate () [0x00078] in <e4b9dce640de4a37a12afe7f4a8674fc>:0 
  at SAIN.Components.BotComponent.TickClassGroup (System.Collections.Generic.List`1[T] List, System.Single CurrentTime) [0x0000f] in <e4b9dce640de4a37a12afe7f4a8674fc>:0 
  at SAIN.Components.BotComponent.ManualUpdate (System.Single currentTime, System.Single deltaTime) [0x0004b] in <e4b9dce640de4a37a12afe7f4a8674fc>:0 
  at SAIN.Components.BotManagerComponent.ManualUpdate (System.Single currentTime, System.Single deltaTime) [0x00065] in <e4b9dce640de4a37a12afe7f4a8674fc>:0 
  at SAIN.Components.GameWorldComponent.WorldTick (System.Single deltaTime) [0x00014] in <e4b9dce640de4a37a12afe7f4a8674fc>:0 
  at SAIN.Patches.GameWorld.WorldTickPatch.Patch (System.Single dt) [0x0001e] in <e4b9dce640de4a37a12afe7f4a8674fc>:0 
  at (wrapper dynamic-method) EFT.GameWorld.DMD<EFT.GameWorld::DoWorldTick>(EFT.GameWorld,single)
  at EFT.GameWorldUnityTickListener.Update () [0x00031] in <ad47400a25db462cbf0a531df654c3c3>:0 
2026-08-17 22:26:33.906 -04:00|0.16.9.0.40087|Error|Default|NullReferenceException: Object reference not set to an instance of an object
SAIN.SAINComponent.Classes.Mover.SAINMoverClass.WantsPatrolStance () (at <e4b9dce640de4a37a12afe7f4a8674fc>:0)
SAIN.SAINComponent.Classes.Mover.SAINMoverClass.UpdateStance (System.Single time) (at <e4b9dce640de4a37a12afe7f4a8674fc>:0)
SAIN.SAINComponent.Classes.Mover.SAINMoverClass.ManualUpdate () (at <e4b9dce640de4a37a12afe7f4a8674fc>:0)
SAIN.Components.BotComponent.TickClassGroup (System.Collections.Generic.List`1[T] List, System.Single CurrentTime) (at <e4b9dce640de4a37a12afe7f4a8674fc>:0)
SAIN.Components.BotComponent.ManualUpdate (System.Single currentTime, System.Single deltaTime) (at <e4b9dce640de4a37a12afe7f4a8674fc>:0)
SAIN.Components.BotManagerComponent.ManualUpdate (System.Single currentTime, System.Single deltaTime) (at <e4b9dce640de4a37a12afe7f4a8674fc>:0)
SAIN.Components.GameWorldComponent.WorldTick (System.Single deltaTime) (at <e4b9dce640de4a37a12afe7f4a8674fc>:0)
SAIN.Patches.GameWorld.WorldTickPatch.Patch (System.Single dt) (at <e4b9dce640de4a37a12afe7f4a8674fc>:0)
(wrapper dynamic-method) EFT.GameWorld.DMD<EFT.GameWorld::DoWorldTick>(EFT.GameWorld,single)
EFT.GameWorldUnityTickListener.Update () (at <ad47400a25db462cbf0a531df654c3c3>:0)
UnityEngine.DebugLogHandler:LogException(Exception, Object)
Class412:LogException(Exception, Object)
UnityEngine.Debug:CallOverridenDebugHandler(Exception, Object)
 
2026-08-17 22:26:33.913 -04:00|0.16.9.0.40087|Error|Default| 
EXCEPTION: System.NullReferenceException: Object reference not set to an instance of an object
  at SAIN.SAINComponent.Classes.Mover.SAINMoverClass.WantsPatrolStance () [0x0002a] in <e4b9dce640de4a37a12afe7f4a8674fc>:0 
  at SAIN.SAINComponent.Classes.Mover.SAINMoverClass.UpdateStance (System.Single time) [0x00025] in <e4b9dce640de4a37a12afe7f4a8674fc>:0 
  at SAIN.SAINComponent.Classes.Mover.SAINMoverClass.ManualUpdate () [0x00078] in <e4b9dce640de4a37a12afe7f4a8674fc>:0 
  at SAIN.Components.BotComponent.TickClassGroup (System.Collections.Generic.List`1[T] List, System.Single CurrentTime) [0x0000f] in <e4b9dce640de4a37a12afe7f4a8674fc>:0 
  at SAIN.Components.BotComponent.ManualUpdate (System.Single currentTime, System.Single deltaTime) [0x0004b] in <e4b9dce640de4a37a12afe7f4a8674fc>:0 
  at SAIN.Components.BotManagerComponent.ManualUpdate (System.Single currentTime, System.Single deltaTime) [0x00065] in <e4b9dce640de4a37a12afe7f4a8674fc>:0 
  at SAIN.Components.GameWorldComponent.WorldTick (System.Single deltaTime) [0x00014] in <e4b9dce640de4a37a12afe7f4a8674fc>:0 
  at SAIN.Patches.GameWorld.WorldTickPatch.Patch (System.Single dt) [0x0001e] in <e4b9dce640de4a37a12afe7f4a8674fc>:0 
  at (wrapper dynamic-method) EFT.GameWorld.DMD<EFT.GameWorld::DoWorldTick>(EFT.GameWorld,single)
  at EFT.GameWorldUnityTickListener.Update () [0x00031] in <ad47400a25db462cbf0a531df654c3c3>:0 
2026-08-17 22:26:33.913 -04:00|0.16.9.0.40087|Error|Default|NullReferenceException: Object reference not set to an instance of an object
SAIN.SAINComponent.Classes.Mover.SAINMoverClass.WantsPatrolStance () (at <e4b9dce640de4a37a12afe7f4a8674fc>:0)
SAIN.SAINComponent.Classes.Mover.SAINMoverClass.UpdateStance (System.Single time) (at <e4b9dce640de4a37a12afe7f4a8674fc>:0)
SAIN.SAINComponent.Classes.Mover.SAINMoverClass.ManualUpdate () (at <e4b9dce640de4a37a12afe7f4a8674fc>:0)
SAIN.Components.BotComponent.TickClassGroup (System.Collections.Generic.List`1[T] List, System.Single CurrentTime) (at <e4b9dce640de4a37a12afe7f4a8674fc>:0)
SAIN.Components.BotComponent.ManualUpdate (System.Single currentTime, System.Single deltaTime) (at <e4b9dce640de4a37a12afe7f4a8674fc>:0)
SAIN.Components.BotManagerComponent.ManualUpdate (System.Single currentTime, System.Single deltaTime) (at <e4b9dce640de4a37a12afe7f4a8674fc>:0)
SAIN.Components.GameWorldComponent.WorldTick (System.Single deltaTime) (at <e4b9dce640de4a37a12afe7f4a8674fc>:0)
SAIN.Patches.GameWorld.WorldTickPatch.Patch (System.Single dt) (at <e4b9dce640de4a37a12afe7f4a8674fc>:0)
(wrapper dynamic-method) EFT.GameWorld.DMD<EFT.GameWorld::DoWorldTick>(EFT.GameWorld,single)
EFT.GameWorldUnityTickListener.Update () (at <ad47400a25db462cbf0a531df654c3c3>:0)
UnityEngine.DebugLogHandler:LogException(Exception, Object)
Class412:LogException(Exception, Object)
UnityEngine.Debug:CallOverridenDebugHandler(Exception, Object)
 
2026-08-17 22:26:34.134 -04:00|0.16.9.0.40087|Error|Default| 
EXCEPTION: System.NullReferenceException: Object reference not set to an instance of an object
  at SAIN.SAINComponent.Classes.Mover.SAINMoverClass.WantsPatrolStance () [0x0002a] in <e4b9dce640de4a37a12afe7f4a8674fc>:0 
  at SAIN.SAINComponent.Classes.Mover.SAINMoverClass.UpdateStance (System.Single time) [0x00025] in <e4b9dce640de4a37a12afe7f4a8674fc>:0 
  at SAIN.SAINComponent.Classes.Mover.SAINMoverClass.ManualUpdate () [0x00078] in <e4b9dce640de4a37a12afe7f4a8674fc>:0 
  at SAIN.Components.BotComponent.TickClassGroup (System.Collections.Generic.List`1[T] List, System.Single CurrentTime) [0x0000f] in <e4b9dce640de4a37a12afe7f4a8674fc>:0 
  at SAIN.Components.BotComponent.ManualUpdate (System.Single currentTime, System.Single deltaTime) [0x0004b] in <e4b9dce640de4a37a12afe7f4a8674fc>:0 
  at SAIN.Components.BotManagerComponent.ManualUpdate (System.Single currentTime, System.Single deltaTime) [0x00065] in <e4b9dce640de4a37a12afe7f4a8674fc>:0 
  at SAIN.Components.GameWorldComponent.WorldTick (System.Single deltaTime) [0x00014] in <e4b9dce640de4a37a12afe7f4a8674fc>:0 
  at SAIN.Patches.GameWorld.WorldTickPatch.Patch (System.Single dt) [0x0001e] in <e4b9dce640de4a37a12afe7f4a8674fc>:0 
  at (wrapper dynamic-method) EFT.GameWorld.DMD<EFT.GameWorld::DoWorldTick>(EFT.GameWorld,single)
  at EFT.GameWorldUnityTickListener.Update () [0x00031] in <ad47400a25db462cbf0a531df654c3c3>:0 
2026-08-17 22:26:34.134 -04:00|0.16.9.0.40087|Error|Default|NullReferenceException: Object reference not set to an instance of an object
SAIN.SAINComponent.Classes.Mover.SAINMoverClass.WantsPatrolStance () (at <e4b9dce640de4a37a12afe7f4a8674fc>:0)
SAIN.SAINComponent.Classes.Mover.SAINMoverClass.UpdateStance (System.Single time) (at <e4b9dce640de4a37a12afe7f4a8674fc>:0)
SAIN.SAINComponent.Classes.Mover.SAINMoverClass.ManualUpdate () (at <e4b9dce640de4a37a12afe7f4a8674fc>:0)
SAIN.Components.BotComponent.TickClassGroup (System.Collections.Generic.List`1[T] List, System.Single CurrentTime) (at <e4b9dce640de4a37a12afe7f4a8674fc>:0)
SAIN.Components.BotComponent.ManualUpdate (System.Single currentTime, System.Single deltaTime) (at <e4b9dce640de4a37a12afe7f4a8674fc>:0)
SAIN.Components.BotManagerComponent.ManualUpdate (System.Single currentTime, System.Single deltaTime) (at <e4b9dce640de4a37a12afe7f4a8674fc>:0)
SAIN.Components.GameWorldComponent.WorldTick (System.Single deltaTime) (at <e4b9dce640de4a37a12afe7f4a8674fc>:0)
SAIN.Patches.GameWorld.WorldTickPatch.Patch (System.Single dt) (at <e4b9dce640de4a37a12afe7f4a8674fc>:0)
(wrapper dynamic-method) EFT.GameWorld.DMD<EFT.GameWorld::DoWorldTick>(EFT.GameWorld,single)
EFT.GameWorldUnityTickListener.Update () (at <ad47400a25db462cbf0a531df654c3c3>:0)
UnityEngine.DebugLogHandler:LogException(Exception, Object)
Class412:LogException(Exception, Object)
UnityEngine.Debug:CallOverridenDebugHandler(Exception, Object)
 
2026-08-17 22:26:34.134 -04:00|0.16.9.0.40087|Error|Default| 
EXCEPTION: System.NullReferenceException: Object reference not set to an instance of an object
  at SAIN.SAINComponent.Classes.Mover.SAINMoverClass.WantsPatrolStance () [0x0002a] in <e4b9dce640de4a37a12afe7f4a8674fc>:0 
  at SAIN.SAINComponent.Classes.Mover.SAINMoverClass.UpdateStance (System.Single time) [0x00025] in <e4b9dce640de4a37a12afe7f4a8674fc>:0 
  at SAIN.SAINComponent.Classes.Mover.SAINMoverClass.ManualUpdate () [0x00078] in <e4b9dce640de4a37a12afe7f4a8674fc>:0 
  at SAIN.Components.BotComponent.TickClassGroup (System.Collections.Generic.List`1[T] List, System.Single CurrentTime) [0x0000f] in <e4b9dce640de4a37a12afe7f4a8674fc>:0 
  at SAIN.Components.BotComponent.ManualUpdate (System.Single currentTime, System.Single deltaTime) [0x0004b] in <e4b9dce640de4a37a12afe7f4a8674fc>:0 
  at SAIN.Components.BotManagerComponent.ManualUpdate (System.Single currentTime, System.Single deltaTime) [0x00065] in <e4b9dce640de4a37a12afe7f4a8674fc>:0 
  at SAIN.Components.GameWorldComponent.WorldTick (System.Single deltaTime) [0x00014] in <e4b9dce640de4a37a12afe7f4a8674fc>:0 
  at SAIN.Patches.GameWorld.WorldTickPatch.Patch (System.Single dt) [0x0001e] in <e4b9dce640de4a37a12afe7f4a8674fc>:0 
  at (wrapper dynamic-method) EFT.GameWorld.DMD<EFT.GameWorld::DoWorldTick>(EFT.GameWorld,single)
  at EFT.GameWorldUnityTickListener.Update () [0x00031] in <ad47400a25db462cbf0a531df654c3c3>:0 
2026-08-17 22:26:34.134 -04:00|0.16.9.0.40087|Error|Default|NullReferenceException: Object reference not set to an instance of an object
SAIN.SAINComponent.Classes.Mover.SAINMoverClass.WantsPatrolStance () (at <e4b9dce640de4a37a12afe7f4a8674fc>:0)
SAIN.SAINComponent.Classes.Mover.SAINMoverClass.UpdateStance (System.Single time) (at <e4b9dce640de4a37a12afe7f4a8674fc>:0)
SAIN.SAINComponent.Classes.Mover.SAINMoverClass.ManualUpdate () (at <e4b9dce640de4a37a12afe7f4a8674fc>:0)
SAIN.Components.BotComponent.TickClassGroup (System.Collections.Generic.List`1[T] List, System.Single CurrentTime) (at <e4b9dce640de4a37a12afe7f4a8674fc>:0)
SAIN.Components.BotComponent.ManualUpdate (System.Single currentTime, System.Single deltaTime) (at <e4b9dce640de4a37a12afe7f4a8674fc>:0)
SAIN.Components.BotManagerComponent.ManualUpdate (System.Single currentTime, System.Single deltaTime) (at <e4b9dce640de4a37a12afe7f4a8674fc>:0)
SAIN.Components.GameWorldComponent.WorldTick (System.Single deltaTime) (at <e4b9dce640de4a37a12afe7f4a8674fc>:0)
SAIN.Patches.GameWorld.WorldTickPatch.Patch (System.Single dt) (at <e4b9dce640de4a37a12afe7f4a8674fc>:0)
(wrapper dynamic-method) EFT.GameWorld.DMD<EFT.GameWorld::DoWorldTick>(EFT.GameWorld,single)
EFT.GameWorldUnityTickListener.Update () (at <ad47400a25db462cbf0a531df654c3c3>:0)
UnityEngine.DebugLogHandler:LogException(Exception, Object)
Class412:LogException(Exception, Object)
UnityEngine.Debug:CallOverridenDebugHandler(Exception, Object)
 
2026-08-17 22:26:34.150 -04:00|0.16.9.0.40087|Error|Default| - Index was outside the bounds of the array. 
2026-08-17 22:26:34.150 -04:00|0.16.9.0.40087|Error|Default| - Index was outside the bounds of the array. 
2026-08-17 22:26:34.150 -04:00|0.16.9.0.40087|Error|Default| 
EXCEPTION: System.NullReferenceException: Object reference not set to an instance of an object
  at SAIN.SAINComponent.Classes.Mover.SAINMoverClass.WantsPatrolStance () [0x0002a] in <e4b9dce640de4a37a12afe7f4a8674fc>:0 
  at SAIN.SAINComponent.Classes.Mover.SAINMoverClass.UpdateStance (System.Single time) [0x00025] in <e4b9dce640de4a37a12afe7f4a8674fc>:0 
  at SAIN.SAINComponent.Classes.Mover.SAINMoverClass.ManualUpdate () [0x00078] in <e4b9dce640de4a37a12afe7f4a8674fc>:0 
  at SAIN.Components.BotComponent.TickClassGroup (System.Collections.Generic.List`1[T] List, System.Single CurrentTime) [0x0000f] in <e4b9dce640de4a37a12afe7f4a8674fc>:0 
  at SAIN.Components.BotComponent.ManualUpdate (System.Single currentTime, System.Single deltaTime) [0x0004b] in <e4b9dce640de4a37a12afe7f4a8674fc>:0 
  at SAIN.Components.BotManagerComponent.ManualUpdate (System.Single currentTime, System.Single deltaTime) [0x00065] in <e4b9dce640de4a37a12afe7f4a8674fc>:0 
  at SAIN.Components.GameWorldComponent.WorldTick (System.Single deltaTime) [0x00014] in <e4b9dce640de4a37a12afe7f4a8674fc>:0 
  at SAIN.Patches.GameWorld.WorldTickPatch.Patch (System.Single dt) [0x0001e] in <e4b9dce640de4a37a12afe7f4a8674fc>:0 
  at (wrapper dynamic-method) EFT.GameWorld.DMD<EFT.GameWorld::DoWorldTick>(EFT.GameWorld,single)
  at EFT.GameWorldUnityTickListener.Update () [0x00031] in <ad47400a25db462cbf0a531df654c3c3>:0 
2026-08-17 22:26:34.150 -04:00|0.16.9.0.40087|Error|Default|NullReferenceException: Object reference not set to an instance of an object
SAIN.SAINComponent.Classes.Mover.SAINMoverClass.WantsPatrolStance () (at <e4b9dce640de4a37a12afe7f4a8674fc>:0)
SAIN.SAINComponent.Classes.Mover.SAINMoverClass.UpdateStance (System.Single time) (at <e4b9dce640de4a37a12afe7f4a8674fc>:0)
SAIN.SAINComponent.Classes.Mover.SAINMoverClass.ManualUpdate () (at <e4b9dce640de4a37a12afe7f4a8674fc>:0)
SAIN.Components.BotComponent.TickClassGroup (System.Collections.Generic.List`1[T] List, System.Single CurrentTime) (at <e4b9dce640de4a37a12afe7f4a8674fc>:0)
SAIN.Components.BotComponent.ManualUpdate (System.Single currentTime, System.Single deltaTime) (at <e4b9dce640de4a37a12afe7f4a8674fc>:0)
SAIN.Components.BotManagerComponent.ManualUpdate (System.Single currentTime, System.Single deltaTime) (at <e4b9dce640de4a37a12afe7f4a8674fc>:0)
SAIN.Components.GameWorldComponent.WorldTick (System.Single deltaTime) (at <e4b9dce640de4a37a12afe7f4a8674fc>:0)
SAIN.Patches.GameWorld.WorldTickPatch.Patch (System.Single dt) (at <e4b9dce640de4a37a12afe7f4a8674fc>:0)
(wrapper dynamic-method) EFT.GameWorld.DMD<EFT.GameWorld::DoWorldTick>(EFT.GameWorld,single)
EFT.GameWorldUnityTickListener.Update () (at <ad47400a25db462cbf0a531df654c3c3>:0)
UnityEngine.DebugLogHandler:LogException(Exception, Object)
Class412:LogException(Exception, Object)
UnityEngine.Debug:CallOverridenDebugHandler(Exception, Object)
 
2026-08-17 22:26:34.164 -04:00|0.16.9.0.40087|Error|Default| 
EXCEPTION: System.NullReferenceException: Object reference not set to an instance of an object
  at SAIN.SAINComponent.Classes.Mover.SAINMoverClass.WantsPatrolStance () [0x0002a] in <e4b9dce640de4a37a12afe7f4a8674fc>:0 
  at SAIN.SAINComponent.Classes.Mover.SAINMoverClass.UpdateStance (System.Single time) [0x00025] in <e4b9dce640de4a37a12afe7f4a8674fc>:0 
  at SAIN.SAINComponent.Classes.Mover.SAINMoverClass.ManualUpdate () [0x00078] in <e4b9dce640de4a37a12afe7f4a8674fc>:0 
  at SAIN.Components.BotComponent.TickClassGroup (System.Collections.Generic.List`1[T] List, System.Single CurrentTime) [0x0000f] in <e4b9dce640de4a37a12afe7f4a8674fc>:0 
  at SAIN.Components.BotComponent.ManualUpdate (System.Single currentTime, System.Single deltaTime) [0x0004b] in <e4b9dce640de4a37a12afe7f4a8674fc>:0 
  at SAIN.Components.BotManagerComponent.ManualUpdate (System.Single currentTime, System.Single deltaTime) [0x00065] in <e4b9dce640de4a37a12afe7f4a8674fc>:0 
  at SAIN.Components.GameWorldComponent.WorldTick (System.Single deltaTime) [0x00014] in <e4b9dce640de4a37a12afe7f4a8674fc>:0 
  at SAIN.Patches.GameWorld.WorldTickPatch.Patch (System.Single dt) [0x0001e] in <e4b9dce640de4a37a12afe7f4a8674fc>:0 
  at (wrapper dynamic-method) EFT.GameWorld.DMD<EFT.GameWorld::DoWorldTick>(EFT.GameWorld,single)
  at EFT.GameWorldUnityTickListener.Update () [0x00031] in <ad47400a25db462cbf0a531df654c3c3>:0 
2026-08-17 22:26:34.164 -04:00|0.16.9.0.40087|Error|Default|NullReferenceException: Object reference not set to an instance of an object
SAIN.SAINComponent.Classes.Mover.SAINMoverClass.WantsPatrolStance () (at <e4b9dce640de4a37a12afe7f4a8674fc>:0)
SAIN.SAINComponent.Classes.Mover.SAINMoverClass.UpdateStance (System.Single time) (at <e4b9dce640de4a37a12afe7f4a8674fc>:0)
SAIN.SAINComponent.Classes.Mover.SAINMoverClass.ManualUpdate () (at <e4b9dce640de4a37a12afe7f4a8674fc>:0)
SAIN.Components.BotComponent.TickClassGroup (System.Collections.Generic.List`1[T] List, System.Single CurrentTime) (at <e4b9dce640de4a37a12afe7f4a8674fc>:0)
SAIN.Components.BotComponent.ManualUpdate (System.Single currentTime, System.Single deltaTime) (at <e4b9dce640de4a37a12afe7f4a8674fc>:0)
SAIN.Components.BotManagerComponent.ManualUpdate (System.Single currentTime, System.Single deltaTime) (at <e4b9dce640de4a37a12afe7f4a8674fc>:0)
SAIN.Components.GameWorldComponent.WorldTick (System.Single deltaTime) (at <e4b9dce640de4a37a12afe7f4a8674fc>:0)
SAIN.Patches.GameWorld.WorldTickPatch.Patch (System.Single dt) (at <e4b9dce640de4a37a12afe7f4a8674fc>:0)
(wrapper dynamic-method) EFT.GameWorld.DMD<EFT.GameWorld::DoWorldTick>(EFT.GameWorld,single)
EFT.GameWorldUnityTickListener.Update () (at <ad47400a25db462cbf0a531df654c3c3>:0)
UnityEngine.DebugLogHandler:LogException(Exception, Object)
Class412:LogException(Exception, Object)
UnityEngine.Debug:CallOverridenDebugHandler(Exception, Object)
 
2026-08-17 22:26:34.385 -04:00|0.16.9.0.40087|Error|Default| 
EXCEPTION: System.NullReferenceException: Object reference not set to an instance of an object
  at SAIN.SAINComponent.Classes.Mover.SAINMoverClass.WantsPatrolStance () [0x0002a] in <e4b9dce640de4a37a12afe7f4a8674fc>:0 
  at SAIN.SAINComponent.Classes.Mover.SAINMoverClass.UpdateStance (System.Single time) [0x00025] in <e4b9dce640de4a37a12afe7f4a8674fc>:0 
  at SAIN.SAINComponent.Classes.Mover.SAINMoverClass.ManualUpdate () [0x00078] in <e4b9dce640de4a37a12afe7f4a8674fc>:0 
  at SAIN.Components.BotComponent.TickClassGroup (System.Collections.Generic.List`1[T] List, System.Single CurrentTime) [0x0000f] in <e4b9dce640de4a37a12afe7f4a8674fc>:0 
  at SAIN.Components.BotComponent.ManualUpdate (System.Single currentTime, System.Single deltaTime) [0x0004b] in <e4b9dce640de4a37a12afe7f4a8674fc>:0 
  at SAIN.Components.BotManagerComponent.ManualUpdate (System.Single currentTime, System.Single deltaTime) [0x00065] in <e4b9dce640de4a37a12afe7f4a8674fc>:0 
  at SAIN.Components.GameWorldComponent.WorldTick (System.Single deltaTime) [0x00014] in <e4b9dce640de4a37a12afe7f4a8674fc>:0 
  at SAIN.Patches.GameWorld.WorldTickPatch.Patch (System.Single dt) [0x0001e] in <e4b9dce640de4a37a12afe7f4a8674fc>:0 
  at (wrapper dynamic-method) EFT.GameWorld.DMD<EFT.GameWorld::DoWorldTick>(EFT.GameWorld,single)
  at EFT.GameWorldUnityTickListener.Update () [0x00031] in <ad47400a25db462cbf0a531df654c3c3>:0 
2026-08-17 22:26:34.385 -04:00|0.16.9.0.40087|Error|Default|NullReferenceException: Object reference not set to an instance of an object
SAIN.SAINComponent.Classes.Mover.SAINMoverClass.WantsPatrolStance () (at <e4b9dce640de4a37a12afe7f4a8674fc>:0)
SAIN.SAINComponent.Classes.Mover.SAINMoverClass.UpdateStance (System.Single time) (at <e4b9dce640de4a37a12afe7f4a8674fc>:0)
SAIN.SAINComponent.Classes.Mover.SAINMoverClass.ManualUpdate () (at <e4b9dce640de4a37a12afe7f4a8674fc>:0)
SAIN.Components.BotComponent.TickClassGroup (System.Collections.Generic.List`1[T] List, System.Single CurrentTime) (at <e4b9dce640de4a37a12afe7f4a8674fc>:0)
SAIN.Components.BotComponent.ManualUpdate (System.Single currentTime, System.Single deltaTime) (at <e4b9dce640de4a37a12afe7f4a8674fc>:0)
SAIN.Components.BotManagerComponent.ManualUpdate (System.Single currentTime, System.Single deltaTime) (at <e4b9dce640de4a37a12afe7f4a8674fc>:0)
SAIN.Components.GameWorldComponent.WorldTick (System.Single deltaTime) (at <e4b9dce640de4a37a12afe7f4a8674fc>:0)
SAIN.Patches.GameWorld.WorldTickPatch.Patch (System.Single dt) (at <e4b9dce640de4a37a12afe7f4a8674fc>:0)
(wrapper dynamic-method) EFT.GameWorld.DMD<EFT.GameWorld::DoWorldTick>(EFT.GameWorld,single)
EFT.GameWorldUnityTickListener.Update () (at <ad47400a25db462cbf0a531df654c3c3>:0)
UnityEngine.DebugLogHandler:LogException(Exception, Object)
Class412:LogException(Exception, Object)
UnityEngine.Debug:CallOverridenDebugHandler(Exception, Object)
 
2026-08-17 22:26:34.385 -04:00|0.16.9.0.40087|Error|Default| 
EXCEPTION: System.NullReferenceException: Object reference not set to an instance of an object
  at SAIN.SAINComponent.Classes.Mover.SAINMoverClass.WantsPatrolStance () [0x0002a] in <e4b9dce640de4a37a12afe7f4a8674fc>:0 
  at SAIN.SAINComponent.Classes.Mover.SAINMoverClass.UpdateStance (System.Single time) [0x00025] in <e4b9dce640de4a37a12afe7f4a8674fc>:0 
  at SAIN.SAINComponent.Classes.Mover.SAINMoverClass.ManualUpdate () [0x00078] in <e4b9dce640de4a37a12afe7f4a8674fc>:0 
  at SAIN.Components.BotComponent.TickClassGroup (System.Collections.Generic.List`1[T] List, System.Single CurrentTime) [0x0000f] in <e4b9dce640de4a37a12afe7f4a8674fc>:0 
  at SAIN.Components.BotComponent.ManualUpdate (System.Single currentTime, System.Single deltaTime) [0x0004b] in <e4b9dce640de4a37a12afe7f4a8674fc>:0 
  at SAIN.Components.BotManagerComponent.ManualUpdate (System.Single currentTime, System.Single deltaTime) [0x00065] in <e4b9dce640de4a37a12afe7f4a8674fc>:0 
  at SAIN.Components.GameWorldComponent.WorldTick (System.Single deltaTime) [0x00014] in <e4b9dce640de4a37a12afe7f4a8674fc>:0 
  at SAIN.Patches.GameWorld.WorldTickPatch.Patch (System.Single dt) [0x0001e] in <e4b9dce640de4a37a12afe7f4a8674fc>:0 
  at (wrapper dynamic-method) EFT.GameWorld.DMD<EFT.GameWorld::DoWorldTick>(EFT.GameWorld,single)
  at EFT.GameWorldUnityTickListener.Update () [0x00031] in <ad47400a25db462cbf0a531df654c3c3>:0 
2026-08-17 22:26:34.393 -04:00|0.16.9.0.40087|Error|Default|NullReferenceException: Object reference not set to an instance of an object
SAIN.SAINComponent.Classes.Mover.SAINMoverClass.WantsPatrolStance () (at <e4b9dce640de4a37a12afe7f4a8674fc>:0)
SAIN.SAINComponent.Classes.Mover.SAINMoverClass.UpdateStance (System.Single time) (at <e4b9dce640de4a37a12afe7f4a8674fc>:0)
SAIN.SAINComponent.Classes.Mover.SAINMoverClass.ManualUpdate () (at <e4b9dce640de4a37a12afe7f4a8674fc>:0)
SAIN.Components.BotComponent.TickClassGroup (System.Collections.Generic.List`1[T] List, System.Single CurrentTime) (at <e4b9dce640de4a37a12afe7f4a8674fc>:0)
SAIN.Components.BotComponent.ManualUpdate (System.Single currentTime, System.Single deltaTime) (at <e4b9dce640de4a37a12afe7f4a8674fc>:0)
SAIN.Components.BotManagerComponent.ManualUpdate (System.Single currentTime, System.Single deltaTime) (at <e4b9dce640de4a37a12afe7f4a8674fc>:0)
SAIN.Components.GameWorldComponent.WorldTick (System.Single deltaTime) (at <e4b9dce640de4a37a12afe7f4a8674fc>:0)
SAIN.Patches.GameWorld.WorldTickPatch.Patch (System.Single dt) (at <e4b9dce640de4a37a12afe7f4a8674fc>:0)
(wrapper dynamic-method) EFT.GameWorld.DMD<EFT.GameWorld::DoWorldTick>(EFT.GameWorld,single)
EFT.GameWorldUnityTickListener.Update () (at <ad47400a25db462cbf0a531df654c3c3>:0)
UnityEngine.DebugLogHandler:LogException(Exception, Object)
Class412:LogException(Exception, Object)
UnityEngine.Debug:CallOverridenDebugHandler(Exception, Object)
 
2026-08-17 22:26:34.393 -04:00|0.16.9.0.40087|Error|Default| 
EXCEPTION: System.NullReferenceException: Object reference not set to an instance of an object
  at SAIN.SAINComponent.Classes.Mover.SAINMoverClass.WantsPatrolStance () [0x0002a] in <e4b9dce640de4a37a12afe7f4a8674fc>:0 
  at SAIN.SAINComponent.Classes.Mover.SAINMoverClass.UpdateStance (System.Single time) [0x00025] in <e4b9dce640de4a37a12afe7f4a8674fc>:0 
  at SAIN.SAINComponent.Classes.Mover.SAINMoverClass.ManualUpdate () [0x00078] in <e4b9dce640de4a37a12afe7f4a8674fc>:0 
  at SAIN.Components.BotComponent.TickClassGroup (System.Collections.Generic.List`1[T] List, System.Single CurrentTime) [0x0000f] in <e4b9dce640de4a37a12afe7f4a8674fc>:0 
  at SAIN.Components.BotComponent.ManualUpdate (System.Single currentTime, System.Single deltaTime) [0x0004b] in <e4b9dce640de4a37a12afe7f4a8674fc>:0 
  at SAIN.Components.BotManagerComponent.ManualUpdate (System.Single currentTime, System.Single deltaTime) [0x00065] in <e4b9dce640de4a37a12afe7f4a8674fc>:0 
  at SAIN.Components.GameWorldComponent.WorldTick (System.Single deltaTime) [0x00014] in <e4b9dce640de4a37a12afe7f4a8674fc>:0 
  at SAIN.Patches.GameWorld.WorldTickPatch.Patch (System.Single dt) [0x0001e] in <e4b9dce640de4a37a12afe7f4a8674fc>:0 
  at (wrapper dynamic-method) EFT.GameWorld.DMD<EFT.GameWorld::DoWorldTick>(EFT.GameWorld,single)
  at EFT.GameWorldUnityTickListener.Update () [0x00031] in <ad47400a25db462cbf0a531df654c3c3>:0 
2026-08-17 22:26:34.393 -04:00|0.16.9.0.40087|Error|Default|NullReferenceException: Object reference not set to an instance of an object
SAIN.SAINComponent.Classes.Mover.SAINMoverClass.WantsPatrolStance () (at <e4b9dce640de4a37a12afe7f4a8674fc>:0)
SAIN.SAINComponent.Classes.Mover.SAINMoverClass.UpdateStance (System.Single time) (at <e4b9dce640de4a37a12afe7f4a8674fc>:0)
SAIN.SAINComponent.Classes.Mover.SAINMoverClass.ManualUpdate () (at <e4b9dce640de4a37a12afe7f4a8674fc>:0)
SAIN.Components.BotComponent.TickClassGroup (System.Collections.Generic.List`1[T] List, System.Single CurrentTime) (at <e4b9dce640de4a37a12afe7f4a8674fc>:0)
SAIN.Components.BotComponent.ManualUpdate (System.Single currentTime, System.Single deltaTime) (at <e4b9dce640de4a37a12afe7f4a8674fc>:0)
SAIN.Components.BotManagerComponent.ManualUpdate (System.Single currentTime, System.Single deltaTime) (at <e4b9dce640de4a37a12afe7f4a8674fc>:0)
SAIN.Components.GameWorldComponent.WorldTick (System.Single deltaTime) (at <e4b9dce640de4a37a12afe7f4a8674fc>:0)
SAIN.Patches.GameWorld.WorldTickPatch.Patch (System.Single dt) (at <e4b9dce640de4a37a12afe7f4a8674fc>:0)
(wrapper dynamic-method) EFT.GameWorld.DMD<EFT.GameWorld::DoWorldTick>(EFT.GameWorld,single)
EFT.GameWorldUnityTickListener.Update () (at <ad47400a25db462cbf0a531df654c3c3>:0)
UnityEngine.DebugLogHandler:LogException(Exception, Object)
Class412:LogException(Exception, Object)
UnityEngine.Debug:CallOverridenDebugHandler(Exception, Object)
 
2026-08-17 22:26:34.415 -04:00|0.16.9.0.40087|Error|Default| 
EXCEPTION: System.NullReferenceException: Object reference not set to an instance of an object
  at SAIN.SAINComponent.Classes.Mover.SAINMoverClass.WantsPatrolStance () [0x0002a] in <e4b9dce640de4a37a12afe7f4a8674fc>:0 
  at SAIN.SAINComponent.Classes.Mover.SAINMoverClass.UpdateStance (System.Single time) [0x00025] in <e4b9dce640de4a37a12afe7f4a8674fc>:0 
  at SAIN.SAINComponent.Classes.Mover.SAINMoverClass.ManualUpdate () [0x00078] in <e4b9dce640de4a37a12afe7f4a8674fc>:0 
  at SAIN.Components.BotComponent.TickClassGroup (System.Collections.Generic.List`1[T] List, System.Single CurrentTime) [0x0000f] in <e4b9dce640de4a37a12afe7f4a8674fc>:0 
  at SAIN.Components.BotComponent.ManualUpdate (System.Single currentTime, System.Single deltaTime) [0x0004b] in <e4b9dce640de4a37a12afe7f4a8674fc>:0 
  at SAIN.Components.BotManagerComponent.ManualUpdate (System.Single currentTime, System.Single deltaTime) [0x00065] in <e4b9dce640de4a37a12afe7f4a8674fc>:0 
  at SAIN.Components.GameWorldComponent.WorldTick (System.Single deltaTime) [0x00014] in <e4b9dce640de4a37a12afe7f4a8674fc>:0 
  at SAIN.Patches.GameWorld.WorldTickPatch.Patch (System.Single dt) [0x0001e] in <e4b9dce640de4a37a12afe7f4a8674fc>:0 
  at (wrapper dynamic-method) EFT.GameWorld.DMD<EFT.GameWorld::DoWorldTick>(EFT.GameWorld,single)
  at EFT.GameWorldUnityTickListener.Update () [0x00031] in <ad47400a25db462cbf0a531df654c3c3>:0 
2026-08-17 22:26:34.415 -04:00|0.16.9.0.40087|Error|Default|NullReferenceException: Object reference not set to an instance of an object
SAIN.SAINComponent.Classes.Mover.SAINMoverClass.WantsPatrolStance () (at <e4b9dce640de4a37a12afe7f4a8674fc>:0)
SAIN.SAINComponent.Classes.Mover.SAINMoverClass.UpdateStance (System.Single time) (at <e4b9dce640de4a37a12afe7f4a8674fc>:0)
SAIN.SAINComponent.Classes.Mover.SAINMoverClass.ManualUpdate () (at <e4b9dce640de4a37a12afe7f4a8674fc>:0)
SAIN.Components.BotComponent.TickClassGroup (System.Collections.Generic.List`1[T] List, System.Single CurrentTime) (at <e4b9dce640de4a37a12afe7f4a8674fc>:0)
SAIN.Components.BotComponent.ManualUpdate (System.Single currentTime, System.Single deltaTime) (at <e4b9dce640de4a37a12afe7f4a8674fc>:0)
SAIN.Components.BotManagerComponent.ManualUpdate (System.Single currentTime, System.Single deltaTime) (at <e4b9dce640de4a37a12afe7f4a8674fc>:0)
SAIN.Components.GameWorldComponent.WorldTick (System.Single deltaTime) (at <e4b9dce640de4a37a12afe7f4a8674fc>:0)
SAIN.Patches.GameWorld.WorldTickPatch.Patch (System.Single dt) (at <e4b9dce640de4a37a12afe7f4a8674fc>:0)
(wrapper dynamic-method) EFT.GameWorld.DMD<EFT.GameWorld::DoWorldTick>(EFT.GameWorld,single)
EFT.GameWorldUnityTickListener.Update () (at <ad47400a25db462cbf0a531df654c3c3>:0)
UnityEngine.DebugLogHandler:LogException(Exception, Object)
Class412:LogException(Exception, Object)
UnityEngine.Debug:CallOverridenDebugHandler(Exception, Object)
 
2026-08-17 22:26:34.638 -04:00|0.16.9.0.40087|Error|Default| 
EXCEPTION: System.NullReferenceException: Object reference not set to an instance of an object
  at SAIN.SAINComponent.Classes.Mover.SAINMoverClass.WantsPatrolStance () [0x0002a] in <e4b9dce640de4a37a12afe7f4a8674fc>:0 
  at SAIN.SAINComponent.Classes.Mover.SAINMoverClass.UpdateStance (System.Single time) [0x00025] in <e4b9dce640de4a37a12afe7f4a8674fc>:0 
  at SAIN.SAINComponent.Classes.Mover.SAINMoverClass.ManualUpdate () [0x00078] in <e4b9dce640de4a37a12afe7f4a8674fc>:0 
  at SAIN.Components.BotComponent.TickClassGroup (System.Collections.Generic.List`1[T] List, System.Single CurrentTime) [0x0000f] in <e4b9dce640de4a37a12afe7f4a8674fc>:0 
  at SAIN.Components.BotComponent.ManualUpdate (System.Single currentTime, System.Single deltaTime) [0x0004b] in <e4b9dce640de4a37a12afe7f4a8674fc>:0 
  at SAIN.Components.BotManagerComponent.ManualUpdate (System.Single currentTime, System.Single deltaTime) [0x00065] in <e4b9dce640de4a37a12afe7f4a8674fc>:0 
  at SAIN.Components.GameWorldComponent.WorldTick (System.Single deltaTime) [0x00014] in <e4b9dce640de4a37a12afe7f4a8674fc>:0 
  at SAIN.Patches.GameWorld.WorldTickPatch.Patch (System.Single dt) [0x0001e] in <e4b9dce640de4a37a12afe7f4a8674fc>:0 
  at (wrapper dynamic-method) EFT.GameWorld.DMD<EFT.GameWorld::DoWorldTick>(EFT.GameWorld,single)
  at EFT.GameWorldUnityTickListener.Update () [0x00031] in <ad47400a25db462cbf0a531df654c3c3>:0 
2026-08-17 22:26:34.638 -04:00|0.16.9.0.40087|Error|Default|NullReferenceException: Object reference not set to an instance of an object
SAIN.SAINComponent.Classes.Mover.SAINMoverClass.WantsPatrolStance () (at <e4b9dce640de4a37a12afe7f4a8674fc>:0)
SAIN.SAINComponent.Classes.Mover.SAINMoverClass.UpdateStance (System.Single time) (at <e4b9dce640de4a37a12afe7f4a8674fc>:0)
SAIN.SAINComponent.Classes.Mover.SAINMoverClass.ManualUpdate () (at <e4b9dce640de4a37a12afe7f4a8674fc>:0)
SAIN.Components.BotComponent.TickClassGroup (System.Collections.Generic.List`1[T] List, System.Single CurrentTime) (at <e4b9dce640de4a37a12afe7f4a8674fc>:0)
SAIN.Components.BotComponent.ManualUpdate (System.Single currentTime, System.Single deltaTime) (at <e4b9dce640de4a37a12afe7f4a8674fc>:0)
SAIN.Components.BotManagerComponent.ManualUpdate (System.Single currentTime, System.Single deltaTime) (at <e4b9dce640de4a37a12afe7f4a8674fc>:0)
SAIN.Components.GameWorldComponent.WorldTick (System.Single deltaTime) (at <e4b9dce640de4a37a12afe7f4a8674fc>:0)
SAIN.Patches.GameWorld.WorldTickPatch.Patch (System.Single dt) (at <e4b9dce640de4a37a12afe7f4a8674fc>:0)
(wrapper dynamic-method) EFT.GameWorld.DMD<EFT.GameWorld::DoWorldTick>(EFT.GameWorld,single)
EFT.GameWorldUnityTickListener.Update () (at <ad47400a25db462cbf0a531df654c3c3>:0)
UnityEngine.DebugLogHandler:LogException(Exception, Object)
Class412:LogException(Exception, Object)
UnityEngine.Debug:CallOverridenDebugHandler(Exception, Object)
 
2026-08-17 22:26:34.646 -04:00|0.16.9.0.40087|Error|Default| 
EXCEPTION: System.NullReferenceException: Object reference not set to an instance of an object
  at SAIN.SAINComponent.Classes.Mover.SAINMoverClass.WantsPatrolStance () [0x0002a] in <e4b9dce640de4a37a12afe7f4a8674fc>:0 
  at SAIN.SAINComponent.Classes.Mover.SAINMoverClass.UpdateStance (System.Single time) [0x00025] in <e4b9dce640de4a37a12afe7f4a8674fc>:0 
  at SAIN.SAINComponent.Classes.Mover.SAINMoverClass.ManualUpdate () [0x00078] in <e4b9dce640de4a37a12afe7f4a8674fc>:0 
  at SAIN.Components.BotComponent.TickClassGroup (System.Collections.Generic.List`1[T] List, System.Single CurrentTime) [0x0000f] in <e4b9dce640de4a37a12afe7f4a8674fc>:0 
  at SAIN.Components.BotComponent.ManualUpdate (System.Single currentTime, System.Single deltaTime) [0x0004b] in <e4b9dce640de4a37a12afe7f4a8674fc>:0 
  at SAIN.Components.BotManagerComponent.ManualUpdate (System.Single currentTime, System.Single deltaTime) [0x00065] in <e4b9dce640de4a37a12afe7f4a8674fc>:0 
  at SAIN.Components.GameWorldComponent.WorldTick (System.Single deltaTime) [0x00014] in <e4b9dce640de4a37a12afe7f4a8674fc>:0 
  at SAIN.Patches.GameWorld.WorldTickPatch.Patch (System.Single dt) [0x0001e] in <e4b9dce640de4a37a12afe7f4a8674fc>:0 
  at (wrapper dynamic-method) EFT.GameWorld.DMD<EFT.GameWorld::DoWorldTick>(EFT.GameWorld,single)
  at EFT.GameWorldUnityTickListener.Update () [0x00031] in <ad47400a25db462cbf0a531df654c3c3>:0 
2026-08-17 22:26:34.646 -04:00|0.16.9.0.40087|Error|Default|NullReferenceException: Object reference not set to an instance of an object
SAIN.SAINComponent.Classes.Mover.SAINMoverClass.WantsPatrolStance () (at <e4b9dce640de4a37a12afe7f4a8674fc>:0)
SAIN.SAINComponent.Classes.Mover.SAINMoverClass.UpdateStance (System.Single time) (at <e4b9dce640de4a37a12afe7f4a8674fc>:0)
SAIN.SAINComponent.Classes.Mover.SAINMoverClass.ManualUpdate () (at <e4b9dce640de4a37a12afe7f4a8674fc>:0)
SAIN.Components.BotComponent.TickClassGroup (System.Collections.Generic.List`1[T] List, System.Single CurrentTime) (at <e4b9dce640de4a37a12afe7f4a8674fc>:0)
SAIN.Components.BotComponent.ManualUpdate (System.Single currentTime, System.Single deltaTime) (at <e4b9dce640de4a37a12afe7f4a8674fc>:0)
SAIN.Components.BotManagerComponent.ManualUpdate (System.Single currentTime, System.Single deltaTime) (at <e4b9dce640de4a37a12afe7f4a8674fc>:0)
SAIN.Components.GameWorldComponent.WorldTick (System.Single deltaTime) (at <e4b9dce640de4a37a12afe7f4a8674fc>:0)
SAIN.Patches.GameWorld.WorldTickPatch.Patch (System.Single dt) (at <e4b9dce640de4a37a12afe7f4a8674fc>:0)
(wrapper dynamic-method) EFT.GameWorld.DMD<EFT.GameWorld::DoWorldTick>(EFT.GameWorld,single)
EFT.GameWorldUnityTickListener.Update () (at <ad47400a25db462cbf0a531df654c3c3>:0)
UnityEngine.DebugLogHandler:LogException(Exception, Object)
Class412:LogException(Exception, Object)
UnityEngine.Debug:CallOverridenDebugHandler(Exception, Object)
 
2026-08-17 22:26:34.660 -04:00|0.16.9.0.40087|Error|Default| 
EXCEPTION: System.NullReferenceException: Object reference not set to an instance of an object
  at SAIN.SAINComponent.Classes.Mover.SAINMoverClass.WantsPatrolStance () [0x0002a] in <e4b9dce640de4a37a12afe7f4a8674fc>:0 
  at SAIN.SAINComponent.Classes.Mover.SAINMoverClass.UpdateStance (System.Single time) [0x00025] in <e4b9dce640de4a37a12afe7f4a8674fc>:0 
  at SAIN.SAINComponent.Classes.Mover.SAINMoverClass.ManualUpdate () [0x00078] in <e4b9dce640de4a37a12afe7f4a8674fc>:0 
  at SAIN.Components.BotComponent.TickClassGroup (System.Collections.Generic.List`1[T] List, System.Single CurrentTime) [0x0000f] in <e4b9dce640de4a37a12afe7f4a8674fc>:0 
  at SAIN.Components.BotComponent.ManualUpdate (System.Single currentTime, System.Single deltaTime) [0x0004b] in <e4b9dce640de4a37a12afe7f4a8674fc>:0 
  at SAIN.Components.BotManagerComponent.ManualUpdate (System.Single currentTime, System.Single deltaTime) [0x00065] in <e4b9dce640de4a37a12afe7f4a8674fc>:0 
  at SAIN.Components.GameWorldComponent.WorldTick (System.Single deltaTime) [0x00014] in <e4b9dce640de4a37a12afe7f4a8674fc>:0 
  at SAIN.Patches.GameWorld.WorldTickPatch.Patch (System.Single dt) [0x0001e] in <e4b9dce640de4a37a12afe7f4a8674fc>:0 
  at (wrapper dynamic-method) EFT.GameWorld.DMD<EFT.GameWorld::DoWorldTick>(EFT.GameWorld,single)
  at EFT.GameWorldUnityTickListener.Update () [0x00031] in <ad47400a25db462cbf0a531df654c3c3>:0 
2026-08-17 22:26:34.660 -04:00|0.16.9.0.40087|Error|Default|NullReferenceException: Object reference not set to an instance of an object
SAIN.SAINComponent.Classes.Mover.SAINMoverClass.WantsPatrolStance () (at <e4b9dce640de4a37a12afe7f4a8674fc>:0)
SAIN.SAINComponent.Classes.Mover.SAINMoverClass.UpdateStance (System.Single time) (at <e4b9dce640de4a37a12afe7f4a8674fc>:0)
SAIN.SAINComponent.Classes.Mover.SAINMoverClass.ManualUpdate () (at <e4b9dce640de4a37a12afe7f4a8674fc>:0)
SAIN.Components.BotComponent.TickClassGroup (System.Collections.Generic.List`1[T] List, System.Single CurrentTime) (at <e4b9dce640de4a37a12afe7f4a8674fc>:0)
SAIN.Components.BotComponent.ManualUpdate (System.Single currentTime, System.Single deltaTime) (at <e4b9dce640de4a37a12afe7f4a8674fc>:0)
SAIN.Components.BotManagerComponent.ManualUpdate (System.Single currentTime, System.Single deltaTime) (at <e4b9dce640de4a37a12afe7f4a8674fc>:0)
SAIN.Components.GameWorldComponent.WorldTick (System.Single deltaTime) (at <e4b9dce640de4a37a12afe7f4a8674fc>:0)
SAIN.Patches.GameWorld.WorldTickPatch.Patch (System.Single dt) (at <e4b9dce640de4a37a12afe7f4a8674fc>:0)
(wrapper dynamic-method) EFT.GameWorld.DMD<EFT.GameWorld::DoWorldTick>(EFT.GameWorld,single)
EFT.GameWorldUnityTickListener.Update () (at <ad47400a25db462cbf0a531df654c3c3>:0)
UnityEngine.DebugLogHandler:LogException(Exception, Object)
Class412:LogException(Exception, Object)
UnityEngine.Debug:CallOverridenDebugHandler(Exception, Object)
 
2026-08-17 22:26:34.660 -04:00|0.16.9.0.40087|Error|Default| 
EXCEPTION: System.NullReferenceException: Object reference not set to an instance of an object
  at SAIN.SAINComponent.Classes.Mover.SAINMoverClass.WantsPatrolStance () [0x0002a] in <e4b9dce640de4a37a12afe7f4a8674fc>:0 
  at SAIN.SAINComponent.Classes.Mover.SAINMoverClass.UpdateStance (System.Single time) [0x00025] in <e4b9dce640de4a37a12afe7f4a8674fc>:0 
  at SAIN.SAINComponent.Classes.Mover.SAINMoverClass.ManualUpdate () [0x00078] in <e4b9dce640de4a37a12afe7f4a8674fc>:0 
  at SAIN.Components.BotComponent.TickClassGroup (System.Collections.Generic.List`1[T] List, System.Single CurrentTime) [0x0000f] in <e4b9dce640de4a37a12afe7f4a8674fc>:0 
  at SAIN.Components.BotComponent.ManualUpdate (System.Single currentTime, System.Single deltaTime) [0x0004b] in <e4b9dce640de4a37a12afe7f4a8674fc>:0 
  at SAIN.Components.BotManagerComponent.ManualUpdate (System.Single currentTime, System.Single deltaTime) [0x00065] in <e4b9dce640de4a37a12afe7f4a8674fc>:0 
  at SAIN.Components.GameWorldComponent.WorldTick (System.Single deltaTime) [0x00014] in <e4b9dce640de4a37a12afe7f4a8674fc>:0 
  at SAIN.Patches.GameWorld.WorldTickPatch.Patch (System.Single dt) [0x0001e] in <e4b9dce640de4a37a12afe7f4a8674fc>:0 
  at (wrapper dynamic-method) EFT.GameWorld.DMD<EFT.GameWorld::DoWorldTick>(EFT.GameWorld,single)
  at EFT.GameWorldUnityTickListener.Update () [0x00031] in <ad47400a25db462cbf0a531df654c3c3>:0 
2026-08-17 22:26:34.660 -04:00|0.16.9.0.40087|Error|Default|NullReferenceException: Object reference not set to an instance of an object
SAIN.SAINComponent.Classes.Mover.SAINMoverClass.WantsPatrolStance () (at <e4b9dce640de4a37a12afe7f4a8674fc>:0)
SAIN.SAINComponent.Classes.Mover.SAINMoverClass.UpdateStance (System.Single time) (at <e4b9dce640de4a37a12afe7f4a8674fc>:0)
SAIN.SAINComponent.Classes.Mover.SAINMoverClass.ManualUpdate () (at <e4b9dce640de4a37a12afe7f4a8674fc>:0)
SAIN.Components.BotComponent.TickClassGroup (System.Collections.Generic.List`1[T] List, System.Single CurrentTime) (at <e4b9dce640de4a37a12afe7f4a8674fc>:0)
SAIN.Components.BotComponent.ManualUpdate (System.Single currentTime, System.Single deltaTime) (at <e4b9dce640de4a37a12afe7f4a8674fc>:0)
SAIN.Components.BotManagerComponent.ManualUpdate (System.Single currentTime, System.Single deltaTime) (at <e4b9dce640de4a37a12afe7f4a8674fc>:0)
SAIN.Components.GameWorldComponent.WorldTick (System.Single deltaTime) (at <e4b9dce640de4a37a12afe7f4a8674fc>:0)
SAIN.Patches.GameWorld.WorldTickPatch.Patch (System.Single dt) (at <e4b9dce640de4a37a12afe7f4a8674fc>:0)
(wrapper dynamic-method) EFT.GameWorld.DMD<EFT.GameWorld::DoWorldTick>(EFT.GameWorld,single)
EFT.GameWorldUnityTickListener.Update () (at <ad47400a25db462cbf0a531df654c3c3>:0)
UnityEngine.DebugLogHandler:LogException(Exception, Object)
Class412:LogException(Exception, Object)
UnityEngine.Debug:CallOverridenDebugHandler(Exception, Object)
 
2026-08-17 22:26:34.696 -04:00|0.16.9.0.40087|Error|Default| - Index was outside the bounds of the array. 
2026-08-17 22:26:34.696 -04:00|0.16.9.0.40087|Error|Default| - Index was outside the bounds of the array. 
2026-08-17 22:26:34.891 -04:00|0.16.9.0.40087|Error|Default| 
EXCEPTION: System.NullReferenceException: Object reference not set to an instance of an object
  at SAIN.SAINComponent.Classes.Mover.SAINMoverClass.WantsPatrolStance () [0x0002a] in <e4b9dce640de4a37a12afe7f4a8674fc>:0 
  at SAIN.SAINComponent.Classes.Mover.SAINMoverClass.UpdateStance (System.Single time) [0x00025] in <e4b9dce640de4a37a12afe7f4a8674fc>:0 
  at SAIN.SAINComponent.Classes.Mover.SAINMoverClass.ManualUpdate () [0x00078] in <e4b9dce640de4a37a12afe7f4a8674fc>:0 
  at SAIN.Components.BotComponent.TickClassGroup (System.Collections.Generic.List`1[T] List, System.Single CurrentTime) [0x0000f] in <e4b9dce640de4a37a12afe7f4a8674fc>:0 
  at SAIN.Components.BotComponent.ManualUpdate (System.Single currentTime, System.Single deltaTime) [0x0004b] in <e4b9dce640de4a37a12afe7f4a8674fc>:0 
  at SAIN.Components.BotManagerComponent.ManualUpdate (System.Single currentTime, System.Single deltaTime) [0x00065] in <e4b9dce640de4a37a12afe7f4a8674fc>:0 
  at SAIN.Components.GameWorldComponent.WorldTick (System.Single deltaTime) [0x00014] in <e4b9dce640de4a37a12afe7f4a8674fc>:0 
  at SAIN.Patches.GameWorld.WorldTickPatch.Patch (System.Single dt) [0x0001e] in <e4b9dce640de4a37a12afe7f4a8674fc>:0 
  at (wrapper dynamic-method) EFT.GameWorld.DMD<EFT.GameWorld::DoWorldTick>(EFT.GameWorld,single)
  at EFT.GameWorldUnityTickListener.Update () [0x00031] in <ad47400a25db462cbf0a531df654c3c3>:0 
2026-08-17 22:26:34.891 -04:00|0.16.9.0.40087|Error|Default|NullReferenceException: Object reference not set to an instance of an object
SAIN.SAINComponent.Classes.Mover.SAINMoverClass.WantsPatrolStance () (at <e4b9dce640de4a37a12afe7f4a8674fc>:0)
SAIN.SAINComponent.Classes.Mover.SAINMoverClass.UpdateStance (System.Single time) (at <e4b9dce640de4a37a12afe7f4a8674fc>:0)
SAIN.SAINComponent.Classes.Mover.SAINMoverClass.ManualUpdate () (at <e4b9dce640de4a37a12afe7f4a8674fc>:0)
SAIN.Components.BotComponent.TickClassGroup (System.Collections.Generic.List`1[T] List, System.Single CurrentTime) (at <e4b9dce640de4a37a12afe7f4a8674fc>:0)
SAIN.Components.BotComponent.ManualUpdate (System.Single currentTime, System.Single deltaTime) (at <e4b9dce640de4a37a12afe7f4a8674fc>:0)
SAIN.Components.BotManagerComponent.ManualUpdate (System.Single currentTime, System.Single deltaTime) (at <e4b9dce640de4a37a12afe7f4a8674fc>:0)
SAIN.Components.GameWorldComponent.WorldTick (System.Single deltaTime) (at <e4b9dce640de4a37a12afe7f4a8674fc>:0)
SAIN.Patches.GameWorld.WorldTickPatch.Patch (System.Single dt) (at <e4b9dce640de4a37a12afe7f4a8674fc>:0)
(wrapper dynamic-method) EFT.GameWorld.DMD<EFT.GameWorld::DoWorldTick>(EFT.GameWorld,single)
EFT.GameWorldUnityTickListener.Update () (at <ad47400a25db462cbf0a531df654c3c3>:0)
UnityEngine.DebugLogHandler:LogException(Exception, Object)
Class412:LogException(Exception, Object)
UnityEngine.Debug:CallOverridenDebugHandler(Exception, Object)
 
2026-08-17 22:26:34.898 -04:00|0.16.9.0.40087|Error|Default| 
EXCEPTION: System.NullReferenceException: Object reference not set to an instance of an object
  at SAIN.SAINComponent.Classes.Mover.SAINMoverClass.WantsPatrolStance () [0x0002a] in <e4b9dce640de4a37a12afe7f4a8674fc>:0 
  at SAIN.SAINComponent.Classes.Mover.SAINMoverClass.UpdateStance (System.Single time) [0x00025] in <e4b9dce640de4a37a12afe7f4a8674fc>:0 
  at SAIN.SAINComponent.Classes.Mover.SAINMoverClass.ManualUpdate () [0x00078] in <e4b9dce640de4a37a12afe7f4a8674fc>:0 
  at SAIN.Components.BotComponent.TickClassGroup (System.Collections.Generic.List`1[T] List, System.Single CurrentTime) [0x0000f] in <e4b9dce640de4a37a12afe7f4a8674fc>:0 
  at SAIN.Components.BotComponent.ManualUpdate (System.Single currentTime, System.Single deltaTime) [0x0004b] in <e4b9dce640de4a37a12afe7f4a8674fc>:0 
  at SAIN.Components.BotManagerComponent.ManualUpdate (System.Single currentTime, System.Single deltaTime) [0x00065] in <e4b9dce640de4a37a12afe7f4a8674fc>:0 
  at SAIN.Components.GameWorldComponent.WorldTick (System.Single deltaTime) [0x00014] in <e4b9dce640de4a37a12afe7f4a8674fc>:0 
  at SAIN.Patches.GameWorld.WorldTickPatch.Patch (System.Single dt) [0x0001e] in <e4b9dce640de4a37a12afe7f4a8674fc>:0 
  at (wrapper dynamic-method) EFT.GameWorld.DMD<EFT.GameWorld::DoWorldTick>(EFT.GameWorld,single)
  at EFT.GameWorldUnityTickListener.Update () [0x00031] in <ad47400a25db462cbf0a531df654c3c3>:0 
2026-08-17 22:26:34.898 -04:00|0.16.9.0.40087|Error|Default|NullReferenceException: Object reference not set to an instance of an object
SAIN.SAINComponent.Classes.Mover.SAINMoverClass.WantsPatrolStance () (at <e4b9dce640de4a37a12afe7f4a8674fc>:0)
SAIN.SAINComponent.Classes.Mover.SAINMoverClass.UpdateStance (System.Single time) (at <e4b9dce640de4a37a12afe7f4a8674fc>:0)
SAIN.SAINComponent.Classes.Mover.SAINMoverClass.ManualUpdate () (at <e4b9dce640de4a37a12afe7f4a8674fc>:0)
SAIN.Components.BotComponent.TickClassGroup (System.Collections.Generic.List`1[T] List, System.Single CurrentTime) (at <e4b9dce640de4a37a12afe7f4a8674fc>:0)
SAIN.Components.BotComponent.ManualUpdate (System.Single currentTime, System.Single deltaTime) (at <e4b9dce640de4a37a12afe7f4a8674fc>:0)
SAIN.Components.BotManagerComponent.ManualUpdate (System.Single currentTime, System.Single deltaTime) (at <e4b9dce640de4a37a12afe7f4a8674fc>:0)
SAIN.Components.GameWorldComponent.WorldTick (System.Single deltaTime) (at <e4b9dce640de4a37a12afe7f4a8674fc>:0)
SAIN.Patches.GameWorld.WorldTickPatch.Patch (System.Single dt) (at <e4b9dce640de4a37a12afe7f4a8674fc>:0)
(wrapper dynamic-method) EFT.GameWorld.DMD<EFT.GameWorld::DoWorldTick>(EFT.GameWorld,single)
EFT.GameWorldUnityTickListener.Update () (at <ad47400a25db462cbf0a531df654c3c3>:0)
UnityEngine.DebugLogHandler:LogException(Exception, Object)
Class412:LogException(Exception, Object)
UnityEngine.Debug:CallOverridenDebugHandler(Exception, Object)
 
2026-08-17 22:26:34.913 -04:00|0.16.9.0.40087|Error|Default| 
EXCEPTION: System.NullReferenceException: Object reference not set to an instance of an object
  at SAIN.SAINComponent.Classes.Mover.SAINMoverClass.WantsPatrolStance () [0x0002a] in <e4b9dce640de4a37a12afe7f4a8674fc>:0 
  at SAIN.SAINComponent.Classes.Mover.SAINMoverClass.UpdateStance (System.Single time) [0x00025] in <e4b9dce640de4a37a12afe7f4a8674fc>:0 
  at SAIN.SAINComponent.Classes.Mover.SAINMoverClass.ManualUpdate () [0x00078] in <e4b9dce640de4a37a12afe7f4a8674fc>:0 
  at SAIN.Components.BotComponent.TickClassGroup (System.Collections.Generic.List`1[T] List, System.Single CurrentTime) [0x0000f] in <e4b9dce640de4a37a12afe7f4a8674fc>:0 
  at SAIN.Components.BotComponent.ManualUpdate (System.Single currentTime, System.Single deltaTime) [0x0004b] in <e4b9dce640de4a37a12afe7f4a8674fc>:0 
  at SAIN.Components.BotManagerComponent.ManualUpdate (System.Single currentTime, System.Single deltaTime) [0x00065] in <e4b9dce640de4a37a12afe7f4a8674fc>:0 
  at SAIN.Components.GameWorldComponent.WorldTick (System.Single deltaTime) [0x00014] in <e4b9dce640de4a37a12afe7f4a8674fc>:0 
  at SAIN.Patches.GameWorld.WorldTickPatch.Patch (System.Single dt) [0x0001e] in <e4b9dce640de4a37a12afe7f4a8674fc>:0 
  at (wrapper dynamic-method) EFT.GameWorld.DMD<EFT.GameWorld::DoWorldTick>(EFT.GameWorld,single)
  at EFT.GameWorldUnityTickListener.Update () [0x00031] in <ad47400a25db462cbf0a531df654c3c3>:0 
2026-08-17 22:26:34.913 -04:00|0.16.9.0.40087|Error|Default|NullReferenceException: Object reference not set to an instance of an object
SAIN.SAINComponent.Classes.Mover.SAINMoverClass.WantsPatrolStance () (at <e4b9dce640de4a37a12afe7f4a8674fc>:0)
SAIN.SAINComponent.Classes.Mover.SAINMoverClass.UpdateStance (System.Single time) (at <e4b9dce640de4a37a12afe7f4a8674fc>:0)
SAIN.SAINComponent.Classes.Mover.SAINMoverClass.ManualUpdate () (at <e4b9dce640de4a37a12afe7f4a8674fc>:0)
SAIN.Components.BotComponent.TickClassGroup (System.Collections.Generic.List`1[T] List, System.Single CurrentTime) (at <e4b9dce640de4a37a12afe7f4a8674fc>:0)
SAIN.Components.BotComponent.ManualUpdate (System.Single currentTime, System.Single deltaTime) (at <e4b9dce640de4a37a12afe7f4a8674fc>:0)
SAIN.Components.BotManagerComponent.ManualUpdate (System.Single currentTime, System.Single deltaTime) (at <e4b9dce640de4a37a12afe7f4a8674fc>:0)
SAIN.Components.GameWorldComponent.WorldTick (System.Single deltaTime) (at <e4b9dce640de4a37a12afe7f4a8674fc>:0)
SAIN.Patches.GameWorld.WorldTickPatch.Patch (System.Single dt) (at <e4b9dce640de4a37a12afe7f4a8674fc>:0)
(wrapper dynamic-method) EFT.GameWorld.DMD<EFT.GameWorld::DoWorldTick>(EFT.GameWorld,single)
EFT.GameWorldUnityTickListener.Update () (at <ad47400a25db462cbf0a531df654c3c3>:0)
UnityEngine.DebugLogHandler:LogException(Exception, Object)
Class412:LogException(Exception, Object)
UnityEngine.Debug:CallOverridenDebugHandler(Exception, Object)
 
2026-08-17 22:26:34.913 -04:00|0.16.9.0.40087|Error|Default| 
EXCEPTION: System.NullReferenceException: Object reference not set to an instance of an object
  at SAIN.SAINComponent.Classes.Mover.SAINMoverClass.WantsPatrolStance () [0x0002a] in <e4b9dce640de4a37a12afe7f4a8674fc>:0 
  at SAIN.SAINComponent.Classes.Mover.SAINMoverClass.UpdateStance (System.Single time) [0x00025] in <e4b9dce640de4a37a12afe7f4a8674fc>:0 
  at SAIN.SAINComponent.Classes.Mover.SAINMoverClass.ManualUpdate () [0x00078] in <e4b9dce640de4a37a12afe7f4a8674fc>:0 
  at SAIN.Components.BotComponent.TickClassGroup (System.Collections.Generic.List`1[T] List, System.Single CurrentTime) [0x0000f] in <e4b9dce640de4a37a12afe7f4a8674fc>:0 
  at SAIN.Components.BotComponent.ManualUpdate (System.Single currentTime, System.Single deltaTime) [0x0004b] in <e4b9dce640de4a37a12afe7f4a8674fc>:0 
  at SAIN.Components.BotManagerComponent.ManualUpdate (System.Single currentTime, System.Single deltaTime) [0x00065] in <e4b9dce640de4a37a12afe7f4a8674fc>:0 
  at SAIN.Components.GameWorldComponent.WorldTick (System.Single deltaTime) [0x00014] in <e4b9dce640de4a37a12afe7f4a8674fc>:0 
  at SAIN.Patches.GameWorld.WorldTickPatch.Patch (System.Single dt) [0x0001e] in <e4b9dce640de4a37a12afe7f4a8674fc>:0 
  at (wrapper dynamic-method) EFT.GameWorld.DMD<EFT.GameWorld::DoWorldTick>(EFT.GameWorld,single)
  at EFT.GameWorldUnityTickListener.Update () [0x00031] in <ad47400a25db462cbf0a531df654c3c3>:0 
2026-08-17 22:26:34.913 -04:00|0.16.9.0.40087|Error|Default|NullReferenceException: Object reference not set to an instance of an object
SAIN.SAINComponent.Classes.Mover.SAINMoverClass.WantsPatrolStance () (at <e4b9dce640de4a37a12afe7f4a8674fc>:0)
SAIN.SAINComponent.Classes.Mover.SAINMoverClass.UpdateStance (System.Single time) (at <e4b9dce640de4a37a12afe7f4a8674fc>:0)
SAIN.SAINComponent.Classes.Mover.SAINMoverClass.ManualUpdate () (at <e4b9dce640de4a37a12afe7f4a8674fc>:0)
SAIN.Components.BotComponent.TickClassGroup (System.Collections.Generic.List`1[T] List, System.Single CurrentTime) (at <e4b9dce640de4a37a12afe7f4a8674fc>:0)
SAIN.Components.BotComponent.ManualUpdate (System.Single currentTime, System.Single deltaTime) (at <e4b9dce640de4a37a12afe7f4a8674fc>:0)
SAIN.Components.BotManagerComponent.ManualUpdate (System.Single currentTime, System.Single deltaTime) (at <e4b9dce640de4a37a12afe7f4a8674fc>:0)
SAIN.Components.GameWorldComponent.WorldTick (System.Single deltaTime) (at <e4b9dce640de4a37a12afe7f4a8674fc>:0)
SAIN.Patches.GameWorld.WorldTickPatch.Patch (System.Single dt) (at <e4b9dce640de4a37a12afe7f4a8674fc>:0)
(wrapper dynamic-method) EFT.GameWorld.DMD<EFT.GameWorld::DoWorldTick>(EFT.GameWorld,single)
EFT.GameWorldUnityTickListener.Update () (at <ad47400a25db462cbf0a531df654c3c3>:0)
UnityEngine.DebugLogHandler:LogException(Exception, Object)
Class412:LogException(Exception, Object)
UnityEngine.Debug:CallOverridenDebugHandler(Exception, Object)
 
2026-08-17 22:26:35.142 -04:00|0.16.9.0.40087|Error|Default| 
EXCEPTION: System.NullReferenceException: Object reference not set to an instance of an object
  at SAIN.SAINComponent.Classes.Mover.SAINMoverClass.WantsPatrolStance () [0x0002a] in <e4b9dce640de4a37a12afe7f4a8674fc>:0 
  at SAIN.SAINComponent.Classes.Mover.SAINMoverClass.UpdateStance (System.Single time) [0x00025] in <e4b9dce640de4a37a12afe7f4a8674fc>:0 
  at SAIN.SAINComponent.Classes.Mover.SAINMoverClass.ManualUpdate () [0x00078] in <e4b9dce640de4a37a12afe7f4a8674fc>:0 
  at SAIN.Components.BotComponent.TickClassGroup (System.Collections.Generic.List`1[T] List, System.Single CurrentTime) [0x0000f] in <e4b9dce640de4a37a12afe7f4a8674fc>:0 
  at SAIN.Components.BotComponent.ManualUpdate (System.Single currentTime, System.Single deltaTime) [0x0004b] in <e4b9dce640de4a37a12afe7f4a8674fc>:0 
  at SAIN.Components.BotManagerComponent.ManualUpdate (System.Single currentTime, System.Single deltaTime) [0x00065] in <e4b9dce640de4a37a12afe7f4a8674fc>:0 
  at SAIN.Components.GameWorldComponent.WorldTick (System.Single deltaTime) [0x00014] in <e4b9dce640de4a37a12afe7f4a8674fc>:0 
  at SAIN.Patches.GameWorld.WorldTickPatch.Patch (System.Single dt) [0x0001e] in <e4b9dce640de4a37a12afe7f4a8674fc>:0 
  at (wrapper dynamic-method) EFT.GameWorld.DMD<EFT.GameWorld::DoWorldTick>(EFT.GameWorld,single)
  at EFT.GameWorldUnityTickListener.Update () [0x00031] in <ad47400a25db462cbf0a531df654c3c3>:0 
2026-08-17 22:26:35.142 -04:00|0.16.9.0.40087|Error|Default|NullReferenceException: Object reference not set to an instance of an object
SAIN.SAINComponent.Classes.Mover.SAINMoverClass.WantsPatrolStance () (at <e4b9dce640de4a37a12afe7f4a8674fc>:0)
SAIN.SAINComponent.Classes.Mover.SAINMoverClass.UpdateStance (System.Single time) (at <e4b9dce640de4a37a12afe7f4a8674fc>:0)
SAIN.SAINComponent.Classes.Mover.SAINMoverClass.ManualUpdate () (at <e4b9dce640de4a37a12afe7f4a8674fc>:0)
SAIN.Components.BotComponent.TickClassGroup (System.Collections.Generic.List`1[T] List, System.Single CurrentTime) (at <e4b9dce640de4a37a12afe7f4a8674fc>:0)
SAIN.Components.BotComponent.ManualUpdate (System.Single currentTime, System.Single deltaTime) (at <e4b9dce640de4a37a12afe7f4a8674fc>:0)
SAIN.Components.BotManagerComponent.ManualUpdate (System.Single currentTime, System.Single deltaTime) (at <e4b9dce640de4a37a12afe7f4a8674fc>:0)
SAIN.Components.GameWorldComponent.WorldTick (System.Single deltaTime) (at <e4b9dce640de4a37a12afe7f4a8674fc>:0)
SAIN.Patches.GameWorld.WorldTickPatch.Patch (System.Single dt) (at <e4b9dce640de4a37a12afe7f4a8674fc>:0)
(wrapper dynamic-method) EFT.GameWorld.DMD<EFT.GameWorld::DoWorldTick>(EFT.GameWorld,single)
EFT.GameWorldUnityTickListener.Update () (at <ad47400a25db462cbf0a531df654c3c3>:0)
UnityEngine.DebugLogHandler:LogException(Exception, Object)
Class412:LogException(Exception, Object)
UnityEngine.Debug:CallOverridenDebugHandler(Exception, Object)
 
2026-08-17 22:26:35.150 -04:00|0.16.9.0.40087|Error|Default| 
EXCEPTION: System.NullReferenceException: Object reference not set to an instance of an object
  at SAIN.SAINComponent.Classes.Mover.SAINMoverClass.WantsPatrolStance () [0x0002a] in <e4b9dce640de4a37a12afe7f4a8674fc>:0 
  at SAIN.SAINComponent.Classes.Mover.SAINMoverClass.UpdateStance (System.Single time) [0x00025] in <e4b9dce640de4a37a12afe7f4a8674fc>:0 
  at SAIN.SAINComponent.Classes.Mover.SAINMoverClass.ManualUpdate () [0x00078] in <e4b9dce640de4a37a12afe7f4a8674fc>:0 
  at SAIN.Components.BotComponent.TickClassGroup (System.Collections.Generic.List`1[T] List, System.Single CurrentTime) [0x0000f] in <e4b9dce640de4a37a12afe7f4a8674fc>:0 
  at SAIN.Components.BotComponent.ManualUpdate (System.Single currentTime, System.Single deltaTime) [0x0004b] in <e4b9dce640de4a37a12afe7f4a8674fc>:0 
  at SAIN.Components.BotManagerComponent.ManualUpdate (System.Single currentTime, System.Single deltaTime) [0x00065] in <e4b9dce640de4a37a12afe7f4a8674fc>:0 
  at SAIN.Components.GameWorldComponent.WorldTick (System.Single deltaTime) [0x00014] in <e4b9dce640de4a37a12afe7f4a8674fc>:0 
  at SAIN.Patches.GameWorld.WorldTickPatch.Patch (System.Single dt) [0x0001e] in <e4b9dce640de4a37a12afe7f4a8674fc>:0 
  at (wrapper dynamic-method) EFT.GameWorld.DMD<EFT.GameWorld::DoWorldTick>(EFT.GameWorld,single)
  at EFT.GameWorldUnityTickListener.Update () [0x00031] in <ad47400a25db462cbf0a531df654c3c3>:0 
2026-08-17 22:26:35.150 -04:00|0.16.9.0.40087|Error|Default|NullReferenceException: Object reference not set to an instance of an object
SAIN.SAINComponent.Classes.Mover.SAINMoverClass.WantsPatrolStance () (at <e4b9dce640de4a37a12afe7f4a8674fc>:0)
SAIN.SAINComponent.Classes.Mover.SAINMoverClass.UpdateStance (System.Single time) (at <e4b9dce640de4a37a12afe7f4a8674fc>:0)
SAIN.SAINComponent.Classes.Mover.SAINMoverClass.ManualUpdate () (at <e4b9dce640de4a37a12afe7f4a8674fc>:0)
SAIN.Components.BotComponent.TickClassGroup (System.Collections.Generic.List`1[T] List, System.Single CurrentTime) (at <e4b9dce640de4a37a12afe7f4a8674fc>:0)
SAIN.Components.BotComponent.ManualUpdate (System.Single currentTime, System.Single deltaTime) (at <e4b9dce640de4a37a12afe7f4a8674fc>:0)
SAIN.Components.BotManagerComponent.ManualUpdate (System.Single currentTime, System.Single deltaTime) (at <e4b9dce640de4a37a12afe7f4a8674fc>:0)
SAIN.Components.GameWorldComponent.WorldTick (System.Single deltaTime) (at <e4b9dce640de4a37a12afe7f4a8674fc>:0)
SAIN.Patches.GameWorld.WorldTickPatch.Patch (System.Single dt) (at <e4b9dce640de4a37a12afe7f4a8674fc>:0)
(wrapper dynamic-method) EFT.GameWorld.DMD<EFT.GameWorld::DoWorldTick>(EFT.GameWorld,single)
EFT.GameWorldUnityTickListener.Update () (at <ad47400a25db462cbf0a531df654c3c3>:0)
UnityEngine.DebugLogHandler:LogException(Exception, Object)
Class412:LogException(Exception, Object)
UnityEngine.Debug:CallOverridenDebugHandler(Exception, Object)
 
2026-08-17 22:26:35.165 -04:00|0.16.9.0.40087|Error|Default| 
EXCEPTION: System.NullReferenceException: Object reference not set to an instance of an object
  at SAIN.SAINComponent.Classes.Mover.SAINMoverClass.WantsPatrolStance () [0x0002a] in <e4b9dce640de4a37a12afe7f4a8674fc>:0 
  at SAIN.SAINComponent.Classes.Mover.SAINMoverClass.UpdateStance (System.Single time) [0x00025] in <e4b9dce640de4a37a12afe7f4a8674fc>:0 
  at SAIN.SAINComponent.Classes.Mover.SAINMoverClass.ManualUpdate () [0x00078] in <e4b9dce640de4a37a12afe7f4a8674fc>:0 
  at SAIN.Components.BotComponent.TickClassGroup (System.Collections.Generic.List`1[T] List, System.Single CurrentTime) [0x0000f] in <e4b9dce640de4a37a12afe7f4a8674fc>:0 
  at SAIN.Components.BotComponent.ManualUpdate (System.Single currentTime, System.Single deltaTime) [0x0004b] in <e4b9dce640de4a37a12afe7f4a8674fc>:0 
  at SAIN.Components.BotManagerComponent.ManualUpdate (System.Single currentTime, System.Single deltaTime) [0x00065] in <e4b9dce640de4a37a12afe7f4a8674fc>:0 
  at SAIN.Components.GameWorldComponent.WorldTick (System.Single deltaTime) [0x00014] in <e4b9dce640de4a37a12afe7f4a8674fc>:0 
  at SAIN.Patches.GameWorld.WorldTickPatch.Patch (System.Single dt) [0x0001e] in <e4b9dce640de4a37a12afe7f4a8674fc>:0 
  at (wrapper dynamic-method) EFT.GameWorld.DMD<EFT.GameWorld::DoWorldTick>(EFT.GameWorld,single)
  at EFT.GameWorldUnityTickListener.Update () [0x00031] in <ad47400a25db462cbf0a531df654c3c3>:0 
2026-08-17 22:26:35.165 -04:00|0.16.9.0.40087|Error|Default|NullReferenceException: Object reference not set to an instance of an object
SAIN.SAINComponent.Classes.Mover.SAINMoverClass.WantsPatrolStance () (at <e4b9dce640de4a37a12afe7f4a8674fc>:0)
SAIN.SAINComponent.Classes.Mover.SAINMoverClass.UpdateStance (System.Single time) (at <e4b9dce640de4a37a12afe7f4a8674fc>:0)
SAIN.SAINComponent.Classes.Mover.SAINMoverClass.ManualUpdate () (at <e4b9dce640de4a37a12afe7f4a8674fc>:0)
SAIN.Components.BotComponent.TickClassGroup (System.Collections.Generic.List`1[T] List, System.Single CurrentTime) (at <e4b9dce640de4a37a12afe7f4a8674fc>:0)
SAIN.Components.BotComponent.ManualUpdate (System.Single currentTime, System.Single deltaTime) (at <e4b9dce640de4a37a12afe7f4a8674fc>:0)
SAIN.Components.BotManagerComponent.ManualUpdate (System.Single currentTime, System.Single deltaTime) (at <e4b9dce640de4a37a12afe7f4a8674fc>:0)
SAIN.Components.GameWorldComponent.WorldTick (System.Single deltaTime) (at <e4b9dce640de4a37a12afe7f4a8674fc>:0)
SAIN.Patches.GameWorld.WorldTickPatch.Patch (System.Single dt) (at <e4b9dce640de4a37a12afe7f4a8674fc>:0)
(wrapper dynamic-method) EFT.GameWorld.DMD<EFT.GameWorld::DoWorldTick>(EFT.GameWorld,single)
EFT.GameWorldUnityTickListener.Update () (at <ad47400a25db462cbf0a531df654c3c3>:0)
UnityEngine.DebugLogHandler:LogException(Exception, Object)
Class412:LogException(Exception, Object)
UnityEngine.Debug:CallOverridenDebugHandler(Exception, Object)
 
2026-08-17 22:26:35.165 -04:00|0.16.9.0.40087|Error|Default| 
EXCEPTION: System.NullReferenceException: Object reference not set to an instance of an object
  at SAIN.SAINComponent.Classes.Mover.SAINMoverClass.WantsPatrolStance () [0x0002a] in <e4b9dce640de4a37a12afe7f4a8674fc>:0 
  at SAIN.SAINComponent.Classes.Mover.SAINMoverClass.UpdateStance (System.Single time) [0x00025] in <e4b9dce640de4a37a12afe7f4a8674fc>:0 
  at SAIN.SAINComponent.Classes.Mover.SAINMoverClass.ManualUpdate () [0x00078] in <e4b9dce640de4a37a12afe7f4a8674fc>:0 
  at SAIN.Components.BotComponent.TickClassGroup (System.Collections.Generic.List`1[T] List, System.Single CurrentTime) [0x0000f] in <e4b9dce640de4a37a12afe7f4a8674fc>:0 
  at SAIN.Components.BotComponent.ManualUpdate (System.Single currentTime, System.Single deltaTime) [0x0004b] in <e4b9dce640de4a37a12afe7f4a8674fc>:0 
  at SAIN.Components.BotManagerComponent.ManualUpdate (System.Single currentTime, System.Single deltaTime) [0x00065] in <e4b9dce640de4a37a12afe7f4a8674fc>:0 
  at SAIN.Components.GameWorldComponent.WorldTick (System.Single deltaTime) [0x00014] in <e4b9dce640de4a37a12afe7f4a8674fc>:0 
  at SAIN.Patches.GameWorld.WorldTickPatch.Patch (System.Single dt) [0x0001e] in <e4b9dce640de4a37a12afe7f4a8674fc>:0 
  at (wrapper dynamic-method) EFT.GameWorld.DMD<EFT.GameWorld::DoWorldTick>(EFT.GameWorld,single)
  at EFT.GameWorldUnityTickListener.Update () [0x00031] in <ad47400a25db462cbf0a531df654c3c3>:0 
2026-08-17 22:26:35.165 -04:00|0.16.9.0.40087|Error|Default|NullReferenceException: Object reference not set to an instance of an object
SAIN.SAINComponent.Classes.Mover.SAINMoverClass.WantsPatrolStance () (at <e4b9dce640de4a37a12afe7f4a8674fc>:0)
SAIN.SAINComponent.Classes.Mover.SAINMoverClass.UpdateStance (System.Single time) (at <e4b9dce640de4a37a12afe7f4a8674fc>:0)
SAIN.SAINComponent.Classes.Mover.SAINMoverClass.ManualUpdate () (at <e4b9dce640de4a37a12afe7f4a8674fc>:0)
SAIN.Components.BotComponent.TickClassGroup (System.Collections.Generic.List`1[T] List, System.Single CurrentTime) (at <e4b9dce640de4a37a12afe7f4a8674fc>:0)
SAIN.Components.BotComponent.ManualUpdate (System.Single currentTime, System.Single deltaTime) (at <e4b9dce640de4a37a12afe7f4a8674fc>:0)
SAIN.Components.BotManagerComponent.ManualUpdate (System.Single currentTime, System.Single deltaTime) (at <e4b9dce640de4a37a12afe7f4a8674fc>:0)
SAIN.Components.GameWorldComponent.WorldTick (System.Single deltaTime) (at <e4b9dce640de4a37a12afe7f4a8674fc>:0)
SAIN.Patches.GameWorld.WorldTickPatch.Patch (System.Single dt) (at <e4b9dce640de4a37a12afe7f4a8674fc>:0)
(wrapper dynamic-method) EFT.GameWorld.DMD<EFT.GameWorld::DoWorldTick>(EFT.GameWorld,single)
EFT.GameWorldUnityTickListener.Update () (at <ad47400a25db462cbf0a531df654c3c3>:0)
UnityEngine.DebugLogHandler:LogException(Exception, Object)
Class412:LogException(Exception, Object)
UnityEngine.Debug:CallOverridenDebugHandler(Exception, Object)
 
2026-08-17 22:26:35.398 -04:00|0.16.9.0.40087|Error|Default| 
EXCEPTION: System.NullReferenceException: Object reference not set to an instance of an object
  at SAIN.SAINComponent.Classes.Mover.SAINMoverClass.WantsPatrolStance () [0x0002a] in <e4b9dce640de4a37a12afe7f4a8674fc>:0 
  at SAIN.SAINComponent.Classes.Mover.SAINMoverClass.UpdateStance (System.Single time) [0x00025] in <e4b9dce640de4a37a12afe7f4a8674fc>:0 
  at SAIN.SAINComponent.Classes.Mover.SAINMoverClass.ManualUpdate () [0x00078] in <e4b9dce640de4a37a12afe7f4a8674fc>:0 
  at SAIN.Components.BotComponent.TickClassGroup (System.Collections.Generic.List`1[T] List, System.Single CurrentTime) [0x0000f] in <e4b9dce640de4a37a12afe7f4a8674fc>:0 
  at SAIN.Components.BotComponent.ManualUpdate (System.Single currentTime, System.Single deltaTime) [0x0004b] in <e4b9dce640de4a37a12afe7f4a8674fc>:0 
  at SAIN.Components.BotManagerComponent.ManualUpdate (System.Single currentTime, System.Single deltaTime) [0x00065] in <e4b9dce640de4a37a12afe7f4a8674fc>:0 
  at SAIN.Components.GameWorldComponent.WorldTick (System.Single deltaTime) [0x00014] in <e4b9dce640de4a37a12afe7f4a8674fc>:0 
  at SAIN.Patches.GameWorld.WorldTickPatch.Patch (System.Single dt) [0x0001e] in <e4b9dce640de4a37a12afe7f4a8674fc>:0 
  at (wrapper dynamic-method) EFT.GameWorld.DMD<EFT.GameWorld::DoWorldTick>(EFT.GameWorld,single)
  at EFT.GameWorldUnityTickListener.Update () [0x00031] in <ad47400a25db462cbf0a531df654c3c3>:0 
2026-08-17 22:26:35.398 -04:00|0.16.9.0.40087|Error|Default|NullReferenceException: Object reference not set to an instance of an object
SAIN.SAINComponent.Classes.Mover.SAINMoverClass.WantsPatrolStance () (at <e4b9dce640de4a37a12afe7f4a8674fc>:0)
SAIN.SAINComponent.Classes.Mover.SAINMoverClass.UpdateStance (System.Single time) (at <e4b9dce640de4a37a12afe7f4a8674fc>:0)
SAIN.SAINComponent.Classes.Mover.SAINMoverClass.ManualUpdate () (at <e4b9dce640de4a37a12afe7f4a8674fc>:0)
SAIN.Components.BotComponent.TickClassGroup (System.Collections.Generic.List`1[T] List, System.Single CurrentTime) (at <e4b9dce640de4a37a12afe7f4a8674fc>:0)
SAIN.Components.BotComponent.ManualUpdate (System.Single currentTime, System.Single deltaTime) (at <e4b9dce640de4a37a12afe7f4a8674fc>:0)
SAIN.Components.BotManagerComponent.ManualUpdate (System.Single currentTime, System.Single deltaTime) (at <e4b9dce640de4a37a12afe7f4a8674fc>:0)
SAIN.Components.GameWorldComponent.WorldTick (System.Single deltaTime) (at <e4b9dce640de4a37a12afe7f4a8674fc>:0)
SAIN.Patches.GameWorld.WorldTickPatch.Patch (System.Single dt) (at <e4b9dce640de4a37a12afe7f4a8674fc>:0)
(wrapper dynamic-method) EFT.GameWorld.DMD<EFT.GameWorld::DoWorldTick>(EFT.GameWorld,single)
EFT.GameWorldUnityTickListener.Update () (at <ad47400a25db462cbf0a531df654c3c3>:0)
UnityEngine.DebugLogHandler:LogException(Exception, Object)
Class412:LogException(Exception, Object)
UnityEngine.Debug:CallOverridenDebugHandler(Exception, Object)
 
2026-08-17 22:26:35.398 -04:00|0.16.9.0.40087|Error|Default| 
EXCEPTION: System.NullReferenceException: Object reference not set to an instance of an object
  at SAIN.SAINComponent.Classes.Mover.SAINMoverClass.WantsPatrolStance () [0x0002a] in <e4b9dce640de4a37a12afe7f4a8674fc>:0 
  at SAIN.SAINComponent.Classes.Mover.SAINMoverClass.UpdateStance (System.Single time) [0x00025] in <e4b9dce640de4a37a12afe7f4a8674fc>:0 
  at SAIN.SAINComponent.Classes.Mover.SAINMoverClass.ManualUpdate () [0x00078] in <e4b9dce640de4a37a12afe7f4a8674fc>:0 
  at SAIN.Components.BotComponent.TickClassGroup (System.Collections.Generic.List`1[T] List, System.Single CurrentTime) [0x0000f] in <e4b9dce640de4a37a12afe7f4a8674fc>:0 
  at SAIN.Components.BotComponent.ManualUpdate (System.Single currentTime, System.Single deltaTime) [0x0004b] in <e4b9dce640de4a37a12afe7f4a8674fc>:0 
  at SAIN.Components.BotManagerComponent.ManualUpdate (System.Single currentTime, System.Single deltaTime) [0x00065] in <e4b9dce640de4a37a12afe7f4a8674fc>:0 
  at SAIN.Components.GameWorldComponent.WorldTick (System.Single deltaTime) [0x00014] in <e4b9dce640de4a37a12afe7f4a8674fc>:0 
  at SAIN.Patches.GameWorld.WorldTickPatch.Patch (System.Single dt) [0x0001e] in <e4b9dce640de4a37a12afe7f4a8674fc>:0 
  at (wrapper dynamic-method) EFT.GameWorld.DMD<EFT.GameWorld::DoWorldTick>(EFT.GameWorld,single)
  at EFT.GameWorldUnityTickListener.Update () [0x00031] in <ad47400a25db462cbf0a531df654c3c3>:0 
2026-08-17 22:26:35.398 -04:00|0.16.9.0.40087|Error|Default|NullReferenceException: Object reference not set to an instance of an object
SAIN.SAINComponent.Classes.Mover.SAINMoverClass.WantsPatrolStance () (at <e4b9dce640de4a37a12afe7f4a8674fc>:0)
SAIN.SAINComponent.Classes.Mover.SAINMoverClass.UpdateStance (System.Single time) (at <e4b9dce640de4a37a12afe7f4a8674fc>:0)
SAIN.SAINComponent.Classes.Mover.SAINMoverClass.ManualUpdate () (at <e4b9dce640de4a37a12afe7f4a8674fc>:0)
SAIN.Components.BotComponent.TickClassGroup (System.Collections.Generic.List`1[T] List, System.Single CurrentTime) (at <e4b9dce640de4a37a12afe7f4a8674fc>:0)
SAIN.Components.BotComponent.ManualUpdate (System.Single currentTime, System.Single deltaTime) (at <e4b9dce640de4a37a12afe7f4a8674fc>:0)
SAIN.Components.BotManagerComponent.ManualUpdate (System.Single currentTime, System.Single deltaTime) (at <e4b9dce640de4a37a12afe7f4a8674fc>:0)
SAIN.Components.GameWorldComponent.WorldTick (System.Single deltaTime) (at <e4b9dce640de4a37a12afe7f4a8674fc>:0)
SAIN.Patches.GameWorld.WorldTickPatch.Patch (System.Single dt) (at <e4b9dce640de4a37a12afe7f4a8674fc>:0)
(wrapper dynamic-method) EFT.GameWorld.DMD<EFT.GameWorld::DoWorldTick>(EFT.GameWorld,single)
EFT.GameWorldUnityTickListener.Update () (at <ad47400a25db462cbf0a531df654c3c3>:0)
UnityEngine.DebugLogHandler:LogException(Exception, Object)
Class412:LogException(Exception, Object)
UnityEngine.Debug:CallOverridenDebugHandler(Exception, Object)
 
2026-08-17 22:26:35.420 -04:00|0.16.9.0.40087|Error|Default| 
EXCEPTION: System.NullReferenceException: Object reference not set to an instance of an object
  at SAIN.SAINComponent.Classes.Mover.SAINMoverClass.WantsPatrolStance () [0x0002a] in <e4b9dce640de4a37a12afe7f4a8674fc>:0 
  at SAIN.SAINComponent.Classes.Mover.SAINMoverClass.UpdateStance (System.Single time) [0x00025] in <e4b9dce640de4a37a12afe7f4a8674fc>:0 
  at SAIN.SAINComponent.Classes.Mover.SAINMoverClass.ManualUpdate () [0x00078] in <e4b9dce640de4a37a12afe7f4a8674fc>:0 
  at SAIN.Components.BotComponent.TickClassGroup (System.Collections.Generic.List`1[T] List, System.Single CurrentTime) [0x0000f] in <e4b9dce640de4a37a12afe7f4a8674fc>:0 
  at SAIN.Components.BotComponent.ManualUpdate (System.Single currentTime, System.Single deltaTime) [0x0004b] in <e4b9dce640de4a37a12afe7f4a8674fc>:0 
  at SAIN.Components.BotManagerComponent.ManualUpdate (System.Single currentTime, System.Single deltaTime) [0x00065] in <e4b9dce640de4a37a12afe7f4a8674fc>:0 
  at SAIN.Components.GameWorldComponent.WorldTick (System.Single deltaTime) [0x00014] in <e4b9dce640de4a37a12afe7f4a8674fc>:0 
  at SAIN.Patches.GameWorld.WorldTickPatch.Patch (System.Single dt) [0x0001e] in <e4b9dce640de4a37a12afe7f4a8674fc>:0 
  at (wrapper dynamic-method) EFT.GameWorld.DMD<EFT.GameWorld::DoWorldTick>(EFT.GameWorld,single)
  at EFT.GameWorldUnityTickListener.Update () [0x00031] in <ad47400a25db462cbf0a531df654c3c3>:0 
2026-08-17 22:26:35.420 -04:00|0.16.9.0.40087|Error|Default|NullReferenceException: Object reference not set to an instance of an object
SAIN.SAINComponent.Classes.Mover.SAINMoverClass.WantsPatrolStance () (at <e4b9dce640de4a37a12afe7f4a8674fc>:0)
SAIN.SAINComponent.Classes.Mover.SAINMoverClass.UpdateStance (System.Single time) (at <e4b9dce640de4a37a12afe7f4a8674fc>:0)
SAIN.SAINComponent.Classes.Mover.SAINMoverClass.ManualUpdate () (at <e4b9dce640de4a37a12afe7f4a8674fc>:0)
SAIN.Components.BotComponent.TickClassGroup (System.Collections.Generic.List`1[T] List, System.Single CurrentTime) (at <e4b9dce640de4a37a12afe7f4a8674fc>:0)
SAIN.Components.BotComponent.ManualUpdate (System.Single currentTime, System.Single deltaTime) (at <e4b9dce640de4a37a12afe7f4a8674fc>:0)
SAIN.Components.BotManagerComponent.ManualUpdate (System.Single currentTime, System.Single deltaTime) (at <e4b9dce640de4a37a12afe7f4a8674fc>:0)
SAIN.Components.GameWorldComponent.WorldTick (System.Single deltaTime) (at <e4b9dce640de4a37a12afe7f4a8674fc>:0)
SAIN.Patches.GameWorld.WorldTickPatch.Patch (System.Single dt) (at <e4b9dce640de4a37a12afe7f4a8674fc>:0)
(wrapper dynamic-method) EFT.GameWorld.DMD<EFT.GameWorld::DoWorldTick>(EFT.GameWorld,single)
EFT.GameWorldUnityTickListener.Update () (at <ad47400a25db462cbf0a531df654c3c3>:0)
UnityEngine.DebugLogHandler:LogException(Exception, Object)
Class412:LogException(Exception, Object)
UnityEngine.Debug:CallOverridenDebugHandler(Exception, Object)
 
2026-08-17 22:26:35.427 -04:00|0.16.9.0.40087|Error|Default| 
EXCEPTION: System.NullReferenceException: Object reference not set to an instance of an object
  at SAIN.SAINComponent.Classes.Mover.SAINMoverClass.WantsPatrolStance () [0x0002a] in <e4b9dce640de4a37a12afe7f4a8674fc>:0 
  at SAIN.SAINComponent.Classes.Mover.SAINMoverClass.UpdateStance (System.Single time) [0x00025] in <e4b9dce640de4a37a12afe7f4a8674fc>:0 
  at SAIN.SAINComponent.Classes.Mover.SAINMoverClass.ManualUpdate () [0x00078] in <e4b9dce640de4a37a12afe7f4a8674fc>:0 
  at SAIN.Components.BotComponent.TickClassGroup (System.Collections.Generic.List`1[T] List, System.Single CurrentTime) [0x0000f] in <e4b9dce640de4a37a12afe7f4a8674fc>:0 
  at SAIN.Components.BotComponent.ManualUpdate (System.Single currentTime, System.Single deltaTime) [0x0004b] in <e4b9dce640de4a37a12afe7f4a8674fc>:0 
  at SAIN.Components.BotManagerComponent.ManualUpdate (System.Single currentTime, System.Single deltaTime) [0x00065] in <e4b9dce640de4a37a12afe7f4a8674fc>:0 
  at SAIN.Components.GameWorldComponent.WorldTick (System.Single deltaTime) [0x00014] in <e4b9dce640de4a37a12afe7f4a8674fc>:0 
  at SAIN.Patches.GameWorld.WorldTickPatch.Patch (System.Single dt) [0x0001e] in <e4b9dce640de4a37a12afe7f4a8674fc>:0 
  at (wrapper dynamic-method) EFT.GameWorld.DMD<EFT.GameWorld::DoWorldTick>(EFT.GameWorld,single)
  at EFT.GameWorldUnityTickListener.Update () [0x00031] in <ad47400a25db462cbf0a531df654c3c3>:0 
2026-08-17 22:26:35.427 -04:00|0.16.9.0.40087|Error|Default|NullReferenceException: Object reference not set to an instance of an object
SAIN.SAINComponent.Classes.Mover.SAINMoverClass.WantsPatrolStance () (at <e4b9dce640de4a37a12afe7f4a8674fc>:0)
SAIN.SAINComponent.Classes.Mover.SAINMoverClass.UpdateStance (System.Single time) (at <e4b9dce640de4a37a12afe7f4a8674fc>:0)
SAIN.SAINComponent.Classes.Mover.SAINMoverClass.ManualUpdate () (at <e4b9dce640de4a37a12afe7f4a8674fc>:0)
SAIN.Components.BotComponent.TickClassGroup (System.Collections.Generic.List`1[T] List, System.Single CurrentTime) (at <e4b9dce640de4a37a12afe7f4a8674fc>:0)
SAIN.Components.BotComponent.ManualUpdate (System.Single currentTime, System.Single deltaTime) (at <e4b9dce640de4a37a12afe7f4a8674fc>:0)
SAIN.Components.BotManagerComponent.ManualUpdate (System.Single currentTime, System.Single deltaTime) (at <e4b9dce640de4a37a12afe7f4a8674fc>:0)
SAIN.Components.GameWorldComponent.WorldTick (System.Single deltaTime) (at <e4b9dce640de4a37a12afe7f4a8674fc>:0)
SAIN.Patches.GameWorld.WorldTickPatch.Patch (System.Single dt) (at <e4b9dce640de4a37a12afe7f4a8674fc>:0)
(wrapper dynamic-method) EFT.GameWorld.DMD<EFT.GameWorld::DoWorldTick>(EFT.GameWorld,single)
EFT.GameWorldUnityTickListener.Update () (at <ad47400a25db462cbf0a531df654c3c3>:0)
UnityEngine.DebugLogHandler:LogException(Exception, Object)
Class412:LogException(Exception, Object)
UnityEngine.Debug:CallOverridenDebugHandler(Exception, Object)
 
2026-08-17 22:26:35.650 -04:00|0.16.9.0.40087|Error|Default| 
EXCEPTION: System.NullReferenceException: Object reference not set to an instance of an object
  at SAIN.SAINComponent.Classes.Mover.SAINMoverClass.WantsPatrolStance () [0x0002a] in <e4b9dce640de4a37a12afe7f4a8674fc>:0 
  at SAIN.SAINComponent.Classes.Mover.SAINMoverClass.UpdateStance (System.Single time) [0x00025] in <e4b9dce640de4a37a12afe7f4a8674fc>:0 
  at SAIN.SAINComponent.Classes.Mover.SAINMoverClass.ManualUpdate () [0x00078] in <e4b9dce640de4a37a12afe7f4a8674fc>:0 
  at SAIN.Components.BotComponent.TickClassGroup (System.Collections.Generic.List`1[T] List, System.Single CurrentTime) [0x0000f] in <e4b9dce640de4a37a12afe7f4a8674fc>:0 
  at SAIN.Components.BotComponent.ManualUpdate (System.Single currentTime, System.Single deltaTime) [0x0004b] in <e4b9dce640de4a37a12afe7f4a8674fc>:0 
  at SAIN.Components.BotManagerComponent.ManualUpdate (System.Single currentTime, System.Single deltaTime) [0x00065] in <e4b9dce640de4a37a12afe7f4a8674fc>:0 
  at SAIN.Components.GameWorldComponent.WorldTick (System.Single deltaTime) [0x00014] in <e4b9dce640de4a37a12afe7f4a8674fc>:0 
  at SAIN.Patches.GameWorld.WorldTickPatch.Patch (System.Single dt) [0x0001e] in <e4b9dce640de4a37a12afe7f4a8674fc>:0 
  at (wrapper dynamic-method) EFT.GameWorld.DMD<EFT.GameWorld::DoWorldTick>(EFT.GameWorld,single)
  at EFT.GameWorldUnityTickListener.Update () [0x00031] in <ad47400a25db462cbf0a531df654c3c3>:0 
2026-08-17 22:26:35.650 -04:00|0.16.9.0.40087|Error|Default|NullReferenceException: Object reference not set to an instance of an object
SAIN.SAINComponent.Classes.Mover.SAINMoverClass.WantsPatrolStance () (at <e4b9dce640de4a37a12afe7f4a8674fc>:0)
SAIN.SAINComponent.Classes.Mover.SAINMoverClass.UpdateStance (System.Single time) (at <e4b9dce640de4a37a12afe7f4a8674fc>:0)
SAIN.SAINComponent.Classes.Mover.SAINMoverClass.ManualUpdate () (at <e4b9dce640de4a37a12afe7f4a8674fc>:0)
SAIN.Components.BotComponent.TickClassGroup (System.Collections.Generic.List`1[T] List, System.Single CurrentTime) (at <e4b9dce640de4a37a12afe7f4a8674fc>:0)
SAIN.Components.BotComponent.ManualUpdate (System.Single currentTime, System.Single deltaTime) (at <e4b9dce640de4a37a12afe7f4a8674fc>:0)
SAIN.Components.BotManagerComponent.ManualUpdate (System.Single currentTime, System.Single deltaTime) (at <e4b9dce640de4a37a12afe7f4a8674fc>:0)
SAIN.Components.GameWorldComponent.WorldTick (System.Single deltaTime) (at <e4b9dce640de4a37a12afe7f4a8674fc>:0)
SAIN.Patches.GameWorld.WorldTickPatch.Patch (System.Single dt) (at <e4b9dce640de4a37a12afe7f4a8674fc>:0)
(wrapper dynamic-method) EFT.GameWorld.DMD<EFT.GameWorld::DoWorldTick>(EFT.GameWorld,single)
EFT.GameWorldUnityTickListener.Update () (at <ad47400a25db462cbf0a531df654c3c3>:0)
UnityEngine.DebugLogHandler:LogException(Exception, Object)
Class412:LogException(Exception, Object)
UnityEngine.Debug:CallOverridenDebugHandler(Exception, Object)
 
2026-08-17 22:26:35.650 -04:00|0.16.9.0.40087|Error|Default| 
EXCEPTION: System.NullReferenceException: Object reference not set to an instance of an object
  at SAIN.SAINComponent.Classes.Mover.SAINMoverClass.WantsPatrolStance () [0x0002a] in <e4b9dce640de4a37a12afe7f4a8674fc>:0 
  at SAIN.SAINComponent.Classes.Mover.SAINMoverClass.UpdateStance (System.Single time) [0x00025] in <e4b9dce640de4a37a12afe7f4a8674fc>:0 
  at SAIN.SAINComponent.Classes.Mover.SAINMoverClass.ManualUpdate () [0x00078] in <e4b9dce640de4a37a12afe7f4a8674fc>:0 
  at SAIN.Components.BotComponent.TickClassGroup (System.Collections.Generic.List`1[T] List, System.Single CurrentTime) [0x0000f] in <e4b9dce640de4a37a12afe7f4a8674fc>:0 
  at SAIN.Components.BotComponent.ManualUpdate (System.Single currentTime, System.Single deltaTime) [0x0004b] in <e4b9dce640de4a37a12afe7f4a8674fc>:0 
  at SAIN.Components.BotManagerComponent.ManualUpdate (System.Single currentTime, System.Single deltaTime) [0x00065] in <e4b9dce640de4a37a12afe7f4a8674fc>:0 
  at SAIN.Components.GameWorldComponent.WorldTick (System.Single deltaTime) [0x00014] in <e4b9dce640de4a37a12afe7f4a8674fc>:0 
  at SAIN.Patches.GameWorld.WorldTickPatch.Patch (System.Single dt) [0x0001e] in <e4b9dce640de4a37a12afe7f4a8674fc>:0 
  at (wrapper dynamic-method) EFT.GameWorld.DMD<EFT.GameWorld::DoWorldTick>(EFT.GameWorld,single)
  at EFT.GameWorldUnityTickListener.Update () [0x00031] in <ad47400a25db462cbf0a531df654c3c3>:0 
2026-08-17 22:26:35.650 -04:00|0.16.9.0.40087|Error|Default|NullReferenceException: Object reference not set to an instance of an object
SAIN.SAINComponent.Classes.Mover.SAINMoverClass.WantsPatrolStance () (at <e4b9dce640de4a37a12afe7f4a8674fc>:0)
SAIN.SAINComponent.Classes.Mover.SAINMoverClass.UpdateStance (System.Single time) (at <e4b9dce640de4a37a12afe7f4a8674fc>:0)
SAIN.SAINComponent.Classes.Mover.SAINMoverClass.ManualUpdate () (at <e4b9dce640de4a37a12afe7f4a8674fc>:0)
SAIN.Components.BotComponent.TickClassGroup (System.Collections.Generic.List`1[T] List, System.Single CurrentTime) (at <e4b9dce640de4a37a12afe7f4a8674fc>:0)
SAIN.Components.BotComponent.ManualUpdate (System.Single currentTime, System.Single deltaTime) (at <e4b9dce640de4a37a12afe7f4a8674fc>:0)
SAIN.Components.BotManagerComponent.ManualUpdate (System.Single currentTime, System.Single deltaTime) (at <e4b9dce640de4a37a12afe7f4a8674fc>:0)
SAIN.Components.GameWorldComponent.WorldTick (System.Single deltaTime) (at <e4b9dce640de4a37a12afe7f4a8674fc>:0)
SAIN.Patches.GameWorld.WorldTickPatch.Patch (System.Single dt) (at <e4b9dce640de4a37a12afe7f4a8674fc>:0)
(wrapper dynamic-method) EFT.GameWorld.DMD<EFT.GameWorld::DoWorldTick>(EFT.GameWorld,single)
EFT.GameWorldUnityTickListener.Update () (at <ad47400a25db462cbf0a531df654c3c3>:0)
UnityEngine.DebugLogHandler:LogException(Exception, Object)
Class412:LogException(Exception, Object)
UnityEngine.Debug:CallOverridenDebugHandler(Exception, Object)
 
2026-08-17 22:26:35.671 -04:00|0.16.9.0.40087|Error|Default| 
EXCEPTION: System.NullReferenceException: Object reference not set to an instance of an object
  at SAIN.SAINComponent.Classes.Mover.SAINMoverClass.WantsPatrolStance () [0x0002a] in <e4b9dce640de4a37a12afe7f4a8674fc>:0 
  at SAIN.SAINComponent.Classes.Mover.SAINMoverClass.UpdateStance (System.Single time) [0x00025] in <e4b9dce640de4a37a12afe7f4a8674fc>:0 
  at SAIN.SAINComponent.Classes.Mover.SAINMoverClass.ManualUpdate () [0x00078] in <e4b9dce640de4a37a12afe7f4a8674fc>:0 
  at SAIN.Components.BotComponent.TickClassGroup (System.Collections.Generic.List`1[T] List, System.Single CurrentTime) [0x0000f] in <e4b9dce640de4a37a12afe7f4a8674fc>:0 
  at SAIN.Components.BotComponent.ManualUpdate (System.Single currentTime, System.Single deltaTime) [0x0004b] in <e4b9dce640de4a37a12afe7f4a8674fc>:0 
  at SAIN.Components.BotManagerComponent.ManualUpdate (System.Single currentTime, System.Single deltaTime) [0x00065] in <e4b9dce640de4a37a12afe7f4a8674fc>:0 
  at SAIN.Components.GameWorldComponent.WorldTick (System.Single deltaTime) [0x00014] in <e4b9dce640de4a37a12afe7f4a8674fc>:0 
  at SAIN.Patches.GameWorld.WorldTickPatch.Patch (System.Single dt) [0x0001e] in <e4b9dce640de4a37a12afe7f4a8674fc>:0 
  at (wrapper dynamic-method) EFT.GameWorld.DMD<EFT.GameWorld::DoWorldTick>(EFT.GameWorld,single)
  at EFT.GameWorldUnityTickListener.Update () [0x00031] in <ad47400a25db462cbf0a531df654c3c3>:0 
2026-08-17 22:26:35.671 -04:00|0.16.9.0.40087|Error|Default|NullReferenceException: Object reference not set to an instance of an object
SAIN.SAINComponent.Classes.Mover.SAINMoverClass.WantsPatrolStance () (at <e4b9dce640de4a37a12afe7f4a8674fc>:0)
SAIN.SAINComponent.Classes.Mover.SAINMoverClass.UpdateStance (System.Single time) (at <e4b9dce640de4a37a12afe7f4a8674fc>:0)
SAIN.SAINComponent.Classes.Mover.SAINMoverClass.ManualUpdate () (at <e4b9dce640de4a37a12afe7f4a8674fc>:0)
SAIN.Components.BotComponent.TickClassGroup (System.Collections.Generic.List`1[T] List, System.Single CurrentTime) (at <e4b9dce640de4a37a12afe7f4a8674fc>:0)
SAIN.Components.BotComponent.ManualUpdate (System.Single currentTime, System.Single deltaTime) (at <e4b9dce640de4a37a12afe7f4a8674fc>:0)
SAIN.Components.BotManagerComponent.ManualUpdate (System.Single currentTime, System.Single deltaTime) (at <e4b9dce640de4a37a12afe7f4a8674fc>:0)
SAIN.Components.GameWorldComponent.WorldTick (System.Single deltaTime) (at <e4b9dce640de4a37a12afe7f4a8674fc>:0)
SAIN.Patches.GameWorld.WorldTickPatch.Patch (System.Single dt) (at <e4b9dce640de4a37a12afe7f4a8674fc>:0)
(wrapper dynamic-method) EFT.GameWorld.DMD<EFT.GameWorld::DoWorldTick>(EFT.GameWorld,single)
EFT.GameWorldUnityTickListener.Update () (at <ad47400a25db462cbf0a531df654c3c3>:0)
UnityEngine.DebugLogHandler:LogException(Exception, Object)
Class412:LogException(Exception, Object)
UnityEngine.Debug:CallOverridenDebugHandler(Exception, Object)
 
2026-08-17 22:26:35.678 -04:00|0.16.9.0.40087|Error|Default| 
EXCEPTION: System.NullReferenceException: Object reference not set to an instance of an object
  at SAIN.SAINComponent.Classes.Mover.SAINMoverClass.WantsPatrolStance () [0x0002a] in <e4b9dce640de4a37a12afe7f4a8674fc>:0 
  at SAIN.SAINComponent.Classes.Mover.SAINMoverClass.UpdateStance (System.Single time) [0x00025] in <e4b9dce640de4a37a12afe7f4a8674fc>:0 
  at SAIN.SAINComponent.Classes.Mover.SAINMoverClass.ManualUpdate () [0x00078] in <e4b9dce640de4a37a12afe7f4a8674fc>:0 
  at SAIN.Components.BotComponent.TickClassGroup (System.Collections.Generic.List`1[T] List, System.Single CurrentTime) [0x0000f] in <e4b9dce640de4a37a12afe7f4a8674fc>:0 
  at SAIN.Components.BotComponent.ManualUpdate (System.Single currentTime, System.Single deltaTime) [0x0004b] in <e4b9dce640de4a37a12afe7f4a8674fc>:0 
  at SAIN.Components.BotManagerComponent.ManualUpdate (System.Single currentTime, System.Single deltaTime) [0x00065] in <e4b9dce640de4a37a12afe7f4a8674fc>:0 
  at SAIN.Components.GameWorldComponent.WorldTick (System.Single deltaTime) [0x00014] in <e4b9dce640de4a37a12afe7f4a8674fc>:0 
  at SAIN.Patches.GameWorld.WorldTickPatch.Patch (System.Single dt) [0x0001e] in <e4b9dce640de4a37a12afe7f4a8674fc>:0 
  at (wrapper dynamic-method) EFT.GameWorld.DMD<EFT.GameWorld::DoWorldTick>(EFT.GameWorld,single)
  at EFT.GameWorldUnityTickListener.Update () [0x00031] in <ad47400a25db462cbf0a531df654c3c3>:0 
2026-08-17 22:26:35.678 -04:00|0.16.9.0.40087|Error|Default|NullReferenceException: Object reference not set to an instance of an object
SAIN.SAINComponent.Classes.Mover.SAINMoverClass.WantsPatrolStance () (at <e4b9dce640de4a37a12afe7f4a8674fc>:0)
SAIN.SAINComponent.Classes.Mover.SAINMoverClass.UpdateStance (System.Single time) (at <e4b9dce640de4a37a12afe7f4a8674fc>:0)
SAIN.SAINComponent.Classes.Mover.SAINMoverClass.ManualUpdate () (at <e4b9dce640de4a37a12afe7f4a8674fc>:0)
SAIN.Components.BotComponent.TickClassGroup (System.Collections.Generic.List`1[T] List, System.Single CurrentTime) (at <e4b9dce640de4a37a12afe7f4a8674fc>:0)
SAIN.Components.BotComponent.ManualUpdate (System.Single currentTime, System.Single deltaTime) (at <e4b9dce640de4a37a12afe7f4a8674fc>:0)
SAIN.Components.BotManagerComponent.ManualUpdate (System.Single currentTime, System.Single deltaTime) (at <e4b9dce640de4a37a12afe7f4a8674fc>:0)
SAIN.Components.GameWorldComponent.WorldTick (System.Single deltaTime) (at <e4b9dce640de4a37a12afe7f4a8674fc>:0)
SAIN.Patches.GameWorld.WorldTickPatch.Patch (System.Single dt) (at <e4b9dce640de4a37a12afe7f4a8674fc>:0)
(wrapper dynamic-method) EFT.GameWorld.DMD<EFT.GameWorld::DoWorldTick>(EFT.GameWorld,single)
EFT.GameWorldUnityTickListener.Update () (at <ad47400a25db462cbf0a531df654c3c3>:0)
UnityEngine.DebugLogHandler:LogException(Exception, Object)
Class412:LogException(Exception, Object)
UnityEngine.Debug:CallOverridenDebugHandler(Exception, Object)
 
2026-08-17 22:26:35.759 -04:00|0.16.9.0.40087|Error|Default| - Index was outside the bounds of the array. 
2026-08-17 22:26:35.759 -04:00|0.16.9.0.40087|Error|Default| - Index was outside the bounds of the array. 
2026-08-17 22:26:35.903 -04:00|0.16.9.0.40087|Error|Default| 
EXCEPTION: System.NullReferenceException: Object reference not set to an instance of an object
  at SAIN.SAINComponent.Classes.Mover.SAINMoverClass.WantsPatrolStance () [0x0002a] in <e4b9dce640de4a37a12afe7f4a8674fc>:0 
  at SAIN.SAINComponent.Classes.Mover.SAINMoverClass.UpdateStance (System.Single time) [0x00025] in <e4b9dce640de4a37a12afe7f4a8674fc>:0 
  at SAIN.SAINComponent.Classes.Mover.SAINMoverClass.ManualUpdate () [0x00078] in <e4b9dce640de4a37a12afe7f4a8674fc>:0 
  at SAIN.Components.BotComponent.TickClassGroup (System.Collections.Generic.List`1[T] List, System.Single CurrentTime) [0x0000f] in <e4b9dce640de4a37a12afe7f4a8674fc>:0 
  at SAIN.Components.BotComponent.ManualUpdate (System.Single currentTime, System.Single deltaTime) [0x0004b] in <e4b9dce640de4a37a12afe7f4a8674fc>:0 
  at SAIN.Components.BotManagerComponent.ManualUpdate (System.Single currentTime, System.Single deltaTime) [0x00065] in <e4b9dce640de4a37a12afe7f4a8674fc>:0 
  at SAIN.Components.GameWorldComponent.WorldTick (System.Single deltaTime) [0x00014] in <e4b9dce640de4a37a12afe7f4a8674fc>:0 
  at SAIN.Patches.GameWorld.WorldTickPatch.Patch (System.Single dt) [0x0001e] in <e4b9dce640de4a37a12afe7f4a8674fc>:0 
  at (wrapper dynamic-method) EFT.GameWorld.DMD<EFT.GameWorld::DoWorldTick>(EFT.GameWorld,single)
  at EFT.GameWorldUnityTickListener.Update () [0x00031] in <ad47400a25db462cbf0a531df654c3c3>:0 
2026-08-17 22:26:35.903 -04:00|0.16.9.0.40087|Error|Default|NullReferenceException: Object reference not set to an instance of an object
SAIN.SAINComponent.Classes.Mover.SAINMoverClass.WantsPatrolStance () (at <e4b9dce640de4a37a12afe7f4a8674fc>:0)
SAIN.SAINComponent.Classes.Mover.SAINMoverClass.UpdateStance (System.Single time) (at <e4b9dce640de4a37a12afe7f4a8674fc>:0)
SAIN.SAINComponent.Classes.Mover.SAINMoverClass.ManualUpdate () (at <e4b9dce640de4a37a12afe7f4a8674fc>:0)
SAIN.Components.BotComponent.TickClassGroup (System.Collections.Generic.List`1[T] List, System.Single CurrentTime) (at <e4b9dce640de4a37a12afe7f4a8674fc>:0)
SAIN.Components.BotComponent.ManualUpdate (System.Single currentTime, System.Single deltaTime) (at <e4b9dce640de4a37a12afe7f4a8674fc>:0)
SAIN.Components.BotManagerComponent.ManualUpdate (System.Single currentTime, System.Single deltaTime) (at <e4b9dce640de4a37a12afe7f4a8674fc>:0)
SAIN.Components.GameWorldComponent.WorldTick (System.Single deltaTime) (at <e4b9dce640de4a37a12afe7f4a8674fc>:0)
SAIN.Patches.GameWorld.WorldTickPatch.Patch (System.Single dt) (at <e4b9dce640de4a37a12afe7f4a8674fc>:0)
(wrapper dynamic-method) EFT.GameWorld.DMD<EFT.GameWorld::DoWorldTick>(EFT.GameWorld,single)
EFT.GameWorldUnityTickListener.Update () (at <ad47400a25db462cbf0a531df654c3c3>:0)
UnityEngine.DebugLogHandler:LogException(Exception, Object)
Class412:LogException(Exception, Object)
UnityEngine.Debug:CallOverridenDebugHandler(Exception, Object)
 
2026-08-17 22:26:35.910 -04:00|0.16.9.0.40087|Error|Default| 
EXCEPTION: System.NullReferenceException: Object reference not set to an instance of an object
  at SAIN.SAINComponent.Classes.Mover.SAINMoverClass.WantsPatrolStance () [0x0002a] in <e4b9dce640de4a37a12afe7f4a8674fc>:0 
  at SAIN.SAINComponent.Classes.Mover.SAINMoverClass.UpdateStance (System.Single time) [0x00025] in <e4b9dce640de4a37a12afe7f4a8674fc>:0 
  at SAIN.SAINComponent.Classes.Mover.SAINMoverClass.ManualUpdate () [0x00078] in <e4b9dce640de4a37a12afe7f4a8674fc>:0 
  at SAIN.Components.BotComponent.TickClassGroup (System.Collections.Generic.List`1[T] List, System.Single CurrentTime) [0x0000f] in <e4b9dce640de4a37a12afe7f4a8674fc>:0 
  at SAIN.Components.BotComponent.ManualUpdate (System.Single currentTime, System.Single deltaTime) [0x0004b] in <e4b9dce640de4a37a12afe7f4a8674fc>:0 
  at SAIN.Components.BotManagerComponent.ManualUpdate (System.Single currentTime, System.Single deltaTime) [0x00065] in <e4b9dce640de4a37a12afe7f4a8674fc>:0 
  at SAIN.Components.GameWorldComponent.WorldTick (System.Single deltaTime) [0x00014] in <e4b9dce640de4a37a12afe7f4a8674fc>:0 
  at SAIN.Patches.GameWorld.WorldTickPatch.Patch (System.Single dt) [0x0001e] in <e4b9dce640de4a37a12afe7f4a8674fc>:0 
  at (wrapper dynamic-method) EFT.GameWorld.DMD<EFT.GameWorld::DoWorldTick>(EFT.GameWorld,single)
  at EFT.GameWorldUnityTickListener.Update () [0x00031] in <ad47400a25db462cbf0a531df654c3c3>:0 
2026-08-17 22:26:35.910 -04:00|0.16.9.0.40087|Error|Default|NullReferenceException: Object reference not set to an instance of an object
SAIN.SAINComponent.Classes.Mover.SAINMoverClass.WantsPatrolStance () (at <e4b9dce640de4a37a12afe7f4a8674fc>:0)
SAIN.SAINComponent.Classes.Mover.SAINMoverClass.UpdateStance (System.Single time) (at <e4b9dce640de4a37a12afe7f4a8674fc>:0)
SAIN.SAINComponent.Classes.Mover.SAINMoverClass.ManualUpdate () (at <e4b9dce640de4a37a12afe7f4a8674fc>:0)
SAIN.Components.BotComponent.TickClassGroup (System.Collections.Generic.List`1[T] List, System.Single CurrentTime) (at <e4b9dce640de4a37a12afe7f4a8674fc>:0)
SAIN.Components.BotComponent.ManualUpdate (System.Single currentTime, System.Single deltaTime) (at <e4b9dce640de4a37a12afe7f4a8674fc>:0)
SAIN.Components.BotManagerComponent.ManualUpdate (System.Single currentTime, System.Single deltaTime) (at <e4b9dce640de4a37a12afe7f4a8674fc>:0)
SAIN.Components.GameWorldComponent.WorldTick (System.Single deltaTime) (at <e4b9dce640de4a37a12afe7f4a8674fc>:0)
SAIN.Patches.GameWorld.WorldTickPatch.Patch (System.Single dt) (at <e4b9dce640de4a37a12afe7f4a8674fc>:0)
(wrapper dynamic-method) EFT.GameWorld.DMD<EFT.GameWorld::DoWorldTick>(EFT.GameWorld,single)
EFT.GameWorldUnityTickListener.Update () (at <ad47400a25db462cbf0a531df654c3c3>:0)
UnityEngine.DebugLogHandler:LogException(Exception, Object)
Class412:LogException(Exception, Object)
UnityEngine.Debug:CallOverridenDebugHandler(Exception, Object)
 
2026-08-17 22:26:35.925 -04:00|0.16.9.0.40087|Error|Default| 
EXCEPTION: System.NullReferenceException: Object reference not set to an instance of an object
  at SAIN.SAINComponent.Classes.Mover.SAINMoverClass.WantsPatrolStance () [0x0002a] in <e4b9dce640de4a37a12afe7f4a8674fc>:0 
  at SAIN.SAINComponent.Classes.Mover.SAINMoverClass.UpdateStance (System.Single time) [0x00025] in <e4b9dce640de4a37a12afe7f4a8674fc>:0 
  at SAIN.SAINComponent.Classes.Mover.SAINMoverClass.ManualUpdate () [0x00078] in <e4b9dce640de4a37a12afe7f4a8674fc>:0 
  at SAIN.Components.BotComponent.TickClassGroup (System.Collections.Generic.List`1[T] List, System.Single CurrentTime) [0x0000f] in <e4b9dce640de4a37a12afe7f4a8674fc>:0 
  at SAIN.Components.BotComponent.ManualUpdate (System.Single currentTime, System.Single deltaTime) [0x0004b] in <e4b9dce640de4a37a12afe7f4a8674fc>:0 
  at SAIN.Components.BotManagerComponent.ManualUpdate (System.Single currentTime, System.Single deltaTime) [0x00065] in <e4b9dce640de4a37a12afe7f4a8674fc>:0 
  at SAIN.Components.GameWorldComponent.WorldTick (System.Single deltaTime) [0x00014] in <e4b9dce640de4a37a12afe7f4a8674fc>:0 
  at SAIN.Patches.GameWorld.WorldTickPatch.Patch (System.Single dt) [0x0001e] in <e4b9dce640de4a37a12afe7f4a8674fc>:0 
  at (wrapper dynamic-method) EFT.GameWorld.DMD<EFT.GameWorld::DoWorldTick>(EFT.GameWorld,single)
  at EFT.GameWorldUnityTickListener.Update () [0x00031] in <ad47400a25db462cbf0a531df654c3c3>:0 
2026-08-17 22:26:35.925 -04:00|0.16.9.0.40087|Error|Default|NullReferenceException: Object reference not set to an instance of an object
SAIN.SAINComponent.Classes.Mover.SAINMoverClass.WantsPatrolStance () (at <e4b9dce640de4a37a12afe7f4a8674fc>:0)
SAIN.SAINComponent.Classes.Mover.SAINMoverClass.UpdateStance (System.Single time) (at <e4b9dce640de4a37a12afe7f4a8674fc>:0)
SAIN.SAINComponent.Classes.Mover.SAINMoverClass.ManualUpdate () (at <e4b9dce640de4a37a12afe7f4a8674fc>:0)
SAIN.Components.BotComponent.TickClassGroup (System.Collections.Generic.List`1[T] List, System.Single CurrentTime) (at <e4b9dce640de4a37a12afe7f4a8674fc>:0)
SAIN.Components.BotComponent.ManualUpdate (System.Single currentTime, System.Single deltaTime) (at <e4b9dce640de4a37a12afe7f4a8674fc>:0)
SAIN.Components.BotManagerComponent.ManualUpdate (System.Single currentTime, System.Single deltaTime) (at <e4b9dce640de4a37a12afe7f4a8674fc>:0)
SAIN.Components.GameWorldComponent.WorldTick (System.Single deltaTime) (at <e4b9dce640de4a37a12afe7f4a8674fc>:0)
SAIN.Patches.GameWorld.WorldTickPatch.Patch (System.Single dt) (at <e4b9dce640de4a37a12afe7f4a8674fc>:0)
(wrapper dynamic-method) EFT.GameWorld.DMD<EFT.GameWorld::DoWorldTick>(EFT.GameWorld,single)
EFT.GameWorldUnityTickListener.Update () (at <ad47400a25db462cbf0a531df654c3c3>:0)
UnityEngine.DebugLogHandler:LogException(Exception, Object)
Class412:LogException(Exception, Object)
UnityEngine.Debug:CallOverridenDebugHandler(Exception, Object)
 
2026-08-17 22:26:35.925 -04:00|0.16.9.0.40087|Error|Default| 
EXCEPTION: System.NullReferenceException: Object reference not set to an instance of an object
  at SAIN.SAINComponent.Classes.Mover.SAINMoverClass.WantsPatrolStance () [0x0002a] in <e4b9dce640de4a37a12afe7f4a8674fc>:0 
  at SAIN.SAINComponent.Classes.Mover.SAINMoverClass.UpdateStance (System.Single time) [0x00025] in <e4b9dce640de4a37a12afe7f4a8674fc>:0 
  at SAIN.SAINComponent.Classes.Mover.SAINMoverClass.ManualUpdate () [0x00078] in <e4b9dce640de4a37a12afe7f4a8674fc>:0 
  at SAIN.Components.BotComponent.TickClassGroup (System.Collections.Generic.List`1[T] List, System.Single CurrentTime) [0x0000f] in <e4b9dce640de4a37a12afe7f4a8674fc>:0 
  at SAIN.Components.BotComponent.ManualUpdate (System.Single currentTime, System.Single deltaTime) [0x0004b] in <e4b9dce640de4a37a12afe7f4a8674fc>:0 
  at SAIN.Components.BotManagerComponent.ManualUpdate (System.Single currentTime, System.Single deltaTime) [0x00065] in <e4b9dce640de4a37a12afe7f4a8674fc>:0 
  at SAIN.Components.GameWorldComponent.WorldTick (System.Single deltaTime) [0x00014] in <e4b9dce640de4a37a12afe7f4a8674fc>:0 
  at SAIN.Patches.GameWorld.WorldTickPatch.Patch (System.Single dt) [0x0001e] in <e4b9dce640de4a37a12afe7f4a8674fc>:0 
  at (wrapper dynamic-method) EFT.GameWorld.DMD<EFT.GameWorld::DoWorldTick>(EFT.GameWorld,single)
  at EFT.GameWorldUnityTickListener.Update () [0x00031] in <ad47400a25db462cbf0a531df654c3c3>:0 
2026-08-17 22:26:35.925 -04:00|0.16.9.0.40087|Error|Default|NullReferenceException: Object reference not set to an instance of an object
SAIN.SAINComponent.Classes.Mover.SAINMoverClass.WantsPatrolStance () (at <e4b9dce640de4a37a12afe7f4a8674fc>:0)
SAIN.SAINComponent.Classes.Mover.SAINMoverClass.UpdateStance (System.Single time) (at <e4b9dce640de4a37a12afe7f4a8674fc>:0)
SAIN.SAINComponent.Classes.Mover.SAINMoverClass.ManualUpdate () (at <e4b9dce640de4a37a12afe7f4a8674fc>:0)
SAIN.Components.BotComponent.TickClassGroup (System.Collections.Generic.List`1[T] List, System.Single CurrentTime) (at <e4b9dce640de4a37a12afe7f4a8674fc>:0)
SAIN.Components.BotComponent.ManualUpdate (System.Single currentTime, System.Single deltaTime) (at <e4b9dce640de4a37a12afe7f4a8674fc>:0)
SAIN.Components.BotManagerComponent.ManualUpdate (System.Single currentTime, System.Single deltaTime) (at <e4b9dce640de4a37a12afe7f4a8674fc>:0)
SAIN.Components.GameWorldComponent.WorldTick (System.Single deltaTime) (at <e4b9dce640de4a37a12afe7f4a8674fc>:0)
SAIN.Patches.GameWorld.WorldTickPatch.Patch (System.Single dt) (at <e4b9dce640de4a37a12afe7f4a8674fc>:0)
(wrapper dynamic-method) EFT.GameWorld.DMD<EFT.GameWorld::DoWorldTick>(EFT.GameWorld,single)
EFT.GameWorldUnityTickListener.Update () (at <ad47400a25db462cbf0a531df654c3c3>:0)
UnityEngine.DebugLogHandler:LogException(Exception, Object)
Class412:LogException(Exception, Object)
UnityEngine.Debug:CallOverridenDebugHandler(Exception, Object)
 
2026-08-17 22:26:36.157 -04:00|0.16.9.0.40087|Error|Default| 
EXCEPTION: System.NullReferenceException: Object reference not set to an instance of an object
  at SAIN.SAINComponent.Classes.Mover.SAINMoverClass.WantsPatrolStance () [0x0002a] in <e4b9dce640de4a37a12afe7f4a8674fc>:0 
  at SAIN.SAINComponent.Classes.Mover.SAINMoverClass.UpdateStance (System.Single time) [0x00025] in <e4b9dce640de4a37a12afe7f4a8674fc>:0 
  at SAIN.SAINComponent.Classes.Mover.SAINMoverClass.ManualUpdate () [0x00078] in <e4b9dce640de4a37a12afe7f4a8674fc>:0 
  at SAIN.Components.BotComponent.TickClassGroup (System.Collections.Generic.List`1[T] List, System.Single CurrentTime) [0x0000f] in <e4b9dce640de4a37a12afe7f4a8674fc>:0 
  at SAIN.Components.BotComponent.ManualUpdate (System.Single currentTime, System.Single deltaTime) [0x0004b] in <e4b9dce640de4a37a12afe7f4a8674fc>:0 
  at SAIN.Components.BotManagerComponent.ManualUpdate (System.Single currentTime, System.Single deltaTime) [0x00065] in <e4b9dce640de4a37a12afe7f4a8674fc>:0 
  at SAIN.Components.GameWorldComponent.WorldTick (System.Single deltaTime) [0x00014] in <e4b9dce640de4a37a12afe7f4a8674fc>:0 
  at SAIN.Patches.GameWorld.WorldTickPatch.Patch (System.Single dt) [0x0001e] in <e4b9dce640de4a37a12afe7f4a8674fc>:0 
  at (wrapper dynamic-method) EFT.GameWorld.DMD<EFT.GameWorld::DoWorldTick>(EFT.GameWorld,single)
  at EFT.GameWorldUnityTickListener.Update () [0x00031] in <ad47400a25db462cbf0a531df654c3c3>:0 
2026-08-17 22:26:36.157 -04:00|0.16.9.0.40087|Error|Default|NullReferenceException: Object reference not set to an instance of an object
SAIN.SAINComponent.Classes.Mover.SAINMoverClass.WantsPatrolStance () (at <e4b9dce640de4a37a12afe7f4a8674fc>:0)
SAIN.SAINComponent.Classes.Mover.SAINMoverClass.UpdateStance (System.Single time) (at <e4b9dce640de4a37a12afe7f4a8674fc>:0)
SAIN.SAINComponent.Classes.Mover.SAINMoverClass.ManualUpdate () (at <e4b9dce640de4a37a12afe7f4a8674fc>:0)
SAIN.Components.BotComponent.TickClassGroup (System.Collections.Generic.List`1[T] List, System.Single CurrentTime) (at <e4b9dce640de4a37a12afe7f4a8674fc>:0)
SAIN.Components.BotComponent.ManualUpdate (System.Single currentTime, System.Single deltaTime) (at <e4b9dce640de4a37a12afe7f4a8674fc>:0)
SAIN.Components.BotManagerComponent.ManualUpdate (System.Single currentTime, System.Single deltaTime) (at <e4b9dce640de4a37a12afe7f4a8674fc>:0)
SAIN.Components.GameWorldComponent.WorldTick (System.Single deltaTime) (at <e4b9dce640de4a37a12afe7f4a8674fc>:0)
SAIN.Patches.GameWorld.WorldTickPatch.Patch (System.Single dt) (at <e4b9dce640de4a37a12afe7f4a8674fc>:0)
(wrapper dynamic-method) EFT.GameWorld.DMD<EFT.GameWorld::DoWorldTick>(EFT.GameWorld,single)
EFT.GameWorldUnityTickListener.Update () (at <ad47400a25db462cbf0a531df654c3c3>:0)
UnityEngine.DebugLogHandler:LogException(Exception, Object)
Class412:LogException(Exception, Object)
UnityEngine.Debug:CallOverridenDebugHandler(Exception, Object)
 
2026-08-17 22:26:36.166 -04:00|0.16.9.0.40087|Error|Default| 
EXCEPTION: System.NullReferenceException: Object reference not set to an instance of an object
  at SAIN.SAINComponent.Classes.Mover.SAINMoverClass.WantsPatrolStance () [0x0002a] in <e4b9dce640de4a37a12afe7f4a8674fc>:0 
  at SAIN.SAINComponent.Classes.Mover.SAINMoverClass.UpdateStance (System.Single time) [0x00025] in <e4b9dce640de4a37a12afe7f4a8674fc>:0 
  at SAIN.SAINComponent.Classes.Mover.SAINMoverClass.ManualUpdate () [0x00078] in <e4b9dce640de4a37a12afe7f4a8674fc>:0 
  at SAIN.Components.BotComponent.TickClassGroup (System.Collections.Generic.List`1[T] List, System.Single CurrentTime) [0x0000f] in <e4b9dce640de4a37a12afe7f4a8674fc>:0 
  at SAIN.Components.BotComponent.ManualUpdate (System.Single currentTime, System.Single deltaTime) [0x0004b] in <e4b9dce640de4a37a12afe7f4a8674fc>:0 
  at SAIN.Components.BotManagerComponent.ManualUpdate (System.Single currentTime, System.Single deltaTime) [0x00065] in <e4b9dce640de4a37a12afe7f4a8674fc>:0 
  at SAIN.Components.GameWorldComponent.WorldTick (System.Single deltaTime) [0x00014] in <e4b9dce640de4a37a12afe7f4a8674fc>:0 
  at SAIN.Patches.GameWorld.WorldTickPatch.Patch (System.Single dt) [0x0001e] in <e4b9dce640de4a37a12afe7f4a8674fc>:0 
  at (wrapper dynamic-method) EFT.GameWorld.DMD<EFT.GameWorld::DoWorldTick>(EFT.GameWorld,single)
  at EFT.GameWorldUnityTickListener.Update () [0x00031] in <ad47400a25db462cbf0a531df654c3c3>:0 
2026-08-17 22:26:36.166 -04:00|0.16.9.0.40087|Error|Default|NullReferenceException: Object reference not set to an instance of an object
SAIN.SAINComponent.Classes.Mover.SAINMoverClass.WantsPatrolStance () (at <e4b9dce640de4a37a12afe7f4a8674fc>:0)
SAIN.SAINComponent.Classes.Mover.SAINMoverClass.UpdateStance (System.Single time) (at <e4b9dce640de4a37a12afe7f4a8674fc>:0)
SAIN.SAINComponent.Classes.Mover.SAINMoverClass.ManualUpdate () (at <e4b9dce640de4a37a12afe7f4a8674fc>:0)
SAIN.Components.BotComponent.TickClassGroup (System.Collections.Generic.List`1[T] List, System.Single CurrentTime) (at <e4b9dce640de4a37a12afe7f4a8674fc>:0)
SAIN.Components.BotComponent.ManualUpdate (System.Single currentTime, System.Single deltaTime) (at <e4b9dce640de4a37a12afe7f4a8674fc>:0)
SAIN.Components.BotManagerComponent.ManualUpdate (System.Single currentTime, System.Single deltaTime) (at <e4b9dce640de4a37a12afe7f4a8674fc>:0)
SAIN.Components.GameWorldComponent.WorldTick (System.Single deltaTime) (at <e4b9dce640de4a37a12afe7f4a8674fc>:0)
SAIN.Patches.GameWorld.WorldTickPatch.Patch (System.Single dt) (at <e4b9dce640de4a37a12afe7f4a8674fc>:0)
(wrapper dynamic-method) EFT.GameWorld.DMD<EFT.GameWorld::DoWorldTick>(EFT.GameWorld,single)
EFT.GameWorldUnityTickListener.Update () (at <ad47400a25db462cbf0a531df654c3c3>:0)
UnityEngine.DebugLogHandler:LogException(Exception, Object)
Class412:LogException(Exception, Object)
UnityEngine.Debug:CallOverridenDebugHandler(Exception, Object)
 
2026-08-17 22:26:36.182 -04:00|0.16.9.0.40087|Error|Default| 
EXCEPTION: System.NullReferenceException: Object reference not set to an instance of an object
  at SAIN.SAINComponent.Classes.Mover.SAINMoverClass.WantsPatrolStance () [0x0002a] in <e4b9dce640de4a37a12afe7f4a8674fc>:0 
  at SAIN.SAINComponent.Classes.Mover.SAINMoverClass.UpdateStance (System.Single time) [0x00025] in <e4b9dce640de4a37a12afe7f4a8674fc>:0 
  at SAIN.SAINComponent.Classes.Mover.SAINMoverClass.ManualUpdate () [0x00078] in <e4b9dce640de4a37a12afe7f4a8674fc>:0 
  at SAIN.Components.BotComponent.TickClassGroup (System.Collections.Generic.List`1[T] List, System.Single CurrentTime) [0x0000f] in <e4b9dce640de4a37a12afe7f4a8674fc>:0 
  at SAIN.Components.BotComponent.ManualUpdate (System.Single currentTime, System.Single deltaTime) [0x0004b] in <e4b9dce640de4a37a12afe7f4a8674fc>:0 
  at SAIN.Components.BotManagerComponent.ManualUpdate (System.Single currentTime, System.Single deltaTime) [0x00065] in <e4b9dce640de4a37a12afe7f4a8674fc>:0 
  at SAIN.Components.GameWorldComponent.WorldTick (System.Single deltaTime) [0x00014] in <e4b9dce640de4a37a12afe7f4a8674fc>:0 
  at SAIN.Patches.GameWorld.WorldTickPatch.Patch (System.Single dt) [0x0001e] in <e4b9dce640de4a37a12afe7f4a8674fc>:0 
  at (wrapper dynamic-method) EFT.GameWorld.DMD<EFT.GameWorld::DoWorldTick>(EFT.GameWorld,single)
  at EFT.GameWorldUnityTickListener.Update () [0x00031] in <ad47400a25db462cbf0a531df654c3c3>:0 
2026-08-17 22:26:36.182 -04:00|0.16.9.0.40087|Error|Default|NullReferenceException: Object reference not set to an instance of an object
SAIN.SAINComponent.Classes.Mover.SAINMoverClass.WantsPatrolStance () (at <e4b9dce640de4a37a12afe7f4a8674fc>:0)
SAIN.SAINComponent.Classes.Mover.SAINMoverClass.UpdateStance (System.Single time) (at <e4b9dce640de4a37a12afe7f4a8674fc>:0)
SAIN.SAINComponent.Classes.Mover.SAINMoverClass.ManualUpdate () (at <e4b9dce640de4a37a12afe7f4a8674fc>:0)
SAIN.Components.BotComponent.TickClassGroup (System.Collections.Generic.List`1[T] List, System.Single CurrentTime) (at <e4b9dce640de4a37a12afe7f4a8674fc>:0)
SAIN.Components.BotComponent.ManualUpdate (System.Single currentTime, System.Single deltaTime) (at <e4b9dce640de4a37a12afe7f4a8674fc>:0)
SAIN.Components.BotManagerComponent.ManualUpdate (System.Single currentTime, System.Single deltaTime) (at <e4b9dce640de4a37a12afe7f4a8674fc>:0)
SAIN.Components.GameWorldComponent.WorldTick (System.Single deltaTime) (at <e4b9dce640de4a37a12afe7f4a8674fc>:0)
SAIN.Patches.GameWorld.WorldTickPatch.Patch (System.Single dt) (at <e4b9dce640de4a37a12afe7f4a8674fc>:0)
(wrapper dynamic-method) EFT.GameWorld.DMD<EFT.GameWorld::DoWorldTick>(EFT.GameWorld,single)
EFT.GameWorldUnityTickListener.Update () (at <ad47400a25db462cbf0a531df654c3c3>:0)
UnityEngine.DebugLogHandler:LogException(Exception, Object)
Class412:LogException(Exception, Object)
UnityEngine.Debug:CallOverridenDebugHandler(Exception, Object)
 
2026-08-17 22:26:36.190 -04:00|0.16.9.0.40087|Error|Default| 
EXCEPTION: System.NullReferenceException: Object reference not set to an instance of an object
  at SAIN.SAINComponent.Classes.Mover.SAINMoverClass.WantsPatrolStance () [0x0002a] in <e4b9dce640de4a37a12afe7f4a8674fc>:0 
  at SAIN.SAINComponent.Classes.Mover.SAINMoverClass.UpdateStance (System.Single time) [0x00025] in <e4b9dce640de4a37a12afe7f4a8674fc>:0 
  at SAIN.SAINComponent.Classes.Mover.SAINMoverClass.ManualUpdate () [0x00078] in <e4b9dce640de4a37a12afe7f4a8674fc>:0 
  at SAIN.Components.BotComponent.TickClassGroup (System.Collections.Generic.List`1[T] List, System.Single CurrentTime) [0x0000f] in <e4b9dce640de4a37a12afe7f4a8674fc>:0 
  at SAIN.Components.BotComponent.ManualUpdate (System.Single currentTime, System.Single deltaTime) [0x0004b] in <e4b9dce640de4a37a12afe7f4a8674fc>:0 
  at SAIN.Components.BotManagerComponent.ManualUpdate (System.Single currentTime, System.Single deltaTime) [0x00065] in <e4b9dce640de4a37a12afe7f4a8674fc>:0 
  at SAIN.Components.GameWorldComponent.WorldTick (System.Single deltaTime) [0x00014] in <e4b9dce640de4a37a12afe7f4a8674fc>:0 
  at SAIN.Patches.GameWorld.WorldTickPatch.Patch (System.Single dt) [0x0001e] in <e4b9dce640de4a37a12afe7f4a8674fc>:0 
  at (wrapper dynamic-method) EFT.GameWorld.DMD<EFT.GameWorld::DoWorldTick>(EFT.GameWorld,single)
  at EFT.GameWorldUnityTickListener.Update () [0x00031] in <ad47400a25db462cbf0a531df654c3c3>:0 
2026-08-17 22:26:36.190 -04:00|0.16.9.0.40087|Error|Default|NullReferenceException: Object reference not set to an instance of an object
SAIN.SAINComponent.Classes.Mover.SAINMoverClass.WantsPatrolStance () (at <e4b9dce640de4a37a12afe7f4a8674fc>:0)
SAIN.SAINComponent.Classes.Mover.SAINMoverClass.UpdateStance (System.Single time) (at <e4b9dce640de4a37a12afe7f4a8674fc>:0)
SAIN.SAINComponent.Classes.Mover.SAINMoverClass.ManualUpdate () (at <e4b9dce640de4a37a12afe7f4a8674fc>:0)
SAIN.Components.BotComponent.TickClassGroup (System.Collections.Generic.List`1[T] List, System.Single CurrentTime) (at <e4b9dce640de4a37a12afe7f4a8674fc>:0)
SAIN.Components.BotComponent.ManualUpdate (System.Single currentTime, System.Single deltaTime) (at <e4b9dce640de4a37a12afe7f4a8674fc>:0)
SAIN.Components.BotManagerComponent.ManualUpdate (System.Single currentTime, System.Single deltaTime) (at <e4b9dce640de4a37a12afe7f4a8674fc>:0)
SAIN.Components.GameWorldComponent.WorldTick (System.Single deltaTime) (at <e4b9dce640de4a37a12afe7f4a8674fc>:0)
SAIN.Patches.GameWorld.WorldTickPatch.Patch (System.Single dt) (at <e4b9dce640de4a37a12afe7f4a8674fc>:0)
(wrapper dynamic-method) EFT.GameWorld.DMD<EFT.GameWorld::DoWorldTick>(EFT.GameWorld,single)
EFT.GameWorldUnityTickListener.Update () (at <ad47400a25db462cbf0a531df654c3c3>:0)
UnityEngine.DebugLogHandler:LogException(Exception, Object)
Class412:LogException(Exception, Object)
UnityEngine.Debug:CallOverridenDebugHandler(Exception, Object)
 
2026-08-17 22:26:36.412 -04:00|0.16.9.0.40087|Error|Default| 
EXCEPTION: System.NullReferenceException: Object reference not set to an instance of an object
  at SAIN.SAINComponent.Classes.Mover.SAINMoverClass.WantsPatrolStance () [0x0002a] in <e4b9dce640de4a37a12afe7f4a8674fc>:0 
  at SAIN.SAINComponent.Classes.Mover.SAINMoverClass.UpdateStance (System.Single time) [0x00025] in <e4b9dce640de4a37a12afe7f4a8674fc>:0 
  at SAIN.SAINComponent.Classes.Mover.SAINMoverClass.ManualUpdate () [0x00078] in <e4b9dce640de4a37a12afe7f4a8674fc>:0 
  at SAIN.Components.BotComponent.TickClassGroup (System.Collections.Generic.List`1[T] List, System.Single CurrentTime) [0x0000f] in <e4b9dce640de4a37a12afe7f4a8674fc>:0 
  at SAIN.Components.BotComponent.ManualUpdate (System.Single currentTime, System.Single deltaTime) [0x0004b] in <e4b9dce640de4a37a12afe7f4a8674fc>:0 
  at SAIN.Components.BotManagerComponent.ManualUpdate (System.Single currentTime, System.Single deltaTime) [0x00065] in <e4b9dce640de4a37a12afe7f4a8674fc>:0 
  at SAIN.Components.GameWorldComponent.WorldTick (System.Single deltaTime) [0x00014] in <e4b9dce640de4a37a12afe7f4a8674fc>:0 
  at SAIN.Patches.GameWorld.WorldTickPatch.Patch (System.Single dt) [0x0001e] in <e4b9dce640de4a37a12afe7f4a8674fc>:0 
  at (wrapper dynamic-method) EFT.GameWorld.DMD<EFT.GameWorld::DoWorldTick>(EFT.GameWorld,single)
  at EFT.GameWorldUnityTickListener.Update () [0x00031] in <ad47400a25db462cbf0a531df654c3c3>:0 
2026-08-17 22:26:36.412 -04:00|0.16.9.0.40087|Error|Default|NullReferenceException: Object reference not set to an instance of an object
SAIN.SAINComponent.Classes.Mover.SAINMoverClass.WantsPatrolStance () (at <e4b9dce640de4a37a12afe7f4a8674fc>:0)
SAIN.SAINComponent.Classes.Mover.SAINMoverClass.UpdateStance (System.Single time) (at <e4b9dce640de4a37a12afe7f4a8674fc>:0)
SAIN.SAINComponent.Classes.Mover.SAINMoverClass.ManualUpdate () (at <e4b9dce640de4a37a12afe7f4a8674fc>:0)
SAIN.Components.BotComponent.TickClassGroup (System.Collections.Generic.List`1[T] List, System.Single CurrentTime) (at <e4b9dce640de4a37a12afe7f4a8674fc>:0)
SAIN.Components.BotComponent.ManualUpdate (System.Single currentTime, System.Single deltaTime) (at <e4b9dce640de4a37a12afe7f4a8674fc>:0)
SAIN.Components.BotManagerComponent.ManualUpdate (System.Single currentTime, System.Single deltaTime) (at <e4b9dce640de4a37a12afe7f4a8674fc>:0)
SAIN.Components.GameWorldComponent.WorldTick (System.Single deltaTime) (at <e4b9dce640de4a37a12afe7f4a8674fc>:0)
SAIN.Patches.GameWorld.WorldTickPatch.Patch (System.Single dt) (at <e4b9dce640de4a37a12afe7f4a8674fc>:0)
(wrapper dynamic-method) EFT.GameWorld.DMD<EFT.GameWorld::DoWorldTick>(EFT.GameWorld,single)
EFT.GameWorldUnityTickListener.Update () (at <ad47400a25db462cbf0a531df654c3c3>:0)
UnityEngine.DebugLogHandler:LogException(Exception, Object)
Class412:LogException(Exception, Object)
UnityEngine.Debug:CallOverridenDebugHandler(Exception, Object)
 
2026-08-17 22:26:36.412 -04:00|0.16.9.0.40087|Error|Default| 
EXCEPTION: System.NullReferenceException: Object reference not set to an instance of an object
  at SAIN.SAINComponent.Classes.Mover.SAINMoverClass.WantsPatrolStance () [0x0002a] in <e4b9dce640de4a37a12afe7f4a8674fc>:0 
  at SAIN.SAINComponent.Classes.Mover.SAINMoverClass.UpdateStance (System.Single time) [0x00025] in <e4b9dce640de4a37a12afe7f4a8674fc>:0 
  at SAIN.SAINComponent.Classes.Mover.SAINMoverClass.ManualUpdate () [0x00078] in <e4b9dce640de4a37a12afe7f4a8674fc>:0 
  at SAIN.Components.BotComponent.TickClassGroup (System.Collections.Generic.List`1[T] List, System.Single CurrentTime) [0x0000f] in <e4b9dce640de4a37a12afe7f4a8674fc>:0 
  at SAIN.Components.BotComponent.ManualUpdate (System.Single currentTime, System.Single deltaTime) [0x0004b] in <e4b9dce640de4a37a12afe7f4a8674fc>:0 
  at SAIN.Components.BotManagerComponent.ManualUpdate (System.Single currentTime, System.Single deltaTime) [0x00065] in <e4b9dce640de4a37a12afe7f4a8674fc>:0 
  at SAIN.Components.GameWorldComponent.WorldTick (System.Single deltaTime) [0x00014] in <e4b9dce640de4a37a12afe7f4a8674fc>:0 
  at SAIN.Patches.GameWorld.WorldTickPatch.Patch (System.Single dt) [0x0001e] in <e4b9dce640de4a37a12afe7f4a8674fc>:0 
  at (wrapper dynamic-method) EFT.GameWorld.DMD<EFT.GameWorld::DoWorldTick>(EFT.GameWorld,single)
  at EFT.GameWorldUnityTickListener.Update () [0x00031] in <ad47400a25db462cbf0a531df654c3c3>:0 
2026-08-17 22:26:36.412 -04:00|0.16.9.0.40087|Error|Default|NullReferenceException: Object reference not set to an instance of an object
SAIN.SAINComponent.Classes.Mover.SAINMoverClass.WantsPatrolStance () (at <e4b9dce640de4a37a12afe7f4a8674fc>:0)
SAIN.SAINComponent.Classes.Mover.SAINMoverClass.UpdateStance (System.Single time) (at <e4b9dce640de4a37a12afe7f4a8674fc>:0)
SAIN.SAINComponent.Classes.Mover.SAINMoverClass.ManualUpdate () (at <e4b9dce640de4a37a12afe7f4a8674fc>:0)
SAIN.Components.BotComponent.TickClassGroup (System.Collections.Generic.List`1[T] List, System.Single CurrentTime) (at <e4b9dce640de4a37a12afe7f4a8674fc>:0)
SAIN.Components.BotComponent.ManualUpdate (System.Single currentTime, System.Single deltaTime) (at <e4b9dce640de4a37a12afe7f4a8674fc>:0)
SAIN.Components.BotManagerComponent.ManualUpdate (System.Single currentTime, System.Single deltaTime) (at <e4b9dce640de4a37a12afe7f4a8674fc>:0)
SAIN.Components.GameWorldComponent.WorldTick (System.Single deltaTime) (at <e4b9dce640de4a37a12afe7f4a8674fc>:0)
SAIN.Patches.GameWorld.WorldTickPatch.Patch (System.Single dt) (at <e4b9dce640de4a37a12afe7f4a8674fc>:0)
(wrapper dynamic-method) EFT.GameWorld.DMD<EFT.GameWorld::DoWorldTick>(EFT.GameWorld,single)
EFT.GameWorldUnityTickListener.Update () (at <ad47400a25db462cbf0a531df654c3c3>:0)
UnityEngine.DebugLogHandler:LogException(Exception, Object)
Class412:LogException(Exception, Object)
UnityEngine.Debug:CallOverridenDebugHandler(Exception, Object)
 
2026-08-17 22:26:36.434 -04:00|0.16.9.0.40087|Error|Default| 
EXCEPTION: System.NullReferenceException: Object reference not set to an instance of an object
  at SAIN.SAINComponent.Classes.Mover.SAINMoverClass.WantsPatrolStance () [0x0002a] in <e4b9dce640de4a37a12afe7f4a8674fc>:0 
  at SAIN.SAINComponent.Classes.Mover.SAINMoverClass.UpdateStance (System.Single time) [0x00025] in <e4b9dce640de4a37a12afe7f4a8674fc>:0 
  at SAIN.SAINComponent.Classes.Mover.SAINMoverClass.ManualUpdate () [0x00078] in <e4b9dce640de4a37a12afe7f4a8674fc>:0 
  at SAIN.Components.BotComponent.TickClassGroup (System.Collections.Generic.List`1[T] List, System.Single CurrentTime) [0x0000f] in <e4b9dce640de4a37a12afe7f4a8674fc>:0 
  at SAIN.Components.BotComponent.ManualUpdate (System.Single currentTime, System.Single deltaTime) [0x0004b] in <e4b9dce640de4a37a12afe7f4a8674fc>:0 
  at SAIN.Components.BotManagerComponent.ManualUpdate (System.Single currentTime, System.Single deltaTime) [0x00065] in <e4b9dce640de4a37a12afe7f4a8674fc>:0 
  at SAIN.Components.GameWorldComponent.WorldTick (System.Single deltaTime) [0x00014] in <e4b9dce640de4a37a12afe7f4a8674fc>:0 
  at SAIN.Patches.GameWorld.WorldTickPatch.Patch (System.Single dt) [0x0001e] in <e4b9dce640de4a37a12afe7f4a8674fc>:0 
  at (wrapper dynamic-method) EFT.GameWorld.DMD<EFT.GameWorld::DoWorldTick>(EFT.GameWorld,single)
  at EFT.GameWorldUnityTickListener.Update () [0x00031] in <ad47400a25db462cbf0a531df654c3c3>:0 
2026-08-17 22:26:36.434 -04:00|0.16.9.0.40087|Error|Default|NullReferenceException: Object reference not set to an instance of an object
SAIN.SAINComponent.Classes.Mover.SAINMoverClass.WantsPatrolStance () (at <e4b9dce640de4a37a12afe7f4a8674fc>:0)
SAIN.SAINComponent.Classes.Mover.SAINMoverClass.UpdateStance (System.Single time) (at <e4b9dce640de4a37a12afe7f4a8674fc>:0)
SAIN.SAINComponent.Classes.Mover.SAINMoverClass.ManualUpdate () (at <e4b9dce640de4a37a12afe7f4a8674fc>:0)
SAIN.Components.BotComponent.TickClassGroup (System.Collections.Generic.List`1[T] List, System.Single CurrentTime) (at <e4b9dce640de4a37a12afe7f4a8674fc>:0)
SAIN.Components.BotComponent.ManualUpdate (System.Single currentTime, System.Single deltaTime) (at <e4b9dce640de4a37a12afe7f4a8674fc>:0)
SAIN.Components.BotManagerComponent.ManualUpdate (System.Single currentTime, System.Single deltaTime) (at <e4b9dce640de4a37a12afe7f4a8674fc>:0)
SAIN.Components.GameWorldComponent.WorldTick (System.Single deltaTime) (at <e4b9dce640de4a37a12afe7f4a8674fc>:0)
SAIN.Patches.GameWorld.WorldTickPatch.Patch (System.Single dt) (at <e4b9dce640de4a37a12afe7f4a8674fc>:0)
(wrapper dynamic-method) EFT.GameWorld.DMD<EFT.GameWorld::DoWorldTick>(EFT.GameWorld,single)
EFT.GameWorldUnityTickListener.Update () (at <ad47400a25db462cbf0a531df654c3c3>:0)
UnityEngine.DebugLogHandler:LogException(Exception, Object)
Class412:LogException(Exception, Object)
UnityEngine.Debug:CallOverridenDebugHandler(Exception, Object)
 
2026-08-17 22:26:36.442 -04:00|0.16.9.0.40087|Error|Default| 
EXCEPTION: System.NullReferenceException: Object reference not set to an instance of an object
  at SAIN.SAINComponent.Classes.Mover.SAINMoverClass.WantsPatrolStance () [0x0002a] in <e4b9dce640de4a37a12afe7f4a8674fc>:0 
  at SAIN.SAINComponent.Classes.Mover.SAINMoverClass.UpdateStance (System.Single time) [0x00025] in <e4b9dce640de4a37a12afe7f4a8674fc>:0 
  at SAIN.SAINComponent.Classes.Mover.SAINMoverClass.ManualUpdate () [0x00078] in <e4b9dce640de4a37a12afe7f4a8674fc>:0 
  at SAIN.Components.BotComponent.TickClassGroup (System.Collections.Generic.List`1[T] List, System.Single CurrentTime) [0x0000f] in <e4b9dce640de4a37a12afe7f4a8674fc>:0 
  at SAIN.Components.BotComponent.ManualUpdate (System.Single currentTime, System.Single deltaTime) [0x0004b] in <e4b9dce640de4a37a12afe7f4a8674fc>:0 
  at SAIN.Components.BotManagerComponent.ManualUpdate (System.Single currentTime, System.Single deltaTime) [0x00065] in <e4b9dce640de4a37a12afe7f4a8674fc>:0 
  at SAIN.Components.GameWorldComponent.WorldTick (System.Single deltaTime) [0x00014] in <e4b9dce640de4a37a12afe7f4a8674fc>:0 
  at SAIN.Patches.GameWorld.WorldTickPatch.Patch (System.Single dt) [0x0001e] in <e4b9dce640de4a37a12afe7f4a8674fc>:0 
  at (wrapper dynamic-method) EFT.GameWorld.DMD<EFT.GameWorld::DoWorldTick>(EFT.GameWorld,single)
  at EFT.GameWorldUnityTickListener.Update () [0x00031] in <ad47400a25db462cbf0a531df654c3c3>:0 
2026-08-17 22:26:36.442 -04:00|0.16.9.0.40087|Error|Default|NullReferenceException: Object reference not set to an instance of an object
SAIN.SAINComponent.Classes.Mover.SAINMoverClass.WantsPatrolStance () (at <e4b9dce640de4a37a12afe7f4a8674fc>:0)
SAIN.SAINComponent.Classes.Mover.SAINMoverClass.UpdateStance (System.Single time) (at <e4b9dce640de4a37a12afe7f4a8674fc>:0)
SAIN.SAINComponent.Classes.Mover.SAINMoverClass.ManualUpdate () (at <e4b9dce640de4a37a12afe7f4a8674fc>:0)
SAIN.Components.BotComponent.TickClassGroup (System.Collections.Generic.List`1[T] List, System.Single CurrentTime) (at <e4b9dce640de4a37a12afe7f4a8674fc>:0)
SAIN.Components.BotComponent.ManualUpdate (System.Single currentTime, System.Single deltaTime) (at <e4b9dce640de4a37a12afe7f4a8674fc>:0)
SAIN.Components.BotManagerComponent.ManualUpdate (System.Single currentTime, System.Single deltaTime) (at <e4b9dce640de4a37a12afe7f4a8674fc>:0)
SAIN.Components.GameWorldComponent.WorldTick (System.Single deltaTime) (at <e4b9dce640de4a37a12afe7f4a8674fc>:0)
SAIN.Patches.GameWorld.WorldTickPatch.Patch (System.Single dt) (at <e4b9dce640de4a37a12afe7f4a8674fc>:0)
(wrapper dynamic-method) EFT.GameWorld.DMD<EFT.GameWorld::DoWorldTick>(EFT.GameWorld,single)
EFT.GameWorldUnityTickListener.Update () (at <ad47400a25db462cbf0a531df654c3c3>:0)
UnityEngine.DebugLogHandler:LogException(Exception, Object)
Class412:LogException(Exception, Object)
UnityEngine.Debug:CallOverridenDebugHandler(Exception, Object)
 
2026-08-17 22:26:36.665 -04:00|0.16.9.0.40087|Error|Default| 
EXCEPTION: System.NullReferenceException: Object reference not set to an instance of an object
  at SAIN.SAINComponent.Classes.Mover.SAINMoverClass.WantsPatrolStance () [0x0002a] in <e4b9dce640de4a37a12afe7f4a8674fc>:0 
  at SAIN.SAINComponent.Classes.Mover.SAINMoverClass.UpdateStance (System.Single time) [0x00025] in <e4b9dce640de4a37a12afe7f4a8674fc>:0 
  at SAIN.SAINComponent.Classes.Mover.SAINMoverClass.ManualUpdate () [0x00078] in <e4b9dce640de4a37a12afe7f4a8674fc>:0 
  at SAIN.Components.BotComponent.TickClassGroup (System.Collections.Generic.List`1[T] List, System.Single CurrentTime) [0x0000f] in <e4b9dce640de4a37a12afe7f4a8674fc>:0 
  at SAIN.Components.BotComponent.ManualUpdate (System.Single currentTime, System.Single deltaTime) [0x0004b] in <e4b9dce640de4a37a12afe7f4a8674fc>:0 
  at SAIN.Components.BotManagerComponent.ManualUpdate (System.Single currentTime, System.Single deltaTime) [0x00065] in <e4b9dce640de4a37a12afe7f4a8674fc>:0 
  at SAIN.Components.GameWorldComponent.WorldTick (System.Single deltaTime) [0x00014] in <e4b9dce640de4a37a12afe7f4a8674fc>:0 
  at SAIN.Patches.GameWorld.WorldTickPatch.Patch (System.Single dt) [0x0001e] in <e4b9dce640de4a37a12afe7f4a8674fc>:0 
  at (wrapper dynamic-method) EFT.GameWorld.DMD<EFT.GameWorld::DoWorldTick>(EFT.GameWorld,single)
  at EFT.GameWorldUnityTickListener.Update () [0x00031] in <ad47400a25db462cbf0a531df654c3c3>:0 
2026-08-17 22:26:36.665 -04:00|0.16.9.0.40087|Error|Default|NullReferenceException: Object reference not set to an instance of an object
SAIN.SAINComponent.Classes.Mover.SAINMoverClass.WantsPatrolStance () (at <e4b9dce640de4a37a12afe7f4a8674fc>:0)
SAIN.SAINComponent.Classes.Mover.SAINMoverClass.UpdateStance (System.Single time) (at <e4b9dce640de4a37a12afe7f4a8674fc>:0)
SAIN.SAINComponent.Classes.Mover.SAINMoverClass.ManualUpdate () (at <e4b9dce640de4a37a12afe7f4a8674fc>:0)
SAIN.Components.BotComponent.TickClassGroup (System.Collections.Generic.List`1[T] List, System.Single CurrentTime) (at <e4b9dce640de4a37a12afe7f4a8674fc>:0)
SAIN.Components.BotComponent.ManualUpdate (System.Single currentTime, System.Single deltaTime) (at <e4b9dce640de4a37a12afe7f4a8674fc>:0)
SAIN.Components.BotManagerComponent.ManualUpdate (System.Single currentTime, System.Single deltaTime) (at <e4b9dce640de4a37a12afe7f4a8674fc>:0)
SAIN.Components.GameWorldComponent.WorldTick (System.Single deltaTime) (at <e4b9dce640de4a37a12afe7f4a8674fc>:0)
SAIN.Patches.GameWorld.WorldTickPatch.Patch (System.Single dt) (at <e4b9dce640de4a37a12afe7f4a8674fc>:0)
(wrapper dynamic-method) EFT.GameWorld.DMD<EFT.GameWorld::DoWorldTick>(EFT.GameWorld,single)
EFT.GameWorldUnityTickListener.Update () (at <ad47400a25db462cbf0a531df654c3c3>:0)
UnityEngine.DebugLogHandler:LogException(Exception, Object)
Class412:LogException(Exception, Object)
UnityEngine.Debug:CallOverridenDebugHandler(Exception, Object)
 
2026-08-17 22:26:36.665 -04:00|0.16.9.0.40087|Error|Default| 
EXCEPTION: System.NullReferenceException: Object reference not set to an instance of an object
  at SAIN.SAINComponent.Classes.Mover.SAINMoverClass.WantsPatrolStance () [0x0002a] in <e4b9dce640de4a37a12afe7f4a8674fc>:0 
  at SAIN.SAINComponent.Classes.Mover.SAINMoverClass.UpdateStance (System.Single time) [0x00025] in <e4b9dce640de4a37a12afe7f4a8674fc>:0 
  at SAIN.SAINComponent.Classes.Mover.SAINMoverClass.ManualUpdate () [0x00078] in <e4b9dce640de4a37a12afe7f4a8674fc>:0 
  at SAIN.Components.BotComponent.TickClassGroup (System.Collections.Generic.List`1[T] List, System.Single CurrentTime) [0x0000f] in <e4b9dce640de4a37a12afe7f4a8674fc>:0 
  at SAIN.Components.BotComponent.ManualUpdate (System.Single currentTime, System.Single deltaTime) [0x0004b] in <e4b9dce640de4a37a12afe7f4a8674fc>:0 
  at SAIN.Components.BotManagerComponent.ManualUpdate (System.Single currentTime, System.Single deltaTime) [0x00065] in <e4b9dce640de4a37a12afe7f4a8674fc>:0 
  at SAIN.Components.GameWorldComponent.WorldTick (System.Single deltaTime) [0x00014] in <e4b9dce640de4a37a12afe7f4a8674fc>:0 
  at SAIN.Patches.GameWorld.WorldTickPatch.Patch (System.Single dt) [0x0001e] in <e4b9dce640de4a37a12afe7f4a8674fc>:0 
  at (wrapper dynamic-method) EFT.GameWorld.DMD<EFT.GameWorld::DoWorldTick>(EFT.GameWorld,single)
  at EFT.GameWorldUnityTickListener.Update () [0x00031] in <ad47400a25db462cbf0a531df654c3c3>:0 
2026-08-17 22:26:36.665 -04:00|0.16.9.0.40087|Error|Default|NullReferenceException: Object reference not set to an instance of an object
SAIN.SAINComponent.Classes.Mover.SAINMoverClass.WantsPatrolStance () (at <e4b9dce640de4a37a12afe7f4a8674fc>:0)
SAIN.SAINComponent.Classes.Mover.SAINMoverClass.UpdateStance (System.Single time) (at <e4b9dce640de4a37a12afe7f4a8674fc>:0)
SAIN.SAINComponent.Classes.Mover.SAINMoverClass.ManualUpdate () (at <e4b9dce640de4a37a12afe7f4a8674fc>:0)
SAIN.Components.BotComponent.TickClassGroup (System.Collections.Generic.List`1[T] List, System.Single CurrentTime) (at <e4b9dce640de4a37a12afe7f4a8674fc>:0)
SAIN.Components.BotComponent.ManualUpdate (System.Single currentTime, System.Single deltaTime) (at <e4b9dce640de4a37a12afe7f4a8674fc>:0)
SAIN.Components.BotManagerComponent.ManualUpdate (System.Single currentTime, System.Single deltaTime) (at <e4b9dce640de4a37a12afe7f4a8674fc>:0)
SAIN.Components.GameWorldComponent.WorldTick (System.Single deltaTime) (at <e4b9dce640de4a37a12afe7f4a8674fc>:0)
SAIN.Patches.GameWorld.WorldTickPatch.Patch (System.Single dt) (at <e4b9dce640de4a37a12afe7f4a8674fc>:0)
(wrapper dynamic-method) EFT.GameWorld.DMD<EFT.GameWorld::DoWorldTick>(EFT.GameWorld,single)
EFT.GameWorldUnityTickListener.Update () (at <ad47400a25db462cbf0a531df654c3c3>:0)
UnityEngine.DebugLogHandler:LogException(Exception, Object)
Class412:LogException(Exception, Object)
UnityEngine.Debug:CallOverridenDebugHandler(Exception, Object)
 
2026-08-17 22:26:36.686 -04:00|0.16.9.0.40087|Error|Default| 
EXCEPTION: System.NullReferenceException: Object reference not set to an instance of an object
  at SAIN.SAINComponent.Classes.Mover.SAINMoverClass.WantsPatrolStance () [0x0002a] in <e4b9dce640de4a37a12afe7f4a8674fc>:0 
  at SAIN.SAINComponent.Classes.Mover.SAINMoverClass.UpdateStance (System.Single time) [0x00025] in <e4b9dce640de4a37a12afe7f4a8674fc>:0 
  at SAIN.SAINComponent.Classes.Mover.SAINMoverClass.ManualUpdate () [0x00078] in <e4b9dce640de4a37a12afe7f4a8674fc>:0 
  at SAIN.Components.BotComponent.TickClassGroup (System.Collections.Generic.List`1[T] List, System.Single CurrentTime) [0x0000f] in <e4b9dce640de4a37a12afe7f4a8674fc>:0 
  at SAIN.Components.BotComponent.ManualUpdate (System.Single currentTime, System.Single deltaTime) [0x0004b] in <e4b9dce640de4a37a12afe7f4a8674fc>:0 
  at SAIN.Components.BotManagerComponent.ManualUpdate (System.Single currentTime, System.Single deltaTime) [0x00065] in <e4b9dce640de4a37a12afe7f4a8674fc>:0 
  at SAIN.Components.GameWorldComponent.WorldTick (System.Single deltaTime) [0x00014] in <e4b9dce640de4a37a12afe7f4a8674fc>:0 
  at SAIN.Patches.GameWorld.WorldTickPatch.Patch (System.Single dt) [0x0001e] in <e4b9dce640de4a37a12afe7f4a8674fc>:0 
  at (wrapper dynamic-method) EFT.GameWorld.DMD<EFT.GameWorld::DoWorldTick>(EFT.GameWorld,single)
  at EFT.GameWorldUnityTickListener.Update () [0x00031] in <ad47400a25db462cbf0a531df654c3c3>:0 
2026-08-17 22:26:36.686 -04:00|0.16.9.0.40087|Error|Default|NullReferenceException: Object reference not set to an instance of an object
SAIN.SAINComponent.Classes.Mover.SAINMoverClass.WantsPatrolStance () (at <e4b9dce640de4a37a12afe7f4a8674fc>:0)
SAIN.SAINComponent.Classes.Mover.SAINMoverClass.UpdateStance (System.Single time) (at <e4b9dce640de4a37a12afe7f4a8674fc>:0)
SAIN.SAINComponent.Classes.Mover.SAINMoverClass.ManualUpdate () (at <e4b9dce640de4a37a12afe7f4a8674fc>:0)
SAIN.Components.BotComponent.TickClassGroup (System.Collections.Generic.List`1[T] List, System.Single CurrentTime) (at <e4b9dce640de4a37a12afe7f4a8674fc>:0)
SAIN.Components.BotComponent.ManualUpdate (System.Single currentTime, System.Single deltaTime) (at <e4b9dce640de4a37a12afe7f4a8674fc>:0)
SAIN.Components.BotManagerComponent.ManualUpdate (System.Single currentTime, System.Single deltaTime) (at <e4b9dce640de4a37a12afe7f4a8674fc>:0)
SAIN.Components.GameWorldComponent.WorldTick (System.Single deltaTime) (at <e4b9dce640de4a37a12afe7f4a8674fc>:0)
SAIN.Patches.GameWorld.WorldTickPatch.Patch (System.Single dt) (at <e4b9dce640de4a37a12afe7f4a8674fc>:0)
(wrapper dynamic-method) EFT.GameWorld.DMD<EFT.GameWorld::DoWorldTick>(EFT.GameWorld,single)
EFT.GameWorldUnityTickListener.Update () (at <ad47400a25db462cbf0a531df654c3c3>:0)
UnityEngine.DebugLogHandler:LogException(Exception, Object)
Class412:LogException(Exception, Object)
UnityEngine.Debug:CallOverridenDebugHandler(Exception, Object)
 
2026-08-17 22:26:36.693 -04:00|0.16.9.0.40087|Error|Default| 
EXCEPTION: System.NullReferenceException: Object reference not set to an instance of an object
  at SAIN.SAINComponent.Classes.Mover.SAINMoverClass.WantsPatrolStance () [0x0002a] in <e4b9dce640de4a37a12afe7f4a8674fc>:0 
  at SAIN.SAINComponent.Classes.Mover.SAINMoverClass.UpdateStance (System.Single time) [0x00025] in <e4b9dce640de4a37a12afe7f4a8674fc>:0 
  at SAIN.SAINComponent.Classes.Mover.SAINMoverClass.ManualUpdate () [0x00078] in <e4b9dce640de4a37a12afe7f4a8674fc>:0 
  at SAIN.Components.BotComponent.TickClassGroup (System.Collections.Generic.List`1[T] List, System.Single CurrentTime) [0x0000f] in <e4b9dce640de4a37a12afe7f4a8674fc>:0 
  at SAIN.Components.BotComponent.ManualUpdate (System.Single currentTime, System.Single deltaTime) [0x0004b] in <e4b9dce640de4a37a12afe7f4a8674fc>:0 
  at SAIN.Components.BotManagerComponent.ManualUpdate (System.Single currentTime, System.Single deltaTime) [0x00065] in <e4b9dce640de4a37a12afe7f4a8674fc>:0 
  at SAIN.Components.GameWorldComponent.WorldTick (System.Single deltaTime) [0x00014] in <e4b9dce640de4a37a12afe7f4a8674fc>:0 
  at SAIN.Patches.GameWorld.WorldTickPatch.Patch (System.Single dt) [0x0001e] in <e4b9dce640de4a37a12afe7f4a8674fc>:0 
  at (wrapper dynamic-method) EFT.GameWorld.DMD<EFT.GameWorld::DoWorldTick>(EFT.GameWorld,single)
  at EFT.GameWorldUnityTickListener.Update () [0x00031] in <ad47400a25db462cbf0a531df654c3c3>:0 
2026-08-17 22:26:36.693 -04:00|0.16.9.0.40087|Error|Default|NullReferenceException: Object reference not set to an instance of an object
SAIN.SAINComponent.Classes.Mover.SAINMoverClass.WantsPatrolStance () (at <e4b9dce640de4a37a12afe7f4a8674fc>:0)
SAIN.SAINComponent.Classes.Mover.SAINMoverClass.UpdateStance (System.Single time) (at <e4b9dce640de4a37a12afe7f4a8674fc>:0)
SAIN.SAINComponent.Classes.Mover.SAINMoverClass.ManualUpdate () (at <e4b9dce640de4a37a12afe7f4a8674fc>:0)
SAIN.Components.BotComponent.TickClassGroup (System.Collections.Generic.List`1[T] List, System.Single CurrentTime) (at <e4b9dce640de4a37a12afe7f4a8674fc>:0)
SAIN.Components.BotComponent.ManualUpdate (System.Single currentTime, System.Single deltaTime) (at <e4b9dce640de4a37a12afe7f4a8674fc>:0)
SAIN.Components.BotManagerComponent.ManualUpdate (System.Single currentTime, System.Single deltaTime) (at <e4b9dce640de4a37a12afe7f4a8674fc>:0)
SAIN.Components.GameWorldComponent.WorldTick (System.Single deltaTime) (at <e4b9dce640de4a37a12afe7f4a8674fc>:0)
SAIN.Patches.GameWorld.WorldTickPatch.Patch (System.Single dt) (at <e4b9dce640de4a37a12afe7f4a8674fc>:0)
(wrapper dynamic-method) EFT.GameWorld.DMD<EFT.GameWorld::DoWorldTick>(EFT.GameWorld,single)
EFT.GameWorldUnityTickListener.Update () (at <ad47400a25db462cbf0a531df654c3c3>:0)
UnityEngine.DebugLogHandler:LogException(Exception, Object)
Class412:LogException(Exception, Object)
UnityEngine.Debug:CallOverridenDebugHandler(Exception, Object)
 
2026-08-17 22:26:36.748 -04:00|0.16.9.0.40087|Error|Default| - Index was outside the bounds of the array. 
2026-08-17 22:26:36.748 -04:00|0.16.9.0.40087|Error|Default| - Index was outside the bounds of the array. 
2026-08-17 22:26:36.921 -04:00|0.16.9.0.40087|Error|Default| 
EXCEPTION: System.NullReferenceException: Object reference not set to an instance of an object
  at SAIN.SAINComponent.Classes.Mover.SAINMoverClass.WantsPatrolStance () [0x0002a] in <e4b9dce640de4a37a12afe7f4a8674fc>:0 
  at SAIN.SAINComponent.Classes.Mover.SAINMoverClass.UpdateStance (System.Single time) [0x00025] in <e4b9dce640de4a37a12afe7f4a8674fc>:0 
  at SAIN.SAINComponent.Classes.Mover.SAINMoverClass.ManualUpdate () [0x00078] in <e4b9dce640de4a37a12afe7f4a8674fc>:0 
  at SAIN.Components.BotComponent.TickClassGroup (System.Collections.Generic.List`1[T] List, System.Single CurrentTime) [0x0000f] in <e4b9dce640de4a37a12afe7f4a8674fc>:0 
  at SAIN.Components.BotComponent.ManualUpdate (System.Single currentTime, System.Single deltaTime) [0x0004b] in <e4b9dce640de4a37a12afe7f4a8674fc>:0 
  at SAIN.Components.BotManagerComponent.ManualUpdate (System.Single currentTime, System.Single deltaTime) [0x00065] in <e4b9dce640de4a37a12afe7f4a8674fc>:0 
  at SAIN.Components.GameWorldComponent.WorldTick (System.Single deltaTime) [0x00014] in <e4b9dce640de4a37a12afe7f4a8674fc>:0 
  at SAIN.Patches.GameWorld.WorldTickPatch.Patch (System.Single dt) [0x0001e] in <e4b9dce640de4a37a12afe7f4a8674fc>:0 
  at (wrapper dynamic-method) EFT.GameWorld.DMD<EFT.GameWorld::DoWorldTick>(EFT.GameWorld,single)
  at EFT.GameWorldUnityTickListener.Update () [0x00031] in <ad47400a25db462cbf0a531df654c3c3>:0 
2026-08-17 22:26:36.921 -04:00|0.16.9.0.40087|Error|Default|NullReferenceException: Object reference not set to an instance of an object
SAIN.SAINComponent.Classes.Mover.SAINMoverClass.WantsPatrolStance () (at <e4b9dce640de4a37a12afe7f4a8674fc>:0)
SAIN.SAINComponent.Classes.Mover.SAINMoverClass.UpdateStance (System.Single time) (at <e4b9dce640de4a37a12afe7f4a8674fc>:0)
SAIN.SAINComponent.Classes.Mover.SAINMoverClass.ManualUpdate () (at <e4b9dce640de4a37a12afe7f4a8674fc>:0)
SAIN.Components.BotComponent.TickClassGroup (System.Collections.Generic.List`1[T] List, System.Single CurrentTime) (at <e4b9dce640de4a37a12afe7f4a8674fc>:0)
SAIN.Components.BotComponent.ManualUpdate (System.Single currentTime, System.Single deltaTime) (at <e4b9dce640de4a37a12afe7f4a8674fc>:0)
SAIN.Components.BotManagerComponent.ManualUpdate (System.Single currentTime, System.Single deltaTime) (at <e4b9dce640de4a37a12afe7f4a8674fc>:0)
SAIN.Components.GameWorldComponent.WorldTick (System.Single deltaTime) (at <e4b9dce640de4a37a12afe7f4a8674fc>:0)
SAIN.Patches.GameWorld.WorldTickPatch.Patch (System.Single dt) (at <e4b9dce640de4a37a12afe7f4a8674fc>:0)
(wrapper dynamic-method) EFT.GameWorld.DMD<EFT.GameWorld::DoWorldTick>(EFT.GameWorld,single)
EFT.GameWorldUnityTickListener.Update () (at <ad47400a25db462cbf0a531df654c3c3>:0)
UnityEngine.DebugLogHandler:LogException(Exception, Object)
Class412:LogException(Exception, Object)
UnityEngine.Debug:CallOverridenDebugHandler(Exception, Object)
 
2026-08-17 22:26:36.928 -04:00|0.16.9.0.40087|Error|Default| 
EXCEPTION: System.NullReferenceException: Object reference not set to an instance of an object
  at SAIN.SAINComponent.Classes.Mover.SAINMoverClass.WantsPatrolStance () [0x0002a] in <e4b9dce640de4a37a12afe7f4a8674fc>:0 
  at SAIN.SAINComponent.Classes.Mover.SAINMoverClass.UpdateStance (System.Single time) [0x00025] in <e4b9dce640de4a37a12afe7f4a8674fc>:0 
  at SAIN.SAINComponent.Classes.Mover.SAINMoverClass.ManualUpdate () [0x00078] in <e4b9dce640de4a37a12afe7f4a8674fc>:0 
  at SAIN.Components.BotComponent.TickClassGroup (System.Collections.Generic.List`1[T] List, System.Single CurrentTime) [0x0000f] in <e4b9dce640de4a37a12afe7f4a8674fc>:0 
  at SAIN.Components.BotComponent.ManualUpdate (System.Single currentTime, System.Single deltaTime) [0x0004b] in <e4b9dce640de4a37a12afe7f4a8674fc>:0 
  at SAIN.Components.BotManagerComponent.ManualUpdate (System.Single currentTime, System.Single deltaTime) [0x00065] in <e4b9dce640de4a37a12afe7f4a8674fc>:0 
  at SAIN.Components.GameWorldComponent.WorldTick (System.Single deltaTime) [0x00014] in <e4b9dce640de4a37a12afe7f4a8674fc>:0 
  at SAIN.Patches.GameWorld.WorldTickPatch.Patch (System.Single dt) [0x0001e] in <e4b9dce640de4a37a12afe7f4a8674fc>:0 
  at (wrapper dynamic-method) EFT.GameWorld.DMD<EFT.GameWorld::DoWorldTick>(EFT.GameWorld,single)
  at EFT.GameWorldUnityTickListener.Update () [0x00031] in <ad47400a25db462cbf0a531df654c3c3>:0 
2026-08-17 22:26:36.928 -04:00|0.16.9.0.40087|Error|Default|NullReferenceException: Object reference not set to an instance of an object
SAIN.SAINComponent.Classes.Mover.SAINMoverClass.WantsPatrolStance () (at <e4b9dce640de4a37a12afe7f4a8674fc>:0)
SAIN.SAINComponent.Classes.Mover.SAINMoverClass.UpdateStance (System.Single time) (at <e4b9dce640de4a37a12afe7f4a8674fc>:0)
SAIN.SAINComponent.Classes.Mover.SAINMoverClass.ManualUpdate () (at <e4b9dce640de4a37a12afe7f4a8674fc>:0)
SAIN.Components.BotComponent.TickClassGroup (System.Collections.Generic.List`1[T] List, System.Single CurrentTime) (at <e4b9dce640de4a37a12afe7f4a8674fc>:0)
SAIN.Components.BotComponent.ManualUpdate (System.Single currentTime, System.Single deltaTime) (at <e4b9dce640de4a37a12afe7f4a8674fc>:0)
SAIN.Components.BotManagerComponent.ManualUpdate (System.Single currentTime, System.Single deltaTime) (at <e4b9dce640de4a37a12afe7f4a8674fc>:0)
SAIN.Components.GameWorldComponent.WorldTick (System.Single deltaTime) (at <e4b9dce640de4a37a12afe7f4a8674fc>:0)
SAIN.Patches.GameWorld.WorldTickPatch.Patch (System.Single dt) (at <e4b9dce640de4a37a12afe7f4a8674fc>:0)
(wrapper dynamic-method) EFT.GameWorld.DMD<EFT.GameWorld::DoWorldTick>(EFT.GameWorld,single)
EFT.GameWorldUnityTickListener.Update () (at <ad47400a25db462cbf0a531df654c3c3>:0)
UnityEngine.DebugLogHandler:LogException(Exception, Object)
Class412:LogException(Exception, Object)
UnityEngine.Debug:CallOverridenDebugHandler(Exception, Object)
 
2026-08-17 22:26:36.943 -04:00|0.16.9.0.40087|Error|Default| 
EXCEPTION: System.NullReferenceException: Object reference not set to an instance of an object
  at SAIN.SAINComponent.Classes.Mover.SAINMoverClass.WantsPatrolStance () [0x0002a] in <e4b9dce640de4a37a12afe7f4a8674fc>:0 
  at SAIN.SAINComponent.Classes.Mover.SAINMoverClass.UpdateStance (System.Single time) [0x00025] in <e4b9dce640de4a37a12afe7f4a8674fc>:0 
  at SAIN.SAINComponent.Classes.Mover.SAINMoverClass.ManualUpdate () [0x00078] in <e4b9dce640de4a37a12afe7f4a8674fc>:0 
  at SAIN.Components.BotComponent.TickClassGroup (System.Collections.Generic.List`1[T] List, System.Single CurrentTime) [0x0000f] in <e4b9dce640de4a37a12afe7f4a8674fc>:0 
  at SAIN.Components.BotComponent.ManualUpdate (System.Single currentTime, System.Single deltaTime) [0x0004b] in <e4b9dce640de4a37a12afe7f4a8674fc>:0 
  at SAIN.Components.BotManagerComponent.ManualUpdate (System.Single currentTime, System.Single deltaTime) [0x00065] in <e4b9dce640de4a37a12afe7f4a8674fc>:0 
  at SAIN.Components.GameWorldComponent.WorldTick (System.Single deltaTime) [0x00014] in <e4b9dce640de4a37a12afe7f4a8674fc>:0 
  at SAIN.Patches.GameWorld.WorldTickPatch.Patch (System.Single dt) [0x0001e] in <e4b9dce640de4a37a12afe7f4a8674fc>:0 
  at (wrapper dynamic-method) EFT.GameWorld.DMD<EFT.GameWorld::DoWorldTick>(EFT.GameWorld,single)
  at EFT.GameWorldUnityTickListener.Update () [0x00031] in <ad47400a25db462cbf0a531df654c3c3>:0 
2026-08-17 22:26:36.943 -04:00|0.16.9.0.40087|Error|Default|NullReferenceException: Object reference not set to an instance of an object
SAIN.SAINComponent.Classes.Mover.SAINMoverClass.WantsPatrolStance () (at <e4b9dce640de4a37a12afe7f4a8674fc>:0)
SAIN.SAINComponent.Classes.Mover.SAINMoverClass.UpdateStance (System.Single time) (at <e4b9dce640de4a37a12afe7f4a8674fc>:0)
SAIN.SAINComponent.Classes.Mover.SAINMoverClass.ManualUpdate () (at <e4b9dce640de4a37a12afe7f4a8674fc>:0)
SAIN.Components.BotComponent.TickClassGroup (System.Collections.Generic.List`1[T] List, System.Single CurrentTime) (at <e4b9dce640de4a37a12afe7f4a8674fc>:0)
SAIN.Components.BotComponent.ManualUpdate (System.Single currentTime, System.Single deltaTime) (at <e4b9dce640de4a37a12afe7f4a8674fc>:0)
SAIN.Components.BotManagerComponent.ManualUpdate (System.Single currentTime, System.Single deltaTime) (at <e4b9dce640de4a37a12afe7f4a8674fc>:0)
SAIN.Components.GameWorldComponent.WorldTick (System.Single deltaTime) (at <e4b9dce640de4a37a12afe7f4a8674fc>:0)
SAIN.Patches.GameWorld.WorldTickPatch.Patch (System.Single dt) (at <e4b9dce640de4a37a12afe7f4a8674fc>:0)
(wrapper dynamic-method) EFT.GameWorld.DMD<EFT.GameWorld::DoWorldTick>(EFT.GameWorld,single)
EFT.GameWorldUnityTickListener.Update () (at <ad47400a25db462cbf0a531df654c3c3>:0)
UnityEngine.DebugLogHandler:LogException(Exception, Object)
Class412:LogException(Exception, Object)
UnityEngine.Debug:CallOverridenDebugHandler(Exception, Object)
 
2026-08-17 22:26:36.943 -04:00|0.16.9.0.40087|Error|Default| 
EXCEPTION: System.NullReferenceException: Object reference not set to an instance of an object
  at SAIN.SAINComponent.Classes.Mover.SAINMoverClass.WantsPatrolStance () [0x0002a] in <e4b9dce640de4a37a12afe7f4a8674fc>:0 
  at SAIN.SAINComponent.Classes.Mover.SAINMoverClass.UpdateStance (System.Single time) [0x00025] in <e4b9dce640de4a37a12afe7f4a8674fc>:0 
  at SAIN.SAINComponent.Classes.Mover.SAINMoverClass.ManualUpdate () [0x00078] in <e4b9dce640de4a37a12afe7f4a8674fc>:0 
  at SAIN.Components.BotComponent.TickClassGroup (System.Collections.Generic.List`1[T] List, System.Single CurrentTime) [0x0000f] in <e4b9dce640de4a37a12afe7f4a8674fc>:0 
  at SAIN.Components.BotComponent.ManualUpdate (System.Single currentTime, System.Single deltaTime) [0x0004b] in <e4b9dce640de4a37a12afe7f4a8674fc>:0 
  at SAIN.Components.BotManagerComponent.ManualUpdate (System.Single currentTime, System.Single deltaTime) [0x00065] in <e4b9dce640de4a37a12afe7f4a8674fc>:0 
  at SAIN.Components.GameWorldComponent.WorldTick (System.Single deltaTime) [0x00014] in <e4b9dce640de4a37a12afe7f4a8674fc>:0 
  at SAIN.Patches.GameWorld.WorldTickPatch.Patch (System.Single dt) [0x0001e] in <e4b9dce640de4a37a12afe7f4a8674fc>:0 
  at (wrapper dynamic-method) EFT.GameWorld.DMD<EFT.GameWorld::DoWorldTick>(EFT.GameWorld,single)
  at EFT.GameWorldUnityTickListener.Update () [0x00031] in <ad47400a25db462cbf0a531df654c3c3>:0 
2026-08-17 22:26:36.943 -04:00|0.16.9.0.40087|Error|Default|NullReferenceException: Object reference not set to an instance of an object
SAIN.SAINComponent.Classes.Mover.SAINMoverClass.WantsPatrolStance () (at <e4b9dce640de4a37a12afe7f4a8674fc>:0)
SAIN.SAINComponent.Classes.Mover.SAINMoverClass.UpdateStance (System.Single time) (at <e4b9dce640de4a37a12afe7f4a8674fc>:0)
SAIN.SAINComponent.Classes.Mover.SAINMoverClass.ManualUpdate () (at <e4b9dce640de4a37a12afe7f4a8674fc>:0)
SAIN.Components.BotComponent.TickClassGroup (System.Collections.Generic.List`1[T] List, System.Single CurrentTime) (at <e4b9dce640de4a37a12afe7f4a8674fc>:0)
SAIN.Components.BotComponent.ManualUpdate (System.Single currentTime, System.Single deltaTime) (at <e4b9dce640de4a37a12afe7f4a8674fc>:0)
SAIN.Components.BotManagerComponent.ManualUpdate (System.Single currentTime, System.Single deltaTime) (at <e4b9dce640de4a37a12afe7f4a8674fc>:0)
SAIN.Components.GameWorldComponent.WorldTick (System.Single deltaTime) (at <e4b9dce640de4a37a12afe7f4a8674fc>:0)
SAIN.Patches.GameWorld.WorldTickPatch.Patch (System.Single dt) (at <e4b9dce640de4a37a12afe7f4a8674fc>:0)
(wrapper dynamic-method) EFT.GameWorld.DMD<EFT.GameWorld::DoWorldTick>(EFT.GameWorld,single)
EFT.GameWorldUnityTickListener.Update () (at <ad47400a25db462cbf0a531df654c3c3>:0)
UnityEngine.DebugLogHandler:LogException(Exception, Object)
Class412:LogException(Exception, Object)
UnityEngine.Debug:CallOverridenDebugHandler(Exception, Object)
 
2026-08-17 22:26:37.174 -04:00|0.16.9.0.40087|Error|Default| 
EXCEPTION: System.NullReferenceException: Object reference not set to an instance of an object
  at SAIN.SAINComponent.Classes.Mover.SAINMoverClass.WantsPatrolStance () [0x0002a] in <e4b9dce640de4a37a12afe7f4a8674fc>:0 
  at SAIN.SAINComponent.Classes.Mover.SAINMoverClass.UpdateStance (System.Single time) [0x00025] in <e4b9dce640de4a37a12afe7f4a8674fc>:0 
  at SAIN.SAINComponent.Classes.Mover.SAINMoverClass.ManualUpdate () [0x00078] in <e4b9dce640de4a37a12afe7f4a8674fc>:0 
  at SAIN.Components.BotComponent.TickClassGroup (System.Collections.Generic.List`1[T] List, System.Single CurrentTime) [0x0000f] in <e4b9dce640de4a37a12afe7f4a8674fc>:0 
  at SAIN.Components.BotComponent.ManualUpdate (System.Single currentTime, System.Single deltaTime) [0x0004b] in <e4b9dce640de4a37a12afe7f4a8674fc>:0 
  at SAIN.Components.BotManagerComponent.ManualUpdate (System.Single currentTime, System.Single deltaTime) [0x00065] in <e4b9dce640de4a37a12afe7f4a8674fc>:0 
  at SAIN.Components.GameWorldComponent.WorldTick (System.Single deltaTime) [0x00014] in <e4b9dce640de4a37a12afe7f4a8674fc>:0 
  at SAIN.Patches.GameWorld.WorldTickPatch.Patch (System.Single dt) [0x0001e] in <e4b9dce640de4a37a12afe7f4a8674fc>:0 
  at (wrapper dynamic-method) EFT.GameWorld.DMD<EFT.GameWorld::DoWorldTick>(EFT.GameWorld,single)
  at EFT.GameWorldUnityTickListener.Update () [0x00031] in <ad47400a25db462cbf0a531df654c3c3>:0 
2026-08-17 22:26:37.175 -04:00|0.16.9.0.40087|Error|Default|NullReferenceException: Object reference not set to an instance of an object
SAIN.SAINComponent.Classes.Mover.SAINMoverClass.WantsPatrolStance () (at <e4b9dce640de4a37a12afe7f4a8674fc>:0)
SAIN.SAINComponent.Classes.Mover.SAINMoverClass.UpdateStance (System.Single time) (at <e4b9dce640de4a37a12afe7f4a8674fc>:0)
SAIN.SAINComponent.Classes.Mover.SAINMoverClass.ManualUpdate () (at <e4b9dce640de4a37a12afe7f4a8674fc>:0)
SAIN.Components.BotComponent.TickClassGroup (System.Collections.Generic.List`1[T] List, System.Single CurrentTime) (at <e4b9dce640de4a37a12afe7f4a8674fc>:0)
SAIN.Components.BotComponent.ManualUpdate (System.Single currentTime, System.Single deltaTime) (at <e4b9dce640de4a37a12afe7f4a8674fc>:0)
SAIN.Components.BotManagerComponent.ManualUpdate (System.Single currentTime, System.Single deltaTime) (at <e4b9dce640de4a37a12afe7f4a8674fc>:0)
SAIN.Components.GameWorldComponent.WorldTick (System.Single deltaTime) (at <e4b9dce640de4a37a12afe7f4a8674fc>:0)
SAIN.Patches.GameWorld.WorldTickPatch.Patch (System.Single dt) (at <e4b9dce640de4a37a12afe7f4a8674fc>:0)
(wrapper dynamic-method) EFT.GameWorld.DMD<EFT.GameWorld::DoWorldTick>(EFT.GameWorld,single)
EFT.GameWorldUnityTickListener.Update () (at <ad47400a25db462cbf0a531df654c3c3>:0)
UnityEngine.DebugLogHandler:LogException(Exception, Object)
Class412:LogException(Exception, Object)
UnityEngine.Debug:CallOverridenDebugHandler(Exception, Object)
 
2026-08-17 22:26:37.175 -04:00|0.16.9.0.40087|Error|Default| 
EXCEPTION: System.NullReferenceException: Object reference not set to an instance of an object
  at SAIN.SAINComponent.Classes.Mover.SAINMoverClass.WantsPatrolStance () [0x0002a] in <e4b9dce640de4a37a12afe7f4a8674fc>:0 
  at SAIN.SAINComponent.Classes.Mover.SAINMoverClass.UpdateStance (System.Single time) [0x00025] in <e4b9dce640de4a37a12afe7f4a8674fc>:0 
  at SAIN.SAINComponent.Classes.Mover.SAINMoverClass.ManualUpdate () [0x00078] in <e4b9dce640de4a37a12afe7f4a8674fc>:0 
  at SAIN.Components.BotComponent.TickClassGroup (System.Collections.Generic.List`1[T] List, System.Single CurrentTime) [0x0000f] in <e4b9dce640de4a37a12afe7f4a8674fc>:0 
  at SAIN.Components.BotComponent.ManualUpdate (System.Single currentTime, System.Single deltaTime) [0x0004b] in <e4b9dce640de4a37a12afe7f4a8674fc>:0 
  at SAIN.Components.BotManagerComponent.ManualUpdate (System.Single currentTime, System.Single deltaTime) [0x00065] in <e4b9dce640de4a37a12afe7f4a8674fc>:0 
  at SAIN.Components.GameWorldComponent.WorldTick (System.Single deltaTime) [0x00014] in <e4b9dce640de4a37a12afe7f4a8674fc>:0 
  at SAIN.Patches.GameWorld.WorldTickPatch.Patch (System.Single dt) [0x0001e] in <e4b9dce640de4a37a12afe7f4a8674fc>:0 
  at (wrapper dynamic-method) EFT.GameWorld.DMD<EFT.GameWorld::DoWorldTick>(EFT.GameWorld,single)
  at EFT.GameWorldUnityTickListener.Update () [0x00031] in <ad47400a25db462cbf0a531df654c3c3>:0 
2026-08-17 22:26:37.175 -04:00|0.16.9.0.40087|Error|Default|NullReferenceException: Object reference not set to an instance of an object
SAIN.SAINComponent.Classes.Mover.SAINMoverClass.WantsPatrolStance () (at <e4b9dce640de4a37a12afe7f4a8674fc>:0)
SAIN.SAINComponent.Classes.Mover.SAINMoverClass.UpdateStance (System.Single time) (at <e4b9dce640de4a37a12afe7f4a8674fc>:0)
SAIN.SAINComponent.Classes.Mover.SAINMoverClass.ManualUpdate () (at <e4b9dce640de4a37a12afe7f4a8674fc>:0)
SAIN.Components.BotComponent.TickClassGroup (System.Collections.Generic.List`1[T] List, System.Single CurrentTime) (at <e4b9dce640de4a37a12afe7f4a8674fc>:0)
SAIN.Components.BotComponent.ManualUpdate (System.Single currentTime, System.Single deltaTime) (at <e4b9dce640de4a37a12afe7f4a8674fc>:0)
SAIN.Components.BotManagerComponent.ManualUpdate (System.Single currentTime, System.Single deltaTime) (at <e4b9dce640de4a37a12afe7f4a8674fc>:0)
SAIN.Components.GameWorldComponent.WorldTick (System.Single deltaTime) (at <e4b9dce640de4a37a12afe7f4a8674fc>:0)
SAIN.Patches.GameWorld.WorldTickPatch.Patch (System.Single dt) (at <e4b9dce640de4a37a12afe7f4a8674fc>:0)
(wrapper dynamic-method) EFT.GameWorld.DMD<EFT.GameWorld::DoWorldTick>(EFT.GameWorld,single)
EFT.GameWorldUnityTickListener.Update () (at <ad47400a25db462cbf0a531df654c3c3>:0)
UnityEngine.DebugLogHandler:LogException(Exception, Object)
Class412:LogException(Exception, Object)
UnityEngine.Debug:CallOverridenDebugHandler(Exception, Object)
 
2026-08-17 22:26:37.196 -04:00|0.16.9.0.40087|Error|Default| 
EXCEPTION: System.NullReferenceException: Object reference not set to an instance of an object
  at SAIN.SAINComponent.Classes.Mover.SAINMoverClass.WantsPatrolStance () [0x0002a] in <e4b9dce640de4a37a12afe7f4a8674fc>:0 
  at SAIN.SAINComponent.Classes.Mover.SAINMoverClass.UpdateStance (System.Single time) [0x00025] in <e4b9dce640de4a37a12afe7f4a8674fc>:0 
  at SAIN.SAINComponent.Classes.Mover.SAINMoverClass.ManualUpdate () [0x00078] in <e4b9dce640de4a37a12afe7f4a8674fc>:0 
  at SAIN.Components.BotComponent.TickClassGroup (System.Collections.Generic.List`1[T] List, System.Single CurrentTime) [0x0000f] in <e4b9dce640de4a37a12afe7f4a8674fc>:0 
  at SAIN.Components.BotComponent.ManualUpdate (System.Single currentTime, System.Single deltaTime) [0x0004b] in <e4b9dce640de4a37a12afe7f4a8674fc>:0 
  at SAIN.Components.BotManagerComponent.ManualUpdate (System.Single currentTime, System.Single deltaTime) [0x00065] in <e4b9dce640de4a37a12afe7f4a8674fc>:0 
  at SAIN.Components.GameWorldComponent.WorldTick (System.Single deltaTime) [0x00014] in <e4b9dce640de4a37a12afe7f4a8674fc>:0 
  at SAIN.Patches.GameWorld.WorldTickPatch.Patch (System.Single dt) [0x0001e] in <e4b9dce640de4a37a12afe7f4a8674fc>:0 
  at (wrapper dynamic-method) EFT.GameWorld.DMD<EFT.GameWorld::DoWorldTick>(EFT.GameWorld,single)
  at EFT.GameWorldUnityTickListener.Update () [0x00031] in <ad47400a25db462cbf0a531df654c3c3>:0 
2026-08-17 22:26:37.196 -04:00|0.16.9.0.40087|Error|Default|NullReferenceException: Object reference not set to an instance of an object
SAIN.SAINComponent.Classes.Mover.SAINMoverClass.WantsPatrolStance () (at <e4b9dce640de4a37a12afe7f4a8674fc>:0)
SAIN.SAINComponent.Classes.Mover.SAINMoverClass.UpdateStance (System.Single time) (at <e4b9dce640de4a37a12afe7f4a8674fc>:0)
SAIN.SAINComponent.Classes.Mover.SAINMoverClass.ManualUpdate () (at <e4b9dce640de4a37a12afe7f4a8674fc>:0)
SAIN.Components.BotComponent.TickClassGroup (System.Collections.Generic.List`1[T] List, System.Single CurrentTime) (at <e4b9dce640de4a37a12afe7f4a8674fc>:0)
SAIN.Components.BotComponent.ManualUpdate (System.Single currentTime, System.Single deltaTime) (at <e4b9dce640de4a37a12afe7f4a8674fc>:0)
SAIN.Components.BotManagerComponent.ManualUpdate (System.Single currentTime, System.Single deltaTime) (at <e4b9dce640de4a37a12afe7f4a8674fc>:0)
SAIN.Components.GameWorldComponent.WorldTick (System.Single deltaTime) (at <e4b9dce640de4a37a12afe7f4a8674fc>:0)
SAIN.Patches.GameWorld.WorldTickPatch.Patch (System.Single dt) (at <e4b9dce640de4a37a12afe7f4a8674fc>:0)
(wrapper dynamic-method) EFT.GameWorld.DMD<EFT.GameWorld::DoWorldTick>(EFT.GameWorld,single)
EFT.GameWorldUnityTickListener.Update () (at <ad47400a25db462cbf0a531df654c3c3>:0)
UnityEngine.DebugLogHandler:LogException(Exception, Object)
Class412:LogException(Exception, Object)
UnityEngine.Debug:CallOverridenDebugHandler(Exception, Object)
 
2026-08-17 22:26:37.196 -04:00|0.16.9.0.40087|Error|Default| 
EXCEPTION: System.NullReferenceException: Object reference not set to an instance of an object
  at SAIN.SAINComponent.Classes.Mover.SAINMoverClass.WantsPatrolStance () [0x0002a] in <e4b9dce640de4a37a12afe7f4a8674fc>:0 
  at SAIN.SAINComponent.Classes.Mover.SAINMoverClass.UpdateStance (System.Single time) [0x00025] in <e4b9dce640de4a37a12afe7f4a8674fc>:0 
  at SAIN.SAINComponent.Classes.Mover.SAINMoverClass.ManualUpdate () [0x00078] in <e4b9dce640de4a37a12afe7f4a8674fc>:0 
  at SAIN.Components.BotComponent.TickClassGroup (System.Collections.Generic.List`1[T] List, System.Single CurrentTime) [0x0000f] in <e4b9dce640de4a37a12afe7f4a8674fc>:0 
  at SAIN.Components.BotComponent.ManualUpdate (System.Single currentTime, System.Single deltaTime) [0x0004b] in <e4b9dce640de4a37a12afe7f4a8674fc>:0 
  at SAIN.Components.BotManagerComponent.ManualUpdate (System.Single currentTime, System.Single deltaTime) [0x00065] in <e4b9dce640de4a37a12afe7f4a8674fc>:0 
  at SAIN.Components.GameWorldComponent.WorldTick (System.Single deltaTime) [0x00014] in <e4b9dce640de4a37a12afe7f4a8674fc>:0 
  at SAIN.Patches.GameWorld.WorldTickPatch.Patch (System.Single dt) [0x0001e] in <e4b9dce640de4a37a12afe7f4a8674fc>:0 
  at (wrapper dynamic-method) EFT.GameWorld.DMD<EFT.GameWorld::DoWorldTick>(EFT.GameWorld,single)
  at EFT.GameWorldUnityTickListener.Update () [0x00031] in <ad47400a25db462cbf0a531df654c3c3>:0 
2026-08-17 22:26:37.196 -04:00|0.16.9.0.40087|Error|Default|NullReferenceException: Object reference not set to an instance of an object
SAIN.SAINComponent.Classes.Mover.SAINMoverClass.WantsPatrolStance () (at <e4b9dce640de4a37a12afe7f4a8674fc>:0)
SAIN.SAINComponent.Classes.Mover.SAINMoverClass.UpdateStance (System.Single time) (at <e4b9dce640de4a37a12afe7f4a8674fc>:0)
SAIN.SAINComponent.Classes.Mover.SAINMoverClass.ManualUpdate () (at <e4b9dce640de4a37a12afe7f4a8674fc>:0)
SAIN.Components.BotComponent.TickClassGroup (System.Collections.Generic.List`1[T] List, System.Single CurrentTime) (at <e4b9dce640de4a37a12afe7f4a8674fc>:0)
SAIN.Components.BotComponent.ManualUpdate (System.Single currentTime, System.Single deltaTime) (at <e4b9dce640de4a37a12afe7f4a8674fc>:0)
SAIN.Components.BotManagerComponent.ManualUpdate (System.Single currentTime, System.Single deltaTime) (at <e4b9dce640de4a37a12afe7f4a8674fc>:0)
SAIN.Components.GameWorldComponent.WorldTick (System.Single deltaTime) (at <e4b9dce640de4a37a12afe7f4a8674fc>:0)
SAIN.Patches.GameWorld.WorldTickPatch.Patch (System.Single dt) (at <e4b9dce640de4a37a12afe7f4a8674fc>:0)
(wrapper dynamic-method) EFT.GameWorld.DMD<EFT.GameWorld::DoWorldTick>(EFT.GameWorld,single)
EFT.GameWorldUnityTickListener.Update () (at <ad47400a25db462cbf0a531df654c3c3>:0)
UnityEngine.DebugLogHandler:LogException(Exception, Object)
Class412:LogException(Exception, Object)
UnityEngine.Debug:CallOverridenDebugHandler(Exception, Object)
 
2026-08-17 22:26:37.426 -04:00|0.16.9.0.40087|Error|Default| 
EXCEPTION: System.NullReferenceException: Object reference not set to an instance of an object
  at SAIN.SAINComponent.Classes.Mover.SAINMoverClass.WantsPatrolStance () [0x0002a] in <e4b9dce640de4a37a12afe7f4a8674fc>:0 
  at SAIN.SAINComponent.Classes.Mover.SAINMoverClass.UpdateStance (System.Single time) [0x00025] in <e4b9dce640de4a37a12afe7f4a8674fc>:0 
  at SAIN.SAINComponent.Classes.Mover.SAINMoverClass.ManualUpdate () [0x00078] in <e4b9dce640de4a37a12afe7f4a8674fc>:0 
  at SAIN.Components.BotComponent.TickClassGroup (System.Collections.Generic.List`1[T] List, System.Single CurrentTime) [0x0000f] in <e4b9dce640de4a37a12afe7f4a8674fc>:0 
  at SAIN.Components.BotComponent.ManualUpdate (System.Single currentTime, System.Single deltaTime) [0x0004b] in <e4b9dce640de4a37a12afe7f4a8674fc>:0 
  at SAIN.Components.BotManagerComponent.ManualUpdate (System.Single currentTime, System.Single deltaTime) [0x00065] in <e4b9dce640de4a37a12afe7f4a8674fc>:0 
  at SAIN.Components.GameWorldComponent.WorldTick (System.Single deltaTime) [0x00014] in <e4b9dce640de4a37a12afe7f4a8674fc>:0 
  at SAIN.Patches.GameWorld.WorldTickPatch.Patch (System.Single dt) [0x0001e] in <e4b9dce640de4a37a12afe7f4a8674fc>:0 
  at (wrapper dynamic-method) EFT.GameWorld.DMD<EFT.GameWorld::DoWorldTick>(EFT.GameWorld,single)
  at EFT.GameWorldUnityTickListener.Update () [0x00031] in <ad47400a25db462cbf0a531df654c3c3>:0 
2026-08-17 22:26:37.426 -04:00|0.16.9.0.40087|Error|Default|NullReferenceException: Object reference not set to an instance of an object
SAIN.SAINComponent.Classes.Mover.SAINMoverClass.WantsPatrolStance () (at <e4b9dce640de4a37a12afe7f4a8674fc>:0)
SAIN.SAINComponent.Classes.Mover.SAINMoverClass.UpdateStance (System.Single time) (at <e4b9dce640de4a37a12afe7f4a8674fc>:0)
SAIN.SAINComponent.Classes.Mover.SAINMoverClass.ManualUpdate () (at <e4b9dce640de4a37a12afe7f4a8674fc>:0)
SAIN.Components.BotComponent.TickClassGroup (System.Collections.Generic.List`1[T] List, System.Single CurrentTime) (at <e4b9dce640de4a37a12afe7f4a8674fc>:0)
SAIN.Components.BotComponent.ManualUpdate (System.Single currentTime, System.Single deltaTime) (at <e4b9dce640de4a37a12afe7f4a8674fc>:0)
SAIN.Components.BotManagerComponent.ManualUpdate (System.Single currentTime, System.Single deltaTime) (at <e4b9dce640de4a37a12afe7f4a8674fc>:0)
SAIN.Components.GameWorldComponent.WorldTick (System.Single deltaTime) (at <e4b9dce640de4a37a12afe7f4a8674fc>:0)
SAIN.Patches.GameWorld.WorldTickPatch.Patch (System.Single dt) (at <e4b9dce640de4a37a12afe7f4a8674fc>:0)
(wrapper dynamic-method) EFT.GameWorld.DMD<EFT.GameWorld::DoWorldTick>(EFT.GameWorld,single)
EFT.GameWorldUnityTickListener.Update () (at <ad47400a25db462cbf0a531df654c3c3>:0)
UnityEngine.DebugLogHandler:LogException(Exception, Object)
Class412:LogException(Exception, Object)
UnityEngine.Debug:CallOverridenDebugHandler(Exception, Object)
 
2026-08-17 22:26:37.426 -04:00|0.16.9.0.40087|Error|Default| 
EXCEPTION: System.NullReferenceException: Object reference not set to an instance of an object
  at SAIN.SAINComponent.Classes.Mover.SAINMoverClass.WantsPatrolStance () [0x0002a] in <e4b9dce640de4a37a12afe7f4a8674fc>:0 
  at SAIN.SAINComponent.Classes.Mover.SAINMoverClass.UpdateStance (System.Single time) [0x00025] in <e4b9dce640de4a37a12afe7f4a8674fc>:0 
  at SAIN.SAINComponent.Classes.Mover.SAINMoverClass.ManualUpdate () [0x00078] in <e4b9dce640de4a37a12afe7f4a8674fc>:0 
  at SAIN.Components.BotComponent.TickClassGroup (System.Collections.Generic.List`1[T] List, System.Single CurrentTime) [0x0000f] in <e4b9dce640de4a37a12afe7f4a8674fc>:0 
  at SAIN.Components.BotComponent.ManualUpdate (System.Single currentTime, System.Single deltaTime) [0x0004b] in <e4b9dce640de4a37a12afe7f4a8674fc>:0 
  at SAIN.Components.BotManagerComponent.ManualUpdate (System.Single currentTime, System.Single deltaTime) [0x00065] in <e4b9dce640de4a37a12afe7f4a8674fc>:0 
  at SAIN.Components.GameWorldComponent.WorldTick (System.Single deltaTime) [0x00014] in <e4b9dce640de4a37a12afe7f4a8674fc>:0 
  at SAIN.Patches.GameWorld.WorldTickPatch.Patch (System.Single dt) [0x0001e] in <e4b9dce640de4a37a12afe7f4a8674fc>:0 
  at (wrapper dynamic-method) EFT.GameWorld.DMD<EFT.GameWorld::DoWorldTick>(EFT.GameWorld,single)
  at EFT.GameWorldUnityTickListener.Update () [0x00031] in <ad47400a25db462cbf0a531df654c3c3>:0 
2026-08-17 22:26:37.426 -04:00|0.16.9.0.40087|Error|Default|NullReferenceException: Object reference not set to an instance of an object
SAIN.SAINComponent.Classes.Mover.SAINMoverClass.WantsPatrolStance () (at <e4b9dce640de4a37a12afe7f4a8674fc>:0)
SAIN.SAINComponent.Classes.Mover.SAINMoverClass.UpdateStance (System.Single time) (at <e4b9dce640de4a37a12afe7f4a8674fc>:0)
SAIN.SAINComponent.Classes.Mover.SAINMoverClass.ManualUpdate () (at <e4b9dce640de4a37a12afe7f4a8674fc>:0)
SAIN.Components.BotComponent.TickClassGroup (System.Collections.Generic.List`1[T] List, System.Single CurrentTime) (at <e4b9dce640de4a37a12afe7f4a8674fc>:0)
SAIN.Components.BotComponent.ManualUpdate (System.Single currentTime, System.Single deltaTime) (at <e4b9dce640de4a37a12afe7f4a8674fc>:0)
SAIN.Components.BotManagerComponent.ManualUpdate (System.Single currentTime, System.Single deltaTime) (at <e4b9dce640de4a37a12afe7f4a8674fc>:0)
SAIN.Components.GameWorldComponent.WorldTick (System.Single deltaTime) (at <e4b9dce640de4a37a12afe7f4a8674fc>:0)
SAIN.Patches.GameWorld.WorldTickPatch.Patch (System.Single dt) (at <e4b9dce640de4a37a12afe7f4a8674fc>:0)
(wrapper dynamic-method) EFT.GameWorld.DMD<EFT.GameWorld::DoWorldTick>(EFT.GameWorld,single)
EFT.GameWorldUnityTickListener.Update () (at <ad47400a25db462cbf0a531df654c3c3>:0)
UnityEngine.DebugLogHandler:LogException(Exception, Object)
Class412:LogException(Exception, Object)
UnityEngine.Debug:CallOverridenDebugHandler(Exception, Object)
 
2026-08-17 22:26:37.448 -04:00|0.16.9.0.40087|Error|Default| 
EXCEPTION: System.NullReferenceException: Object reference not set to an instance of an object
  at SAIN.SAINComponent.Classes.Mover.SAINMoverClass.WantsPatrolStance () [0x0002a] in <e4b9dce640de4a37a12afe7f4a8674fc>:0 
  at SAIN.SAINComponent.Classes.Mover.SAINMoverClass.UpdateStance (System.Single time) [0x00025] in <e4b9dce640de4a37a12afe7f4a8674fc>:0 
  at SAIN.SAINComponent.Classes.Mover.SAINMoverClass.ManualUpdate () [0x00078] in <e4b9dce640de4a37a12afe7f4a8674fc>:0 
  at SAIN.Components.BotComponent.TickClassGroup (System.Collections.Generic.List`1[T] List, System.Single CurrentTime) [0x0000f] in <e4b9dce640de4a37a12afe7f4a8674fc>:0 
  at SAIN.Components.BotComponent.ManualUpdate (System.Single currentTime, System.Single deltaTime) [0x0004b] in <e4b9dce640de4a37a12afe7f4a8674fc>:0 
  at SAIN.Components.BotManagerComponent.ManualUpdate (System.Single currentTime, System.Single deltaTime) [0x00065] in <e4b9dce640de4a37a12afe7f4a8674fc>:0 
  at SAIN.Components.GameWorldComponent.WorldTick (System.Single deltaTime) [0x00014] in <e4b9dce640de4a37a12afe7f4a8674fc>:0 
  at SAIN.Patches.GameWorld.WorldTickPatch.Patch (System.Single dt) [0x0001e] in <e4b9dce640de4a37a12afe7f4a8674fc>:0 
  at (wrapper dynamic-method) EFT.GameWorld.DMD<EFT.GameWorld::DoWorldTick>(EFT.GameWorld,single)
  at EFT.GameWorldUnityTickListener.Update () [0x00031] in <ad47400a25db462cbf0a531df654c3c3>:0 
2026-08-17 22:26:37.448 -04:00|0.16.9.0.40087|Error|Default|NullReferenceException: Object reference not set to an instance of an object
SAIN.SAINComponent.Classes.Mover.SAINMoverClass.WantsPatrolStance () (at <e4b9dce640de4a37a12afe7f4a8674fc>:0)
SAIN.SAINComponent.Classes.Mover.SAINMoverClass.UpdateStance (System.Single time) (at <e4b9dce640de4a37a12afe7f4a8674fc>:0)
SAIN.SAINComponent.Classes.Mover.SAINMoverClass.ManualUpdate () (at <e4b9dce640de4a37a12afe7f4a8674fc>:0)
SAIN.Components.BotComponent.TickClassGroup (System.Collections.Generic.List`1[T] List, System.Single CurrentTime) (at <e4b9dce640de4a37a12afe7f4a8674fc>:0)
SAIN.Components.BotComponent.ManualUpdate (System.Single currentTime, System.Single deltaTime) (at <e4b9dce640de4a37a12afe7f4a8674fc>:0)
SAIN.Components.BotManagerComponent.ManualUpdate (System.Single currentTime, System.Single deltaTime) (at <e4b9dce640de4a37a12afe7f4a8674fc>:0)
SAIN.Components.GameWorldComponent.WorldTick (System.Single deltaTime) (at <e4b9dce640de4a37a12afe7f4a8674fc>:0)
SAIN.Patches.GameWorld.WorldTickPatch.Patch (System.Single dt) (at <e4b9dce640de4a37a12afe7f4a8674fc>:0)
(wrapper dynamic-method) EFT.GameWorld.DMD<EFT.GameWorld::DoWorldTick>(EFT.GameWorld,single)
EFT.GameWorldUnityTickListener.Update () (at <ad47400a25db462cbf0a531df654c3c3>:0)
UnityEngine.DebugLogHandler:LogException(Exception, Object)
Class412:LogException(Exception, Object)
UnityEngine.Debug:CallOverridenDebugHandler(Exception, Object)
 
2026-08-17 22:26:37.448 -04:00|0.16.9.0.40087|Error|Default| 
EXCEPTION: System.NullReferenceException: Object reference not set to an instance of an object
  at SAIN.SAINComponent.Classes.Mover.SAINMoverClass.WantsPatrolStance () [0x0002a] in <e4b9dce640de4a37a12afe7f4a8674fc>:0 
  at SAIN.SAINComponent.Classes.Mover.SAINMoverClass.UpdateStance (System.Single time) [0x00025] in <e4b9dce640de4a37a12afe7f4a8674fc>:0 
  at SAIN.SAINComponent.Classes.Mover.SAINMoverClass.ManualUpdate () [0x00078] in <e4b9dce640de4a37a12afe7f4a8674fc>:0 
  at SAIN.Components.BotComponent.TickClassGroup (System.Collections.Generic.List`1[T] List, System.Single CurrentTime) [0x0000f] in <e4b9dce640de4a37a12afe7f4a8674fc>:0 
  at SAIN.Components.BotComponent.ManualUpdate (System.Single currentTime, System.Single deltaTime) [0x0004b] in <e4b9dce640de4a37a12afe7f4a8674fc>:0 
  at SAIN.Components.BotManagerComponent.ManualUpdate (System.Single currentTime, System.Single deltaTime) [0x00065] in <e4b9dce640de4a37a12afe7f4a8674fc>:0 
  at SAIN.Components.GameWorldComponent.WorldTick (System.Single deltaTime) [0x00014] in <e4b9dce640de4a37a12afe7f4a8674fc>:0 
  at SAIN.Patches.GameWorld.WorldTickPatch.Patch (System.Single dt) [0x0001e] in <e4b9dce640de4a37a12afe7f4a8674fc>:0 
  at (wrapper dynamic-method) EFT.GameWorld.DMD<EFT.GameWorld::DoWorldTick>(EFT.GameWorld,single)
  at EFT.GameWorldUnityTickListener.Update () [0x00031] in <ad47400a25db462cbf0a531df654c3c3>:0 
2026-08-17 22:26:37.448 -04:00|0.16.9.0.40087|Error|Default|NullReferenceException: Object reference not set to an instance of an object
SAIN.SAINComponent.Classes.Mover.SAINMoverClass.WantsPatrolStance () (at <e4b9dce640de4a37a12afe7f4a8674fc>:0)
SAIN.SAINComponent.Classes.Mover.SAINMoverClass.UpdateStance (System.Single time) (at <e4b9dce640de4a37a12afe7f4a8674fc>:0)
SAIN.SAINComponent.Classes.Mover.SAINMoverClass.ManualUpdate () (at <e4b9dce640de4a37a12afe7f4a8674fc>:0)
SAIN.Components.BotComponent.TickClassGroup (System.Collections.Generic.List`1[T] List, System.Single CurrentTime) (at <e4b9dce640de4a37a12afe7f4a8674fc>:0)
SAIN.Components.BotComponent.ManualUpdate (System.Single currentTime, System.Single deltaTime) (at <e4b9dce640de4a37a12afe7f4a8674fc>:0)
SAIN.Components.BotManagerComponent.ManualUpdate (System.Single currentTime, System.Single deltaTime) (at <e4b9dce640de4a37a12afe7f4a8674fc>:0)
SAIN.Components.GameWorldComponent.WorldTick (System.Single deltaTime) (at <e4b9dce640de4a37a12afe7f4a8674fc>:0)
SAIN.Patches.GameWorld.WorldTickPatch.Patch (System.Single dt) (at <e4b9dce640de4a37a12afe7f4a8674fc>:0)
(wrapper dynamic-method) EFT.GameWorld.DMD<EFT.GameWorld::DoWorldTick>(EFT.GameWorld,single)
EFT.GameWorldUnityTickListener.Update () (at <ad47400a25db462cbf0a531df654c3c3>:0)
UnityEngine.DebugLogHandler:LogException(Exception, Object)
Class412:LogException(Exception, Object)
UnityEngine.Debug:CallOverridenDebugHandler(Exception, Object)
 
2026-08-17 22:26:37.679 -04:00|0.16.9.0.40087|Error|Default| 
EXCEPTION: System.NullReferenceException: Object reference not set to an instance of an object
  at SAIN.SAINComponent.Classes.Mover.SAINMoverClass.WantsPatrolStance () [0x0002a] in <e4b9dce640de4a37a12afe7f4a8674fc>:0 
  at SAIN.SAINComponent.Classes.Mover.SAINMoverClass.UpdateStance (System.Single time) [0x00025] in <e4b9dce640de4a37a12afe7f4a8674fc>:0 
  at SAIN.SAINComponent.Classes.Mover.SAINMoverClass.ManualUpdate () [0x00078] in <e4b9dce640de4a37a12afe7f4a8674fc>:0 
  at SAIN.Components.BotComponent.TickClassGroup (System.Collections.Generic.List`1[T] List, System.Single CurrentTime) [0x0000f] in <e4b9dce640de4a37a12afe7f4a8674fc>:0 
  at SAIN.Components.BotComponent.ManualUpdate (System.Single currentTime, System.Single deltaTime) [0x0004b] in <e4b9dce640de4a37a12afe7f4a8674fc>:0 
  at SAIN.Components.BotManagerComponent.ManualUpdate (System.Single currentTime, System.Single deltaTime) [0x00065] in <e4b9dce640de4a37a12afe7f4a8674fc>:0 
  at SAIN.Components.GameWorldComponent.WorldTick (System.Single deltaTime) [0x00014] in <e4b9dce640de4a37a12afe7f4a8674fc>:0 
  at SAIN.Patches.GameWorld.WorldTickPatch.Patch (System.Single dt) [0x0001e] in <e4b9dce640de4a37a12afe7f4a8674fc>:0 
  at (wrapper dynamic-method) EFT.GameWorld.DMD<EFT.GameWorld::DoWorldTick>(EFT.GameWorld,single)
  at EFT.GameWorldUnityTickListener.Update () [0x00031] in <ad47400a25db462cbf0a531df654c3c3>:0 
2026-08-17 22:26:37.679 -04:00|0.16.9.0.40087|Error|Default|NullReferenceException: Object reference not set to an instance of an object
SAIN.SAINComponent.Classes.Mover.SAINMoverClass.WantsPatrolStance () (at <e4b9dce640de4a37a12afe7f4a8674fc>:0)
SAIN.SAINComponent.Classes.Mover.SAINMoverClass.UpdateStance (System.Single time) (at <e4b9dce640de4a37a12afe7f4a8674fc>:0)
SAIN.SAINComponent.Classes.Mover.SAINMoverClass.ManualUpdate () (at <e4b9dce640de4a37a12afe7f4a8674fc>:0)
SAIN.Components.BotComponent.TickClassGroup (System.Collections.Generic.List`1[T] List, System.Single CurrentTime) (at <e4b9dce640de4a37a12afe7f4a8674fc>:0)
SAIN.Components.BotComponent.ManualUpdate (System.Single currentTime, System.Single deltaTime) (at <e4b9dce640de4a37a12afe7f4a8674fc>:0)
SAIN.Components.BotManagerComponent.ManualUpdate (System.Single currentTime, System.Single deltaTime) (at <e4b9dce640de4a37a12afe7f4a8674fc>:0)
SAIN.Components.GameWorldComponent.WorldTick (System.Single deltaTime) (at <e4b9dce640de4a37a12afe7f4a8674fc>:0)
SAIN.Patches.GameWorld.WorldTickPatch.Patch (System.Single dt) (at <e4b9dce640de4a37a12afe7f4a8674fc>:0)
(wrapper dynamic-method) EFT.GameWorld.DMD<EFT.GameWorld::DoWorldTick>(EFT.GameWorld,single)
EFT.GameWorldUnityTickListener.Update () (at <ad47400a25db462cbf0a531df654c3c3>:0)
UnityEngine.DebugLogHandler:LogException(Exception, Object)
Class412:LogException(Exception, Object)
UnityEngine.Debug:CallOverridenDebugHandler(Exception, Object)
 
2026-08-17 22:26:37.679 -04:00|0.16.9.0.40087|Error|Default| 
EXCEPTION: System.NullReferenceException: Object reference not set to an instance of an object
  at SAIN.SAINComponent.Classes.Mover.SAINMoverClass.WantsPatrolStance () [0x0002a] in <e4b9dce640de4a37a12afe7f4a8674fc>:0 
  at SAIN.SAINComponent.Classes.Mover.SAINMoverClass.UpdateStance (System.Single time) [0x00025] in <e4b9dce640de4a37a12afe7f4a8674fc>:0 
  at SAIN.SAINComponent.Classes.Mover.SAINMoverClass.ManualUpdate () [0x00078] in <e4b9dce640de4a37a12afe7f4a8674fc>:0 
  at SAIN.Components.BotComponent.TickClassGroup (System.Collections.Generic.List`1[T] List, System.Single CurrentTime) [0x0000f] in <e4b9dce640de4a37a12afe7f4a8674fc>:0 
  at SAIN.Components.BotComponent.ManualUpdate (System.Single currentTime, System.Single deltaTime) [0x0004b] in <e4b9dce640de4a37a12afe7f4a8674fc>:0 
  at SAIN.Components.BotManagerComponent.ManualUpdate (System.Single currentTime, System.Single deltaTime) [0x00065] in <e4b9dce640de4a37a12afe7f4a8674fc>:0 
  at SAIN.Components.GameWorldComponent.WorldTick (System.Single deltaTime) [0x00014] in <e4b9dce640de4a37a12afe7f4a8674fc>:0 
  at SAIN.Patches.GameWorld.WorldTickPatch.Patch (System.Single dt) [0x0001e] in <e4b9dce640de4a37a12afe7f4a8674fc>:0 
  at (wrapper dynamic-method) EFT.GameWorld.DMD<EFT.GameWorld::DoWorldTick>(EFT.GameWorld,single)
  at EFT.GameWorldUnityTickListener.Update () [0x00031] in <ad47400a25db462cbf0a531df654c3c3>:0 
2026-08-17 22:26:37.679 -04:00|0.16.9.0.40087|Error|Default|NullReferenceException: Object reference not set to an instance of an object
SAIN.SAINComponent.Classes.Mover.SAINMoverClass.WantsPatrolStance () (at <e4b9dce640de4a37a12afe7f4a8674fc>:0)
SAIN.SAINComponent.Classes.Mover.SAINMoverClass.UpdateStance (System.Single time) (at <e4b9dce640de4a37a12afe7f4a8674fc>:0)
SAIN.SAINComponent.Classes.Mover.SAINMoverClass.ManualUpdate () (at <e4b9dce640de4a37a12afe7f4a8674fc>:0)
SAIN.Components.BotComponent.TickClassGroup (System.Collections.Generic.List`1[T] List, System.Single CurrentTime) (at <e4b9dce640de4a37a12afe7f4a8674fc>:0)
SAIN.Components.BotComponent.ManualUpdate (System.Single currentTime, System.Single deltaTime) (at <e4b9dce640de4a37a12afe7f4a8674fc>:0)
SAIN.Components.BotManagerComponent.ManualUpdate (System.Single currentTime, System.Single deltaTime) (at <e4b9dce640de4a37a12afe7f4a8674fc>:0)
SAIN.Components.GameWorldComponent.WorldTick (System.Single deltaTime) (at <e4b9dce640de4a37a12afe7f4a8674fc>:0)
SAIN.Patches.GameWorld.WorldTickPatch.Patch (System.Single dt) (at <e4b9dce640de4a37a12afe7f4a8674fc>:0)
(wrapper dynamic-method) EFT.GameWorld.DMD<EFT.GameWorld::DoWorldTick>(EFT.GameWorld,single)
EFT.GameWorldUnityTickListener.Update () (at <ad47400a25db462cbf0a531df654c3c3>:0)
UnityEngine.DebugLogHandler:LogException(Exception, Object)
Class412:LogException(Exception, Object)
UnityEngine.Debug:CallOverridenDebugHandler(Exception, Object)
 
2026-08-17 22:26:37.701 -04:00|0.16.9.0.40087|Error|Default| 
EXCEPTION: System.NullReferenceException: Object reference not set to an instance of an object
  at SAIN.SAINComponent.Classes.Mover.SAINMoverClass.WantsPatrolStance () [0x0002a] in <e4b9dce640de4a37a12afe7f4a8674fc>:0 
  at SAIN.SAINComponent.Classes.Mover.SAINMoverClass.UpdateStance (System.Single time) [0x00025] in <e4b9dce640de4a37a12afe7f4a8674fc>:0 
  at SAIN.SAINComponent.Classes.Mover.SAINMoverClass.ManualUpdate () [0x00078] in <e4b9dce640de4a37a12afe7f4a8674fc>:0 
  at SAIN.Components.BotComponent.TickClassGroup (System.Collections.Generic.List`1[T] List, System.Single CurrentTime) [0x0000f] in <e4b9dce640de4a37a12afe7f4a8674fc>:0 
  at SAIN.Components.BotComponent.ManualUpdate (System.Single currentTime, System.Single deltaTime) [0x0004b] in <e4b9dce640de4a37a12afe7f4a8674fc>:0 
  at SAIN.Components.BotManagerComponent.ManualUpdate (System.Single currentTime, System.Single deltaTime) [0x00065] in <e4b9dce640de4a37a12afe7f4a8674fc>:0 
  at SAIN.Components.GameWorldComponent.WorldTick (System.Single deltaTime) [0x00014] in <e4b9dce640de4a37a12afe7f4a8674fc>:0 
  at SAIN.Patches.GameWorld.WorldTickPatch.Patch (System.Single dt) [0x0001e] in <e4b9dce640de4a37a12afe7f4a8674fc>:0 
  at (wrapper dynamic-method) EFT.GameWorld.DMD<EFT.GameWorld::DoWorldTick>(EFT.GameWorld,single)
  at EFT.GameWorldUnityTickListener.Update () [0x00031] in <ad47400a25db462cbf0a531df654c3c3>:0 
2026-08-17 22:26:37.701 -04:00|0.16.9.0.40087|Error|Default|NullReferenceException: Object reference not set to an instance of an object
SAIN.SAINComponent.Classes.Mover.SAINMoverClass.WantsPatrolStance () (at <e4b9dce640de4a37a12afe7f4a8674fc>:0)
SAIN.SAINComponent.Classes.Mover.SAINMoverClass.UpdateStance (System.Single time) (at <e4b9dce640de4a37a12afe7f4a8674fc>:0)
SAIN.SAINComponent.Classes.Mover.SAINMoverClass.ManualUpdate () (at <e4b9dce640de4a37a12afe7f4a8674fc>:0)
SAIN.Components.BotComponent.TickClassGroup (System.Collections.Generic.List`1[T] List, System.Single CurrentTime) (at <e4b9dce640de4a37a12afe7f4a8674fc>:0)
SAIN.Components.BotComponent.ManualUpdate (System.Single currentTime, System.Single deltaTime) (at <e4b9dce640de4a37a12afe7f4a8674fc>:0)
SAIN.Components.BotManagerComponent.ManualUpdate (System.Single currentTime, System.Single deltaTime) (at <e4b9dce640de4a37a12afe7f4a8674fc>:0)
SAIN.Components.GameWorldComponent.WorldTick (System.Single deltaTime) (at <e4b9dce640de4a37a12afe7f4a8674fc>:0)
SAIN.Patches.GameWorld.WorldTickPatch.Patch (System.Single dt) (at <e4b9dce640de4a37a12afe7f4a8674fc>:0)
(wrapper dynamic-method) EFT.GameWorld.DMD<EFT.GameWorld::DoWorldTick>(EFT.GameWorld,single)
EFT.GameWorldUnityTickListener.Update () (at <ad47400a25db462cbf0a531df654c3c3>:0)
UnityEngine.DebugLogHandler:LogException(Exception, Object)
Class412:LogException(Exception, Object)
UnityEngine.Debug:CallOverridenDebugHandler(Exception, Object)
 
2026-08-17 22:26:37.709 -04:00|0.16.9.0.40087|Error|Default| 
EXCEPTION: System.NullReferenceException: Object reference not set to an instance of an object
  at SAIN.SAINComponent.Classes.Mover.SAINMoverClass.WantsPatrolStance () [0x0002a] in <e4b9dce640de4a37a12afe7f4a8674fc>:0 
  at SAIN.SAINComponent.Classes.Mover.SAINMoverClass.UpdateStance (System.Single time) [0x00025] in <e4b9dce640de4a37a12afe7f4a8674fc>:0 
  at SAIN.SAINComponent.Classes.Mover.SAINMoverClass.ManualUpdate () [0x00078] in <e4b9dce640de4a37a12afe7f4a8674fc>:0 
  at SAIN.Components.BotComponent.TickClassGroup (System.Collections.Generic.List`1[T] List, System.Single CurrentTime) [0x0000f] in <e4b9dce640de4a37a12afe7f4a8674fc>:0 
  at SAIN.Components.BotComponent.ManualUpdate (System.Single currentTime, System.Single deltaTime) [0x0004b] in <e4b9dce640de4a37a12afe7f4a8674fc>:0 
  at SAIN.Components.BotManagerComponent.ManualUpdate (System.Single currentTime, System.Single deltaTime) [0x00065] in <e4b9dce640de4a37a12afe7f4a8674fc>:0 
  at SAIN.Components.GameWorldComponent.WorldTick (System.Single deltaTime) [0x00014] in <e4b9dce640de4a37a12afe7f4a8674fc>:0 
  at SAIN.Patches.GameWorld.WorldTickPatch.Patch (System.Single dt) [0x0001e] in <e4b9dce640de4a37a12afe7f4a8674fc>:0 
  at (wrapper dynamic-method) EFT.GameWorld.DMD<EFT.GameWorld::DoWorldTick>(EFT.GameWorld,single)
  at EFT.GameWorldUnityTickListener.Update () [0x00031] in <ad47400a25db462cbf0a531df654c3c3>:0 
2026-08-17 22:26:37.709 -04:00|0.16.9.0.40087|Error|Default|NullReferenceException: Object reference not set to an instance of an object
SAIN.SAINComponent.Classes.Mover.SAINMoverClass.WantsPatrolStance () (at <e4b9dce640de4a37a12afe7f4a8674fc>:0)
SAIN.SAINComponent.Classes.Mover.SAINMoverClass.UpdateStance (System.Single time) (at <e4b9dce640de4a37a12afe7f4a8674fc>:0)
SAIN.SAINComponent.Classes.Mover.SAINMoverClass.ManualUpdate () (at <e4b9dce640de4a37a12afe7f4a8674fc>:0)
SAIN.Components.BotComponent.TickClassGroup (System.Collections.Generic.List`1[T] List, System.Single CurrentTime) (at <e4b9dce640de4a37a12afe7f4a8674fc>:0)
SAIN.Components.BotComponent.ManualUpdate (System.Single currentTime, System.Single deltaTime) (at <e4b9dce640de4a37a12afe7f4a8674fc>:0)
SAIN.Components.BotManagerComponent.ManualUpdate (System.Single currentTime, System.Single deltaTime) (at <e4b9dce640de4a37a12afe7f4a8674fc>:0)
SAIN.Components.GameWorldComponent.WorldTick (System.Single deltaTime) (at <e4b9dce640de4a37a12afe7f4a8674fc>:0)
SAIN.Patches.GameWorld.WorldTickPatch.Patch (System.Single dt) (at <e4b9dce640de4a37a12afe7f4a8674fc>:0)
(wrapper dynamic-method) EFT.GameWorld.DMD<EFT.GameWorld::DoWorldTick>(EFT.GameWorld,single)
EFT.GameWorldUnityTickListener.Update () (at <ad47400a25db462cbf0a531df654c3c3>:0)
UnityEngine.DebugLogHandler:LogException(Exception, Object)
Class412:LogException(Exception, Object)
UnityEngine.Debug:CallOverridenDebugHandler(Exception, Object)
 
2026-08-17 22:26:37.930 -04:00|0.16.9.0.40087|Error|Default| 
EXCEPTION: System.NullReferenceException: Object reference not set to an instance of an object
  at SAIN.SAINComponent.Classes.Mover.SAINMoverClass.WantsPatrolStance () [0x0002a] in <e4b9dce640de4a37a12afe7f4a8674fc>:0 
  at SAIN.SAINComponent.Classes.Mover.SAINMoverClass.UpdateStance (System.Single time) [0x00025] in <e4b9dce640de4a37a12afe7f4a8674fc>:0 
  at SAIN.SAINComponent.Classes.Mover.SAINMoverClass.ManualUpdate () [0x00078] in <e4b9dce640de4a37a12afe7f4a8674fc>:0 
  at SAIN.Components.BotComponent.TickClassGroup (System.Collections.Generic.List`1[T] List, System.Single CurrentTime) [0x0000f] in <e4b9dce640de4a37a12afe7f4a8674fc>:0 
  at SAIN.Components.BotComponent.ManualUpdate (System.Single currentTime, System.Single deltaTime) [0x0004b] in <e4b9dce640de4a37a12afe7f4a8674fc>:0 
  at SAIN.Components.BotManagerComponent.ManualUpdate (System.Single currentTime, System.Single deltaTime) [0x00065] in <e4b9dce640de4a37a12afe7f4a8674fc>:0 
  at SAIN.Components.GameWorldComponent.WorldTick (System.Single deltaTime) [0x00014] in <e4b9dce640de4a37a12afe7f4a8674fc>:0 
  at SAIN.Patches.GameWorld.WorldTickPatch.Patch (System.Single dt) [0x0001e] in <e4b9dce640de4a37a12afe7f4a8674fc>:0 
  at (wrapper dynamic-method) EFT.GameWorld.DMD<EFT.GameWorld::DoWorldTick>(EFT.GameWorld,single)
  at EFT.GameWorldUnityTickListener.Update () [0x00031] in <ad47400a25db462cbf0a531df654c3c3>:0 
2026-08-17 22:26:37.930 -04:00|0.16.9.0.40087|Error|Default|NullReferenceException: Object reference not set to an instance of an object
SAIN.SAINComponent.Classes.Mover.SAINMoverClass.WantsPatrolStance () (at <e4b9dce640de4a37a12afe7f4a8674fc>:0)
SAIN.SAINComponent.Classes.Mover.SAINMoverClass.UpdateStance (System.Single time) (at <e4b9dce640de4a37a12afe7f4a8674fc>:0)
SAIN.SAINComponent.Classes.Mover.SAINMoverClass.ManualUpdate () (at <e4b9dce640de4a37a12afe7f4a8674fc>:0)
SAIN.Components.BotComponent.TickClassGroup (System.Collections.Generic.List`1[T] List, System.Single CurrentTime) (at <e4b9dce640de4a37a12afe7f4a8674fc>:0)
SAIN.Components.BotComponent.ManualUpdate (System.Single currentTime, System.Single deltaTime) (at <e4b9dce640de4a37a12afe7f4a8674fc>:0)
SAIN.Components.BotManagerComponent.ManualUpdate (System.Single currentTime, System.Single deltaTime) (at <e4b9dce640de4a37a12afe7f4a8674fc>:0)
SAIN.Components.GameWorldComponent.WorldTick (System.Single deltaTime) (at <e4b9dce640de4a37a12afe7f4a8674fc>:0)
SAIN.Patches.GameWorld.WorldTickPatch.Patch (System.Single dt) (at <e4b9dce640de4a37a12afe7f4a8674fc>:0)
(wrapper dynamic-method) EFT.GameWorld.DMD<EFT.GameWorld::DoWorldTick>(EFT.GameWorld,single)
EFT.GameWorldUnityTickListener.Update () (at <ad47400a25db462cbf0a531df654c3c3>:0)
UnityEngine.DebugLogHandler:LogException(Exception, Object)
Class412:LogException(Exception, Object)
UnityEngine.Debug:CallOverridenDebugHandler(Exception, Object)
 
2026-08-17 22:26:37.944 -04:00|0.16.9.0.40087|Error|Default| 
EXCEPTION: System.NullReferenceException: Object reference not set to an instance of an object
  at SAIN.SAINComponent.Classes.Mover.SAINMoverClass.WantsPatrolStance () [0x0002a] in <e4b9dce640de4a37a12afe7f4a8674fc>:0 
  at SAIN.SAINComponent.Classes.Mover.SAINMoverClass.UpdateStance (System.Single time) [0x00025] in <e4b9dce640de4a37a12afe7f4a8674fc>:0 
  at SAIN.SAINComponent.Classes.Mover.SAINMoverClass.ManualUpdate () [0x00078] in <e4b9dce640de4a37a12afe7f4a8674fc>:0 
  at SAIN.Components.BotComponent.TickClassGroup (System.Collections.Generic.List`1[T] List, System.Single CurrentTime) [0x0000f] in <e4b9dce640de4a37a12afe7f4a8674fc>:0 
  at SAIN.Components.BotComponent.ManualUpdate (System.Single currentTime, System.Single deltaTime) [0x0004b] in <e4b9dce640de4a37a12afe7f4a8674fc>:0 
  at SAIN.Components.BotManagerComponent.ManualUpdate (System.Single currentTime, System.Single deltaTime) [0x00065] in <e4b9dce640de4a37a12afe7f4a8674fc>:0 
  at SAIN.Components.GameWorldComponent.WorldTick (System.Single deltaTime) [0x00014] in <e4b9dce640de4a37a12afe7f4a8674fc>:0 
  at SAIN.Patches.GameWorld.WorldTickPatch.Patch (System.Single dt) [0x0001e] in <e4b9dce640de4a37a12afe7f4a8674fc>:0 
  at (wrapper dynamic-method) EFT.GameWorld.DMD<EFT.GameWorld::DoWorldTick>(EFT.GameWorld,single)
  at EFT.GameWorldUnityTickListener.Update () [0x00031] in <ad47400a25db462cbf0a531df654c3c3>:0 
2026-08-17 22:26:37.944 -04:00|0.16.9.0.40087|Error|Default|NullReferenceException: Object reference not set to an instance of an object
SAIN.SAINComponent.Classes.Mover.SAINMoverClass.WantsPatrolStance () (at <e4b9dce640de4a37a12afe7f4a8674fc>:0)
SAIN.SAINComponent.Classes.Mover.SAINMoverClass.UpdateStance (System.Single time) (at <e4b9dce640de4a37a12afe7f4a8674fc>:0)
SAIN.SAINComponent.Classes.Mover.SAINMoverClass.ManualUpdate () (at <e4b9dce640de4a37a12afe7f4a8674fc>:0)
SAIN.Components.BotComponent.TickClassGroup (System.Collections.Generic.List`1[T] List, System.Single CurrentTime) (at <e4b9dce640de4a37a12afe7f4a8674fc>:0)
SAIN.Components.BotComponent.ManualUpdate (System.Single currentTime, System.Single deltaTime) (at <e4b9dce640de4a37a12afe7f4a8674fc>:0)
SAIN.Components.BotManagerComponent.ManualUpdate (System.Single currentTime, System.Single deltaTime) (at <e4b9dce640de4a37a12afe7f4a8674fc>:0)
SAIN.Components.GameWorldComponent.WorldTick (System.Single deltaTime) (at <e4b9dce640de4a37a12afe7f4a8674fc>:0)
SAIN.Patches.GameWorld.WorldTickPatch.Patch (System.Single dt) (at <e4b9dce640de4a37a12afe7f4a8674fc>:0)
(wrapper dynamic-method) EFT.GameWorld.DMD<EFT.GameWorld::DoWorldTick>(EFT.GameWorld,single)
EFT.GameWorldUnityTickListener.Update () (at <ad47400a25db462cbf0a531df654c3c3>:0)
UnityEngine.DebugLogHandler:LogException(Exception, Object)
Class412:LogException(Exception, Object)
UnityEngine.Debug:CallOverridenDebugHandler(Exception, Object)
 
2026-08-17 22:26:37.958 -04:00|0.16.9.0.40087|Error|Default| 
EXCEPTION: System.NullReferenceException: Object reference not set to an instance of an object
  at SAIN.SAINComponent.Classes.Mover.SAINMoverClass.WantsPatrolStance () [0x0002a] in <e4b9dce640de4a37a12afe7f4a8674fc>:0 
  at SAIN.SAINComponent.Classes.Mover.SAINMoverClass.UpdateStance (System.Single time) [0x00025] in <e4b9dce640de4a37a12afe7f4a8674fc>:0 
  at SAIN.SAINComponent.Classes.Mover.SAINMoverClass.ManualUpdate () [0x00078] in <e4b9dce640de4a37a12afe7f4a8674fc>:0 
  at SAIN.Components.BotComponent.TickClassGroup (System.Collections.Generic.List`1[T] List, System.Single CurrentTime) [0x0000f] in <e4b9dce640de4a37a12afe7f4a8674fc>:0 
  at SAIN.Components.BotComponent.ManualUpdate (System.Single currentTime, System.Single deltaTime) [0x0004b] in <e4b9dce640de4a37a12afe7f4a8674fc>:0 
  at SAIN.Components.BotManagerComponent.ManualUpdate (System.Single currentTime, System.Single deltaTime) [0x00065] in <e4b9dce640de4a37a12afe7f4a8674fc>:0 
  at SAIN.Components.GameWorldComponent.WorldTick (System.Single deltaTime) [0x00014] in <e4b9dce640de4a37a12afe7f4a8674fc>:0 
  at SAIN.Patches.GameWorld.WorldTickPatch.Patch (System.Single dt) [0x0001e] in <e4b9dce640de4a37a12afe7f4a8674fc>:0 
  at (wrapper dynamic-method) EFT.GameWorld.DMD<EFT.GameWorld::DoWorldTick>(EFT.GameWorld,single)
  at EFT.GameWorldUnityTickListener.Update () [0x00031] in <ad47400a25db462cbf0a531df654c3c3>:0 
2026-08-17 22:26:37.958 -04:00|0.16.9.0.40087|Error|Default|NullReferenceException: Object reference not set to an instance of an object
SAIN.SAINComponent.Classes.Mover.SAINMoverClass.WantsPatrolStance () (at <e4b9dce640de4a37a12afe7f4a8674fc>:0)
SAIN.SAINComponent.Classes.Mover.SAINMoverClass.UpdateStance (System.Single time) (at <e4b9dce640de4a37a12afe7f4a8674fc>:0)
SAIN.SAINComponent.Classes.Mover.SAINMoverClass.ManualUpdate () (at <e4b9dce640de4a37a12afe7f4a8674fc>:0)
SAIN.Components.BotComponent.TickClassGroup (System.Collections.Generic.List`1[T] List, System.Single CurrentTime) (at <e4b9dce640de4a37a12afe7f4a8674fc>:0)
SAIN.Components.BotComponent.ManualUpdate (System.Single currentTime, System.Single deltaTime) (at <e4b9dce640de4a37a12afe7f4a8674fc>:0)
SAIN.Components.BotManagerComponent.ManualUpdate (System.Single currentTime, System.Single deltaTime) (at <e4b9dce640de4a37a12afe7f4a8674fc>:0)
SAIN.Components.GameWorldComponent.WorldTick (System.Single deltaTime) (at <e4b9dce640de4a37a12afe7f4a8674fc>:0)
SAIN.Patches.GameWorld.WorldTickPatch.Patch (System.Single dt) (at <e4b9dce640de4a37a12afe7f4a8674fc>:0)
(wrapper dynamic-method) EFT.GameWorld.DMD<EFT.GameWorld::DoWorldTick>(EFT.GameWorld,single)
EFT.GameWorldUnityTickListener.Update () (at <ad47400a25db462cbf0a531df654c3c3>:0)
UnityEngine.DebugLogHandler:LogException(Exception, Object)
Class412:LogException(Exception, Object)
UnityEngine.Debug:CallOverridenDebugHandler(Exception, Object)
 
2026-08-17 22:26:37.958 -04:00|0.16.9.0.40087|Error|Default| 
EXCEPTION: System.NullReferenceException: Object reference not set to an instance of an object
  at SAIN.SAINComponent.Classes.Mover.SAINMoverClass.WantsPatrolStance () [0x0002a] in <e4b9dce640de4a37a12afe7f4a8674fc>:0 
  at SAIN.SAINComponent.Classes.Mover.SAINMoverClass.UpdateStance (System.Single time) [0x00025] in <e4b9dce640de4a37a12afe7f4a8674fc>:0 
  at SAIN.SAINComponent.Classes.Mover.SAINMoverClass.ManualUpdate () [0x00078] in <e4b9dce640de4a37a12afe7f4a8674fc>:0 
  at SAIN.Components.BotComponent.TickClassGroup (System.Collections.Generic.List`1[T] List, System.Single CurrentTime) [0x0000f] in <e4b9dce640de4a37a12afe7f4a8674fc>:0 
  at SAIN.Components.BotComponent.ManualUpdate (System.Single currentTime, System.Single deltaTime) [0x0004b] in <e4b9dce640de4a37a12afe7f4a8674fc>:0 
  at SAIN.Components.BotManagerComponent.ManualUpdate (System.Single currentTime, System.Single deltaTime) [0x00065] in <e4b9dce640de4a37a12afe7f4a8674fc>:0 
  at SAIN.Components.GameWorldComponent.WorldTick (System.Single deltaTime) [0x00014] in <e4b9dce640de4a37a12afe7f4a8674fc>:0 
  at SAIN.Patches.GameWorld.WorldTickPatch.Patch (System.Single dt) [0x0001e] in <e4b9dce640de4a37a12afe7f4a8674fc>:0 
  at (wrapper dynamic-method) EFT.GameWorld.DMD<EFT.GameWorld::DoWorldTick>(EFT.GameWorld,single)
  at EFT.GameWorldUnityTickListener.Update () [0x00031] in <ad47400a25db462cbf0a531df654c3c3>:0 
2026-08-17 22:26:37.958 -04:00|0.16.9.0.40087|Error|Default|NullReferenceException: Object reference not set to an instance of an object
SAIN.SAINComponent.Classes.Mover.SAINMoverClass.WantsPatrolStance () (at <e4b9dce640de4a37a12afe7f4a8674fc>:0)
SAIN.SAINComponent.Classes.Mover.SAINMoverClass.UpdateStance (System.Single time) (at <e4b9dce640de4a37a12afe7f4a8674fc>:0)
SAIN.SAINComponent.Classes.Mover.SAINMoverClass.ManualUpdate () (at <e4b9dce640de4a37a12afe7f4a8674fc>:0)
SAIN.Components.BotComponent.TickClassGroup (System.Collections.Generic.List`1[T] List, System.Single CurrentTime) (at <e4b9dce640de4a37a12afe7f4a8674fc>:0)
SAIN.Components.BotComponent.ManualUpdate (System.Single currentTime, System.Single deltaTime) (at <e4b9dce640de4a37a12afe7f4a8674fc>:0)
SAIN.Components.BotManagerComponent.ManualUpdate (System.Single currentTime, System.Single deltaTime) (at <e4b9dce640de4a37a12afe7f4a8674fc>:0)
SAIN.Components.GameWorldComponent.WorldTick (System.Single deltaTime) (at <e4b9dce640de4a37a12afe7f4a8674fc>:0)
SAIN.Patches.GameWorld.WorldTickPatch.Patch (System.Single dt) (at <e4b9dce640de4a37a12afe7f4a8674fc>:0)
(wrapper dynamic-method) EFT.GameWorld.DMD<EFT.GameWorld::DoWorldTick>(EFT.GameWorld,single)
EFT.GameWorldUnityTickListener.Update () (at <ad47400a25db462cbf0a531df654c3c3>:0)
UnityEngine.DebugLogHandler:LogException(Exception, Object)
Class412:LogException(Exception, Object)
UnityEngine.Debug:CallOverridenDebugHandler(Exception, Object)
 
2026-08-17 22:26:38.181 -04:00|0.16.9.0.40087|Error|Default| 
EXCEPTION: System.NullReferenceException: Object reference not set to an instance of an object
  at SAIN.SAINComponent.Classes.Mover.SAINMoverClass.WantsPatrolStance () [0x0002a] in <e4b9dce640de4a37a12afe7f4a8674fc>:0 
  at SAIN.SAINComponent.Classes.Mover.SAINMoverClass.UpdateStance (System.Single time) [0x00025] in <e4b9dce640de4a37a12afe7f4a8674fc>:0 
  at SAIN.SAINComponent.Classes.Mover.SAINMoverClass.ManualUpdate () [0x00078] in <e4b9dce640de4a37a12afe7f4a8674fc>:0 
  at SAIN.Components.BotComponent.TickClassGroup (System.Collections.Generic.List`1[T] List, System.Single CurrentTime) [0x0000f] in <e4b9dce640de4a37a12afe7f4a8674fc>:0 
  at SAIN.Components.BotComponent.ManualUpdate (System.Single currentTime, System.Single deltaTime) [0x0004b] in <e4b9dce640de4a37a12afe7f4a8674fc>:0 
  at SAIN.Components.BotManagerComponent.ManualUpdate (System.Single currentTime, System.Single deltaTime) [0x00065] in <e4b9dce640de4a37a12afe7f4a8674fc>:0 
  at SAIN.Components.GameWorldComponent.WorldTick (System.Single deltaTime) [0x00014] in <e4b9dce640de4a37a12afe7f4a8674fc>:0 
  at SAIN.Patches.GameWorld.WorldTickPatch.Patch (System.Single dt) [0x0001e] in <e4b9dce640de4a37a12afe7f4a8674fc>:0 
  at (wrapper dynamic-method) EFT.GameWorld.DMD<EFT.GameWorld::DoWorldTick>(EFT.GameWorld,single)
  at EFT.GameWorldUnityTickListener.Update () [0x00031] in <ad47400a25db462cbf0a531df654c3c3>:0 
2026-08-17 22:26:38.181 -04:00|0.16.9.0.40087|Error|Default|NullReferenceException: Object reference not set to an instance of an object
SAIN.SAINComponent.Classes.Mover.SAINMoverClass.WantsPatrolStance () (at <e4b9dce640de4a37a12afe7f4a8674fc>:0)
SAIN.SAINComponent.Classes.Mover.SAINMoverClass.UpdateStance (System.Single time) (at <e4b9dce640de4a37a12afe7f4a8674fc>:0)
SAIN.SAINComponent.Classes.Mover.SAINMoverClass.ManualUpdate () (at <e4b9dce640de4a37a12afe7f4a8674fc>:0)
SAIN.Components.BotComponent.TickClassGroup (System.Collections.Generic.List`1[T] List, System.Single CurrentTime) (at <e4b9dce640de4a37a12afe7f4a8674fc>:0)
SAIN.Components.BotComponent.ManualUpdate (System.Single currentTime, System.Single deltaTime) (at <e4b9dce640de4a37a12afe7f4a8674fc>:0)
SAIN.Components.BotManagerComponent.ManualUpdate (System.Single currentTime, System.Single deltaTime) (at <e4b9dce640de4a37a12afe7f4a8674fc>:0)
SAIN.Components.GameWorldComponent.WorldTick (System.Single deltaTime) (at <e4b9dce640de4a37a12afe7f4a8674fc>:0)
SAIN.Patches.GameWorld.WorldTickPatch.Patch (System.Single dt) (at <e4b9dce640de4a37a12afe7f4a8674fc>:0)
(wrapper dynamic-method) EFT.GameWorld.DMD<EFT.GameWorld::DoWorldTick>(EFT.GameWorld,single)
EFT.GameWorldUnityTickListener.Update () (at <ad47400a25db462cbf0a531df654c3c3>:0)
UnityEngine.DebugLogHandler:LogException(Exception, Object)
Class412:LogException(Exception, Object)
UnityEngine.Debug:CallOverridenDebugHandler(Exception, Object)
 
2026-08-17 22:26:38.195 -04:00|0.16.9.0.40087|Error|Default| 
EXCEPTION: System.NullReferenceException: Object reference not set to an instance of an object
  at SAIN.SAINComponent.Classes.Mover.SAINMoverClass.WantsPatrolStance () [0x0002a] in <e4b9dce640de4a37a12afe7f4a8674fc>:0 
  at SAIN.SAINComponent.Classes.Mover.SAINMoverClass.UpdateStance (System.Single time) [0x00025] in <e4b9dce640de4a37a12afe7f4a8674fc>:0 
  at SAIN.SAINComponent.Classes.Mover.SAINMoverClass.ManualUpdate () [0x00078] in <e4b9dce640de4a37a12afe7f4a8674fc>:0 
  at SAIN.Components.BotComponent.TickClassGroup (System.Collections.Generic.List`1[T] List, System.Single CurrentTime) [0x0000f] in <e4b9dce640de4a37a12afe7f4a8674fc>:0 
  at SAIN.Components.BotComponent.ManualUpdate (System.Single currentTime, System.Single deltaTime) [0x0004b] in <e4b9dce640de4a37a12afe7f4a8674fc>:0 
  at SAIN.Components.BotManagerComponent.ManualUpdate (System.Single currentTime, System.Single deltaTime) [0x00065] in <e4b9dce640de4a37a12afe7f4a8674fc>:0 
  at SAIN.Components.GameWorldComponent.WorldTick (System.Single deltaTime) [0x00014] in <e4b9dce640de4a37a12afe7f4a8674fc>:0 
  at SAIN.Patches.GameWorld.WorldTickPatch.Patch (System.Single dt) [0x0001e] in <e4b9dce640de4a37a12afe7f4a8674fc>:0 
  at (wrapper dynamic-method) EFT.GameWorld.DMD<EFT.GameWorld::DoWorldTick>(EFT.GameWorld,single)
  at EFT.GameWorldUnityTickListener.Update () [0x00031] in <ad47400a25db462cbf0a531df654c3c3>:0 
2026-08-17 22:26:38.195 -04:00|0.16.9.0.40087|Error|Default|NullReferenceException: Object reference not set to an instance of an object
SAIN.SAINComponent.Classes.Mover.SAINMoverClass.WantsPatrolStance () (at <e4b9dce640de4a37a12afe7f4a8674fc>:0)
SAIN.SAINComponent.Classes.Mover.SAINMoverClass.UpdateStance (System.Single time) (at <e4b9dce640de4a37a12afe7f4a8674fc>:0)
SAIN.SAINComponent.Classes.Mover.SAINMoverClass.ManualUpdate () (at <e4b9dce640de4a37a12afe7f4a8674fc>:0)
SAIN.Components.BotComponent.TickClassGroup (System.Collections.Generic.List`1[T] List, System.Single CurrentTime) (at <e4b9dce640de4a37a12afe7f4a8674fc>:0)
SAIN.Components.BotComponent.ManualUpdate (System.Single currentTime, System.Single deltaTime) (at <e4b9dce640de4a37a12afe7f4a8674fc>:0)
SAIN.Components.BotManagerComponent.ManualUpdate (System.Single currentTime, System.Single deltaTime) (at <e4b9dce640de4a37a12afe7f4a8674fc>:0)
SAIN.Components.GameWorldComponent.WorldTick (System.Single deltaTime) (at <e4b9dce640de4a37a12afe7f4a8674fc>:0)
SAIN.Patches.GameWorld.WorldTickPatch.Patch (System.Single dt) (at <e4b9dce640de4a37a12afe7f4a8674fc>:0)
(wrapper dynamic-method) EFT.GameWorld.DMD<EFT.GameWorld::DoWorldTick>(EFT.GameWorld,single)
EFT.GameWorldUnityTickListener.Update () (at <ad47400a25db462cbf0a531df654c3c3>:0)
UnityEngine.DebugLogHandler:LogException(Exception, Object)
Class412:LogException(Exception, Object)
UnityEngine.Debug:CallOverridenDebugHandler(Exception, Object)
 
2026-08-17 22:26:38.209 -04:00|0.16.9.0.40087|Error|Default| 
EXCEPTION: System.NullReferenceException: Object reference not set to an instance of an object
  at SAIN.SAINComponent.Classes.Mover.SAINMoverClass.WantsPatrolStance () [0x0002a] in <e4b9dce640de4a37a12afe7f4a8674fc>:0 
  at SAIN.SAINComponent.Classes.Mover.SAINMoverClass.UpdateStance (System.Single time) [0x00025] in <e4b9dce640de4a37a12afe7f4a8674fc>:0 
  at SAIN.SAINComponent.Classes.Mover.SAINMoverClass.ManualUpdate () [0x00078] in <e4b9dce640de4a37a12afe7f4a8674fc>:0 
  at SAIN.Components.BotComponent.TickClassGroup (System.Collections.Generic.List`1[T] List, System.Single CurrentTime) [0x0000f] in <e4b9dce640de4a37a12afe7f4a8674fc>:0 
  at SAIN.Components.BotComponent.ManualUpdate (System.Single currentTime, System.Single deltaTime) [0x0004b] in <e4b9dce640de4a37a12afe7f4a8674fc>:0 
  at SAIN.Components.BotManagerComponent.ManualUpdate (System.Single currentTime, System.Single deltaTime) [0x00065] in <e4b9dce640de4a37a12afe7f4a8674fc>:0 
  at SAIN.Components.GameWorldComponent.WorldTick (System.Single deltaTime) [0x00014] in <e4b9dce640de4a37a12afe7f4a8674fc>:0 
  at SAIN.Patches.GameWorld.WorldTickPatch.Patch (System.Single dt) [0x0001e] in <e4b9dce640de4a37a12afe7f4a8674fc>:0 
  at (wrapper dynamic-method) EFT.GameWorld.DMD<EFT.GameWorld::DoWorldTick>(EFT.GameWorld,single)
  at EFT.GameWorldUnityTickListener.Update () [0x00031] in <ad47400a25db462cbf0a531df654c3c3>:0 
2026-08-17 22:26:38.209 -04:00|0.16.9.0.40087|Error|Default|NullReferenceException: Object reference not set to an instance of an object
SAIN.SAINComponent.Classes.Mover.SAINMoverClass.WantsPatrolStance () (at <e4b9dce640de4a37a12afe7f4a8674fc>:0)
SAIN.SAINComponent.Classes.Mover.SAINMoverClass.UpdateStance (System.Single time) (at <e4b9dce640de4a37a12afe7f4a8674fc>:0)
SAIN.SAINComponent.Classes.Mover.SAINMoverClass.ManualUpdate () (at <e4b9dce640de4a37a12afe7f4a8674fc>:0)
SAIN.Components.BotComponent.TickClassGroup (System.Collections.Generic.List`1[T] List, System.Single CurrentTime) (at <e4b9dce640de4a37a12afe7f4a8674fc>:0)
SAIN.Components.BotComponent.ManualUpdate (System.Single currentTime, System.Single deltaTime) (at <e4b9dce640de4a37a12afe7f4a8674fc>:0)
SAIN.Components.BotManagerComponent.ManualUpdate (System.Single currentTime, System.Single deltaTime) (at <e4b9dce640de4a37a12afe7f4a8674fc>:0)
SAIN.Components.GameWorldComponent.WorldTick (System.Single deltaTime) (at <e4b9dce640de4a37a12afe7f4a8674fc>:0)
SAIN.Patches.GameWorld.WorldTickPatch.Patch (System.Single dt) (at <e4b9dce640de4a37a12afe7f4a8674fc>:0)
(wrapper dynamic-method) EFT.GameWorld.DMD<EFT.GameWorld::DoWorldTick>(EFT.GameWorld,single)
EFT.GameWorldUnityTickListener.Update () (at <ad47400a25db462cbf0a531df654c3c3>:0)
UnityEngine.DebugLogHandler:LogException(Exception, Object)
Class412:LogException(Exception, Object)
UnityEngine.Debug:CallOverridenDebugHandler(Exception, Object)
 
2026-08-17 22:26:38.209 -04:00|0.16.9.0.40087|Error|Default| 
EXCEPTION: System.NullReferenceException: Object reference not set to an instance of an object
  at SAIN.SAINComponent.Classes.Mover.SAINMoverClass.WantsPatrolStance () [0x0002a] in <e4b9dce640de4a37a12afe7f4a8674fc>:0 
  at SAIN.SAINComponent.Classes.Mover.SAINMoverClass.UpdateStance (System.Single time) [0x00025] in <e4b9dce640de4a37a12afe7f4a8674fc>:0 
  at SAIN.SAINComponent.Classes.Mover.SAINMoverClass.ManualUpdate () [0x00078] in <e4b9dce640de4a37a12afe7f4a8674fc>:0 
  at SAIN.Components.BotComponent.TickClassGroup (System.Collections.Generic.List`1[T] List, System.Single CurrentTime) [0x0000f] in <e4b9dce640de4a37a12afe7f4a8674fc>:0 
  at SAIN.Components.BotComponent.ManualUpdate (System.Single currentTime, System.Single deltaTime) [0x0004b] in <e4b9dce640de4a37a12afe7f4a8674fc>:0 
  at SAIN.Components.BotManagerComponent.ManualUpdate (System.Single currentTime, System.Single deltaTime) [0x00065] in <e4b9dce640de4a37a12afe7f4a8674fc>:0 
  at SAIN.Components.GameWorldComponent.WorldTick (System.Single deltaTime) [0x00014] in <e4b9dce640de4a37a12afe7f4a8674fc>:0 
  at SAIN.Patches.GameWorld.WorldTickPatch.Patch (System.Single dt) [0x0001e] in <e4b9dce640de4a37a12afe7f4a8674fc>:0 
  at (wrapper dynamic-method) EFT.GameWorld.DMD<EFT.GameWorld::DoWorldTick>(EFT.GameWorld,single)
  at EFT.GameWorldUnityTickListener.Update () [0x00031] in <ad47400a25db462cbf0a531df654c3c3>:0 
2026-08-17 22:26:38.209 -04:00|0.16.9.0.40087|Error|Default|NullReferenceException: Object reference not set to an instance of an object
SAIN.SAINComponent.Classes.Mover.SAINMoverClass.WantsPatrolStance () (at <e4b9dce640de4a37a12afe7f4a8674fc>:0)
SAIN.SAINComponent.Classes.Mover.SAINMoverClass.UpdateStance (System.Single time) (at <e4b9dce640de4a37a12afe7f4a8674fc>:0)
SAIN.SAINComponent.Classes.Mover.SAINMoverClass.ManualUpdate () (at <e4b9dce640de4a37a12afe7f4a8674fc>:0)
SAIN.Components.BotComponent.TickClassGroup (System.Collections.Generic.List`1[T] List, System.Single CurrentTime) (at <e4b9dce640de4a37a12afe7f4a8674fc>:0)
SAIN.Components.BotComponent.ManualUpdate (System.Single currentTime, System.Single deltaTime) (at <e4b9dce640de4a37a12afe7f4a8674fc>:0)
SAIN.Components.BotManagerComponent.ManualUpdate (System.Single currentTime, System.Single deltaTime) (at <e4b9dce640de4a37a12afe7f4a8674fc>:0)
SAIN.Components.GameWorldComponent.WorldTick (System.Single deltaTime) (at <e4b9dce640de4a37a12afe7f4a8674fc>:0)
SAIN.Patches.GameWorld.WorldTickPatch.Patch (System.Single dt) (at <e4b9dce640de4a37a12afe7f4a8674fc>:0)
(wrapper dynamic-method) EFT.GameWorld.DMD<EFT.GameWorld::DoWorldTick>(EFT.GameWorld,single)
EFT.GameWorldUnityTickListener.Update () (at <ad47400a25db462cbf0a531df654c3c3>:0)
UnityEngine.DebugLogHandler:LogException(Exception, Object)
Class412:LogException(Exception, Object)
UnityEngine.Debug:CallOverridenDebugHandler(Exception, Object)
 
2026-08-17 22:26:38.436 -04:00|0.16.9.0.40087|Error|Default| 
EXCEPTION: System.NullReferenceException: Object reference not set to an instance of an object
  at SAIN.SAINComponent.Classes.Mover.SAINMoverClass.WantsPatrolStance () [0x0002a] in <e4b9dce640de4a37a12afe7f4a8674fc>:0 
  at SAIN.SAINComponent.Classes.Mover.SAINMoverClass.UpdateStance (System.Single time) [0x00025] in <e4b9dce640de4a37a12afe7f4a8674fc>:0 
  at SAIN.SAINComponent.Classes.Mover.SAINMoverClass.ManualUpdate () [0x00078] in <e4b9dce640de4a37a12afe7f4a8674fc>:0 
  at SAIN.Components.BotComponent.TickClassGroup (System.Collections.Generic.List`1[T] List, System.Single CurrentTime) [0x0000f] in <e4b9dce640de4a37a12afe7f4a8674fc>:0 
  at SAIN.Components.BotComponent.ManualUpdate (System.Single currentTime, System.Single deltaTime) [0x0004b] in <e4b9dce640de4a37a12afe7f4a8674fc>:0 
  at SAIN.Components.BotManagerComponent.ManualUpdate (System.Single currentTime, System.Single deltaTime) [0x00065] in <e4b9dce640de4a37a12afe7f4a8674fc>:0 
  at SAIN.Components.GameWorldComponent.WorldTick (System.Single deltaTime) [0x00014] in <e4b9dce640de4a37a12afe7f4a8674fc>:0 
  at SAIN.Patches.GameWorld.WorldTickPatch.Patch (System.Single dt) [0x0001e] in <e4b9dce640de4a37a12afe7f4a8674fc>:0 
  at (wrapper dynamic-method) EFT.GameWorld.DMD<EFT.GameWorld::DoWorldTick>(EFT.GameWorld,single)
  at EFT.GameWorldUnityTickListener.Update () [0x00031] in <ad47400a25db462cbf0a531df654c3c3>:0 
2026-08-17 22:26:38.436 -04:00|0.16.9.0.40087|Error|Default|NullReferenceException: Object reference not set to an instance of an object
SAIN.SAINComponent.Classes.Mover.SAINMoverClass.WantsPatrolStance () (at <e4b9dce640de4a37a12afe7f4a8674fc>:0)
SAIN.SAINComponent.Classes.Mover.SAINMoverClass.UpdateStance (System.Single time) (at <e4b9dce640de4a37a12afe7f4a8674fc>:0)
SAIN.SAINComponent.Classes.Mover.SAINMoverClass.ManualUpdate () (at <e4b9dce640de4a37a12afe7f4a8674fc>:0)
SAIN.Components.BotComponent.TickClassGroup (System.Collections.Generic.List`1[T] List, System.Single CurrentTime) (at <e4b9dce640de4a37a12afe7f4a8674fc>:0)
SAIN.Components.BotComponent.ManualUpdate (System.Single currentTime, System.Single deltaTime) (at <e4b9dce640de4a37a12afe7f4a8674fc>:0)
SAIN.Components.BotManagerComponent.ManualUpdate (System.Single currentTime, System.Single deltaTime) (at <e4b9dce640de4a37a12afe7f4a8674fc>:0)
SAIN.Components.GameWorldComponent.WorldTick (System.Single deltaTime) (at <e4b9dce640de4a37a12afe7f4a8674fc>:0)
SAIN.Patches.GameWorld.WorldTickPatch.Patch (System.Single dt) (at <e4b9dce640de4a37a12afe7f4a8674fc>:0)
(wrapper dynamic-method) EFT.GameWorld.DMD<EFT.GameWorld::DoWorldTick>(EFT.GameWorld,single)
EFT.GameWorldUnityTickListener.Update () (at <ad47400a25db462cbf0a531df654c3c3>:0)
UnityEngine.DebugLogHandler:LogException(Exception, Object)
Class412:LogException(Exception, Object)
UnityEngine.Debug:CallOverridenDebugHandler(Exception, Object)
 
2026-08-17 22:26:38.448 -04:00|0.16.9.0.40087|Error|Default| 
EXCEPTION: System.NullReferenceException: Object reference not set to an instance of an object
  at SAIN.SAINComponent.Classes.Mover.SAINMoverClass.WantsPatrolStance () [0x0002a] in <e4b9dce640de4a37a12afe7f4a8674fc>:0 
  at SAIN.SAINComponent.Classes.Mover.SAINMoverClass.UpdateStance (System.Single time) [0x00025] in <e4b9dce640de4a37a12afe7f4a8674fc>:0 
  at SAIN.SAINComponent.Classes.Mover.SAINMoverClass.ManualUpdate () [0x00078] in <e4b9dce640de4a37a12afe7f4a8674fc>:0 
  at SAIN.Components.BotComponent.TickClassGroup (System.Collections.Generic.List`1[T] List, System.Single CurrentTime) [0x0000f] in <e4b9dce640de4a37a12afe7f4a8674fc>:0 
  at SAIN.Components.BotComponent.ManualUpdate (System.Single currentTime, System.Single deltaTime) [0x0004b] in <e4b9dce640de4a37a12afe7f4a8674fc>:0 
  at SAIN.Components.BotManagerComponent.ManualUpdate (System.Single currentTime, System.Single deltaTime) [0x00065] in <e4b9dce640de4a37a12afe7f4a8674fc>:0 
  at SAIN.Components.GameWorldComponent.WorldTick (System.Single deltaTime) [0x00014] in <e4b9dce640de4a37a12afe7f4a8674fc>:0 
  at SAIN.Patches.GameWorld.WorldTickPatch.Patch (System.Single dt) [0x0001e] in <e4b9dce640de4a37a12afe7f4a8674fc>:0 
  at (wrapper dynamic-method) EFT.GameWorld.DMD<EFT.GameWorld::DoWorldTick>(EFT.GameWorld,single)
  at EFT.GameWorldUnityTickListener.Update () [0x00031] in <ad47400a25db462cbf0a531df654c3c3>:0 
2026-08-17 22:26:38.448 -04:00|0.16.9.0.40087|Error|Default|NullReferenceException: Object reference not set to an instance of an object
SAIN.SAINComponent.Classes.Mover.SAINMoverClass.WantsPatrolStance () (at <e4b9dce640de4a37a12afe7f4a8674fc>:0)
SAIN.SAINComponent.Classes.Mover.SAINMoverClass.UpdateStance (System.Single time) (at <e4b9dce640de4a37a12afe7f4a8674fc>:0)
SAIN.SAINComponent.Classes.Mover.SAINMoverClass.ManualUpdate () (at <e4b9dce640de4a37a12afe7f4a8674fc>:0)
SAIN.Components.BotComponent.TickClassGroup (System.Collections.Generic.List`1[T] List, System.Single CurrentTime) (at <e4b9dce640de4a37a12afe7f4a8674fc>:0)
SAIN.Components.BotComponent.ManualUpdate (System.Single currentTime, System.Single deltaTime) (at <e4b9dce640de4a37a12afe7f4a8674fc>:0)
SAIN.Components.BotManagerComponent.ManualUpdate (System.Single currentTime, System.Single deltaTime) (at <e4b9dce640de4a37a12afe7f4a8674fc>:0)
SAIN.Components.GameWorldComponent.WorldTick (System.Single deltaTime) (at <e4b9dce640de4a37a12afe7f4a8674fc>:0)
SAIN.Patches.GameWorld.WorldTickPatch.Patch (System.Single dt) (at <e4b9dce640de4a37a12afe7f4a8674fc>:0)
(wrapper dynamic-method) EFT.GameWorld.DMD<EFT.GameWorld::DoWorldTick>(EFT.GameWorld,single)
EFT.GameWorldUnityTickListener.Update () (at <ad47400a25db462cbf0a531df654c3c3>:0)
UnityEngine.DebugLogHandler:LogException(Exception, Object)
Class412:LogException(Exception, Object)
UnityEngine.Debug:CallOverridenDebugHandler(Exception, Object)
 
2026-08-17 22:26:38.463 -04:00|0.16.9.0.40087|Error|Default| 
EXCEPTION: System.NullReferenceException: Object reference not set to an instance of an object
  at SAIN.SAINComponent.Classes.Mover.SAINMoverClass.WantsPatrolStance () [0x0002a] in <e4b9dce640de4a37a12afe7f4a8674fc>:0 
  at SAIN.SAINComponent.Classes.Mover.SAINMoverClass.UpdateStance (System.Single time) [0x00025] in <e4b9dce640de4a37a12afe7f4a8674fc>:0 
  at SAIN.SAINComponent.Classes.Mover.SAINMoverClass.ManualUpdate () [0x00078] in <e4b9dce640de4a37a12afe7f4a8674fc>:0 
  at SAIN.Components.BotComponent.TickClassGroup (System.Collections.Generic.List`1[T] List, System.Single CurrentTime) [0x0000f] in <e4b9dce640de4a37a12afe7f4a8674fc>:0 
  at SAIN.Components.BotComponent.ManualUpdate (System.Single currentTime, System.Single deltaTime) [0x0004b] in <e4b9dce640de4a37a12afe7f4a8674fc>:0 
  at SAIN.Components.BotManagerComponent.ManualUpdate (System.Single currentTime, System.Single deltaTime) [0x00065] in <e4b9dce640de4a37a12afe7f4a8674fc>:0 
  at SAIN.Components.GameWorldComponent.WorldTick (System.Single deltaTime) [0x00014] in <e4b9dce640de4a37a12afe7f4a8674fc>:0 
  at SAIN.Patches.GameWorld.WorldTickPatch.Patch (System.Single dt) [0x0001e] in <e4b9dce640de4a37a12afe7f4a8674fc>:0 
  at (wrapper dynamic-method) EFT.GameWorld.DMD<EFT.GameWorld::DoWorldTick>(EFT.GameWorld,single)
  at EFT.GameWorldUnityTickListener.Update () [0x00031] in <ad47400a25db462cbf0a531df654c3c3>:0 
2026-08-17 22:26:38.463 -04:00|0.16.9.0.40087|Error|Default|NullReferenceException: Object reference not set to an instance of an object
SAIN.SAINComponent.Classes.Mover.SAINMoverClass.WantsPatrolStance () (at <e4b9dce640de4a37a12afe7f4a8674fc>:0)
SAIN.SAINComponent.Classes.Mover.SAINMoverClass.UpdateStance (System.Single time) (at <e4b9dce640de4a37a12afe7f4a8674fc>:0)
SAIN.SAINComponent.Classes.Mover.SAINMoverClass.ManualUpdate () (at <e4b9dce640de4a37a12afe7f4a8674fc>:0)
SAIN.Components.BotComponent.TickClassGroup (System.Collections.Generic.List`1[T] List, System.Single CurrentTime) (at <e4b9dce640de4a37a12afe7f4a8674fc>:0)
SAIN.Components.BotComponent.ManualUpdate (System.Single currentTime, System.Single deltaTime) (at <e4b9dce640de4a37a12afe7f4a8674fc>:0)
SAIN.Components.BotManagerComponent.ManualUpdate (System.Single currentTime, System.Single deltaTime) (at <e4b9dce640de4a37a12afe7f4a8674fc>:0)
SAIN.Components.GameWorldComponent.WorldTick (System.Single deltaTime) (at <e4b9dce640de4a37a12afe7f4a8674fc>:0)
SAIN.Patches.GameWorld.WorldTickPatch.Patch (System.Single dt) (at <e4b9dce640de4a37a12afe7f4a8674fc>:0)
(wrapper dynamic-method) EFT.GameWorld.DMD<EFT.GameWorld::DoWorldTick>(EFT.GameWorld,single)
EFT.GameWorldUnityTickListener.Update () (at <ad47400a25db462cbf0a531df654c3c3>:0)
UnityEngine.DebugLogHandler:LogException(Exception, Object)
Class412:LogException(Exception, Object)
UnityEngine.Debug:CallOverridenDebugHandler(Exception, Object)
 
2026-08-17 22:26:38.463 -04:00|0.16.9.0.40087|Error|Default| 
EXCEPTION: System.NullReferenceException: Object reference not set to an instance of an object
  at SAIN.SAINComponent.Classes.Mover.SAINMoverClass.WantsPatrolStance () [0x0002a] in <e4b9dce640de4a37a12afe7f4a8674fc>:0 
  at SAIN.SAINComponent.Classes.Mover.SAINMoverClass.UpdateStance (System.Single time) [0x00025] in <e4b9dce640de4a37a12afe7f4a8674fc>:0 
  at SAIN.SAINComponent.Classes.Mover.SAINMoverClass.ManualUpdate () [0x00078] in <e4b9dce640de4a37a12afe7f4a8674fc>:0 
  at SAIN.Components.BotComponent.TickClassGroup (System.Collections.Generic.List`1[T] List, System.Single CurrentTime) [0x0000f] in <e4b9dce640de4a37a12afe7f4a8674fc>:0 
  at SAIN.Components.BotComponent.ManualUpdate (System.Single currentTime, System.Single deltaTime) [0x0004b] in <e4b9dce640de4a37a12afe7f4a8674fc>:0 
  at SAIN.Components.BotManagerComponent.ManualUpdate (System.Single currentTime, System.Single deltaTime) [0x00065] in <e4b9dce640de4a37a12afe7f4a8674fc>:0 
  at SAIN.Components.GameWorldComponent.WorldTick (System.Single deltaTime) [0x00014] in <e4b9dce640de4a37a12afe7f4a8674fc>:0 
  at SAIN.Patches.GameWorld.WorldTickPatch.Patch (System.Single dt) [0x0001e] in <e4b9dce640de4a37a12afe7f4a8674fc>:0 
  at (wrapper dynamic-method) EFT.GameWorld.DMD<EFT.GameWorld::DoWorldTick>(EFT.GameWorld,single)
  at EFT.GameWorldUnityTickListener.Update () [0x00031] in <ad47400a25db462cbf0a531df654c3c3>:0 
2026-08-17 22:26:38.463 -04:00|0.16.9.0.40087|Error|Default|NullReferenceException: Object reference not set to an instance of an object
SAIN.SAINComponent.Classes.Mover.SAINMoverClass.WantsPatrolStance () (at <e4b9dce640de4a37a12afe7f4a8674fc>:0)
SAIN.SAINComponent.Classes.Mover.SAINMoverClass.UpdateStance (System.Single time) (at <e4b9dce640de4a37a12afe7f4a8674fc>:0)
SAIN.SAINComponent.Classes.Mover.SAINMoverClass.ManualUpdate () (at <e4b9dce640de4a37a12afe7f4a8674fc>:0)
SAIN.Components.BotComponent.TickClassGroup (System.Collections.Generic.List`1[T] List, System.Single CurrentTime) (at <e4b9dce640de4a37a12afe7f4a8674fc>:0)
SAIN.Components.BotComponent.ManualUpdate (System.Single currentTime, System.Single deltaTime) (at <e4b9dce640de4a37a12afe7f4a8674fc>:0)
SAIN.Components.BotManagerComponent.ManualUpdate (System.Single currentTime, System.Single deltaTime) (at <e4b9dce640de4a37a12afe7f4a8674fc>:0)
SAIN.Components.GameWorldComponent.WorldTick (System.Single deltaTime) (at <e4b9dce640de4a37a12afe7f4a8674fc>:0)
SAIN.Patches.GameWorld.WorldTickPatch.Patch (System.Single dt) (at <e4b9dce640de4a37a12afe7f4a8674fc>:0)
(wrapper dynamic-method) EFT.GameWorld.DMD<EFT.GameWorld::DoWorldTick>(EFT.GameWorld,single)
EFT.GameWorldUnityTickListener.Update () (at <ad47400a25db462cbf0a531df654c3c3>:0)
UnityEngine.DebugLogHandler:LogException(Exception, Object)
Class412:LogException(Exception, Object)
UnityEngine.Debug:CallOverridenDebugHandler(Exception, Object)
 
2026-08-17 22:26:38.691 -04:00|0.16.9.0.40087|Error|Default| 
EXCEPTION: System.NullReferenceException: Object reference not set to an instance of an object
  at SAIN.SAINComponent.Classes.Mover.SAINMoverClass.WantsPatrolStance () [0x0002a] in <e4b9dce640de4a37a12afe7f4a8674fc>:0 
  at SAIN.SAINComponent.Classes.Mover.SAINMoverClass.UpdateStance (System.Single time) [0x00025] in <e4b9dce640de4a37a12afe7f4a8674fc>:0 
  at SAIN.SAINComponent.Classes.Mover.SAINMoverClass.ManualUpdate () [0x00078] in <e4b9dce640de4a37a12afe7f4a8674fc>:0 
  at SAIN.Components.BotComponent.TickClassGroup (System.Collections.Generic.List`1[T] List, System.Single CurrentTime) [0x0000f] in <e4b9dce640de4a37a12afe7f4a8674fc>:0 
  at SAIN.Components.BotComponent.ManualUpdate (System.Single currentTime, System.Single deltaTime) [0x0004b] in <e4b9dce640de4a37a12afe7f4a8674fc>:0 
  at SAIN.Components.BotManagerComponent.ManualUpdate (System.Single currentTime, System.Single deltaTime) [0x00065] in <e4b9dce640de4a37a12afe7f4a8674fc>:0 
  at SAIN.Components.GameWorldComponent.WorldTick (System.Single deltaTime) [0x00014] in <e4b9dce640de4a37a12afe7f4a8674fc>:0 
  at SAIN.Patches.GameWorld.WorldTickPatch.Patch (System.Single dt) [0x0001e] in <e4b9dce640de4a37a12afe7f4a8674fc>:0 
  at (wrapper dynamic-method) EFT.GameWorld.DMD<EFT.GameWorld::DoWorldTick>(EFT.GameWorld,single)
  at EFT.GameWorldUnityTickListener.Update () [0x00031] in <ad47400a25db462cbf0a531df654c3c3>:0 
2026-08-17 22:26:38.691 -04:00|0.16.9.0.40087|Error|Default|NullReferenceException: Object reference not set to an instance of an object
SAIN.SAINComponent.Classes.Mover.SAINMoverClass.WantsPatrolStance () (at <e4b9dce640de4a37a12afe7f4a8674fc>:0)
SAIN.SAINComponent.Classes.Mover.SAINMoverClass.UpdateStance (System.Single time) (at <e4b9dce640de4a37a12afe7f4a8674fc>:0)
SAIN.SAINComponent.Classes.Mover.SAINMoverClass.ManualUpdate () (at <e4b9dce640de4a37a12afe7f4a8674fc>:0)
SAIN.Components.BotComponent.TickClassGroup (System.Collections.Generic.List`1[T] List, System.Single CurrentTime) (at <e4b9dce640de4a37a12afe7f4a8674fc>:0)
SAIN.Components.BotComponent.ManualUpdate (System.Single currentTime, System.Single deltaTime) (at <e4b9dce640de4a37a12afe7f4a8674fc>:0)
SAIN.Components.BotManagerComponent.ManualUpdate (System.Single currentTime, System.Single deltaTime) (at <e4b9dce640de4a37a12afe7f4a8674fc>:0)
SAIN.Components.GameWorldComponent.WorldTick (System.Single deltaTime) (at <e4b9dce640de4a37a12afe7f4a8674fc>:0)
SAIN.Patches.GameWorld.WorldTickPatch.Patch (System.Single dt) (at <e4b9dce640de4a37a12afe7f4a8674fc>:0)
(wrapper dynamic-method) EFT.GameWorld.DMD<EFT.GameWorld::DoWorldTick>(EFT.GameWorld,single)
EFT.GameWorldUnityTickListener.Update () (at <ad47400a25db462cbf0a531df654c3c3>:0)
UnityEngine.DebugLogHandler:LogException(Exception, Object)
Class412:LogException(Exception, Object)
UnityEngine.Debug:CallOverridenDebugHandler(Exception, Object)
 
2026-08-17 22:26:38.691 -04:00|0.16.9.0.40087|Error|Default| 
EXCEPTION: System.NullReferenceException: Object reference not set to an instance of an object
  at SAIN.SAINComponent.Classes.Mover.SAINMoverClass.WantsPatrolStance () [0x0002a] in <e4b9dce640de4a37a12afe7f4a8674fc>:0 
  at SAIN.SAINComponent.Classes.Mover.SAINMoverClass.UpdateStance (System.Single time) [0x00025] in <e4b9dce640de4a37a12afe7f4a8674fc>:0 
  at SAIN.SAINComponent.Classes.Mover.SAINMoverClass.ManualUpdate () [0x00078] in <e4b9dce640de4a37a12afe7f4a8674fc>:0 
  at SAIN.Components.BotComponent.TickClassGroup (System.Collections.Generic.List`1[T] List, System.Single CurrentTime) [0x0000f] in <e4b9dce640de4a37a12afe7f4a8674fc>:0 
  at SAIN.Components.BotComponent.ManualUpdate (System.Single currentTime, System.Single deltaTime) [0x0004b] in <e4b9dce640de4a37a12afe7f4a8674fc>:0 
  at SAIN.Components.BotManagerComponent.ManualUpdate (System.Single currentTime, System.Single deltaTime) [0x00065] in <e4b9dce640de4a37a12afe7f4a8674fc>:0 
  at SAIN.Components.GameWorldComponent.WorldTick (System.Single deltaTime) [0x00014] in <e4b9dce640de4a37a12afe7f4a8674fc>:0 
  at SAIN.Patches.GameWorld.WorldTickPatch.Patch (System.Single dt) [0x0001e] in <e4b9dce640de4a37a12afe7f4a8674fc>:0 
  at (wrapper dynamic-method) EFT.GameWorld.DMD<EFT.GameWorld::DoWorldTick>(EFT.GameWorld,single)
  at EFT.GameWorldUnityTickListener.Update () [0x00031] in <ad47400a25db462cbf0a531df654c3c3>:0 
2026-08-17 22:26:38.706 -04:00|0.16.9.0.40087|Error|Default|NullReferenceException: Object reference not set to an instance of an object
SAIN.SAINComponent.Classes.Mover.SAINMoverClass.WantsPatrolStance () (at <e4b9dce640de4a37a12afe7f4a8674fc>:0)
SAIN.SAINComponent.Classes.Mover.SAINMoverClass.UpdateStance (System.Single time) (at <e4b9dce640de4a37a12afe7f4a8674fc>:0)
SAIN.SAINComponent.Classes.Mover.SAINMoverClass.ManualUpdate () (at <e4b9dce640de4a37a12afe7f4a8674fc>:0)
SAIN.Components.BotComponent.TickClassGroup (System.Collections.Generic.List`1[T] List, System.Single CurrentTime) (at <e4b9dce640de4a37a12afe7f4a8674fc>:0)
SAIN.Components.BotComponent.ManualUpdate (System.Single currentTime, System.Single deltaTime) (at <e4b9dce640de4a37a12afe7f4a8674fc>:0)
SAIN.Components.BotManagerComponent.ManualUpdate (System.Single currentTime, System.Single deltaTime) (at <e4b9dce640de4a37a12afe7f4a8674fc>:0)
SAIN.Components.GameWorldComponent.WorldTick (System.Single deltaTime) (at <e4b9dce640de4a37a12afe7f4a8674fc>:0)
SAIN.Patches.GameWorld.WorldTickPatch.Patch (System.Single dt) (at <e4b9dce640de4a37a12afe7f4a8674fc>:0)
(wrapper dynamic-method) EFT.GameWorld.DMD<EFT.GameWorld::DoWorldTick>(EFT.GameWorld,single)
EFT.GameWorldUnityTickListener.Update () (at <ad47400a25db462cbf0a531df654c3c3>:0)
UnityEngine.DebugLogHandler:LogException(Exception, Object)
Class412:LogException(Exception, Object)
UnityEngine.Debug:CallOverridenDebugHandler(Exception, Object)
 
2026-08-17 22:26:38.706 -04:00|0.16.9.0.40087|Error|Default| 
EXCEPTION: System.NullReferenceException: Object reference not set to an instance of an object
  at SAIN.SAINComponent.Classes.Mover.SAINMoverClass.WantsPatrolStance () [0x0002a] in <e4b9dce640de4a37a12afe7f4a8674fc>:0 
  at SAIN.SAINComponent.Classes.Mover.SAINMoverClass.UpdateStance (System.Single time) [0x00025] in <e4b9dce640de4a37a12afe7f4a8674fc>:0 
  at SAIN.SAINComponent.Classes.Mover.SAINMoverClass.ManualUpdate () [0x00078] in <e4b9dce640de4a37a12afe7f4a8674fc>:0 
  at SAIN.Components.BotComponent.TickClassGroup (System.Collections.Generic.List`1[T] List, System.Single CurrentTime) [0x0000f] in <e4b9dce640de4a37a12afe7f4a8674fc>:0 
  at SAIN.Components.BotComponent.ManualUpdate (System.Single currentTime, System.Single deltaTime) [0x0004b] in <e4b9dce640de4a37a12afe7f4a8674fc>:0 
  at SAIN.Components.BotManagerComponent.ManualUpdate (System.Single currentTime, System.Single deltaTime) [0x00065] in <e4b9dce640de4a37a12afe7f4a8674fc>:0 
  at SAIN.Components.GameWorldComponent.WorldTick (System.Single deltaTime) [0x00014] in <e4b9dce640de4a37a12afe7f4a8674fc>:0 
  at SAIN.Patches.GameWorld.WorldTickPatch.Patch (System.Single dt) [0x0001e] in <e4b9dce640de4a37a12afe7f4a8674fc>:0 
  at (wrapper dynamic-method) EFT.GameWorld.DMD<EFT.GameWorld::DoWorldTick>(EFT.GameWorld,single)
  at EFT.GameWorldUnityTickListener.Update () [0x00031] in <ad47400a25db462cbf0a531df654c3c3>:0 
2026-08-17 22:26:38.706 -04:00|0.16.9.0.40087|Error|Default|NullReferenceException: Object reference not set to an instance of an object
SAIN.SAINComponent.Classes.Mover.SAINMoverClass.WantsPatrolStance () (at <e4b9dce640de4a37a12afe7f4a8674fc>:0)
SAIN.SAINComponent.Classes.Mover.SAINMoverClass.UpdateStance (System.Single time) (at <e4b9dce640de4a37a12afe7f4a8674fc>:0)
SAIN.SAINComponent.Classes.Mover.SAINMoverClass.ManualUpdate () (at <e4b9dce640de4a37a12afe7f4a8674fc>:0)
SAIN.Components.BotComponent.TickClassGroup (System.Collections.Generic.List`1[T] List, System.Single CurrentTime) (at <e4b9dce640de4a37a12afe7f4a8674fc>:0)
SAIN.Components.BotComponent.ManualUpdate (System.Single currentTime, System.Single deltaTime) (at <e4b9dce640de4a37a12afe7f4a8674fc>:0)
SAIN.Components.BotManagerComponent.ManualUpdate (System.Single currentTime, System.Single deltaTime) (at <e4b9dce640de4a37a12afe7f4a8674fc>:0)
SAIN.Components.GameWorldComponent.WorldTick (System.Single deltaTime) (at <e4b9dce640de4a37a12afe7f4a8674fc>:0)
SAIN.Patches.GameWorld.WorldTickPatch.Patch (System.Single dt) (at <e4b9dce640de4a37a12afe7f4a8674fc>:0)
(wrapper dynamic-method) EFT.GameWorld.DMD<EFT.GameWorld::DoWorldTick>(EFT.GameWorld,single)
EFT.GameWorldUnityTickListener.Update () (at <ad47400a25db462cbf0a531df654c3c3>:0)
UnityEngine.DebugLogHandler:LogException(Exception, Object)
Class412:LogException(Exception, Object)
UnityEngine.Debug:CallOverridenDebugHandler(Exception, Object)
 
2026-08-17 22:26:38.706 -04:00|0.16.9.0.40087|Error|Default| 
EXCEPTION: System.NullReferenceException: Object reference not set to an instance of an object
  at SAIN.SAINComponent.Classes.Mover.SAINMoverClass.WantsPatrolStance () [0x0002a] in <e4b9dce640de4a37a12afe7f4a8674fc>:0 
  at SAIN.SAINComponent.Classes.Mover.SAINMoverClass.UpdateStance (System.Single time) [0x00025] in <e4b9dce640de4a37a12afe7f4a8674fc>:0 
  at SAIN.SAINComponent.Classes.Mover.SAINMoverClass.ManualUpdate () [0x00078] in <e4b9dce640de4a37a12afe7f4a8674fc>:0 
  at SAIN.Components.BotComponent.TickClassGroup (System.Collections.Generic.List`1[T] List, System.Single CurrentTime) [0x0000f] in <e4b9dce640de4a37a12afe7f4a8674fc>:0 
  at SAIN.Components.BotComponent.ManualUpdate (System.Single currentTime, System.Single deltaTime) [0x0004b] in <e4b9dce640de4a37a12afe7f4a8674fc>:0 
  at SAIN.Components.BotManagerComponent.ManualUpdate (System.Single currentTime, System.Single deltaTime) [0x00065] in <e4b9dce640de4a37a12afe7f4a8674fc>:0 
  at SAIN.Components.GameWorldComponent.WorldTick (System.Single deltaTime) [0x00014] in <e4b9dce640de4a37a12afe7f4a8674fc>:0 
  at SAIN.Patches.GameWorld.WorldTickPatch.Patch (System.Single dt) [0x0001e] in <e4b9dce640de4a37a12afe7f4a8674fc>:0 
  at (wrapper dynamic-method) EFT.GameWorld.DMD<EFT.GameWorld::DoWorldTick>(EFT.GameWorld,single)
  at EFT.GameWorldUnityTickListener.Update () [0x00031] in <ad47400a25db462cbf0a531df654c3c3>:0 
2026-08-17 22:26:38.722 -04:00|0.16.9.0.40087|Error|Default|NullReferenceException: Object reference not set to an instance of an object
SAIN.SAINComponent.Classes.Mover.SAINMoverClass.WantsPatrolStance () (at <e4b9dce640de4a37a12afe7f4a8674fc>:0)
SAIN.SAINComponent.Classes.Mover.SAINMoverClass.UpdateStance (System.Single time) (at <e4b9dce640de4a37a12afe7f4a8674fc>:0)
SAIN.SAINComponent.Classes.Mover.SAINMoverClass.ManualUpdate () (at <e4b9dce640de4a37a12afe7f4a8674fc>:0)
SAIN.Components.BotComponent.TickClassGroup (System.Collections.Generic.List`1[T] List, System.Single CurrentTime) (at <e4b9dce640de4a37a12afe7f4a8674fc>:0)
SAIN.Components.BotComponent.ManualUpdate (System.Single currentTime, System.Single deltaTime) (at <e4b9dce640de4a37a12afe7f4a8674fc>:0)
SAIN.Components.BotManagerComponent.ManualUpdate (System.Single currentTime, System.Single deltaTime) (at <e4b9dce640de4a37a12afe7f4a8674fc>:0)
SAIN.Components.GameWorldComponent.WorldTick (System.Single deltaTime) (at <e4b9dce640de4a37a12afe7f4a8674fc>:0)
SAIN.Patches.GameWorld.WorldTickPatch.Patch (System.Single dt) (at <e4b9dce640de4a37a12afe7f4a8674fc>:0)
(wrapper dynamic-method) EFT.GameWorld.DMD<EFT.GameWorld::DoWorldTick>(EFT.GameWorld,single)
EFT.GameWorldUnityTickListener.Update () (at <ad47400a25db462cbf0a531df654c3c3>:0)
UnityEngine.DebugLogHandler:LogException(Exception, Object)
Class412:LogException(Exception, Object)
UnityEngine.Debug:CallOverridenDebugHandler(Exception, Object)
 
2026-08-17 22:26:38.761 -04:00|0.16.9.0.40087|Error|Default| 
EXCEPTION: System.Exception: Current operation is not supported while updating value!
  at GClass1642`1[T].method_2 () [0x00008] in <ad47400a25db462cbf0a531df654c3c3>:0 
  at GClass1642`1+Class1044[T].method_0 () [0x00000] in <ad47400a25db462cbf0a531df654c3c3>:0 
  at GClass1644`1[T].Disconnect () [0x00004] in <ad47400a25db462cbf0a531df654c3c3>:0 
  at GClass1644`1[T].Unbind (System.Action`1[T] handler) [0x0000f] in <ad47400a25db462cbf0a531df654c3c3>:0 
  at GClass1642`1+Class1043[T].method_0 () [0x00000] in <ad47400a25db462cbf0a531df654c3c3>:0 
  at EFT.PlayerBody+EquipmentSlotClass.Dispose () [0x0001c] in <ad47400a25db462cbf0a531df654c3c3>:0 
  at EFT.PlayerBody.Dispose () [0x0003c] in <ad47400a25db462cbf0a531df654c3c3>:0 
  at EFT.PlayerBody.OnApplicationQuit () [0x00000] in <ad47400a25db462cbf0a531df654c3c3>:0 
2026-08-17 22:26:38.761 -04:00|0.16.9.0.40087|Error|Default|Exception: Current operation is not supported while updating value!
GClass1642`1[T].method_2 () (at <ad47400a25db462cbf0a531df654c3c3>:0)
GClass1642`1+Class1044[T].method_0 () (at <ad47400a25db462cbf0a531df654c3c3>:0)
GClass1644`1[T].Disconnect () (at <ad47400a25db462cbf0a531df654c3c3>:0)
GClass1644`1[T].Unbind (System.Action`1[T] handler) (at <ad47400a25db462cbf0a531df654c3c3>:0)
GClass1642`1+Class1043[T].method_0 () (at <ad47400a25db462cbf0a531df654c3c3>:0)
EFT.PlayerBody+EquipmentSlotClass.Dispose () (at <ad47400a25db462cbf0a531df654c3c3>:0)
EFT.PlayerBody.Dispose () (at <ad47400a25db462cbf0a531df654c3c3>:0)
EFT.PlayerBody.OnApplicationQuit () (at <ad47400a25db462cbf0a531df654c3c3>:0)
UnityEngine.DebugLogHandler:LogException(Exception, Object)
Class412:LogException(Exception, Object)
UnityEngine.Debug:CallOverridenDebugHandler(Exception, Object)
 
2026-08-17 22:26:38.778 -04:00|0.16.9.0.40087|Error|Default|Can't set affinity mask. Error code: 122 
2026-08-17 22:26:39.615 -04:00|0.16.9.0.40087|Error|Default|Error: could not find component Voice on object null 
2026-08-17 22:26:39.615 -04:00|0.16.9.0.40087|Error|speaker|For some reason Bear_3 is null 
2026-08-17 22:26:39.615 -04:00|0.16.9.0.40087|Error|Default| 
EXCEPTION: System.Exception: Current operation is not supported while updating value!
  at GClass1642`1[T].method_2 () [0x00008] in <ad47400a25db462cbf0a531df654c3c3>:0 
  at GClass1642`1+Class1044[T].method_0 () [0x00000] in <ad47400a25db462cbf0a531df654c3c3>:0 
  at GClass1644`1[T].Disconnect () [0x00004] in <ad47400a25db462cbf0a531df654c3c3>:0 
  at GClass1644`1[T].Unbind (System.Action`1[T] handler) [0x0000f] in <ad47400a25db462cbf0a531df654c3c3>:0 
  at GClass1642`1+Class1043[T].method_0 () [0x00000] in <ad47400a25db462cbf0a531df654c3c3>:0 
  at EFT.PlayerBody+EquipmentSlotClass.Dispose () [0x0001c] in <ad47400a25db462cbf0a531df654c3c3>:0 
  at EFT.PlayerBody.Dispose () [0x0003c] in <ad47400a25db462cbf0a531df654c3c3>:0 
  at (wrapper dynamic-method) EFT.Player.DMD<EFT.Player::Dispose>(EFT.Player)
  at EFT.LocalPlayer.Dispose () [0x00013] in <ad47400a25db462cbf0a531df654c3c3>:0 
  at Fika.Core.Main.Players.FikaPlayer.Dispose () [0x000b6] in <584e5e373a4147c194040eda2372a621>:0 
  at EFT.Player.OnDestroy () [0x00077] in <ad47400a25db462cbf0a531df654c3c3>:0 
  at Fika.Core.Main.Players.FikaPlayer.OnDestroy () [0x00039] in <584e5e373a4147c194040eda2372a621>:0 
  at Fika.Core.Main.Players.FikaBot.OnDestroy () [0x00082] in <584e5e373a4147c194040eda2372a621>:0 
2026-08-17 22:26:39.615 -04:00|0.16.9.0.40087|Error|Default|Exception: Current operation is not supported while updating value!
GClass1642`1[T].method_2 () (at <ad47400a25db462cbf0a531df654c3c3>:0)
GClass1642`1+Class1044[T].method_0 () (at <ad47400a25db462cbf0a531df654c3c3>:0)
GClass1644`1[T].Disconnect () (at <ad47400a25db462cbf0a531df654c3c3>:0)
GClass1644`1[T].Unbind (System.Action`1[T] handler) (at <ad47400a25db462cbf0a531df654c3c3>:0)
GClass1642`1+Class1043[T].method_0 () (at <ad47400a25db462cbf0a531df654c3c3>:0)
EFT.PlayerBody+EquipmentSlotClass.Dispose () (at <ad47400a25db462cbf0a531df654c3c3>:0)
EFT.PlayerBody.Dispose () (at <ad47400a25db462cbf0a531df654c3c3>:0)
(wrapper dynamic-method) EFT.Player.DMD<EFT.Player::Dispose>(EFT.Player)
EFT.LocalPlayer.Dispose () (at <ad47400a25db462cbf0a531df654c3c3>:0)
Fika.Core.Main.Players.FikaPlayer.Dispose () (at <584e5e373a4147c194040eda2372a621>:0)
EFT.Player.OnDestroy () (at <ad47400a25db462cbf0a531df654c3c3>:0)
Fika.Core.Main.Players.FikaPlayer.OnDestroy () (at <584e5e373a4147c194040eda2372a621>:0)
Fika.Core.Main.Players.FikaBot.OnDestroy () (at <584e5e373a4147c194040eda2372a621>:0)
UnityEngine.DebugLogHandler:LogException(Exception, Object)
Class412:LogException(Exception, Object)
UnityEngine.Debug:CallOverridenDebugHandler(Exception, Object)
 
2026-08-17 22:26:39.615 -04:00|0.16.9.0.40087|Error|Default|PlayerBody destroyed without being disposed. Please call Dispose before destroying. 
2026-08-17 22:26:39.728 -04:00|0.16.9.0.40087|Error|Default|LayersDefaultStates.Length 5 != _animator.layerCount 0 : weapon_remington_model_870_12g_container.bundle 
2026-08-17 22:26:39.750 -04:00|0.16.9.0.40087|Error|Default|Error: could not find component Voice on object null 
2026-08-17 22:26:39.750 -04:00|0.16.9.0.40087|Error|speaker|For some reason NikitaUsec is null 
2026-08-17 22:26:39.750 -04:00|0.16.9.0.40087|Error|objectPool|56072|ClearFromChildedPoolObjects.GameObject is null somehow 
2026-08-17 22:26:39.808 -04:00|0.16.9.0.40087|Error|Default|LayersDefaultStates.Length 4 != _animator.layerCount 0 : weapon_mossberg_590a1_12g_container.bundle 
2026-08-17 22:26:39.855 -04:00|0.16.9.0.40087|Error|Default|LayersDefaultStates.Length 7 != _animator.layerCount 0 : weapon_fn_mk16_556x45_container.bundle 
2026-08-17 22:26:39.929 -04:00|0.16.9.0.40087|Error|Default|LayersDefaultStates.Length 7 != _animator.layerCount 0 : weapon_hk_mp7a1_46x30_container.bundle 
2026-08-17 22:26:39.929 -04:00|0.16.9.0.40087|Error|Default|LayersDefaultStates.Length 6 != _animator.layerCount 0 : weapon_adar_2-15_556x45_container.bundle 
2026-08-17 22:26:39.929 -04:00|0.16.9.0.40087|Error|Default|LayersDefaultStates.Length 7 != _animator.layerCount 0 : weapon_hk_mp7a1_46x30_container.bundle 
2026-08-17 22:26:39.945 -04:00|0.16.9.0.40087|Error|Default| 
EXCEPTION: System.NullReferenceException
  at (wrapper managed-to-native) UnityEngine.Animator.SetBoolID(UnityEngine.Animator,int,bool)
  at UnityEngine.Animator.SetBool (System.Int32 id, System.Boolean value) [0x00001] in <f4083f9c602e427caf59407f68b9997e>:0 
  at GClass1446.SetBool (System.Int32 valueNameHash, System.Boolean value) [0x00000] in <ad47400a25db462cbf0a531df654c3c3>:0 
  at WeaponAnimationSpeedControllerClass.SetBoltCatch (IAnimator animator, System.Boolean boltCatch) [0x00000] in <ad47400a25db462cbf0a531df654c3c3>:0 
  at FirearmsAnimator.SetBoltCatch (System.Boolean active) [0x0001c] in <ad47400a25db462cbf0a531df654c3c3>:0 
  at EFT.Player+FirearmController.Destroy () [0x0008e] in <ad47400a25db462cbf0a531df654c3c3>:0 
  at Fika.Core.Main.ClientClasses.HandsControllers.FikaClientFirearmController.Destroy () [0x00007] in <584e5e373a4147c194040eda2372a621>:0 
  at EFT.Player.method_118 () [0x0000f] in <ad47400a25db462cbf0a531df654c3c3>:0 
  at (wrapper dynamic-method) EFT.Player.DMD<EFT.Player::Dispose>(EFT.Player)
  at EFT.LocalPlayer.Dispose () [0x00013] in <ad47400a25db462cbf0a531df654c3c3>:0 
  at Fika.Core.Main.Players.FikaPlayer.Dispose () [0x000b6] in <584e5e373a4147c194040eda2372a621>:0 
  at EFT.Player.OnDestroy () [0x00077] in <ad47400a25db462cbf0a531df654c3c3>:0 
  at Fika.Core.Main.Players.FikaPlayer.OnDestroy () [0x00039] in <584e5e373a4147c194040eda2372a621>:0 
  at Fika.Core.Main.Players.FikaBot.OnDestroy () [0x00082] in <584e5e373a4147c194040eda2372a621>:0 
2026-08-17 22:26:39.945 -04:00|0.16.9.0.40087|Error|Default|NullReferenceException
UnityEngine.Animator.SetBool (System.Int32 id, System.Boolean value) (at <f4083f9c602e427caf59407f68b9997e>:0)
GClass1446.SetBool (System.Int32 valueNameHash, System.Boolean value) (at <ad47400a25db462cbf0a531df654c3c3>:0)
WeaponAnimationSpeedControllerClass.SetBoltCatch (IAnimator animator, System.Boolean boltCatch) (at <ad47400a25db462cbf0a531df654c3c3>:0)
FirearmsAnimator.SetBoltCatch (System.Boolean active) (at <ad47400a25db462cbf0a531df654c3c3>:0)
EFT.Player+FirearmController.Destroy () (at <ad47400a25db462cbf0a531df654c3c3>:0)
Fika.Core.Main.ClientClasses.HandsControllers.FikaClientFirearmController.Destroy () (at <584e5e373a4147c194040eda2372a621>:0)
EFT.Player.method_118 () (at <ad47400a25db462cbf0a531df654c3c3>:0)
(wrapper dynamic-method) EFT.Player.DMD<EFT.Player::Dispose>(EFT.Player)
EFT.LocalPlayer.Dispose () (at <ad47400a25db462cbf0a531df654c3c3>:0)
Fika.Core.Main.Players.FikaPlayer.Dispose () (at <584e5e373a4147c194040eda2372a621>:0)
EFT.Player.OnDestroy () (at <ad47400a25db462cbf0a531df654c3c3>:0)
Fika.Core.Main.Players.FikaPlayer.OnDestroy () (at <584e5e373a4147c194040eda2372a621>:0)
Fika.Core.Main.Players.FikaBot.OnDestroy () (at <584e5e373a4147c194040eda2372a621>:0)
UnityEngine.DebugLogHandler:LogException(Exception, Object)
Class412:LogException(Exception, Object)
UnityEngine.Debug:CallOverridenDebugHandler(Exception, Object)
 
2026-08-17 22:26:39.980 -04:00|0.16.9.0.40087|Error|Default|PlayerBody destroyed without being disposed. Please call Dispose before destroying. 
