[Message:   BepInEx] BepInEx 5.4.23.2 - EscapeFromTarkov (8/15/2026 6:27:25 AM)
[Info   :   BepInEx] Running under Unity v0.16.9.4008
[Info   :   BepInEx] CLR runtime version: 4.0.30319.42000
[Info   :   BepInEx] Supports SRE: True
[Info   :   BepInEx] System platform: Bits64, Windows
[Message:   BepInEx] Preloader started
[Info   :   BepInEx] Loaded 1 patcher method from [BepInEx.Preloader 5.4.23.2]
[Info   :   BepInEx] Loaded 1 patcher method from [BlackDiv 1.0.0.0]
[Info   :   BepInEx] Loaded 1 patcher method from [FixPluginTypesSerialization 1.0.0.0]
[Info   :   BepInEx] Loaded 1 patcher method from [IcyClawz.CustomInteractions.Prepatch 1.8.0.0]
[Info   :   BepInEx] Loaded 1 patcher method from [MoreBotsPrepatch 1.0.0.0]
[Info   :   BepInEx] Loaded 1 patcher method from [RUAFComeHome 1.0.0.0]
[Info   :   BepInEx] Loaded 1 patcher method from [spt-prepatch 4.0.13.0]
[Info   :   BepInEx] Loaded 1 patcher method from [UNTARGHPrepatch 1.0.0.0]
[Info   :   BepInEx] Loaded 1 patcher method from [UnityToolkit-Prepatcher 0.0.0.0]
[Info   :   BepInEx] Loaded 1 patcher method from [WTT-ContentBackportPatcher 1.1.3.0]
[Info   :   BepInEx] 10 patcher plugins loaded
[Warning:FixPluginTypesSerialization] Excluding 'VisceralCombat.dll' from Serialization Fix. It references nexus-bundleloader which doesn't exist.
[Warning:FixPluginTypesSerialization] Excluding 'QuestsExtended.dll' from Serialization Fix. It references JetBrains.Annotations which doesn't exist.
[Warning:FixPluginTypesSerialization] Excluding 'Tylevo.TacticalServicesControl.Fika.Interop.dll' from Serialization Fix. It references SamSWAT.FireSupport.ArysReloaded.Core which doesn't exist.
[Info   :FixPluginTypesSerialization] Injected 158 plugins into Unity Native Serialization.
[Info   :FixPluginTypesSerialization] Running under Unity v2022.3.43.8735101
[Info   :FixPluginTypesSerialization] Found offsets for current version, using them.
[Info   :   BepInEx] Patching [UnityEngine.CoreModule] with [BepInEx.Chainloader]
[Info   :   BepInEx] Patching [Assembly-CSharp] with [BlackDiv.Prepatch.WildSpawnTypePatch]
[Info   :   BepInEx] Patching [Assembly-CSharp] with [IcyClawz.CustomInteractions.Prepatch]
[Info   :   BepInEx] Patching [Assembly-CSharp] with [MoreBotsAPI.Prepatch.WildSpawnTypePatch]
[Info   :   BepInEx] Patching [Assembly-CSharp] with [RUAFComeHome.Prepatch.WildSpawnTypePatch]
[Info   :   BepInEx] Patching [Assembly-CSharp] with [SPT.PrePatch.SPTPrePatcher]
[Info   :   BepInEx] Patching [System.Runtime.CompilerServices.Unsafe] with [UnityToolkit.Prepatcher.Patcher]
[Info   :   BepInEx] Patching [Assembly-CSharp] with [Prepatch.Prepatches.CustomTypesPatch]
[Info   :   BepInEx] Patching [Assembly-CSharp] with [ContentBackportPatcher.EnvironmentUiTypePatch]
[Message:   BepInEx] Preloader finished
[Message:   BepInEx] Chainloader ready
[Message:   BepInEx] Chainloader started
[Info   :   BepInEx] 132 plugins to load
[Info   :   BepInEx] Loading [SPT.Custom 4.0.13]
[Info   :SPT.Custom] Loading: SPT.Custom
[Info   :ModulePatch] Enabled patch EasyAssetsPatch
[Info   :ModulePatch] Enabled patch EasyBundlePatch
[Info   :ModulePatch] Enabled patch GameStartRequestPatch
[Info   :ModulePatch] Enabled patch DisableNonHalloweenExitsDuringEventPatch
[Info   :ModulePatch] Enabled patch SendFleaListingTaxAmountToServerPatch
[Info   :ModulePatch] Enabled patch AddTraitorScavsPatch
[Info   :RequestHandler] [REQUEST]: /singleplayer/bosstypes
[Info   :RequestHandler] [REQUEST SUCCESSFUL] /singleplayer/bosstypes
[Info   :ModulePatch] Enabled patch CustomAiPatch
[Info   :ModulePatch] Enabled patch SaveSettingsToSptFolderPatch
[Info   :ModulePatch] Enabled patch PatchPlayerPrefsSetInt
[Info   :ModulePatch] Enabled patch PatchPlayerPrefsSetFloat
[Info   :ModulePatch] Enabled patch PatchPlayerPrefsSetString
[Info   :ModulePatch] Enabled patch PatchPlayerPrefsGetInt
[Info   :ModulePatch] Enabled patch PatchPlayerPrefsGetFloat
[Info   :ModulePatch] Enabled patch PatchPlayerPrefsGetString
[Info   :ModulePatch] Enabled patch PatchPlayerPrefsHasKey
[Info   :ModulePatch] Enabled patch PatchPlayerPrefsDeleteKey
[Info   :ModulePatch] Enabled patch PatchPlayerPrefsDeleteAll
[Info   :ModulePatch] Enabled patch PatchPlayerPrefsSave
[Info   :ModulePatch] Enabled patch QTEPatch
[Info   :ModulePatch] Enabled patch RedirectClientImageRequestsPatch
[Info   :ModulePatch] Enabled patch DisableGameModeAdjustButtonPatch
[Info   :ModulePatch] Enabled patch FixPmcSpawnParamsNullErrorPatch
[Info   :ModulePatch] Enabled patch SetPreRaidSettingsScreenDefaultsPatch
[Info   :ModulePatch] Enabled patch CoreDifficultyPatch
[Info   :ModulePatch] Enabled patch BotDifficultyPatch
[Info   :ModulePatch] Enabled patch VersionLabelPatch
[Info   :ModulePatch] Enabled patch FixScavWarNullErrorWithMarkOfUnknownPatch
[Info   :ModulePatch] Enabled patch MergeScavPmcQuestsOnInventoryLoadPatch
[Info   :ModulePatch] Enabled patch CopyPmcQuestsAndWishlistToPlayerScavPatch
[Info   :ModulePatch] Enabled patch FixBossesHavingNoFollowersOnMediumAiAmount
[Info   :ModulePatch] Enabled patch FixAirdropCrashPatch
[Info   :ModulePatch] Enabled patch FixAirdropFlareDisposePatch
[Info   :ModulePatch] Enabled patch AllowAirdropsInPvEPatch
[Info   :ModulePatch] Enabled patch MemoryCollectionPatch
[Info   :ModulePatch] Enabled patch LocaleManagerRaceConditionFixPatch
[Info   :ModulePatch] Enabled patch AddOfferFilterHangPatch
[Info   :ModulePatch] Enabled patch FixPrecipitationAmbientBlenderNullRefPatch
[Info   :ModulePatch] Enabled patch EnablePrestigeTabPatch
[Info   :ModulePatch] Enabled patch MatchStartServerLocationPatch
[Info   :ModulePatch] Enabled patch SpawnPointAIPlayerBotLimitPatch
[Info   :ModulePatch] Enabled patch SpawnPointNearestPlayerAIPatch
[Info   :ModulePatch] Enabled patch BotsControllerInitPatch
[Info   :ModulePatch] Enabled patch BotsEventsControllerActivatePatch
[Info   :ModulePatch] Enabled patch EnableInfectionUIPatch
[Info   :ModulePatch] Enabled patch KhorovodDisposeFix
[Info   :SPT.Custom] Completed: SPT.Custom
[Info   :   BepInEx] Loading [SPT.Singleplayer 4.0.13]
[Info   :SPT.Singleplayer] Loading: SPT.SinglePlayer
[Info   :ModulePatch] Enabled patch TinnitusFixPatch
[Info   :ModulePatch] Enabled patch EmptyInfilFixPatch
[Info   :ModulePatch] Enabled patch OverrideMaxAiAliveInRaidValuePatch
[Info   :ModulePatch] Enabled patch FixPostScavRaidXpShowingZeroPatch
[Info   :ModulePatch] Enabled patch DisablePMCExtractsForScavsPatch
[Info   :ModulePatch] Enabled patch ScavExfilPatch
[Info   :ModulePatch] Enabled patch ScavProfileLoadPatch
[Info   :ModulePatch] Enabled patch ScavPrefabLoadPatch
[Info   :ModulePatch] Enabled patch LoadOfflineRaidScreenPatch
[Info   :ModulePatch] Enabled patch PluginErrorNotifierPatch
[Info   :ModulePatch] Enabled patch RemoveUsedBotProfilePatch
[Info   :ModulePatch] Enabled patch ScavLateStartPatch
[Info   :ModulePatch] Enabled patch ScavSellAllPriceStorePatch
[Info   :ModulePatch] Enabled patch ScavSellAllRequestPatch
[Info   :ModulePatch] Enabled patch ScavRepAdjustmentPatch
[Info   :ModulePatch] Enabled patch DisableWelcomeToPVEModeMessagePatch
[Info   :ModulePatch] Enabled patch DisableMatchmakerPlayerPreviewButtonsPatch
[Info   :ModulePatch] Enabled patch EnablePlayerScavPatch
[Info   :ModulePatch] Enabled patch ScavFoundInRaidPatch
[Info   :ModulePatch] Enabled patch GetProfileAtEndOfRaidPatch
[Info   :ModulePatch] Enabled patch SendPlayerScavProfileToServerAfterRaidPatch
[Info   :ModulePatch] Enabled patch RemoveStashUpgradeLabelPatch
[Info   :ModulePatch] Enabled patch RemoveClothingItemExternalObtainLabelPatch
[Info   :ModulePatch] Enabled patch ForceRaidModeToLocalPatch
[Info   :ModulePatch] Enabled patch ScavIsPlayerEnemyPatch
[Info   :ModulePatch] Enabled patch FirearmControllerShowIncompatibleNotificationClass
[Info   :ModulePatch] Enabled patch FixKeyAlreadyExistsErrorOnAchievementPatch
[Info   :ModulePatch] Enabled patch ScavPrestigeFixPatch
[Info   :ModulePatch] Enabled patch DisableDevMaskCheckPatch
[Info   :ModulePatch] Enabled patch RemoveStopwatchAllocationsEveryCoverPointFramePatch
[Info   :ModulePatch] Enabled patch DisableUseBSGServersCheckbox
[Info   :ModulePatch] Enabled patch PmcBotSidePatch
[Info   :ModulePatch] Enabled patch QuestAchievementRewardInRaidPatch
[Info   :ModulePatch] Enabled patch FixUnityWarningSpamFromAirdropsPatch
[Info   :ModulePatch] Enabled patch DisableReadyLocationReadyPatch
[Info   :ModulePatch] Enabled patch DisableMatchmakerOfflineRaidReadyPatch
[Info   :ModulePatch] Enabled patch DisableMatchmakerInsuranceReadyPatch
[Warning:  HarmonyX] DisableDiscardLimitsPatch: You should only patch implemented methods/constructors to avoid issues. Patch the declared method virtual bool EFT.Player+PlayerInventoryController::get_HasDiscardLimits() instead of virtual bool EFT.Player+PlayerInventoryController::get_HasDiscardLimits().
[Info   :ModulePatch] Enabled patch DisableDiscardLimitsPatch
[Info   :ModulePatch] Enabled patch DisableBuffLoggingPatch
[Info   :ModulePatch] Enabled patch RemoveStashUpgradeLabelPatch2
[Info   :ModulePatch] Enabled patch LocaleFixPatch
[Info   :ModulePatch] Enabled patch RemoveTransitionRaidModeSetPatch
[Info   :ModulePatch] Enabled patch FixDisableBossSpawningOptionPatch
[Info   :ModulePatch] Enabled patch DisableHideoutCounterResetPatch
[Info   :SPT.Singleplayer] Completed: SPT.SinglePlayer
[Info   :   BepInEx] Loading [SPT.Core 4.0.13]
[Info   :  SPT.Core] Loading: SPT.Core
[Info   :ModulePatch] Enabled patch ConsistencySinglePatch
[Info   :ModulePatch] Enabled patch ConsistencyMultiPatch
[Info   :ModulePatch] Enabled patch GameValidationPatch
[Info   :ModulePatch] Enabled patch BattlEyePatch
[Info   :ModulePatch] Enabled patch SslCertificatePatch
[Info   :ModulePatch] Enabled patch UnityWebRequestPatch
[Info   :ModulePatch] Enabled patch WebSocketSslValidationPatch
[Info   :ModulePatch] Enabled patch Patch4001
[Info   :ModulePatch] Enabled patch Patch4002
[Info   :  SPT.Core] Completed: SPT.Core
[Info   :   BepInEx] Loading [SPT.Debugging 4.0.13]
[Info   :SPT.Debugging] Loading: SPT.Debugging
[Info   :ModulePatch] Enabled patch EndRaidDebug
[Info   :ModulePatch] Enabled patch LoggerClassLogPatch
[Info   :ModulePatch] Enabled patch ReloadClientPatch
[Info   :ModulePatch] Enabled patch EnableDebugCommandsPatch
[Info   :SPT.Debugging] Completed: SPT.Debugging
[Info   :   BepInEx] Loading [Fika.Core 2.3.9]
[Info   : Fika.Core] [LogValues]: Received NatPunchServer config from server:
[Info   : Fika.Core] [LogValues]: Enable: False
[Info   : Fika.Core] [LogValues]: Port: 6790
[Info   :ModulePatch] Enabled patch AchievementsScreen_Show_Patch
[Info   :ModulePatch] Enabled patch AchievementView_Show_Patch
[Info   :ModulePatch] Enabled patch ChangeGameModeButton_Patch
[Info   :ModulePatch] Enabled patch CoopSettingsWindow_Show_Patch
[Info   :ModulePatch] Enabled patch DisableInsuranceReadyButton_Patch
[Info   :ModulePatch] Enabled patch DisableMatchSettingsReadyButton_Patch
[Info   :ModulePatch] Enabled patch DisableReadyButton_Patch
[Info   :ModulePatch] Enabled patch DisconnectButton_Patch
[Info   :ModulePatch] Enabled patch FikaVersionLabel_Patch
[Info   :ModulePatch] Enabled patch MainMenuControllerClass_method_55_Patch
[Info   :ModulePatch] Enabled patch MatchmakerOfflineRaidScreen_Show_Patch
[Info   :ModulePatch] Enabled patch MatchmakerOfflineRaidScreen_Close_Patch
[Info   :ModulePatch] Enabled patch MatchmakerPlayerControllerClass_GetCoopBlockReason_Patch
[Info   :ModulePatch] Enabled patch MenuTaskBar_Patch
[Info   :ModulePatch] Enabled patch PartyInfoPanel_Show_Patch
[Info   :ModulePatch] Enabled patch RaidSettingsWindow_method_8_Patch
[Info   :ModulePatch] Enabled patch RaidSettingsWindow_Show_Patch
[Info   :ModulePatch] Enabled patch SessionResultExitStatus_Show_Patch
[Info   :ModulePatch] Enabled patch TarkovApplication_method_16_Patch
[Info   :ModulePatch] Enabled patch MatchmakerAcceptScreen_Awake_Patch
[Info   :ModulePatch] Enabled patch MatchmakerAcceptScreen_Show_Patch
[Info   :ModulePatch] Enabled patch GClass3871_ShowAction_Patch
[Info   :ModulePatch] Enabled patch HideoutPlayerOwner_SetPointOfView_Patch
[Info   :ModulePatch] Enabled patch MenuScreen_Awake_Patch
[Info   :ModulePatch] Enabled patch MenuScreen_method_9_Patch
[Info   :ModulePatch] Enabled patch RagfairScreen_Show_Patch
[Warning:  HarmonyX] com.fika.core: You should only patch implemented methods/constructors to avoid issues. Patch the declared method void EFT.BaseLocalGame<EFT.EftGamePlayerOwner>::method_20(LoadingProgressStruct p) instead of void EFT.BaseLocalGame<EFT.EftGamePlayerOwner>::method_20(LoadingProgressStruct p).
[Info   :ModulePatch] Enabled patch LoadingLootPatch
[Info   :ModulePatch] Enabled patch MapCachingPatch
[Info   :ModulePatch] Enabled patch MapLoadingPatch
[Info   :ModulePatch] Enabled patch BotCacher_Patch
[Info   :ModulePatch] Enabled patch GClass2287_method_0_Patch
[Info   :ModulePatch] Enabled patch GClass3585_ExceptAI_Patch
[Info   :ModulePatch] Enabled patch GrenadeClass_Init_Patch
[Info   :ModulePatch] Enabled patch LocaleClass_ReloadBackendLocale_Patch
[Info   :ModulePatch] Enabled patch TransitInteractionControllerAbstractClass_method_11_Patch
[Info   :ModulePatch] Enabled patch BasicMicrophoneCapture_UpdateSubscribers_Transpiler
[Info   :ModulePatch] Enabled patch DissonanceComms_Start_Patch
[Info   :ModulePatch] Enabled patch Player_IDissonancePlayerType_Patch
[Info   :ModulePatch] Enabled patch TripwireSynchronizableObject_method_11_Patch
[Info   :ModulePatch] Enabled patch TripwireSynchronizableObject_method_6_Patch
[Info   :ModulePatch] Enabled patch TransitControllerAbstractClass_Exist_Patch
[Info   :ModulePatch] Enabled patch CustomPlayerLoopSystemsInjector_InjectDataProviderSyncUpdate_Transpiler
[Info   :ModulePatch] Enabled patch CustomPlayerLoopSystemsInjector_InjectPostUNetUpdateSystem_Transpiler
[Info   :ModulePatch] Enabled patch CustomPlayerLoopSystemsInjector_MoveUNetUpdateSystemOnPreUpdate_Transpiler
[Info   :ModulePatch] Enabled patch RocketLauncherConeBlastClass_Initialize_Patch
[Info   :ModulePatch] Enabled patch RocketProjectile_Launch_Patch
[Info   :ModulePatch] Enabled patch RocketProjectile_method_6_Patch
[Info   :ModulePatch] Enabled patch BodyPartCollider_SetUpPlayer_Patch
[Info   :ModulePatch] Enabled patch Player_HasMarkOfUnknown_Patch
[Info   :ModulePatch] Enabled patch Player_Hide_Patch
[Info   :ModulePatch] Enabled patch Player_ManageAggressor_Patch
[Info   :ModulePatch] Enabled patch Player_OnDead_Patch
[Info   :ModulePatch] Enabled patch Player_SetDogtagInfo_Patch
[Info   :ModulePatch] Enabled patch Player_SpawnInHands_Patch
[Info   :ModulePatch] Enabled patch GetProfileAtEndOfRaidPatch_Override
[Info   :ModulePatch] Enabled patch FixSavageInventoryScreenPatch_Override
[Info   :ModulePatch] Enabled patch OfflineRaidSettingsMenuPatch_Override
[Info   :ModulePatch] Enabled patch PmcFoundInRaidEquipment_ConfigurePMCFindInRaidStatus_Patch
[Info   :ModulePatch] Enabled patch ScavProfileLoad_Override
[Info   :ModulePatch] Enabled patch MuzzleManager_Play_Patch
[Info   :ModulePatch] Enabled patch MovementContext_method_11_Transpiler
[Info   :ModulePatch] Enabled patch MovementContext_method_9_Transpiler
[Info   :ModulePatch] Enabled patch MovementContext_PreviousRotation_Transpiler
[Info   :ModulePatch] Enabled patch MovementContext_RestorePreviousYaw_Transpiler
[Info   :ModulePatch] Enabled patch MovementContext_Rotation_Transpiler
[Info   :ModulePatch] Enabled patch MineDirectional_OnTriggerEnter_Patch
[Info   :ModulePatch] Enabled patch Minefield_method_2_Patch
[Info   :ModulePatch] Enabled patch BaseLocalGame_method_14_Patch
[Info   :ModulePatch] Enabled patch NonWaveSpawnScenario_Patch
[Info   :ModulePatch] Enabled patch TarkovApplication_LocalGameCreator_Patch
[Info   :ModulePatch] Enabled patch TarkovApplication_LocalGamePreparer_Patch
[Info   :ModulePatch] Enabled patch WaveSpawnScenario_Patch
[Info   :ModulePatch] Enabled patch BufferInnerZone_ChangePlayerAccessStatus_Patch
[Info   :ModulePatch] Enabled patch BufferInnerZone_ChangeZoneInteractionAvailability_Patch
[Info   :ModulePatch] Enabled patch BufferZoneControllerClass_method_1_Patch
[Info   :ModulePatch] Enabled patch BufferZoneControllerClass_SetPlayerInZoneStatus_Patch
[Info   :ModulePatch] Enabled patch GameWorld_Create_Patch
[Info   :ModulePatch] Enabled patch GameWorld_method_2_Patch
[Info   :ModulePatch] Enabled patch GameWorld_ThrowItem_Patch
[Info   :ModulePatch] Enabled patch AnticheatMipMapChecker_Start_Patch
[Info   :ModulePatch] Enabled patch OpticRetrice_UpdateTransform_Patch
[Info   :ModulePatch] Enabled patch PlayerCameraController_LateUpdate_Transpiler
[Info   :ModulePatch] Enabled patch WeaponManagerClass_method_12_Patch
[Info   :ModulePatch] Enabled patch WeaponManagerClass_ValidateScopeSmoothZoomUpdate_Patch
[Info   :ModulePatch] Enabled patch BTRControllerClass_Init_Patch
[Info   :ModulePatch] Enabled patch BTRTurretView_AttachBot_Postfix
[Info   :ModulePatch] Enabled patch BTRVehicle_method_38_Patch
[Info   :ModulePatch] Enabled patch BTRView_GoIn_Patch
[Info   :ModulePatch] Enabled patch BTRView_GoOut_Patch
[Info   :ModulePatch] Enabled patch BTRView_Start_Patch
[Info   :ModulePatch] Enabled patch Player_UpdateBtrTraderServiceData_Patch
[Info   :ModulePatch] Enabled patch ArtilleryServerProjectileClass_Constructor_Patch
[Info   :ModulePatch] Enabled patch ServerShellingControllerClass_method_0_Patch
[Info   :ModulePatch] Enabled patch ServerShellingControllerClass_method_28_Patch
[Warning:  HarmonyX] com.fika.core: You should only patch implemented methods/constructors to avoid issues. Patch the declared method virtual void EFT.Player::OnItemAddedOrRemoved(EFT.InventoryLogic.Item item, EFT.InventoryLogic.ItemAddress location, bool added) instead of virtual void EFT.Player::OnItemAddedOrRemoved(EFT.InventoryLogic.Item item, EFT.InventoryLogic.ItemAddress location, bool added).
[Info   :ModulePatch] Enabled patch FikaPlayer_OnItemAddedOrRemoved_Transpiler
[Info   :ModulePatch] Enabled patch Player_CheckArmorHitByDirection_Transpiler
[Info   :ModulePatch] Enabled patch Player_IsShotDeflectedByHeavyArmor_Transpiler
[Info   :ModulePatch] Enabled patch Player_method_95_Transpiler
[Info   :ModulePatch] Enabled patch Player_ProceedDamageThroughArmor_Patch
[Info   :ModulePatch] Enabled patch Player_RecalculateEquipmentParams_Transpiler
[Info   :ModulePatch] Enabled patch Player_TryGetArmorResistData_Transpiler
[Info   :ModulePatch] Enabled patch OfflineAirdropServerLogicClass_UpdateOfflineClientLogic_Patch
[Info   :ModulePatch] Enabled patch OfflineAirplaneServerLogicClass_UpdateOfflineClientLogic_Patch
[Info   :ModulePatch] Enabled patch SyncObjectProcessorClass_GetSyncObjectStrategyByType_Patch
[Info   :ModulePatch] Enabled patch AIPlaceLogicPartisan_Dispose_Patch
[Info   :ModulePatch] Enabled patch BotReload_method_1_Patch
[Info   :ModulePatch] Enabled patch AbstractGame_InRaid_Patch
[Info   :ModulePatch] Enabled patch DeathFade_Patch
[Info   :ModulePatch] Enabled patch PlayEndGameSound_Patch
[Info   :ModulePatch] Enabled patch PlayUISound_Patch
[Info   :ModulePatch] Enabled patch LighthouseTraderZone_AddPlayer_Patch
[Info   :ModulePatch] Enabled patch LighthouseTraderZone_RemovePlayer_Patch
[Info   :ModulePatch] Enabled patch LighthouseTraderZone_Awake_Patch
[Info   :ModulePatch] Enabled patch ZyriachyBossLogicClass_Activate_Patch
[Info   :ModulePatch] Enabled patch BTRSide_AddPassenger_Patch
[Info   :ModulePatch] Enabled patch BTRSide_RemovePassenger_Patch
[Info   :ModulePatch] Enabled patch BTRSide_method_9_Patch
[Info   :Fika.Core PatchManager] Enabled 117 patches
[Info   :ModulePatch] Disabled patch VersionLabelPatch
[Info   :ModulePatch] Disabled patch ScavRepAdjustmentPatch
[Info   :ModulePatch] Disabled patch GetProfileAtEndOfRaidPatch
[Info   :ModulePatch] Disabled patch ScavExfilPatch
[Info   :ModulePatch] Disabled patch SendPlayerScavProfileToServerAfterRaidPatch
[Info   :ModulePatch] Disabled patch MatchStartServerLocationPatch
[Info   :ModulePatch] Disabled patch QuestAchievementRewardInRaidPatch
[Warning:  HarmonyX] ClientHealthController_Kill_Patch: You should only patch implemented methods/constructors to avoid issues. Patch the declared method void EFT.HealthSystem.ActiveHealthController::Kill(EFT.EDamageType damageType) instead of void EFT.HealthSystem.ActiveHealthController::Kill(EFT.EDamageType damageType).
[Info   :ModulePatch] Enabled patch ClientHealthController_Kill_Patch
[Info   :ModulePatch] Enabled patch GetActionsClass_GetAvailableActions_Patch
[Info   : Fika.Core] [LogValues]: Received config from server:
[Info   : Fika.Core] [LogValues]: [Config] UseBTR: True
[Info   : Fika.Core] [LogValues]: [Config] FriendlyFire: False
[Info   : Fika.Core] [LogValues]: [Config] DynamicVExfils: False
[Info   : Fika.Core] [LogValues]: [Config] AllowFreeCam: True
[Info   : Fika.Core] [LogValues]: [Config] AllowSpectateFreeCam: True
[Info   : Fika.Core] [LogValues]: [Config] AllowItemSending: True
[Info   : Fika.Core] [LogValues]: [Config] BlacklistedItems: 
[Info   : Fika.Core] [LogValues]: [Config] ForceSaveOnDeath: False
[Info   : Fika.Core] [LogValues]: [Config] UseInertia: True
[Info   : Fika.Core] [LogValues]: [Config] SharedQuestProgression: True
[Info   : Fika.Core] [LogValues]: [Config] CanEditRaidSettings: True
[Info   : Fika.Core] [LogValues]: [Config] EnableTransits: True
[Info   : Fika.Core] [LogValues]: [Config] AnyoneCanStartRaid: False
[Info   : Fika.Core] [LogValues]: [Config] AllowNamePlates: True
[Info   : Fika.Core] [LogValues]: [Config] RandomLabyrinthSpawns: False
[Info   : Fika.Core] [LogValues]: [Config] PMCFoundInRaid: True
[Info   : Fika.Core] [LogValues]: [Config] AllowSpectateBots: False
[Info   : Fika.Core] [LogValues]: [Config] InstantLoad: False
[Info   : Fika.Core] [LogValues]: [Config] FastLoad: False
[Info   : Fika.Core] [LogValues]: [ReviveConfig] Enabled: True
[Info   : Fika.Core] [LogValues]: [ReviveConfig] HeadshotKills: True
[Info   : Fika.Core] [LogValues]: [ReviveConfig] GrenadesKills: False
[Info   : Fika.Core] [LogValues]: [ReviveConfig] AllowLooting: False
[Info   : Fika.Core] [LogValues]: [ReviveConfig] MaxRevives: 2
[Info   : Fika.Core] [LogValues]: [ReviveConfig] BleedoutTime: 67
[Info   : Fika.Core] [LogValues]: [ReviveConfig] ReviveTime: 5
[Info   : Fika.Core] Fika is loaded! Running version: 2.3.9.0
[Info   :RequestHandler] [REQUEST]: /singleplayer/settings/bot/difficulty/core/core
[Info   :RequestHandler] [REQUEST SUCCESSFUL] /singleplayer/settings/bot/difficulty/core/core
[Info   :ModulePatch] Enabled patch ItemContext_Patch
[Info   :   BepInEx] Loading [7Bpencil.WeaponCamoAndStickers 1.17.1]
[Error  :7Bpencil.WeaponCamoAndStickers] [Texture] Failed to load texture: stickers/LielleStuf/Alya/2810fe6d742eaba67f9cf34cc24df5d3.jpg
[Warning:  HarmonyX] Patch_WeaponModdingScreen_method_6: You should only patch implemented methods/constructors to avoid issues. Patch the declared method void EFT.UI.ItemObserveScreen<EFT.UI.WeaponModding.WeaponModdingScreen+GClass3922, EFT.UI.WeaponModding.WeaponModdingScreen>::method_6(EFT.InventoryLogic.CompoundItem weapon) instead of void EFT.UI.ItemObserveScreen<EFT.UI.WeaponModding.WeaponModdingScreen+GClass3922, EFT.UI.WeaponModding.WeaponModdingScreen>::method_6(EFT.InventoryLogic.CompoundItem weapon).
[Info   :ModulePatch] Enabled patch Patch_WeaponModdingScreen_method_6
[Info   :ModulePatch] Enabled patch Patch_WeaponPreview_Class3271_method_1
[Info   :ModulePatch] Enabled patch Patch_WeaponPreview_Rotate
[Info   :ModulePatch] Enabled patch Patch_ScrollTrigger_OnScroll
[Info   :ModulePatch] Enabled patch Patch_WeaponPreview_Hide
[Info   :ModulePatch] Enabled patch Patch_ItemUiContext_GetItemContextInteractions
[Info   :ModulePatch] Enabled patch Patch_InteractionButtonsContainer_method_3
[Warning:  HarmonyX] Patch_WeaponModdingScreen_Close: You should only patch implemented methods/constructors to avoid issues. Patch the declared method virtual void EFT.UI.ItemObserveScreen<EFT.UI.WeaponModding.WeaponModdingScreen+GClass3922, EFT.UI.WeaponModding.WeaponModdingScreen>::Close() instead of virtual void EFT.UI.ItemObserveScreen<EFT.UI.WeaponModding.WeaponModdingScreen+GClass3922, EFT.UI.WeaponModding.WeaponModdingScreen>::Close().
[Info   :ModulePatch] Enabled patch Patch_WeaponModdingScreen_Close
[Info   :ModulePatch] Enabled patch Patch_PoolManagerClass_CreateItemAsync
[Info   :ModulePatch] Enabled patch Patch_PoolManagerClass_method_2
[Info   :ModulePatch] Enabled patch Patch_WeaponPrefab_InitHotObjects
[Info   :ModulePatch] Enabled patch Patch_PlayerBody_EquipmentSlotClass_method_4
[Info   :ModulePatch] Enabled patch Patch_AssetPoolObject_ReturnToPool
[Info   :ModulePatch] Enabled patch Patch_AssetPoolObject_OnDestroy
[Info   :ModulePatch] Enabled patch Patch_PlayerBody_SetSkin_CreateItem
[Info   :ModulePatch] Enabled patch Patch_LoddedSkin_Unskin
[Info   :ModulePatch] Enabled patch Patch_GClass3380_smethod_2
[Info   :ModulePatch] Enabled patch Patch_GClass2304_smethod_0
[Info   :ModulePatch] Enabled patch Patch_PlayerModelView_method_0
[Info   :ModulePatch] Enabled patch Patch_PlayerModelView_method_1
[Info   :ModulePatch] Enabled patch Patch_PlayerBody_SetSkin
[Info   :ModulePatch] Enabled patch Patch_BotCreatorClass_method_2
[Info   :ModulePatch] Enabled patch Patch_GClass926_GetItemIcon
[Info   :ModulePatch] Enabled patch Patch_GClass928_GetItemHash
[Info   :   BepInEx] Loading [7Bpencil.EquipmentStickers 1.17.1]
[Info   :ModulePatch] Enabled patch Patch_OverallScreen_Show
[Info   :ModulePatch] Enabled patch Patch_PlayerModelView_method_0
[Info   :ModulePatch] Enabled patch Patch_InventoryPlayerModelWithStatsWindow_method_4
[Info   :ModulePatch] Enabled patch Patch_ScrollTrigger_OnScroll
[Info   :ModulePatch] Enabled patch Patch_OverallScreen_Close
[Info   :   BepInEx] Loading [7Bpencil.MaterialEditor 1.17.1]
[Info   :ModulePatch] Enabled patch Patch_PoolManagerClass_CreateItemAsync
[Info   :ModulePatch] Enabled patch Patch_PoolManagerClass_method_2
[Info   :ModulePatch] Enabled patch Patch_AssetPoolObject_ReturnToPool
[Info   :ModulePatch] Enabled patch Patch_AssetPoolObject_OnDestroy
[Info   :ModulePatch] Enabled patch Patch_ItemUiContext_GetItemContextInteractions
[Warning:  HarmonyX] Patch_WeaponModdingScreen_method_6: You should only patch implemented methods/constructors to avoid issues. Patch the declared method void EFT.UI.ItemObserveScreen<EFT.UI.WeaponModding.WeaponModdingScreen+GClass3922, EFT.UI.WeaponModding.WeaponModdingScreen>::method_6(EFT.InventoryLogic.CompoundItem weapon) instead of void EFT.UI.ItemObserveScreen<EFT.UI.WeaponModding.WeaponModdingScreen+GClass3922, EFT.UI.WeaponModding.WeaponModdingScreen>::method_6(EFT.InventoryLogic.CompoundItem weapon).
[Info   :ModulePatch] Enabled patch Patch_WeaponModdingScreen_method_6
[Info   :ModulePatch] Enabled patch Patch_GClass2304_smethod_0
[Info   :ModulePatch] Enabled patch Patch_WeaponPreview_Class3271_method_1
[Info   :ModulePatch] Enabled patch Patch_WeaponPreview_Rotate
[Info   :ModulePatch] Enabled patch Patch_ScrollTrigger_OnScroll
[Warning:  HarmonyX] Patch_WeaponModdingScreen_Close: You should only patch implemented methods/constructors to avoid issues. Patch the declared method virtual void EFT.UI.ItemObserveScreen<EFT.UI.WeaponModding.WeaponModdingScreen+GClass3922, EFT.UI.WeaponModding.WeaponModdingScreen>::Close() instead of virtual void EFT.UI.ItemObserveScreen<EFT.UI.WeaponModding.WeaponModdingScreen+GClass3922, EFT.UI.WeaponModding.WeaponModdingScreen>::Close().
[Info   :ModulePatch] Enabled patch Patch_WeaponModdingScreen_Close
[Info   :ModulePatch] Enabled patch Patch_GClass3380_smethod_2
[Info   :ModulePatch] Enabled patch Patch_GClass928_GetItemHash
[Info   :ModulePatch] Enabled patch Patch_GClass928_smethod_1
[Info   :ModulePatch] Enabled patch Patch_HotObject_SetTemperatureToRenderer
[Info   :ModulePatch] Enabled patch Patch_RainCondensator_OnEnable
[Info   :ModulePatch] Enabled patch Patch_RainCondensator_UpdateValues
[Info   :ModulePatch] Enabled patch Patch_RainCondensator_OnDisable
[Info   :ModulePatch] Enabled patch Patch_PlayerBody_SetSkin
[Info   :ModulePatch] Enabled patch Patch_LoddedSkin_Unskin
[Info   :ModulePatch] Enabled patch Patch_OverallScreen_Show
[Info   :ModulePatch] Enabled patch Patch_PlayerModelView_method_0
[Info   :ModulePatch] Enabled patch Patch_OverallScreen_Close
[Info   :   BepInEx] Loading [7Bpencil.ReduceFakeInteriorShadow 1.0.1]
[Info   :ModulePatch] Enabled patch Patch_AmbientLight_method_8
[Info   :   BepInEx] Loading [Better Thermal & Night Vision 1.3.2]
[Info   :   BepInEx] Loading [LootNet 1.0.9]
[Info   :ModulePatch] Enabled patch RaidStartPatch
[Info   :ModulePatch] Enabled patch InventoryPatch
[Info   :ModulePatch] Enabled patch InventoryRemovePatch
[Info   :ModulePatch] Enabled patch InventoryScreenShowPatch
[Info   :ModulePatch] Enabled patch InventoryScreenClosePatch
[Info   :ModulePatch] Enabled patch RaidEndPatch
[Info   :ModulePatch] Enabled patch MenuScreenPatch
[Info   :   LootNet] [LootNet] Kill tracking patched across 2 type(s), death tracking across 3 type(s).
[Info   :   LootNet] LootNet v1.0.9 loaded!
[Info   :   BepInEx] Loading [LootNet.Fika 1.0.9]
[Info   :LootNet.Fika] LootNet.Fika loaded — teammate loot summaries via SPT server relay.
[Info   :   BepInEx] Loading [acidphantasm-botplacementsystem 2.0.19]
[Info   :ModulePatch] Enabled patch BossSpawnScenarioStopPatch
[Info   :ModulePatch] Enabled patch BotOwnerCreationPatch
[Info   :ModulePatch] Enabled patch PlayerOnDeadPatch
[Info   :ModulePatch] Enabled patch MenuLoadPatch
[Info   :ModulePatch] Enabled patch SetMaxBotCountPatch
[Info   :ModulePatch] Enabled patch BossSpawnScenarioSpawnProgressPatch
[Info   :ModulePatch] Enabled patch BossProgressiveRegressivePatch
[Info   :ModulePatch] Enabled patch PmcSpawnHookPatch
[Info   :ModulePatch] Enabled patch AssaultGroupPatch
[Info   :ModulePatch] Enabled patch NonWavesSpawnSystemPatch
[Info   :ModulePatch] Enabled patch TryToSpawnInZonePatch
[Info   :ModulePatch] Enabled patch IsPlayerEnemyPatch
[Info   :ModulePatch] Enabled patch BotsControllerInitPatch
[Info   :   BepInEx] Loading [acidphantasm-enablelabyrinth 1.0.2]
[Info   :ModulePatch] Enabled patch LocationSceneAwakePatch
[Info   :   BepInEx] Loading [acidphantasm-letmeout 1.0.2]
[Info   :ModulePatch] Enabled patch DisableExitsInteraction_Patch
[Info   :   BepInEx] Loading [acidphantasm-MoreTagColours 1.4.0]
[Info   :acidphantasm-MoreTagColours] [MoreTagColours] loading...
[Info   :ModulePatch] Enabled patch GetColorPatch
[Info   :ModulePatch] Enabled patch TagColorsPanelPatch
[Info   :ModulePatch] Enabled patch ResizeWindowPatch
[Info   :acidphantasm-MoreTagColours] [MoreTagColours] loaded!
[Info   :   BepInEx] Loading [acidphantasm-simpleworkoutqte 2.1.1]
[Info   :ModulePatch] Enabled patch WorkoutBehaviourPatch1
[Info   :acidphantasm-simpleworkoutqte] plugin loaded!
[Info   :   BepInEx] Loading [AnanasCharles-RidableVehicles 0.15.0]
[Warning:AnanasCharles-RidableVehicles] [veh] no sound file for 'idle' in C:\Games\SPT\BepInEx\plugins\AnanasCharles-RidableVehicles\Sounds
[Warning:AnanasCharles-RidableVehicles] [veh] no sound file for 'accelerate' in C:\Games\SPT\BepInEx\plugins\AnanasCharles-RidableVehicles\Sounds
[Warning:AnanasCharles-RidableVehicles] [veh] no sound file for 'horn' in C:\Games\SPT\BepInEx\plugins\AnanasCharles-RidableVehicles\Sounds
[Warning:AnanasCharles-RidableVehicles] [veh] no sound file for 'skid' in C:\Games\SPT\BepInEx\plugins\AnanasCharles-RidableVehicles\Sounds
[Warning:AnanasCharles-RidableVehicles] [veh] no sound file for 'collision' in C:\Games\SPT\BepInEx\plugins\AnanasCharles-RidableVehicles\Sounds
[Warning:AnanasCharles-RidableVehicles] [veh] no sound file for 'brake' in C:\Games\SPT\BepInEx\plugins\AnanasCharles-RidableVehicles\Sounds
[Info   :ModulePatch] Enabled patch VehicleCameraPatch
[Info   :ModulePatch] Enabled patch VehicleInputBlockPatch
[Info   :ModulePatch] Enabled patch RaidEndPatch
[Info   :ModulePatch] Enabled patch TransferItemsPatch
[Info   :AnanasCharles-RidableVehicles] RidableVehicles loaded
[Info   :   BepInEx] Loading [Unity Toolkit 2.0.1]
[Info   :ModulePatch] Enabled patch InjectPlayerLoopSystems
[Info   :   BepInEx] Loading [CompatibilityHighlighter 1.1.0]
[Info   :ModulePatch] Enabled patch ItemViewHoverEnterPatch
[Info   :ModulePatch] Enabled patch ItemViewHoverExitPatch
[Info   :ModulePatch] Enabled patch ItemViewDragBeginPatch
[Info   :ModulePatch] Enabled patch ItemViewDragEndPatch
[Info   :ModulePatch] Enabled patch ContainerSuppressionPatch
[Info   :ModulePatch] Enabled patch HighlightColorPatch
[Info   :ModulePatch] Enabled patch SlotOutlineColorPatch
[Info   :ModulePatch] Enabled patch ItemUiContextRegisterViewPatch
[Info   :ModulePatch] Enabled patch ItemUiContextUnregisterViewPatch
[Info   :CompatibilityHighlighter] CompatibilityHighlighter loaded.
[Info   :   BepInEx] Loading [Configuration Manager 18.4]
[Info   :   BepInEx] Loading [DrakiaXYZ-BigBrain 1.4.0]
[Info   :DrakiaXYZ-BigBrain] Loading: DrakiaXYZ-BigBrain
[Info   :ModulePatch] Enabled patch BotBaseBrainActivatePatch
[Info   :ModulePatch] Enabled patch BotBrainCreateLogicNodePatch
[Info   :ModulePatch] Enabled patch BotBaseBrainUpdatePatch
[Info   :ModulePatch] Enabled patch BotAgentUpdatePatch
[Info   :ModulePatch] Enabled patch BotBaseBrainActivateLayerPatch
[Info   :ModulePatch] Enabled patch BotStandartBotBrainActivatePatch
[Info   :DrakiaXYZ-BigBrain] Completed: DrakiaXYZ-BigBrain
[Info   :   BepInEx] Loading [SAIN 4.4.3]
[Info   :RequestHandler] [REQUEST]: /sain/namepersonalities
[Info   :RequestHandler] [REQUEST SUCCESSFUL] /sain/namepersonalities
[Info   :ModulePatch] Enabled patch UpdateLightEnablePatch
[Info   :ModulePatch] Enabled patch UpdateLightEnablePatch2
[Info   :ModulePatch] Enabled patch ToggleNightVisionPatch
[Info   :ModulePatch] Enabled patch DisableLookUpdatePatch
[Info   :ModulePatch] Enabled patch GlobalLookSettingsPatch
[Info   :ModulePatch] Enabled patch NoAIESPPatch
[Info   :ModulePatch] Enabled patch BotLightTurnOnPatch
[Info   :ModulePatch] Enabled patch VisionSpeedPatch
[Info   :ModulePatch] Enabled patch WeatherVisionPatch
[Info   :ModulePatch] Enabled patch IsPointInVisibleSectorCallerPatch
[Info   :ModulePatch] Enabled patch IsPointInVisibleSectorPatch
[Info   :ModulePatch] Enabled patch VisionDistancePatch
[Info   :ModulePatch] Enabled patch CheckFlashlightPatch
[Info   :ModulePatch] Enabled patch VersionLabelPatch
[Info   :ModulePatch] Enabled patch PlayerHurtPatch
[Info   :ModulePatch] Enabled patch PlayerTalkPatch
[Info   :ModulePatch] Enabled patch BotTalkPatch
[Info   :ModulePatch] Enabled patch BotTalkManualUpdatePatch
[Info   :ModulePatch] Enabled patch BotShootPatch
[Info   :ModulePatch] Enabled patch SetGrenadePatch
[Info   :ModulePatch] Enabled patch ResetGrenadePatch
[Info   :ModulePatch] Enabled patch DisableGrenadesPatch
[Info   :ModulePatch] Enabled patch BotAimSteerPatch
[Info   :ModulePatch] Enabled patch HardAimDisablePatch1
[Info   :ModulePatch] Enabled patch HardAimDisablePatch2
[Info   :ModulePatch] Enabled patch PlayerHitReactionDisablePatch
[Info   :ModulePatch] Enabled patch HitAffectApplyPatch
[Info   :ModulePatch] Enabled patch DoHitAffectPatch
[Info   :ModulePatch] Enabled patch AimOffsetPatch
[Info   :ModulePatch] Enabled patch AimTimePatch
[Info   :ModulePatch] Enabled patch SmoothTurnPatch
[Info   :ModulePatch] Enabled patch BotSteeringPitchLimitPatch
[Info   :ModulePatch] Enabled patch SprintLookDirPatch
[Info   :ModulePatch] Enabled patch PlayerSetPosePatch
[Info   :ModulePatch] Enabled patch MovementContextIsAIPatch
[Info   :ModulePatch] Enabled patch CanBeSnappedPatch
[Info   :ModulePatch] Enabled patch GlobalShootSettingsPatch
[Info   :ModulePatch] Enabled patch StopShootCauseAnimatorPatch
[Info   :ModulePatch] Enabled patch PoseStaminaPatch
[Info   :ModulePatch] Enabled patch BotMoverManualUpdatePatch
[Info   :ModulePatch] Enabled patch BotMoverManualFixedUpdatePatch
[Info   :ModulePatch] Enabled patch AimStaminaPatch
[Info   :ModulePatch] Enabled patch CrawlPatch
[Info   :ModulePatch] Enabled patch EncumberedPatch
[Info   :ModulePatch] Enabled patch GrenadeCollisionPatch
[Info   :ModulePatch] Enabled patch GrenadeCollisionPatch2
[Info   :ModulePatch] Enabled patch TryPlayShootSoundPatch
[Info   :ModulePatch] Enabled patch OnWeaponModifiedPatch
[Info   :ModulePatch] Enabled patch SoundClipNameCheckerPatch2
[Info   :ModulePatch] Enabled patch TogglableSetPatch
[Info   :ModulePatch] Enabled patch SpawnInHandsSoundPatch
[Info   :ModulePatch] Enabled patch ActivateBotComponentPatch
[Info   :ModulePatch] Enabled patch AddBotComponentPatch
[Info   :ModulePatch] Enabled patch AddGameWorldPatch
[Info   :ModulePatch] Enabled patch GetBotControllerPatch
[Info   :ModulePatch] Enabled patch WorldTickPatch
[Info   :ModulePatch] Enabled patch BotOwnerActivatePatch
[Info   :ModulePatch] Enabled patch StopRequestExecutePatch
[Info   :ModulePatch] Enabled patch SetEnvironmentPatch
[Info   :ModulePatch] Enabled patch AddPointToSearchPatch
[Info   :ModulePatch] Enabled patch SetPanicPointPatch
[Info   :ModulePatch] Enabled patch HaveSeenEnemyPatch
[Info   :ModulePatch] Enabled patch TurnDamnLightOffPatch
[Info   :ModulePatch] Enabled patch ShallKnowEnemyPatch
[Info   :ModulePatch] Enabled patch ShallKnowEnemyLatePatch
[Info   :ModulePatch] Enabled patch GrenadeThrownActionPatch
[Info   :ModulePatch] Enabled patch GrenadeExplosionActionPatch
[Info   :ModulePatch] Enabled patch BlockVoiceRequestsPatch
[Info   :ModulePatch] Enabled patch BlockGrenadeThrowRequestsPatch
[Info   :ModulePatch] Enabled patch BlockRequestPatch
[Info   :ModulePatch] Enabled patch SetInHands_Empty
[Info   :ModulePatch] Enabled patch Proceed_Weapon_Patch
[Info   :ModulePatch] Enabled patch SetInHands_Weapon_Stationary_Patch
[Info   :ModulePatch] Enabled patch SetInHands_Knife_Patch
[Info   :ModulePatch] Enabled patch SetInHands_Grenade_Patch
[Info   :ModulePatch] Enabled patch SetInHands_Food_Patch
[Info   :ModulePatch] Enabled patch SetInHands_Meds_Patch1
[Info   :ModulePatch] Enabled patch SetInHands_Meds_Patch2
[Info   :ModulePatch] Enabled patch SetInHands_QuickUse_Patch1
[Info   :ModulePatch] Enabled patch SetInHands_QuickUse_Patch2
[Info   :ModulePatch] Enabled patch RunToEnemyUpdatePatch
[Info   :ModulePatch] Enabled patch EnableVaultPatch
[Info   :ModulePatch] Enabled patch FightShallReloadFixPatch
[Info   :ModulePatch] Enabled patch FixItemTakerPatch
[Info   :ModulePatch] Enabled patch FixItemTakerPatch2
[Info   :ModulePatch] Enabled patch RotateClampPatch
[Info   :ModulePatch] Enabled patch BotGroupAddEnemyPatch
[Info   :ModulePatch] Enabled patch BotMemoryAddEnemyPatch
[Info   :ModulePatch] Enabled patch StopSetToNavMeshPatch
[Info   :ModulePatch] Enabled patch StopSetToNavMeshPatch2
[Info   :ModulePatch] Enabled patch RemoveSkillIssueController
[Info   :ModulePatch] Enabled patch EnableUsecPmcKhorovodPatch
[Info   :ModulePatch] Enabled patch EnableBearPmcKhorovodPatch
[Info   :ModulePatch] Enabled patch TreeSoundPatch
[Info   :ModulePatch] Enabled patch DoorSoundPatch
[Info   :ModulePatch] Enabled patch DoorBreachSoundPatch
[Info   :ModulePatch] Enabled patch DryShotPatch
[Info   :ModulePatch] Enabled patch PlaySwitchHeadlightSoundPatch
[Info   :ModulePatch] Enabled patch LootingSoundPatch
[Info   :ModulePatch] Enabled patch AimSoundPatch
[Info   :ModulePatch] Enabled patch BulletImpactPatch
[Info   :ModulePatch] Enabled patch HearingSensorPatch
[Info   :ModulePatch] Enabled patch OnMakingShotPatch
[Info   :ModulePatch] Enabled patch RegisterShotPatch
[Info   :ModulePatch] Enabled patch SoundClipNameCheckerPatch
[Info   :ModulePatch] Enabled patch BodyPartToShootPatch
[Info   :SAIN PatchManager] Enabled 106 patches
[Info   :   BepInEx] Loading [MoreBotsAPI 2.0.1]
[Info   :MoreBotsAPI] Successfully added blackDivLead : 848420 to the excluded difficulties list
[Info   :MoreBotsAPI] Successfully added blackDivAssault : 848421 to the excluded difficulties list
[Info   :MoreBotsAPI] Successfully added blackDivBreacher : 848422 to the excluded difficulties list
[Info   :MoreBotsAPI] Successfully added blackDivSupport : 848423 to the excluded difficulties list
[Info   :MoreBotsAPI] Successfully added bossWedge : 848424 to the excluded difficulties list
[Info   :MoreBotsAPI] Successfully added blackDivIb : 848426 to the excluded difficulties list
[Info   :MoreBotsAPI] Successfully added ruafRifleman : 848400 to the excluded difficulties list
[Info   :MoreBotsAPI] Successfully added ruafRiflemanSenior : 848401 to the excluded difficulties list
[Info   :MoreBotsAPI] Successfully added ruafAutorifleman : 848402 to the excluded difficulties list
[Info   :MoreBotsAPI] Successfully added ruafGrenadier : 848403 to the excluded difficulties list
[Info   :MoreBotsAPI] Successfully added ruafMarksman : 848404 to the excluded difficulties list
[Info   :MoreBotsAPI] Successfully added ruafMachinegunner : 848405 to the excluded difficulties list
[Info   :MoreBotsAPI] Successfully added remnantRifleman : 848406 to the excluded difficulties list
[Info   :MoreBotsAPI] Successfully added followeruntar : 1170 to the excluded difficulties list
[Info   :MoreBotsAPI] Successfully added bossuntarlead : 1171 to the excluded difficulties list
[Info   :MoreBotsAPI] Successfully added followeruntarmarksman : 1172 to the excluded difficulties list
[Info   :MoreBotsAPI] Successfully added bossuntarofficer : 1173 to the excluded difficulties list
[Info   :ModulePatch] Enabled patch TarkovInitPatch
[Info   :ModulePatch] Enabled patch FixRaidEndSpawnTypePatch
[Info   :ModulePatch] Enabled patch StandartBotBrainActivatePatch
[Info   :ModulePatch] Enabled patch SuitableFollowersListPatch
[Info   :ModulePatch] Enabled patch FenceLoyaltyWarnPatch
[Info   :ModulePatch] Enabled patch NewGamePatch
[Info   :ModulePatch] Enabled patch BotsControllerInitPatch
[Info   :ModulePatch] Enabled patch FactionRaidEndPatch
[Info   :ModulePatch] Enabled patch BotsGroupIsPlayerEnemyPatch
[Info   :MoreBotsAPI] Old WildSpawnTypeFromInt converter index: 28 GClass1866`1[EFT.WildSpawnType]
[Info   :   BepInEx] Loading [BlackDiv 1.2.1]
[Info   :ModulePatch] Enabled patch TarkovInitPatch
[Info   :ModulePatch] Enabled patch BDNvgPatch
[Info   :   BepInEx] Loading [Boosty-HideoutLightsAlwaysOn 1.0.1]
[Info   :ModulePatch] Enabled patch ForceHideoutEnergyPatch
[Info   :ModulePatch] Enabled patch ForceHideoutShowPatch
[Info   :Boosty-HideoutLightsAlwaysOn] Client patch enabled (light gating override). EnableLightsAlwaysOn=True, MinimumIlluminationLevel=0
[Info   :   BepInEx] Loading [C11-TN4-Client 1.0.0]
[Info   :ModulePatch] Enabled patch NightVisionMaskApply
[Info   :ModulePatch] Enabled patch CurveRotatorPatch
[Info   :ModulePatch] Enabled patch AmpArmsEquipPatch
[Info   :   BepInEx] Loading [DrakiaXYZ-Waypoints 1.8.2]
[Info   :ModulePatch] Enabled patch DebugPatch
[Info   :ModulePatch] Enabled patch WaypointPatch
[Info   :ModulePatch] Enabled patch DoorLinkPatch
[Info   :ModulePatch] Enabled patch DoorLinkStateChangePatch
[Info   :ModulePatch] Enabled patch SwitchDoorBlockerPatch
[Info   :ModulePatch] Enabled patch ExfilDoorBlockerPatch
[Info   :ModulePatch] Enabled patch FindPathPatch
[Info   :   BepInEx] Loading [ORBIT 1.2.1]
[Info   :ModulePatch] Enabled patch VersionLabelPatch
[Info   :   BepInEx] Loading [Use items anywhere 1.3.2]
[Info   :ModulePatch] Enabled patch ContainerSlotsPatch
[Info   :ModulePatch] Enabled patch GetThrowablePriorityGrenadesListPatch
[Info   :ModulePatch] Enabled patch GrenadeThrowingSlotsPatch
[Info   :ModulePatch] Enabled patch IsAtBindablePlace
[Info   :ModulePatch] Enabled patch IsAtReachablePlace
[Info   :ModulePatch] Enabled patch PaymentSlotsPatch
[Info   :Use items anywhere PatchManager] Enabled 6 patches
[Info   :   BepInEx] Loading [CustomUIFonts 1.0.0]
[Info   :CustomUIFonts] [CustomUIFonts] Loaded. Active font: Borda Demi Bold
[Info   :   BepInEx] Loading [Quests Extended 4.1.0]
[Info   :ModulePatch] Enabled patch OnGameStartedPatch
[Info   :ModulePatch] Enabled patch OnUnregisterPlayerPatch
[Info   :ModulePatch] Enabled patch EnemyDamagePatch
[Info   :ModulePatch] Enabled patch SearchContainerPatch
[Info   :ModulePatch] Enabled patch SwitchPatch
[Info   :ModulePatch] Enabled patch ArmourDurabilityPatch
[Info   :ModulePatch] Enabled patch DestroyLimbsPatch
[Info   :ModulePatch] Enabled patch EnemyKillPatch
[Info   :ModulePatch] Enabled patch EnterBlindFirePatch
[Info   :ModulePatch] Enabled patch ExitBlindFirePatch
[Info   :ModulePatch] Enabled patch CustomConditionChecker
[Info   :ModulePatch] Enabled patch VanillaConditionChecker
[Info   :ModulePatch] Enabled patch FixMalfunctionPatch
[Info   :ModulePatch] Enabled patch QEFromTraderScreensGroupPatch
[Info   :ModulePatch] Enabled patch CreateQEInMainMenuOnInventoryScreenClick
[Info   :ModulePatch] Enabled patch CheckForQECBeforeHideout
[Info   :ModulePatch] Enabled patch WorkoutPatch
[Info   :ModulePatch] Enabled patch CollectCraftedItemPatch
[Info   :ModulePatch] Enabled patch QETransactionPatch
[Info   :ModulePatch] Enabled patch MainMenuControllerGetterPatch
[Info   :ModulePatch] Enabled patch BSGWHYISYOURCODELIKETHIS
[Warning:  HarmonyX] ResetMainMenuPatch: You should only patch implemented methods/constructors to avoid issues. Patch the declared method virtual void EFT.UI.ButtonFeedback::OnPointerClick(UnityEngine.EventSystems.PointerEventData eventData) instead of virtual void EFT.UI.ButtonFeedback::OnPointerClick(UnityEngine.EventSystems.PointerEventData eventData).
[Info   :ModulePatch] Enabled patch ResetMainMenuPatch
[Info   :ModulePatch] Enabled patch BlockMessagePatch
[Info   :ModulePatch] Enabled patch HoldMostRecentlyDamagedPlayer
[Info   :ModulePatch] Enabled patch KeyUsedOnDoorPatch
[Info   :ModulePatch] Enabled patch KeyCardUsedOnDoorPatch
[Info   :ModulePatch] Enabled patch PedometerPatch
[Info   :ModulePatch] Enabled patch ResetAFSOnQuestAccept
[Info   :ModulePatch] Enabled patch HideLockedTradersPatch
[Info   :ModulePatch] Enabled patch HideoutSelectedHandlerPatch
[Info   :ModulePatch] Enabled patch ProducedItemsButtonPatch
[Info   :ModulePatch] Enabled patch WipeQEDataOnNewCharacterPatch
[Info   :Quests Extended] Quests Extended has loaded all patches :D
[Info   :   BepInEx] Loading [RealisticFrag.Client 1.0.0]
[Info   :RealisticFrag.Client] RealisticFrag.Client v1.0.0 loading
[Info   :RealisticFrag.Client] RealisticFrag.Client reading config from C:\Games\SPT\SPT\user\mods\RealisticFrag\config.json
[Info   :RealisticFrag.Client] RealisticFrag.Client loaded 169 ammo overrides
[Info   :RealisticFrag.Client] RealisticFrag.Client Harmony patches applied
[Info   :   BepInEx] Loading [SmoothTalker 1.2.1]
[Info   :SmoothTalker] [SmoothTalker] Fika detected — multiplayer-only filter available.
[Info   :ModulePatch] Enabled patch ShotFiredPatch
[Info   :ModulePatch] Enabled patch OnKillPatch
[Info   :ModulePatch] Enabled patch ReloadPatch
[Info   :ModulePatch] Enabled patch DryShotPatch
[Info   :ModulePatch] Enabled patch GrenadeHighThrowPatch
[Info   :ModulePatch] Enabled patch GrenadeLowThrowPatch
[Info   :ModulePatch] Enabled patch ShotAtPatch
[Info   :ModulePatch] Enabled patch FikaReloadPatch
[Info   :ModulePatch] Enabled patch ReceivePingPatch
[Info   :ModulePatch] Enabled patch ClientSendPingPatch
[Info   :ModulePatch] Enabled patch ServerSendPingPatch
[Info   :ModulePatch] Enabled patch ClientEnemySpottedPatch
[Info   :ModulePatch] Enabled patch ServerEnemySpottedPatch
[Info   :SmoothTalker] SmoothTalker v1.2.1 loaded.
[Info   :   BepInEx] Loading [Nemesis Protocol Client 1.0.2]
[Info   :Nemesis Protocol Client] [Nemesis Protocol Client] v1.0.2 loaded. Exact-profile selection and live-spawn confirmation are active.
[Info   :   BepInEx] Loading [SPT-UseLooseLoot 1.5.1]
[Info   :ModulePatch] Enabled patch MakeFoodMedsUsablePatch
[Info   :SPT-UseLooseLoot] [UseLooseLoot] Loaded.
[Info   :   BepInEx] Loading [Ultimate Loot Editor 1.1.0]
[Info   :Ultimate Loot Editor] Ultimate Loot Editor 1.1.0 loaded.
[Info   :RequestHandler] [REQUEST]: /ule/runtime/item-sources
[Info   :RequestHandler] [REQUEST SUCCESSFUL] /ule/runtime/item-sources
[Info   :Ultimate Loot Editor] [ULE] TPL data built in memory with 4536 items and 379 presets.
[Info   :Ultimate Loot Editor] [ULE] TPL names source: C:\Games\SPT\SPT\SPT_Data\database\locales\global\en.json
[Info   :Ultimate Loot Editor] [ULE] TPL item source: C:\Games\SPT\SPT\SPT_Data\database\templates\items.json
[Info   :Ultimate Loot Editor] [ULE] TPL preset source: C:\Games\SPT\SPT\SPT_Data\database\globals.json
[Info   :Ultimate Loot Editor] [ULE] Safe-item filter marked 501 items as hidden by default.
[Info   :   BepInEx] Loading [BushWhacker-Standalone 1.5.0]
[Info   :ModulePatch] Enabled patch Patch
[Info   :   BepInEx] Loading [HeadVoiceSelector Core 1.0.7]
[Info   :ModulePatch] Enabled patch OverallScreenPatch
[Info   :   BepInEx] Loading [CustomUISounds 1.0.0]
[Info   :   BepInEx] Loading [Hysocs-FieldKit 1.1.0]
[Info   :Hysocs-FieldKit] Developer-tool damage patches installed.
[Info   :Hysocs-FieldKit] Local character-control patches installed.
[Info   :Hysocs-FieldKit] Local weapon-control patches installed.
[Info   :Hysocs-FieldKit] Other-tool patches installed.
[Info   :   Console] [FieldKit] Loaded - Insert menu, Home ESP
[Info   :Hysocs-FieldKit] FieldKit loaded.
[Info   :   BepInEx] Loading [IcyClawz.CustomInteractions 1.8.0]
[Info   :ModulePatch] Enabled patch ItemUiContextPatch
[Info   :ModulePatch] Enabled patch InteractionButtonsContainerPatch
[Info   :   BepInEx] Loading [IcyClawz.ItemContextMenuExt 1.8.0]
[Info   :ModulePatch] Enabled patch ItemUiContextPatch
[Info   :   BepInEx] Loading [Janky-HollywoodFX 2.0.0]
[Info   :Janky-HollywoodFX] Loading Impacts Bundle: C:\Games\SPT\BepInEx\plugins\HollywoodFX\hollywoodfx
[Info   :   BepInEx] Loading [Janky-HollywoodGraphics 2.0.0]
[Info   :   BepInEx] Loading [Janky-VisualAssist 1.1.0]
[Info   :ModulePatch] Enabled patch GrenadeThrowPrefixPatch
[Info   :ModulePatch] Enabled patch GrenadeAssistGameWorldStartedPostfixPatch
[Info   :ModulePatch] Enabled patch GrenadeAssistPlayerDisposePrefixPatch
[Info   :ModulePatch] Enabled patch GrenadeAssistPlayerOnDeadPrefixPatch
[Info   :Janky-VisualAssist] Logging disabled
[Info   :   BepInEx] Loading [MergeConsumables 1.5.5]
[Info   :MergeConsumables] MC_Plugin has been loaded.
[Info   :ModulePatch] Enabled patch ConvertOperationResultToOperation_Patch
[Info   :ModulePatch] Enabled patch ExecutePossibleAction_Patch
[Info   :   BepInEx] Loading [Tyfon.UIFixes 5.3.11]
[Info   :Tyfon.UIFixes] Disabling 'Standardize Grid Order'; Incompatible with Fika
[Info   :Tyfon.UIFixes] Disabling 'Modify Equipped Armor Plates In Raid'; Incompatible with Fika
[Info   :Tyfon.UIFixes] PIT Fireteam: False
[Info   :Tyfon.UIFixes] Fika detected, initializing settings sync
[Info   :ModulePatch] Enabled patch NetworkTransactionPatch
[Warning:  HarmonyX] DialogWindowPatch: You should only patch implemented methods/constructors to avoid issues. Patch the declared method virtual void EFT.UI.DialogWindow<GClass3834>::Update() instead of virtual void EFT.UI.DialogWindow<GClass3834>::Update().
[Info   :ModulePatch] Enabled patch DialogWindowPatch
[Info   :ModulePatch] Enabled patch ItemUiContextWindowPatch
[Info   :ModulePatch] Enabled patch ErrorScreenPatch
[Info   :ModulePatch] Enabled patch AddOfferPatch
[Info   :ModulePatch] Enabled patch ClickOutPatch
[Info   :ModulePatch] Enabled patch ClickOutSplitDialogPatch
[Info   :ModulePatch] Enabled patch ClickOutItemsListPatch
[Info   :ModulePatch] Enabled patch ClickOutErrorScreenPatch
[Info   :ModulePatch] Enabled patch ActuallyReadMessagesPatch
[Info   :ModulePatch] Enabled patch ReadMessagesTimerPatch
[Info   :ModulePatch] Enabled patch AttachmentsAreNewPatch
[Info   :ModulePatch] Enabled patch MenuAttachmentsAreNewPatch
[Info   :ModulePatch] Enabled patch DialogueViewAttachmentsAreNewPatch
[Info   :ModulePatch] Enabled patch UpdateCountsAfterTransferPatch
[Info   :ModulePatch] Enabled patch DialogueViewSelectedPatch
[Info   :ModulePatch] Enabled patch MenuTaskBarPatch
[Info   :ModulePatch] Enabled patch SocialNetworkDisplayPatch
[Info   :ModulePatch] Enabled patch InvokeAttachmentsChangedPatch
[Info   :ModulePatch] Enabled patch HandleExpiredMessagesPatch
[Info   :ModulePatch] Enabled patch QuestTooltipPatch
[Info   :ModulePatch] Enabled patch ArmorTooltipPatch
[Info   :ModulePatch] Enabled patch SoftArmorTooltipPatch
[Info   :ModulePatch] Enabled patch FixWeaponBindsDisplayPatch
[Info   :ModulePatch] Enabled patch BoundItemViewTextPatch
[Info   :ModulePatch] Enabled patch BindPanelTextPatch
[Info   :ModulePatch] Enabled patch RotationPatch
[Info   :ModulePatch] Enabled patch FixVisibilityPatch
[Info   :ModulePatch] Enabled patch TranslateCommandHackPatch
[Info   :ModulePatch] Enabled patch LeaveHideoutPatch
[Info   :ModulePatch] Enabled patch MoneyPatch
[Info   :ModulePatch] Enabled patch BarterPatch
[Info   :ModulePatch] Enabled patch LazyLoadPatch
[Info   :ModulePatch] Enabled patch RestoreHideoutSearchPatch
[Info   :ModulePatch] Enabled patch SaveHideoutSearchPatch
[Info   :ModulePatch] Enabled patch CloseHideoutSearchPatch
[Info   :ModulePatch] Enabled patch FastHideoutSearchPatch
[Info   :ModulePatch] Enabled patch FixHideoutSearchAgainPatch
[Info   :ModulePatch] Enabled patch CancelScrollOnMouseWheelPatch
[Info   :ModulePatch] Enabled patch BlockHideoutEnterPatch
[Info   :ModulePatch] Enabled patch SelectAreaPatch
[Info   :ModulePatch] Enabled patch ChangeLevelPatch
[Info   :ModulePatch] Enabled patch PickInitialLevelPatch
[Info   :ModulePatch] Enabled patch ClearLevelPatch
[Info   :ModulePatch] Enabled patch SaveInspectWindowSizePatch
[Info   :ModulePatch] Enabled patch AddInspectWindowButtonsPatch
[Info   :ModulePatch] Enabled patch GrowInspectWindowDescriptionPatch
[Info   :ModulePatch] Enabled patch LeftRightKeybindsPatch
[Info   :ModulePatch] Enabled patch StatFontSizePatch
[Info   :ModulePatch] Enabled patch DescriptionFontSizePatch
[Info   :ModulePatch] Enabled patch CalculateModStatsPatch
[Info   :ModulePatch] Enabled patch CompareModStatsPatch
[Info   :ModulePatch] Enabled patch AddShowHideModStatsButtonPatch
[Info   :ModulePatch] Enabled patch FormatCompactValuesPatch
[Info   :ModulePatch] Enabled patch FormatFullValuesPatch
[Info   :ModulePatch] Enabled patch FixDurabilityBarPatch
[Info   :ModulePatch] Enabled patch HighlightSlotsPatch
[Info   :ModulePatch] Enabled patch HighlightFilledSlotsPatch
[Info   :ModulePatch] Enabled patch FixTraderCompatWithPatch
[Info   :ModulePatch] Enabled patch RemoveDoorActionsPatch
[Info   :ModulePatch] Enabled patch EnhanceStashScrollingPatch
[Info   :ModulePatch] Enabled patch EnchanceTraderStashScrollingPatch
[Info   :ModulePatch] Enabled patch EnhanceFleaScrollingPatch
[Info   :ModulePatch] Enabled patch EnhanceMailScrollingPatch
[Info   :ModulePatch] Enabled patch MouseScrollingSpeedPatch
[Info   :ModulePatch] Enabled patch LightScrollerSpeedPatch
[Info   :ModulePatch] Enabled patch EnhanceHideoutScrollingPatch
[Info   :ModulePatch] Enabled patch EnhanceTaskListScrollingPatch
[Info   :ModulePatch] Enabled patch OpenLastTaskPatch
[Info   :ModulePatch] Enabled patch ContainerStackPatch
[Info   :ModulePatch] Enabled patch TopUpStackPatch
[Info   :ModulePatch] Enabled patch DetectSwapSourceContainerPatch
[Info   :ModulePatch] Enabled patch CleanupSwapSourceContainerPatch
[Info   :ModulePatch] Enabled patch ToggleForceSwapPatch
[Info   :ModulePatch] Enabled patch HighlightSwapSourcePatch
[Info   :ModulePatch] Enabled patch GridViewAcceptItemPatch
[Info   :ModulePatch] Enabled patch GridViewCanAcceptSwapPatch
[Info   :ModulePatch] Enabled patch GridViewForceTrickTargetPatch
[Info   :ModulePatch] Enabled patch SlotCanAcceptSwapPatch
[Info   :ModulePatch] Enabled patch DetectGridHighlightPrecheckPatch
[Info   :ModulePatch] Enabled patch DetectSlotHighlightPrecheckPatch
[Info   :ModulePatch] Enabled patch WeaponApplyPatch
[Info   :ModulePatch] Enabled patch DetectFilterForSwapPatch
[Info   :ModulePatch] Enabled patch FixNoGridErrorPatch
[Info   :ModulePatch] Enabled patch SwapOperationRaiseEventsPatch
[Info   :ModulePatch] Enabled patch RememberSwapGridHoverPatch
[Info   :ModulePatch] Enabled patch InspectWindowUpdateStatsOnSwapPatch
[Info   :ModulePatch] Enabled patch FixAddModFirearmOperationPatch
[Info   :ModulePatch] Enabled patch HideScaryTooltipPatch
[Info   :ModulePatch] Enabled patch ScavInventorySplitPatch
[Info   :ModulePatch] Enabled patch SyncStashScrollPatch
[Info   :ModulePatch] Enabled patch SyncOfferStashScrollPatch
[Info   :ModulePatch] Enabled patch TransferConfirmPatch
[Info   :ModulePatch] Enabled patch Patch_InventoryPlayerModelWithStatsWindow_method_5
[Info   :ModulePatch] Enabled patch DetectWeaponPresetCloseTypePatch
[Info   :ModulePatch] Enabled patch ConfirmDiscardWeaponPresetChangesPatch
[Info   :ModulePatch] Enabled patch SavePresetPatch
[Info   :ModulePatch] Enabled patch InstantSavePresetPatch
[Info   :ModulePatch] Enabled patch NoUnsavedChangesPatch
[Info   :ModulePatch] Enabled patch EditBuildScreenZoomPatch
[Info   :ModulePatch] Enabled patch WeaponModdingScreenZoomPatch
[Info   :ModulePatch] Enabled patch NoInventoryZoomPatch
[Info   :ModulePatch] Enabled patch EditBuildScreenPanPatch
[Info   :ModulePatch] Enabled patch WeaponModdingScreenPanPatch
[Warning:  HarmonyX] WeaponModdingScreenCursorPatch: You should only patch implemented methods/constructors to avoid issues. Patch the declared method virtual EFT.InputSystem.ECursorResult EFT.UI.ItemObserveScreen<EFT.UI.WeaponModding.WeaponModdingScreen+GClass3922, EFT.UI.WeaponModding.WeaponModdingScreen>::ShouldLockCursor() instead of virtual EFT.InputSystem.ECursorResult EFT.UI.ItemObserveScreen<EFT.UI.WeaponModding.WeaponModdingScreen+GClass3922, EFT.UI.WeaponModding.WeaponModdingScreen>::ShouldLockCursor().
[Info   :ModulePatch] Enabled patch WeaponModdingScreenCursorPatch
[Info   :ModulePatch] Enabled patch WeaponPreviewCameraNearClipPatch
[Info   :ModulePatch] Enabled patch MoveTaskbarPatch
[Info   :ModulePatch] Enabled patch DoNotToggleOnMouseOverPatch
[Info   :ModulePatch] Enabled patch ToggleOnOpenPatch
[Info   :ModulePatch] Enabled patch DropdownHeightPatch
[Info   :ModulePatch] Enabled patch OfferViewTweaksPatch
[Info   :ModulePatch] Enabled patch SearchFilterPatch
[Info   :ModulePatch] Enabled patch SearchPatch
[Info   :ModulePatch] Enabled patch SearchKeyPatch
[Info   :ModulePatch] Enabled patch SearchKeyHandbookPatch
[Info   :ModulePatch] Enabled patch RagfairScreenShowPatch
[Info   :ModulePatch] Enabled patch OfferViewListCategoryPickedPatch
[Info   :ModulePatch] Enabled patch OfferViewListDoneLoadingPatch
[Info   :ModulePatch] Enabled patch ChangedViewListTypePatch
[Info   :ModulePatch] Enabled patch PlaceOfferClickPatch
[Info   :ModulePatch] Enabled patch ClosePatch
[Info   :ModulePatch] Enabled patch AutopopulatePricesPatch
[Info   :ModulePatch] Enabled patch SetRequirementPatch
[Info   :ModulePatch] Enabled patch BulkTogglePatch
[Info   :ModulePatch] Enabled patch MultipleStacksPatch
[Info   :ModulePatch] Enabled patch AssortUnlocksPatch
[Info   :ModulePatch] Enabled patch AutofillQuestItemsPatch
[Info   :ModulePatch] Enabled patch ContextMenuNamesPatch
[Info   :ModulePatch] Enabled patch PositionSubMenuPatch
[Info   :ModulePatch] Enabled patch PositionInsuranceSubMenuPatch
[Info   :ModulePatch] Enabled patch DeclareSubInteractionsInventoryPatch
[Info   :ModulePatch] Enabled patch CreateSubInteractionsInventoryPatch
[Info   :ModulePatch] Enabled patch DeclareSubInteractionsTradingPatch
[Info   :ModulePatch] Enabled patch CreateSubInteractionsTradingPatch
[Info   :ModulePatch] Enabled patch SniffInteractionButtonCreationPatch
[Info   :ModulePatch] Enabled patch ChangeInteractionButtonCreationPatch
[Info   :ModulePatch] Enabled patch EnableInsureInnerItemsPatch
[Info   :ModulePatch] Enabled patch DisableInsureOnUninsurable
[Info   :ModulePatch] Enabled patch DisableLoadPresetOnBulletsPatch
[Info   :ModulePatch] Enabled patch EmptyModSlotMenuPatch
[Info   :ModulePatch] Enabled patch EmptyModSlotMenuRemovePatch
[Info   :ModulePatch] Enabled patch EmptySlotMenuPatch
[Info   :ModulePatch] Enabled patch EmptySlotMenuRemovePatch
[Info   :ModulePatch] Enabled patch OpenWhileSearchingPatch
[Info   :ModulePatch] Enabled patch ModdingItemContextPatch
[Info   :ModulePatch] Enabled patch ContextMenuFontSizePatch
[Info   :ModulePatch] Enabled patch GetBuySellTabsPatch
[Info   :ModulePatch] Enabled patch SwitchOnClickPatch
[Info   :ModulePatch] Enabled patch RefreshOnSwitchPatch
[Info   :ModulePatch] Enabled patch RestoreTraderPatch
[Info   :ModulePatch] Enabled patch RestoreTabPatch
[Info   :ModulePatch] Enabled patch RememberTraderAndTabPatch
[Info   :ModulePatch] Enabled patch RememberAutoselectPatch
[Info   :ModulePatch] Enabled patch RestoreAutoselectPatch
[Info   :ModulePatch] Enabled patch SniffChatPanelClosePatch
[Info   :ModulePatch] Enabled patch ReopenMessagesPatch
[Info   :ModulePatch] Enabled patch FocusTradeQuantityPatch
[Info   :ModulePatch] Enabled patch SelectAllPatch
[Info   :ModulePatch] Enabled patch RememberRepairerPatch
[Info   :ModulePatch] Enabled patch DefaultMaxRepairPatch
[Info   :ModulePatch] Enabled patch GridWindowButtonsPatch
[Info   :ModulePatch] Enabled patch LoadMagPresetsPatch
[Info   :ModulePatch] Enabled patch RemoveDefaultPresetNamePatch
[Info   :ModulePatch] Enabled patch RequirePresetNamePatch
[Info   :ModulePatch] Enabled patch WindowOpenPatch
[Info   :ModulePatch] Enabled patch WindowOpenPatch
[Info   :ModulePatch] Enabled patch WindowClosePatch
[Info   :ModulePatch] Enabled patch InventoryShowPatch
[Info   :ModulePatch] Enabled patch InventoryClosePatch
[Info   :ModulePatch] Enabled patch KeepWindowOnScreenPatch
[Info   :ModulePatch] Enabled patch KeepWindowOnScreenPatch
[Info   :ModulePatch] Enabled patch KeepWindowOnScreenPatch
[Info   :ModulePatch] Enabled patch KeepWindowOnScreenPatch
[Info   :ModulePatch] Enabled patch KeepWindowOnScreenPatch
[Info   :ModulePatch] Enabled patch KeepTopOnScreenPatch
[Info   :ModulePatch] Enabled patch BorderPrioritizedWindow
[Info   :ModulePatch] Enabled patch ItemUiContextPatch
[Info   :ModulePatch] Enabled patch HideoutItemViewRegisterContextPatch
[Info   :ModulePatch] Enabled patch TradingPanelRegisterContextPatch
[Info   :ModulePatch] Enabled patch TradingPanelUnregisterContextPatch
[Info   :ModulePatch] Enabled patch SelectCurrentContextPatch
[Info   :ModulePatch] Enabled patch DeselectCurrentContextPatch
[Info   :ModulePatch] Enabled patch AutoOpenPatch
[Info   :ModulePatch] Enabled patch DefaultBindPatch
[Info   :ModulePatch] Enabled patch EnableContextMenuPatch
[Info   :ModulePatch] Enabled patch SlowLoadingPatch
[Info   :ModulePatch] Enabled patch InitializeCommonUIPatch
[Info   :ModulePatch] Enabled patch InitializeMenuUIPatch
[Info   :ModulePatch] Enabled patch SelectOnMouseDownPatch
[Info   :ModulePatch] Enabled patch DeselectOnTradingItemViewClickPatch
[Info   :ModulePatch] Enabled patch HandleItemViewInitPatch
[Info   :ModulePatch] Enabled patch HandleItemViewKillPatch
[Info   :ModulePatch] Enabled patch BeginDragPatch
[Info   :ModulePatch] Enabled patch EndDragPatch
[Info   :ModulePatch] Enabled patch DeselectOnLockPatch
[Info   :ModulePatch] Enabled patch SelectAllPatch
[Info   :ModulePatch] Enabled patch DisableSplitPatch
[Info   :ModulePatch] Enabled patch DisableSplitTargetPatch
[Info   :ModulePatch] Enabled patch DisableMagnifyPatch
[Info   :ModulePatch] Enabled patch MoveOperationDontForgetAboutPinsPatch
[Info   :ModulePatch] Enabled patch RememberPinOperationsPatch
[Info   :ModulePatch] Enabled patch ItemViewClickPatch
[Info   :ModulePatch] Enabled patch ContextActionsPatch
[Info   :ModulePatch] Enabled patch MoreContextActionsPatch
[Info   :ModulePatch] Enabled patch ContextActionsInteractivePatch
[Info   :ModulePatch] Enabled patch AddOfferPatch
[Info   :ModulePatch] Enabled patch StopProcessesPatch
[Info   :ModulePatch] Enabled patch GridViewCanAcceptPatch
[Info   :ModulePatch] Enabled patch GridViewAcceptItemPatch
[Info   :ModulePatch] Enabled patch GridViewPickTargetPatch
[Info   :ModulePatch] Enabled patch GridViewDisableHighlightPatch
[Info   :ModulePatch] Enabled patch GridViewClearTooltipPatch
[Info   :ModulePatch] Enabled patch SlotViewCanAcceptPatch
[Info   :ModulePatch] Enabled patch SlotViewAcceptItemPatch
[Info   :ModulePatch] Enabled patch LoadMagazinePatch
[Info   :ModulePatch] Enabled patch LoadWeaponWithAmmoPatch
[Info   :ModulePatch] Enabled patch LoadMultiBarrelWeaponPatch
[Info   :ModulePatch] Enabled patch TradingTableCanAcceptPatch
[Info   :ModulePatch] Enabled patch TradingTableAcceptItemPatch
[Info   :ModulePatch] Enabled patch TradingTableGetHighlightColorPatch
[Info   :ModulePatch] Enabled patch FindSpotKeepRotationPatch
[Info   :ModulePatch] Enabled patch FindPlaceToPutPatch
[Info   :ModulePatch] Enabled patch AdjustQuickFindFlagsPatch
[Info   :ModulePatch] Enabled patch ReorderContainersPatch
[Info   :ModulePatch] Enabled patch AllowFindSameSpotPatch
[Info   :ModulePatch] Enabled patch ReloadCylinderPatch
[Info   :ModulePatch] Enabled patch FindCompatibleAmmoPatch
[Info   :ModulePatch] Enabled patch CheckItemFilterPatch
[Info   :ModulePatch] Enabled patch LoadAmmoPatch
[Info   :ModulePatch] Enabled patch FilterMagPresetsPatch
[Info   :ModulePatch] Enabled patch LoadPresetPatch
[Info   :ModulePatch] Enabled patch TradingPlayerPatch
[Info   :ModulePatch] Enabled patch TransferPlayerPatch
[Info   :ModulePatch] Enabled patch UnloadScavTransferPatch
[Info   :ModulePatch] Enabled patch NoScavStashPatch
[Info   :ModulePatch] Enabled patch ExecutePossibleActionSimulateFalsePatch
[Info   :ModulePatch] Enabled patch BlockPartialTransfersPatch
[Info   :ModulePatch] Enabled patch PutToolsBackPatch
[Info   :ModulePatch] Enabled patch RebindFoodMedsPatch
[Info   :ModulePatch] Enabled patch RebindGrenadesPatch
[Info   :ModulePatch] Enabled patch AddTwoKeyStatesPatch
[Info   :ModulePatch] Enabled patch AddOneKeyStatesPatch
[Info   :ModulePatch] Enabled patch UpdateInputPatch
[Info   :ModulePatch] Enabled patch ForceTacticalModePatch
[Info   :ModulePatch] Enabled patch ToggleInteractionPatch
[Info   :ModulePatch] Enabled patch ReorderGridsPatch
[Info   :ModulePatch] Enabled patch MoneyPanelPatch
[Info   :ModulePatch] Enabled patch MoneyPanelTMPTextPatch
[Info   :ModulePatch] Enabled patch HandbookWorkaroundPatch
[Info   :ModulePatch] Enabled patch LinkedSlotSearchPatch
[Info   :ModulePatch] Enabled patch MyOffersPatch
[Info   :ModulePatch] Enabled patch CreateButtonPatch
[Info   :ModulePatch] Enabled patch ShowButtonPatch
[Info   :ModulePatch] Enabled patch FilterPanelPatch
[Info   :ModulePatch] Enabled patch StackFirstPatch
[Info   :ModulePatch] Enabled patch ReloadInPlacePatch
[Info   :ModulePatch] Enabled patch ReloadInPlaceFindMagPatch
[Info   :ModulePatch] Enabled patch ReloadInPlaceFindSpotPatch
[Info   :ModulePatch] Enabled patch AlwaysSwapPatch
[Info   :ModulePatch] Enabled patch SwapIfNoSpacePatch
[Info   :ModulePatch] Enabled patch IconsPatch
[Info   :ModulePatch] Enabled patch ItemViewScalePatch
[Info   :ModulePatch] Enabled patch ItemUpdateInfoPatch
[Info   :ModulePatch] Enabled patch HideItemViewStatsPatch
[Info   :ModulePatch] Enabled patch OverrideGridItemViewTooltipPatch
[Info   :ModulePatch] Enabled patch NoPointerEnterPatch
[Info   :ModulePatch] Enabled patch NoPointerExitPatch
[Info   :ModulePatch] Enabled patch NoPointerClickPatch
[Info   :ModulePatch] Enabled patch RagfairScreenShowPatch
[Info   :ModulePatch] Enabled patch OnPurchaseClickedUpdatePatch
[Info   :ModulePatch] Enabled patch UnlockCursorPatch
[Info   :ModulePatch] Enabled patch OnDragEventPatch
[Info   :ModulePatch] Enabled patch OnDragEventPatch
[Info   :ModulePatch] Enabled patch OnDragEventPatch
[Info   :ModulePatch] Enabled patch OnDragEventPatch
[Info   :ModulePatch] Enabled patch OnDragEventPatch
[Info   :ModulePatch] Enabled patch HideoutCameraPatch
[Info   :ModulePatch] Enabled patch HideoutZoomPatch
[Info   :ModulePatch] Enabled patch LastResizePatch
[Info   :ModulePatch] Enabled patch MoveBeforeResizePatch
[Info   :ModulePatch] Enabled patch MoveBeforeUnfoldPatch
[Info   :ModulePatch] Enabled patch MoveOperationRollbackPatch
[Info   :ModulePatch] Enabled patch SwapOperationRollbackPatch
[Info   :ModulePatch] Enabled patch MoveBeforeNetworkTransactionPatch
[Info   :ModulePatch] Enabled patch SwapModsPatch
[Info   :ModulePatch] Enabled patch ModEquippedPatch
[Info   :ModulePatch] Enabled patch InspectLockedPatch
[Info   :ModulePatch] Enabled patch MoveCanExecutePatch
[Info   :ModulePatch] Enabled patch ModCanBeMovedPatch
[Info   :ModulePatch] Enabled patch CanDetachPatch
[Info   :ModulePatch] Enabled patch CanApplyPatch
[Info   :ModulePatch] Enabled patch LockedStatePatch
[Info   :ModulePatch] Enabled patch ArmorSlotAcceptRaidPatch
[Info   :ModulePatch] Enabled patch ModRaidModdablePatch
[Info   :ModulePatch] Enabled patch EmptyVitalPartsPatch
[Info   :ModulePatch] Enabled patch InAssemblePatch
[Info   :ModulePatch] Enabled patch LongerFullIdPatch
[Info   :ModulePatch] Enabled patch DisassembleAllPatch
[Info   :ModulePatch] Enabled patch OnEnterPatch
[Info   :ModulePatch] Enabled patch TagsOverCaptionsPatch
[Info   :ModulePatch] Enabled patch AddTagNewItemPatch
[Info   :ModulePatch] Enabled patch AddTagParsedItemPatch
[Info   :ModulePatch] Enabled patch TagAdditionalTypePatch
[Info   :ModulePatch] Enabled patch KeepTagsLocalPatch
[Info   :ModulePatch] Enabled patch BindableTacticalPatch
[Info   :ModulePatch] Enabled patch ReachableTacticalPatch
[Info   :ModulePatch] Enabled patch UseTacticalPatch
[Info   :ModulePatch] Enabled patch BindTacticalPatch
[Info   :ModulePatch] Enabled patch UnbindTacticalPatch
[Info   :ModulePatch] Enabled patch InitQuickBindsPatch
[Info   :ModulePatch] Enabled patch OperationQueuePatch
[Info   :ModulePatch] Enabled patch IntSliderPatch
[Info   :ModulePatch] Enabled patch StepSliderPatch
[Info   :ModulePatch] Enabled patch ModdingScreenListenOpenPatch
[Info   :ModulePatch] Enabled patch ModdingScreenListenClosePatch
[Info   :ModulePatch] Enabled patch SlotViewClickOpenPatch
[Info   :ModulePatch] Enabled patch ItemSelectionCellClickOpenPatch
[Info   :ModulePatch] Enabled patch EmptySlotRemovePointerDownPatch
[Info   :ModulePatch] Enabled patch EmptySlotInteractablePatch
[Info   :ModulePatch] Enabled patch EmptySlotClickPatch
[Info   :ModulePatch] Enabled patch BackgroundClickClosePatch
[Info   :ModulePatch] Enabled patch FixBlockedItemSwapPatch
[Info   :ModulePatch] Enabled patch FixPlayerInspectPatch
[Info   :ModulePatch] Enabled patch BigButtonPatch
[Info   :ModulePatch] Enabled patch DebounceStatusNotifyPatch
[Info   :ModulePatch] Enabled patch ModifyUnsearchedContainerPatch
[Info   :ModulePatch] Enabled patch StashPanelAdPatch
[Info   :ModulePatch] Enabled patch HideoutStashAdPatch
[Info   :ModulePatch] Enabled patch PaymentSlotsPatch
[Info   :ModulePatch] Enabled patch RequisiteChangePatch
[Info   :ModulePatch] Enabled patch ClosePatch
[Info   :ModulePatch] Enabled patch CreateIconsPatch
[Info   :ModulePatch] Enabled patch ShowIconsPatch
[Info   :ModulePatch] Enabled patch QuestListItemPatch
[Info   :ModulePatch] Enabled patch HandoverPatch
[Info   :ModulePatch] Enabled patch BuildsCategoriesPanelPatch
[Info   :ModulePatch] Enabled patch StockBuildsCheckboxPatch
[Info   :ModulePatch] Enabled patch IsInWishlistPatch
[Info   :ModulePatch] Enabled patch AreaDatasPatch
[Info   :ModulePatch] Enabled patch RequirementsPatch
[Info   :ModulePatch] Enabled patch ItemSpecificationWishlistPatch
[Info   :ModulePatch] Enabled patch TraderPurchaseWishlistItemPatch
[Info   :ModulePatch] Enabled patch GridItemViewWishlistPatch
[Info   :ModulePatch] Enabled patch FocusStashSearchPatch
[Info   :ModulePatch] Enabled patch OpenSearchPatch
[Info   :ModulePatch] Enabled patch AddSearchStashPatch
[Info   :ModulePatch] Enabled patch PositionSearchStashPatch
[Info   :ModulePatch] Enabled patch InternalReloadApplyItemPatch
[Info   :ModulePatch] Enabled patch IsLoadAmmoByTypePatch
[Info   :ModulePatch] Enabled patch AddLoadAmmoPatch
[Info   :ModulePatch] Enabled patch LoadAmmoIsActivePatch
[Info   :ModulePatch] Enabled patch UnloadChamberTooPatch
[Info   :ModulePatch] Enabled patch LoadBarrelPatch
[Info   :ModulePatch] Enabled patch LoadAmmoIsActivePatch
[Info   :ModulePatch] Enabled patch LoadAmmoIsInteractivePatch
[Info   :ModulePatch] Enabled patch LoadAmmoSubInteractionsPatch
[Info   :ModulePatch] Enabled patch UnloadAmmoPatch
[Info   :ModulePatch] Enabled patch CylinderMagApplyPatch
[Info   :ModulePatch] Enabled patch CylinderMagApplyWithoutRestrictionsPatch
[Info   :ModulePatch] Enabled patch LoadCylinderPatch
[Info   :ModulePatch] Enabled patch UnloadCylinderPatch
[Info   :ModulePatch] Enabled patch IsInteractivePatch
[Info   :ModulePatch] Enabled patch LoadAmmoSubInteractionsPatch
[Info   :ModulePatch] Enabled patch DisablePresetPatch
[Info   :ModulePatch] Enabled patch SuppressAlphanumericCommandsPatch
[Info   :ModulePatch] Enabled patch TransferMergePatch
[Info   :ModulePatch] Enabled patch NoFitOutlinePatch
[Info   :ModulePatch] Enabled patch HideNoFitOutlinePatch
[Info   :ModulePatch] Enabled patch SilencePixelPerfectSpriteScalerPatch
[Info   :ModulePatch] Enabled patch AimPatch
[Info   :ModulePatch] Enabled patch ReloadPatch
[Info   :ModulePatch] Enabled patch SprintPatch
[Info   :ModulePatch] Enabled patch PreSprintPatch
[Info   :ModulePatch] Enabled patch BreathPatch
[Info   :ModulePatch] Enabled patch MapKeyBindingsPatch
[Info   :ModulePatch] Enabled patch CompassGogglesPatch
[Info   :ModulePatch] Enabled patch FixGridPrepareItemsPatch
[Info   :ModulePatch] Enabled patch FixTraderFiltersPatch
[Info   :ModulePatch] Enabled patch InitPreviewPatch
[Info   :ModulePatch] Enabled patch KillPreviewPatch
[Info   :ModulePatch] Enabled patch RotateKeybindPatch
[Info   :ModulePatch] Enabled patch HideInviteUIPatch
[Info   :   BepInEx] Loading [Item Preview QoL 1.1.6]
[Info   :ModulePatch] Enabled patch WeaponPreview_Zoom_Patch
[Info   :ModulePatch] Enabled patch ItemInfoWindowLabels_method_4_Patch
[Info   :ModulePatch] Enabled patch ItemInfoWindowLabels_Show_Patch
[Warning:  HarmonyX] InfoWindow_OnPointerClick_Patch: You should only patch implemented methods/constructors to avoid issues. Patch the declared method virtual void EFT.UI.Window<GClass3829>::OnPointerClick(UnityEngine.EventSystems.PointerEventData eventData) instead of virtual void EFT.UI.Window<GClass3829>::OnPointerClick(UnityEngine.EventSystems.PointerEventData eventData).
[Info   :ModulePatch] Enabled patch InfoWindow_OnPointerClick_Patch
[Info   :ModulePatch] Enabled patch InfoWindow_Close_Patch
[Info   :ModulePatch] Enabled patch HighPriorityDragPatch
[Info   :ModulePatch] Enabled patch HighPriorityDragPatch
[Info   :ModulePatch] Enabled patch HighPriorityDragPatch
[Info   :ModulePatch] Enabled patch HighPriorityDragPatch
[Info   :ModulePatch] Enabled patch HighPriorityDragPatch
[Info   :ModulePatch] Enabled patch StretchArea_OnDrag_Patch
[Info   :ModulePatch] Enabled patch ItemSpecifications_Show_Patch
[Info   :Item Preview QoL] [Item Preview QoL] Plugin loaded!
[Info   :   BepInEx] Loading [Kaeno-TraderScrolling 4.0.0]
[Info   :   BepInEx] Loading [KmyTarkovReflection 1.5.0]
[Info   :   BepInEx] Loading [KmyTarkovApi 1.5.0]
[Info   :   BepInEx] Loading [GamePanelHUDCore 3.4.0]
[Info   :   BepInEx] Loading [GamePanelHUDCompass 3.4.0]
[Info   :   BepInEx] Loading [GamePanelHUDGrenade 3.4.0]
[Info   :   BepInEx] Loading [GamePanelHUDHealth 3.4.0]
[Info   :   BepInEx] Loading [GamePanelHUDHit 3.4.0]
[Info   :   BepInEx] Loading [GamePanelHUDKill 3.4.0]
[Info   :   BepInEx] Loading [GamePanelHUDWeapon 3.4.0]
[Info   :   BepInEx] Loading [KmyTarkovConfiguration 1.5.0]
[Info   :   BepInEx] Loading [KmyTarkovUtils 1.5.0]
[Info   :   BepInEx] Loading [ContinuousHealing 1.5.0]
[Info   :ContinuousHealing] CH_Plugin has been loaded.
[Info   :ModulePatch] Enabled patch CH_EndHeal_Patch
[Info   :ModulePatch] Enabled patch CH_CancelHeal_Patch
[Info   :ModulePatch] Enabled patch CH_StartHeal_Patch
[Info   :   BepInEx] Loading [HandsAreNotBusy 1.6.0]
[Info   :HandsAreNotBusy] HANB_Plugin has been loaded.
[Info   :ModulePatch] Enabled patch HANB_Patch
[Info   :   BepInEx] Loading [NerfBotGrenades 1.2.0]
[Info   :NerfBotGrenades] NerfBotGrenades_Plugin has been loaded.
[Info   :ModulePatch] Enabled patch BotGrenadeController_ToThrowDirection_Patch
[Info   :   BepInEx] Loading [MadManBeavis's NarcoNet 1.0.16]
[Info   :   BepInEx] Loading [Soppo Voice Loader 1.0.0]
[Info   :Soppo Voice Loader] [Soppo Voice] armed — will inject on first voice request.
[Info   :   BepInEx] Loading [WTT-ClientCommonLib 2.0.23]
[Info   :WTT-ClientCommonLib] Fika detected - loading Fika support
[Info   :ModulePatch] Enabled patch ItemDroppedAtPlacePatch
[Info   :ModulePatch] Enabled patch BoomboxAudioPatch
[Info   :ModulePatch] Enabled patch ClothingBundleRendererPatch
[Info   :ModulePatch] Enabled patch CounterCreatorChildConditionsPatch
[Info   :ModulePatch] Enabled patch ConditionSerializerCtorPatch
[Warning:  HarmonyX] com.wtt.commonlib: You should only patch implemented methods/constructors to avoid issues. Patch the declared method bool AbstractQuestClass::IsConditionDone(EFT.Quests.Condition condition) instead of bool AbstractQuestClass::IsConditionDone(EFT.Quests.Condition condition).
[Info   :ModulePatch] Enabled patch CounterCreatorCompletionPatch
[Info   :ModulePatch] Enabled patch CreateConditionPatch
[Info   :ModulePatch] Enabled patch FaceCardViewInitPatch
[Info   :ModulePatch] Enabled patch FaceCardViewTogglePatch
[Info   :ModulePatch] Enabled patch FixCustomItemSortingOrderPatch
[Info   :ModulePatch] Enabled patch GetActionsPatch
[Info   :ModulePatch] Enabled patch GetConditionHandlersByZonePatch
[Info   :ModulePatch] Enabled patch HideoutCustomizationIconPatch
[Info   :ModulePatch] Enabled patch HideoutCustomizationTexturesPatch
[Info   :ModulePatch] Enabled patch HideSecretLockedQuestsPatch
[Info   :ModulePatch] Enabled patch LocalRaidEndedPatch
[Info   :ModulePatch] Enabled patch MenuLoadedPatch
[Info   :ModulePatch] Enabled patch OnGameStarted
[Info   :ModulePatch] Enabled patch ProduceViewShowPatch
[Info   :ModulePatch] Enabled patch ProduceViewLoadedPatch
[Info   :ModulePatch] Enabled patch SalvageQuestIconPatch
[Info   :ModulePatch] Enabled patch Salvage_AddTriggerZonePatch
[Info   :ModulePatch] Enabled patch Salvage_RemoveTriggerZonePatch
[Info   :ModulePatch] Enabled patch Salvage_InteractionsChangedPatch
[Info   :WTT-ClientCommonLib PatchManager] Enabled 24 patches
[Info   :RequestHandler] [REQUEST]: /singleplayer/bundles
[Info   :RequestHandler] [REQUEST]: /wttcommonlib/recipes/extended/get
[Info   :RequestHandler] [REQUEST SUCCESSFUL] /wttcommonlib/recipes/extended/get
[Info   :RequestHandler] [REQUEST]: /wttcommonlib/parents/custom/get
[Info   :RequestHandler] [REQUEST SUCCESSFUL] /wttcommonlib/parents/custom/get
[Info   :   BepInEx] Loading [Manimal-CSGas 1.0.2]
[Info   :Manimal-CSGas] CSGas loaded!
[Info   :RequestHandler] [REQUEST]: /csgas/masks
[Info   :ModulePatch] Enabled patch CsGasPrefabRepairPatch
[Info   :RequestHandler] [REQUEST SUCCESSFUL] /csgas/masks
[Info   :Manimal-CSGas] [CSGas] mask config loaded from server: 10 full masks, 3 respirators
[Info   :ModulePatch] Enabled patch CsGasEmissionKeyPatch
[Warning:  HarmonyX] AccessTools.Property: Could not find property for type EFT.Grenade and name Rigidbody
[Info   :ModulePatch] Enabled patch CsGasGrenadeInitFixPatch
[Info   :ModulePatch] Enabled patch CsGasCloudPatch
[Info   :ModulePatch] Enabled patch CsGasExplosionPatch
[Info   :ModulePatch] Enabled patch CsGasEmissionAttachPatch
[Info   :ModulePatch] Enabled patch CsGasHitDebuffMutePatch
[Info   :ModulePatch] Enabled patch CsGasHurtVoiceMutePatch
[Info   :ModulePatch] Enabled patch CsGasMedBlockPatch
[Info   :ModulePatch] Enabled patch CsGasMedBlockFikaPatch
[Info   :ModulePatch] Enabled patch CsGasWorldDisposePatch
[Info   :ModulePatch] Enabled patch CsGasBotHearingGuardPatch
[Info   :   BepInEx] Loading [WTT-ContentBackportClient 1.1.3]
[Info   :ModulePatch] Enabled patch SetMaxUniqueAnimationModIdPatch
[Info   :ModulePatch] Enabled patch MannequinPatch
[Info   :ModulePatch] Enabled patch EnvironmentUIAwakePatch
[Info   :ModulePatch] Enabled patch EnvironmentUISetEnvironmentPatch
[Info   :   BepInEx] Loading [tarkin.ladders.bep 1.0.2]
[Info   :   BepInEx] Loading [Manimal-Icebreaker 0.2.3]
[Info   :Manimal-Icebreaker] PerfectCullingRuntime.dll preloaded (icebreaker occlusion culling)
[Warning:Manimal-Icebreaker] [Fika] detected (IsServer ok, CoopHandler ok) — bot systems will be host-gated
[Info   :Manimal-Icebreaker] [CrewLayer] bigbrain layers registered (ExUsec/PmcBear/PmcUsec/PMC, crew 68 / hold 95 / rush 110)
[Info   :Manimal-Icebreaker] Manimal-Icebreaker 0.2.3 loaded
[Info   :Manimal-Icebreaker] [Config] all settings at defaults
[Info   :   BepInEx] Loading [Manimal-IcebreakerFika 0.2.1]
[Info   :Manimal-IcebreakerFika] Manimal-IcebreakerFika 0.2.1 loaded — chain/seal/keypad world events will sync
[Info   :   BepInEx] Loading [maschine-RaidMenuCleanupFix 1.0.0]
[Info   :ModulePatch] Enabled patch SkipRaidMenuCleanupPatch
[Info   :maschine-RaidMenuCleanupFix] RaidMenuCleanupFix loaded
[Info   :   BepInEx] Loading [CloudSix 3.0.5]
[Info   :  CloudSix] CloudSix loaded!
[Info   :ModulePatch] Enabled patch DisableClouds
[Info   :ModulePatch] Enabled patch DynamicClouds
[Info   :ModulePatch] Enabled patch SpawnClouds
[Info   :ModulePatch] Enabled patch DisableEyeAdaptation
[Info   :ModulePatch] Enabled patch CloudShadowsDisable
[Info   :ModulePatch] Enabled patch CloudShadowsAllocate
[Info   :ModulePatch] Enabled patch CloudShadowsCookieSize
[Info   :ModulePatch] Enabled patch CloudShadowsRelease
[Info   :   BepInEx] Loading [MoxoPixel-MenuOverhaul 1.2.2]
[Info   :MoxoPixel-MenuOverhaul] [Reflection] Resolved 11 members, missing 0.
[Info   :MoxoPixel-MenuOverhaul] [Reflection] Integrity check passed: all mapped members resolved.
[Info   :ModulePatch] Enabled patch MainMenuLayoutPatchAdapter
[Info   :ModulePatch] Enabled patch PlayerProfileViewPatchAdapter
[Info   :ModulePatch] Enabled patch DefaultUIButtonIdlePatchAdapter
[Info   :ModulePatch] Enabled patch DefaultUIButtonHoverPatchAdapter
[Info   :ModulePatch] Enabled patch OnGameStartedPatch
[Info   :ModulePatch] Enabled patch OnGameEndedPatch
[Info   :MoxoPixel-MenuOverhaul] Plugin MoxoPixel-MenuOverhaul version 1.2.2 loaded.
[Info   :   BepInEx] Loading [DynamicMaps 1.1.3]
[Warning:  HarmonyX] BattleUIScreenShowPatch: You should only patch implemented methods/constructors to avoid issues. Patch the declared method void EFT.UI.BattleUIScreen<EFT.UI.EftBattleUIScreen+GClass3865, EFT.UI.Screens.EEftScreenType>::Show(EFT.GamePlayerOwner owner) instead of void EFT.UI.BattleUIScreen<EFT.UI.EftBattleUIScreen+GClass3865, EFT.UI.Screens.EEftScreenType>::Show(EFT.GamePlayerOwner owner).
[Info   :ModulePatch] Enabled patch BattleUIScreenShowPatch
[Info   :ModulePatch] Enabled patch CommonUIAwakePatch
[Info   :ModulePatch] Enabled patch MapScreenShowPatch
[Info   :ModulePatch] Enabled patch MapScreenClosePatch
[Info   :ModulePatch] Enabled patch GameStartedPatch
[Info   :ModulePatch] Enabled patch GameWorldOnDestroyPatch
[Info   :ModulePatch] Enabled patch GameWorldUnregisterPlayerPatch
[Info   :ModulePatch] Enabled patch LootItemInitPatch
[Info   :ModulePatch] Enabled patch GameWorldDestroyLootPatch
[Info   :ModulePatch] Enabled patch AirdropBoxOnBoxLandPatch
[Info   :ModulePatch] Enabled patch PlayerOnDeadPatch
[Info   :ModulePatch] Enabled patch PlayerInventoryThrowItemPatch
[Info   :ModulePatch] Enabled patch ShowViewButtonPatch
[Info   :ModulePatch] Enabled patch MenuLoadPatch
[Info   :   BepInEx] Loading [PlayerEncumbranceBar 1.2.2]
[Info   :ModulePatch] Enabled patch HealthParametersShowPatch
[Info   :   BepInEx] Loading [Continuous Load Ammo 1.1.5]
[Info   :ModulePatch] Enabled patch ApplyMagPresetPatch
[Info   :ModulePatch] Enabled patch EnableContextPresetPatch
[Info   :ModulePatch] Enabled patch InventoryScreenClosePatch
[Info   :ModulePatch] Enabled patch LoadMagazineStartPatch
[Info   :ModulePatch] Enabled patch OnClickPatch
[Info   :ModulePatch] Enabled patch PresetSubInteractionsPatch
[Info   :ModulePatch] Enabled patch RegisterPlayerPatch
[Info   :ModulePatch] Enabled patch SetSubInteractionsPatch
[Info   :ModulePatch] Enabled patch UnloadMagazineStartPatch
[Info   :ModulePatch] Enabled patch TasksScreenShowPatch
[Info   :ModulePatch] Enabled patch ItemsPanelShowPatch
[Info   :ModulePatch] Enabled patch MapScreenPatch
[Info   :ModulePatch] Enabled patch PlayerModelPatch
[Info   :ModulePatch] Enabled patch SkillsAndMasteringPatch
[Info   :ModulePatch] Enabled patch StopProcessesPatch
[Info   :Continuous Load Ammo PatchManager] Enabled 15 patches
[Info   :Continuous Load Ammo] UI Fixes interop loaded successfully
[Info   :ModulePatch] Enabled patch MultiSelectStopLoadingPatch
[Info   :   BepInEx] Loading [MagCheckInterrupt 1.0.2]
[Info   :ModulePatch] Enabled patch AmmoDetailsPatch
[Info   :ModulePatch] Enabled patch CanQuickReloadPatch
[Info   :ModulePatch] Enabled patch OperationFactoryPatch
[Info   :ModulePatch] Enabled patch ReloadAnimationPatch
[Info   :ModulePatch] Enabled patch ReloadConflictPatch
[Info   :ModulePatch] Enabled patch ReloadFastAnimationPatch
[Info   :ModulePatch] Enabled patch RunUtilityOpPatch
[Info   :ModulePatch] Enabled patch UpdateBindingsPatch
[Info   :MagCheckInterrupt PatchManager] Enabled 8 patches
[Info   :MagCheckInterrupt] Initializing Fika compatibility
[Info   :MagCheckInterrupt] Initializing UI Fixes compatibility
[Info   :ModulePatch] Enabled patch CanExecuteSwapPatch
[Info   :   BepInEx] Loading [BundleLoader 1.0.0]
[Info   :BundleLoader] Loaded 6 bundles...
[Info   :   BepInEx] Loading [ScrollableAttachments 1.1.0]
[Info   :ModulePatch] Enabled patch EditBuildAwakePatch
[Info   :ModulePatch] Enabled patch ScrollTriggerDisablePatch
[Info   :ModulePatch] Enabled patch WeaponModdingWakePatch
[Info   :ScrollableAttachments PatchManager] Enabled 3 patches
[Info   :   BepInEx] Loading [ColorConverterAPI 1.1.0]
[Info   :ModulePatch] Enabled patch ColorConverterPatch
[Info   :   BepInEx] Loading [CloseMenuOnDamage 1.0.3]
[Info   :ModulePatch] Enabled patch InventoryScreenAwake_Patch
[Info   :ModulePatch] Enabled patch PlayerApplyDamageInfo_Patch
[Info   :   BepInEx] Loading [RUAFComeHome 1.1.2]
[Info   :ModulePatch] Enabled patch TarkovInitPatch
[Info   :ModulePatch] Enabled patch BotOwnerActivatePatch
[Info   :ModulePatch] Enabled patch BotsControllerInitPatch
[Info   :RUAFComeHome] RUAFComeHome: LAYERS ADDED
[Info   :   BepInEx] Loading [s8 1.0.0]
[Info   :        s8] [Crc32 Patch] Crc32 Patch Enabled!
[Info   :        s8] [Crc32 Debug] Crc32 DebugCompare = False
[Info   :        s8] [Crc32 Patch] Loaded native DLL: C:\Games\SPT\BepInEx\plugins\s8_SPT_PatchCRC32\libcrc32_pclmulqdq.dll
[Info   :        s8] Harmony patches applied for Crc32 (native DLL available).
[Info   :        s8] 
 Patching CRC function since 2026
 Faster, faster, faster! -- Octane
            EPIC s8

[Info   :   BepInEx] Loading [SALCO's ARMORY Client 0.4.1]
[Info   :SALCO's ARMORY Client] Loaded 4/4 custom stimulant hand textures.
[Info   :ModulePatch] Enabled patch StimInHandsTexturePatch
[Info   :SALCO's ARMORY Client] B.O.N.E. vital-surgery guard installed for head and chest.
[Info   :ModulePatch] Enabled patch BoneVitalRestorePatch
[Info   :ModulePatch] Enabled patch BoneVitalMedEffectContextPatch
[Info   :ModulePatch] Enabled patch BoneVitalBodyPartSelectionPatch
[Info   :ModulePatch] Enabled patch ConvertMedicalMergeResultPatch
[Info   :ModulePatch] Enabled patch MedicalMergeAvailableInteractionsPatch
[Info   :ModulePatch] Enabled patch MedicalMergeLabelPatch
[Info   :ModulePatch] Enabled patch MedicalMergeExecutePatch
[Info   :ModulePatch] Enabled patch MedicalMergeIsActivePatch
[Info   :ModulePatch] Enabled patch MedicalMergeIsInteractivePatch
[Info   :SALCO's ARMORY Client] SALCO's ARMORY Client 0.4.1 loaded.
[Info   :   BepInEx] Loading [AmmoGen Client Debug 2.3.0]
[Info   :AmmoGen Client Debug] [AmmoGenClient] Loaded. Watching 2 template(s). Debug enabled: True.
[Info   :   BepInEx] Loading [ItemGen Client 1.5.0]
[Info   :ItemGen Client] Loaded 0 door-key mapping(s) from C:\Games\SPT\SPT\user\mods\ItemGen\doors.json.
[Info   :ItemGen Client] ItemGen client loaded.
[Info   :   BepInEx] Loading [TraderGen Client 2.2.0]
[Info   :TraderGen Client] [TraderGen] WeaponBuildExportPatch initialized.
[Info   :TraderGen Client] [TraderGen] ZoneKillConditionPatch applied.
[Info   :TraderGen Client] [TraderGen] Client patch loaded.
[Info   :   BepInEx] Loading [SSH EFT Volumetric Blood FX 1.0.0]
[Info   :   BepInEx] Loading [Visceral Combat 3.7.0]
[Info   :ModulePatch] Enabled patch GameStartedPatch
[Info   :ModulePatch] Enabled patch KillPatch
[Info   :ModulePatch] Enabled patch BleedPatch
[Info   :ModulePatch] Enabled patch BodiesImpulsePatch
[Info   :ModulePatch] Enabled patch CreateCorpsePatch
[Info   :ModulePatch] Enabled patch GrenadeDeadBodiesPatch
[Info   :ModulePatch] Enabled patch GrenadeItemsPatch
[Info   :ModulePatch] Enabled patch GameStartedPatch
[Info   :ModulePatch] Enabled patch PhysicalItemsPatch
[Info   :ModulePatch] Enabled patch ShootOffHelmetPatch
[Info   :ModulePatch] Enabled patch AttachWeaponPatch
[Info   :ModulePatch] Enabled patch PlayerInitPatch
[Info   :ModulePatch] Enabled patch LimbKillPatch
[Info   :ModulePatch] Enabled patch CreateBSGRagdollPatch
[Info   :ModulePatch] Enabled patch RagdollClassPatch
[Info   :ModulePatch] Enabled patch ShellCasingPatch
[Info   :   BepInEx] Loading [Map Editor Lite 2.0.2]
[Info   :       MEL] Map Editor Lite client plugin loaded
[Info   :       MEL] Detected game root: C:\Games\SPT
[Info   :       MEL] Server mod directory: C:\Games\SPT\SPT\user\mods\MapEditorLite
[Info   :       MEL] Exports directory: C:\Games\SPT\SPT\user\mods\MapEditorLite\exports
[Info   :       MEL] Discovered 0 bundle(s) in packs.
[Info   :       MEL] Loaded localization 'English' (359 entries)
[Info   :       MEL] Editor is disabled in BepInEx config; set EnableEditor to true to use the F8 editor
[Info   :       MEL] Runtime static object spawner attached
[Info   :       MEL] Runtime interactive object spawner attached
[Info   :       MEL] Runtime extract zone spawner attached
[Info   :       MEL] Runtime bot spawn spawner attached
[Info   :       MEL] Runtime light zone spawner attached
[Info   :       MEL] Runtime occlusion repair spawner attached
[Info   :       MEL] Runtime cut volume spawner attached
[Info   :       MEL] Runtime blocker spawner attached
[Warning:       MEL] Failed to load pack C:\Games\SPT\SPT\user\mods\MapEditorLite\exports\vanilla_extract_positions_laboratory.json: Cannot deserialize the current JSON array (e.g. [1,2,3]) into type 'MapLootEditorLite.Client.PackData' because the type requires a JSON object (e.g. {"name":"value"}) to deserialize correctly.
To fix this error either change the JSON to a JSON object (e.g. {"name":"value"}) or change the deserialized type to an array or a type that implements a collection interface (e.g. ICollection, IList) like List<T> that can be deserialized from a JSON array. JsonArrayAttribute can also be added to the type to force it to deserialize from a JSON array.
Path '', line 1, position 1.
[Info   :       MEL] Runtime navmesh builder attached
[Info   :       MEL] Raid reset patch applied
[Info   :   BepInEx] Loading [VeilSight 1.0.1]
[Info   :ModulePatch] Enabled patch VisibilityGate
[Info   : VeilSight] [VeilSight] v1.0.1 loaded.
[Info   :   BepInEx] Loading [Bot Census 1.4.0]
[Info   :Bot Census] Bot Census loaded
[Info   :   BepInEx] Loading [CaliberUnderName 1.1.4]
[Info   :ModulePatch] Enabled patch InitPatch
[Info   :ModulePatch] Enabled patch CaliberInWeaponInscriptionPatch
[Info   :ModulePatch] Enabled patch AmmoSortingComparatorPatch
[Info   :ModulePatch] Enabled patch LootNamePatch
[Info   :ModulePatch] Enabled patch CaliberInShortName
[Info   :ModulePatch] Enabled patch CaptionMaxLinesPatch
[Info   :ModulePatch] Enabled patch TradingScreenShowPatch
[Info   :ModulePatch] Enabled patch TradingScreenClosePatch
[Info   :ModulePatch] Enabled patch TradingUpdateInfoPatch
[Warning:  HarmonyX] AccessTools.TypeByName: Could not find type named AmandsSense.Components.AmandsSenseItem
[Info   :   BepInEx] Loading [NestedQuickMove 1.0.1]
[Info   :ModulePatch] Enabled patch QuickFindPlacePatch
[Info   :   BepInEx] Loading [VisitAPI 0.5.1]
[Info   :  VisitAPI] VisitAPI 0.5.1 loading (dialogue framework)
[Info   :  VisitAPI] [VisitAPI] registered 1 trader(s) with .dlg
[Info   :  VisitAPI] [FavoriteSchemeGuard] installed (crash guard=True, settings-immune persistence=True, init rescue=True)
[Info   :  VisitAPI] [NativeBinder] PASS  TraderDialogScreen
[Info   :  VisitAPI] [NativeBinder] PASS  BTRDialogClass
[Info   :  VisitAPI] [NativeBinder] PASS  BTRDialogClass ctor(7)
[Info   :  VisitAPI] [NativeBinder] PASS  DialogController (GClass3619)
[Info   :  VisitAPI] [NativeBinder] PASS  DialogController ctor(3)
[Info   :  VisitAPI] [NativeBinder] PASS  ShowScreen(EScreenState)
[Info   :  VisitAPI] [NativeBinder] PASS  BaseScreen.ScreenController
[Info   :  VisitAPI] [NativeBinder] PASS  Controller.CloseScreen()
[Info   :  VisitAPI] [NativeBinder] PASS  EScreenState.Queued
[Info   :  VisitAPI] [NativeBinder] PASS  method_5
[Info   :  VisitAPI] [NativeBinder] PASS  TraderDialogScreen.mongoID_0
[Info   :  VisitAPI] [NativeBinder] PASS  Player.Profile
[Info   :  VisitAPI] [NativeBinder] PASS  Player.InventoryController
[Info   :  VisitAPI] [NativeBinder] PASS  Player.AbstractQuestControllerClass
[Info   :  VisitAPI] [NativeBinder] PASS  TraderScreensGroup
[Info   :  VisitAPI] [NativeBinder] PASS  TraderScreensGroup.method_6
[Info   :  VisitAPI] [NativeBinder] PASS  TraderScreensGroup.method_3
[Info   :  VisitAPI] [NativeBinder] PASS  TraderScreensGroup.ETraderMode
[Info   :  VisitAPI] [NativeBinder] PASS  TraderScreensGroup.TraderClass/Profile_0/Inv/Quest
[Info   :  VisitAPI] [NativeBinder] PASS  TraderScreensGroup._closeButton
[Info   :  VisitAPI] [NativeBinder] PASS  TraderClass.Id
[Info   :  VisitAPI] [NativeBinder] Ready = True
[Info   :  VisitAPI] [WhitelistPatch] method_5 finalizer installed
[Info   :  VisitAPI] [DialogUiBinder] PASS  TraderDialogWindow
[Info   :  VisitAPI] [DialogUiBinder] PASS  TraderDialogWindowOptionRow
[Info   :  VisitAPI] [DialogUiBinder] PASS  TraderDialogScreen._dialogWindow
[Info   :  VisitAPI] [DialogUiBinder] PASS  Window._traderText
[Info   :  VisitAPI] [DialogUiBinder] PASS  Window._dialogRow
[Info   :  VisitAPI] [DialogUiBinder] PASS  Window._linesContainer
[Info   :  VisitAPI] [DialogUiBinder] PASS  Window._optionsCanvasGroup
[Info   :  VisitAPI] [DialogUiBinder] PASS  OptionRow._text
[Info   :  VisitAPI] [DialogUiBinder] PASS  TraderDialogScreen.Close()
[Info   :  VisitAPI] [DialogUiBinder] PASS  OptionRow.method_1(bool)
[Info   :  VisitAPI] [DialogUiBinder] PASS  TMP_Text.ForceMeshUpdate (close NRE guard)
[Info   :  VisitAPI] [DialogUiBinder] PASS  TraderDialogScreen._subtitlesView (narration box)
[Info   :  VisitAPI] [DialogUiBinder] PASS  SubtitlesView._textField
[Info   :  VisitAPI] [DialogUiBinder] Ready = True
[Info   :  VisitAPI] [OptionRowPatch] option-row click/hover patched
[Info   :  VisitAPI] [TalkButton] entry patch installed on TraderScreensGroup.method_6
[Info   :   BepInEx] Loading [Show Me The Money 2.7.0]
[Info   :RequestHandler] [REQUEST]: /showMeTheMoney/getPartialRagfairConfig
[Info   :ModulePatch] Enabled patch TraderClassPatch
[Info   :ModulePatch] Enabled patch EditBuildScreenShowPatch
[Info   :ModulePatch] Enabled patch EditBuildScreenClosePatch
[Info   :ModulePatch] Enabled patch GridItemOnPointerEnterPatch
[Info   :ModulePatch] Enabled patch GridItemOnPointerExitPatch
[Info   :ModulePatch] Enabled patch InventoryScreenClosePatch
[Info   :ModulePatch] Enabled patch SimpleTooltipShowPatch
[Info   :   BepInEx] Loading [tarkin.ladders.fika 1.0.0]
[Info   :   BepInEx] Loading [Terkoiz.Skipper 1.1.4]
[Info   :   BepInEx] Loading [Task Item Indicator 1.1.0]
[Info   :Task Item Indicator] Task Item Indicator loaded.
[Info   :   BepInEx] Loading [WTT-PackNStrap 2.0.4]
[Info   :ModulePatch] Enabled patch GetPrioritizedGridsForUnloadedObjectPatch
[Info   :ModulePatch] Enabled patch MergeContainerWithChildrenPatch
[Info   :ModulePatch] Enabled patch UnloadWeaponPatch
[Info   :ModulePatch] Enabled patch FindSlotForPickupPatch
[Info   :ModulePatch] Enabled patch RegisterCustomItemTypesPatch
[Info   :   BepInEx] Loading [Trenchfoot-BeltSlot 2.0.4]
[Info   :ModulePatch] Enabled patch ContainersPanelPatch
[Info   :ModulePatch] Enabled patch ContainersPanelPatch2
[Info   :ModulePatch] Enabled patch ComplexStashPanelPatch
[Info   :ModulePatch] Enabled patch ComplexStashPanelPatch2
[Info   :ModulePatch] Enabled patch MainMenuControllerClassPatch
[Info   :ModulePatch] Enabled patch ItemUiContextPatch
[Info   :ModulePatch] Enabled patch EquipmentBuildsScreenPatch
[Info   :ModulePatch] Enabled patch InventoryEquipmentPatch
[Info   :ModulePatch] Enabled patch InventoryScreenPatch
[Info   :ModulePatch] Enabled patch ItemViewPatch
[Info   :ModulePatch] Disabled patch GetPrioritizedContainersPatch
[Info   :ModulePatch] Enabled patch GetPrioritizedContainersPackNStrapPatch
[Info   :   BepInEx] Loading [ChangeHelmetVisor 2.0.0]
[Info   :ChangeHelmetVisor] plugin loaded!
[Info   :ModulePatch] Enabled patch VisorTexturePatch
[Info   :   BepInEx] Loading [TTC 3.0.5]
[Info   :       TTC] [TTC] Loaded 38 transaction condition IDs
[Info   :   BepInEx] Loading [Tyfon.WeaponCustomizer 3.0.3]
[Info   :ModulePatch] Enabled patch MenuLoadPatch
[Info   :ModulePatch] Enabled patch OtherInventoryLoadPatch
[Info   :ModulePatch] Enabled patch InsuranceMessageReceivedPatch
[Info   :ModulePatch] Enabled patch BoneMoverPatch
[Info   :ModulePatch] Enabled patch RevertButtonPatch
[Info   :ModulePatch] Enabled patch AssemblePatch
[Info   :ModulePatch] Enabled patch CheckIfAlreadyBuiltPatch
[Info   :ModulePatch] Enabled patch LoadBuildPatch
[Info   :ModulePatch] Enabled patch FindBuildPatch
[Info   :ModulePatch] Enabled patch SaveBuildPatch
[Info   :ModulePatch] Enabled patch RemoveBuildPatch
[Info   :ModulePatch] Enabled patch ModdingIsActiveInRaidPatch
[Info   :ModulePatch] Enabled patch ModdingIsInteractiveInRaidPatch
[Info   :ModulePatch] Enabled patch ModWeaponInRaidPatch
[Info   :ModulePatch] Enabled patch SimpleModdingScreenPatch
[Info   :ModulePatch] Enabled patch ClonePatch
[Info   :ModulePatch] Enabled patch SplitPresetPatch
[Info   :ModulePatch] Enabled patch InsertModPatch
[Info   :ModulePatch] Enabled patch CreateItemPatch
[Info   :ModulePatch] Enabled patch IconPatch
[Info   :   BepInEx] Loading [Tylevo-TacticalServicesControl 0.9.8]
[Info   :ModulePatch] Enabled patch InputManagerUtil
[Info   :ModulePatch] Enabled patch GameWorldDisposePatch
[Info   :ModulePatch] Enabled patch GameWorldStartPatch
[Info   :ModulePatch] Enabled patch GesturesMenuPatch
[Info   :ModulePatch] Enabled patch UavDeviceClientUsableItemControllerPatch
[Info   :ModulePatch] Enabled patch UavDeviceHandsAnimationTypePatch
[Info   :ModulePatch] Enabled patch UavDeviceSetInHandsForQuickUsePatch
[Info   :ModulePatch] Enabled patch UavDeviceSetInHandsPatch
[Info   :ModulePatch] Enabled patch UavDeviceUsableInterfaceDispatchPatch
[Info   :Tylevo-TacticalServicesControl PatchManager] Enabled 9 patches
[Info   :   BepInEx] Loading [Tylevo-TacticalServicesControl-Fika 0.9.8]
[Info   :   BepInEx] Loading [TacticalToaster-UNTARGH 3.1.1]
[Info   :TacticalToaster-UNTARGH] plugin loaded!
[Info   :ModulePatch] Enabled patch TarkovInitPatch
[Info   :ModulePatch] Enabled patch BotOwnerActivatePatch
[Info   :ModulePatch] Enabled patch BotsControllerInitPatch
[Info   :ModulePatch] Enabled patch UNTARShootGroundWarnPatch
[Info   :   BepInEx] Loading [AirFilter Only Drains In Raid 1.0.0]
[Info   :AirFilter Only Drains In Raid] plugin loaded!
[Info   :ModulePatch] Enabled patch AirfilterUpdatePatch
[Info   :   BepInEx] Loading [makeshotgunsgreatagain 1.14.0]
[Info   :ModulePatch] Enabled patch DragonBreathPatch
[Info   :ModulePatch] Enabled patch DragonBreathMuzzlePatch
[Info   :ModulePatch] Enabled patch CanResolveMalfunctionsWithoutInspectionPatch
[Info   :ModulePatch] Enabled patch RemoveBossMalfunctionsPatch
[Info   :ModulePatch] Enabled patch BuckshotDispersionPatch
[Info   :ModulePatch] Enabled patch KS23MountAlignmentPatch
[Info   :makeshotgunsgreatagain] plugin loaded!
[Info   :   BepInEx] Loading [CoolerStims 1.4.0]
[Info   :   BepInEx] Loading [NVG Sight Dimmer 1.0.0]
[Info   :   BepInEx] Loading [TrashTalk 1.0.0]
[Info   : TrashTalk] [TrashTalk] Client plugin loaded.
[Info   :   BepInEx] Loading [WTT-Armory 2.0.5]
[Info   :ModulePatch] Enabled patch UpdateWeaponVariablesPatch
[Info   :ModulePatch] Enabled patch ShootPatch
[Info   :   BepInEx] Loading [DoomArcadeClient 1.0.0]
[Info   :ModulePatch] Enabled patch GetAvailableActionsPatch
[Info   :ModulePatch] Enabled patch UpdateSingleQuestVisibilityPatch
[Info   :ModulePatch] Enabled patch HideoutGameSmethod6Patch
[Info   :   BepInEx] Loading [GameBoyEmulator 2.0]
[Info   :ModulePatch] Enabled patch InstallModPatch
[Info   :ModulePatch] Enabled patch TranslateCommandHideoutPatch
[Info   :ModulePatch] Enabled patch ClientUsableItemControllerPatch
[Info   :ModulePatch] Enabled patch UsableAnimationsHandsControllerPatch
[Info   :ModulePatch] Enabled patch HandsControllerClassPatch
[Info   :ModulePatch] Enabled patch IsAtBindablePlacePatch
[Info   :ModulePatch] Enabled patch IsAtReachablePlace
[Info   :ModulePatch] Enabled patch GetWeaponAnimationTypePatch
[Info   :ModulePatch] Enabled patch CreateItemAsyncPatch
[Info   :ModulePatch] Enabled patch SetControllerInsteadRemovedOnePatch
[Info   :ModulePatch] Enabled patch SetHandsUsableItemPatch
[Info   :ModulePatch] Enabled patch TryProceedPatch
[Info   :ModulePatch] Enabled patch FikaProceedPatch
[Info   :WTT-ClientCommonLib] [WTT-KomradeKid] Fika module loaded and FikaProceedPatch enabled
[Info   :   BepInEx] Loading [ZGFueDkx-SkillDistribution 1.2.2]
[Info   :ZGFueDkx-SkillDistribution] Loading settings from server
[Info   :RequestHandler] [REQUEST]: /skill-distribution/config
[Info   :RequestHandler] [REQUEST SUCCESSFUL] /skill-distribution/config
[Info   :ModulePatch] Enabled patch ProfileSelectionPatch
[Info   :ModulePatch] Enabled patch SkillUnsubscribePatch
[Info   :ModulePatch] Enabled patch AbstractSkillUnsubscribePatch
[Info   :ModulePatch] Enabled patch AbstractSkillPatch
[Info   :ModulePatch] Enabled patch OnGameStartedPatch
[Info   :ModulePatch] Enabled patch SkillPanelPatch
[Info   :ModulePatch] Enabled patch SkillTooltipPatch
[Info   :ModulePatch] Enabled patch WorkoutBehaviourPatch
[Info   :ZGFueDkx-SkillDistribution] SkillDistribution by ZGFueDkx version 1.2.2 started
[Info   :   BepInEx] Loading [Chamber Ammo Info 1.0.1]
[Info   :ModulePatch] Enabled patch CheckWeaponChamberPatch
[Info   :ModulePatch] Enabled patch CheckUnderbarrelChamberPatch
[Info   :Chamber Ammo Info] Plugin loaded successfully
[Info   :   BepInEx] Loading [Mag Retention Reload 1.1.0]
[Info   :ModulePatch] Enabled patch ReloadRunPatch
[Info   :ModulePatch] Enabled patch ReloadDropModPatch
[Info   :ModulePatch] Enabled patch ReloadRaiseEventsPatch
[Info   :ModulePatch] Enabled patch ReloadRollbackPatch
[Info   :ModulePatch] Enabled patch ReloadUIContextPatch
[Info   :Mag Retention Reload] Plugin loaded successfully
[Info   :   BepInEx] Loading [ClearPreRaidScreen 1.0.0]
[Info   :   BepInEx] Loading [Raid Review 1.4.0]
[Info   :Raid Review] RAID_REVIEW :::: INFO :::: Mod Loaded
[Info   :Raid Review] RAID_REVIEW :::: INFO :::: Plugin directory: C:\Games\SPT\BepInEx\plugins
[Info   :Raid Review] RAID_REVIEW :::: INFO :::: Configured WS Server: ws://127.0.0.1:7828
[Info   :Raid Review] RAID_REVIEW :::: INFO :::: Configured HTTP Server: http://127.0.0.1:7829
[Info   :Raid Review] RAID_REVIEW :::: INFO :::: Config Loaded
[Info   :ModulePatch] Enabled patch RAID_REVIEW_Player_OnGameStartedPatch
[Info   :ModulePatch] Enabled patch RAID_REVIEW_Player_OnGameSessionEndPatch
[Info   :ModulePatch] Enabled patch RAID_REVIEW_menuTaskBar_setButtonsAvailablePatch
[Info   :ModulePatch] Enabled patch RAID_REVIEW_Player_OnBeenKilledByAggressorPatch
[Info   :ModulePatch] Enabled patch RAID_REVIEW_Player_OnItemAddedOrRemovedPatch
[Info   :ModulePatch] Enabled patch RAID_REVIEW_ClientGameWorld_ShotDelegatePatch
[Info   :Raid Review] RAID_REVIEW :::: INFO :::: Patches Loaded
[Info   :Raid Review] RAID_REVIEW :::: INFO :::: Connected to backend
[Info   :   BepInEx] Loading [InteractableExfilsAPI 2.1.0]
[Info   :ModulePatch] Enabled patch GameStartedPatch
[Info   :ModulePatch] Enabled patch GetAvailableActionsPatch
[Info   :   BepInEx] Loading [Kat.FastSellInFlea 1.2.0]
[Info   : Telemetry] [RAID-REVIEW] WebSocket connected.
[Info   :ModulePatch] Enabled patch CatchAddOfferClickPatch
[Info   :ModulePatch] Enabled patch CatchIDItemPatch
[Info   :ModulePatch] Enabled patch ContextMenuAddOfferViewPatch
[Info   :ModulePatch] Enabled patch ContextMenuClosePatch
[Info   :ModulePatch] Enabled patch CatchMainMenuOpenPatch
[Info   :ModulePatch] Enabled patch GridItemOnPointerEnterPatch
[Info   :ModulePatch] Enabled patch GridItemOnPointerExitPatch
[Info   :Kat.FastSellInFlea] FastSellInFlea successful loaded!
[Info   :   BepInEx] Loading [LootingBots 1.7.0]
[Info   :ModulePatch] Enabled patch CleanCacheOnRaidEndPatch
[Info   :ModulePatch] Enabled patch EnableWeaponSwitchingPatch
[Info   :ModulePatch] Enabled patch InvokeOnKillPatch
[Info   :ModulePatch] Enabled patch LootDataHaveActionsPatch
[Info   :ModulePatch] Enabled patch LootDataSetTargetLootClusterPatch
[Info   :ModulePatch] Enabled patch OnAirdropLandedPatch
[Info   :ModulePatch] Enabled patch RemoveLootingBrainPatch
[Info   :LootingBots PatchManager] Enabled 7 patches
[Info   :   BepInEx] Loading [Transmog 1.3.1]
[Info   :  Transmog] Loading: Transmog - V1.3.1
[Info   :  Transmog] Found PlayerModelView Show method.
[Info   :ModulePatch] Enabled patch PlayerModelViewPatch
[Info   :  Transmog] Found PlayerIconImage SetPresetIcon method.
[Info   :ModulePatch] Enabled patch PlayerIconImagePatch
[Info   :  Transmog] Found TacticalClothingView Show method.
[Info   :ModulePatch] Enabled patch TacticalClothingViewPatch
[Info   :  Transmog] Found PlayerBody Init method.
[Info   :ModulePatch] Enabled patch PlayerBodyPatch1
[Info   :  Transmog] PlayerBodyPatch2 Patched.
[Info   :ModulePatch] Enabled patch PlayerBodyPatch2
[Info   :  Transmog] Found Profile GetAllPrefabPaths method.
[Info   :ModulePatch] Enabled patch PlayerBodyPatch3
[Info   :  Transmog] Found HideoutPlayerOwner method_34 method.
[Info   :ModulePatch] Enabled patch PlayerBodyPatch4
[Info   :  Transmog] Found MatchMakerSideSelectionScreen Show method.
[Info   :ModulePatch] Enabled patch MatchMakerSideSelectionScreenPatch
[Info   :   BepInEx] Loading [Transmog - Fika Compatibility Module 1.0.0]
[Info   :   BepInEx] Loading [LMSP 1.0.0]
[Info   :      LMSP] LMSP loaded!
[Info   :ModulePatch] Enabled patch PlateSlotPatch
[Info   :   BepInEx] Loading [Modern Weapon Mods (MWM) Client 1.0.0]
[Info   :Modern Weapon Mods (MWM) Client] Modern Weapon Mods (MWM) Client loaded.
[Info   :   BepInEx] Loading [MoreCheckmarks 2.2.0]
[Info   :   BepInEx] Loading [DrakiaXYZ-SearchOpenContainers 1.4.0]
[Info   :ModulePatch] Enabled patch ContainerMenuPatch
[Info   :   BepInEx] Loading [Level Endurance and Strength 1.0.1]
[Message:   BepInEx] Chainloader startup complete
[Info   :CustomUISounds] Loaded BackpackClose.wav
[Warning:       MEL] Failed to load API names: HTTP/1.1 410 Gone; trying offline cache.
[Info   :       MEL] Loaded 4797 names from offline cache.
[Info   :CustomUISounds] Loaded BackpackOpen.wav
[Info   :CustomUISounds] Loaded ButtonOver.wav
[Info   :CustomUISounds] Loaded MenuInstallModFunc.wav
[Info   :CustomUISounds] Loaded MenuInstallModGear.wav
[Info   :CustomUISounds] Loaded MenuInstallModVital.wav
[Info   :CustomUISounds] Loaded MenuMapTag.wav
[Info   :CustomUISounds] Loaded MenuModdingClose.wav
[Info   :CustomUISounds] Loaded MenuModdingOpen.wav
[Info   :CustomUISounds] Loaded QuestSubTrackComplete.wav
[Info   :CustomUISounds] Loaded 10 sounds from Metro Exodus
[Info   :RequestHandler] [REQUEST]: /singleplayer/settings/version
[Info   :RequestHandler] [REQUEST SUCCESSFUL] /singleplayer/settings/version
[Info   :RequestHandler] [REQUEST]: /singleplayer/release
[Info   :RequestHandler] [REQUEST SUCCESSFUL] /singleplayer/release
[Info   :RequestHandler] [REQUEST]: /singleplayer/moddedTraders
[Info   :RequestHandler] [REQUEST SUCCESSFUL] /singleplayer/moddedTraders
[Info   :RequestHandler] [REQUEST]: /singleplayer/enableBSGlogging
[Info   :RequestHandler] [REQUEST SUCCESSFUL] /singleplayer/enableBSGlogging
[Info   :Quests Extended] C:\Games\SPT\BepInEx\plugins\QuestsExtended\Quests
[Info   :Quests Extended] Getting quests from file: C:\Games\SPT\BepInEx\plugins\QuestsExtended\Quests\CHAPTER1_QECL.json
[Info   :Quests Extended] Getting quests from file: C:\Games\SPT\BepInEx\plugins\QuestsExtended\Quests\CHAPTER1_QEGL.json
[Info   :Quests Extended] Getting quests from file: C:\Games\SPT\BepInEx\plugins\QuestsExtended\Quests\CHAPTER2_QECL.json
[Info   :Quests Extended] Getting quests from file: C:\Games\SPT\BepInEx\plugins\QuestsExtended\Quests\CHAPTER2_QEGL.json
[Info   :Quests Extended] Getting quests from file: C:\Games\SPT\BepInEx\plugins\QuestsExtended\Quests\GLCOMBAT_QE.json
[Info   :Quests Extended] Getting quests from file: C:\Games\SPT\BepInEx\plugins\QuestsExtended\Quests\GLMENTAL_QE.json
[Info   :Quests Extended] Getting quests from file: C:\Games\SPT\BepInEx\plugins\QuestsExtended\Quests\GLPHYSICAL_QE.json
[Info   :Quests Extended] Getting quests from file: C:\Games\SPT\BepInEx\plugins\QuestsExtended\Quests\GLPRACTICAL_QE.json
[Info   :Quests Extended] Getting quests from file: C:\Games\SPT\BepInEx\plugins\QuestsExtended\Quests\QuestsWithBlockedMessagesHolder_QE.json
[Info   :Quests Extended] Getting quests from file: C:\Games\SPT\BepInEx\plugins\QuestsExtended\Quests\TTC_quests.json
[Info   :Quests Extended] Getting quests from file: C:\Games\SPT\BepInEx\plugins\QuestsExtended\Quests\VTQ_QE.json
[Info   :Quests Extended] Loaded 340 custom quests
[Info   :ModulePatch] Enabled patch TraderScrollingPatch
[Info   :ModulePatch] Enabled patch PlayerCardPatch
[Message:EFTVersion] GameVersion:0.16.9.40087 AkiVersion:4.0.13 FikaVersion:2.3.9.0
[Info   :BaseModulePatch] Enabled patch GamePlayerOwnerPatchs
[Info   :BaseModulePatch] Enabled patch TriggerWithIdPatchs
[Info   :ModulePatch] Enabled patch Patch_GameWorld_Dispose
[Info   :ModulePatch] Enabled patch Patch_GameWorld_OnGameStarted
[Info   :ModulePatch] Enabled patch Patch_InteractionContextHelper_GetAvailableActions
[Info   :ModulePatch] Enabled patch Patch_MoveInputTranslator_TranslateAxes
[Info   :ModulePatch] Enabled patch Patch_Physical_CanClimb
[Info   :ModulePatch] Enabled patch Patch_Physical_CanVault
[Info   :ModulePatch] Enabled patch Patch_ObstacleCalculatorModel_DistanceToMainObstacle
[Info   :tarkin.ladders.bep PatchManager] Enabled 7 patches
[Info   :       MEL] Loaded pack 'PA_MapEditorLite_Customs' from C:\Games\SPT\SPT\user\mods\MapEditorLite\packs\PA_MapEditorLite_Customs.json
[Info   :       MEL] Loaded pack 'PA_MapEditorLite_Factory' from C:\Games\SPT\SPT\user\mods\MapEditorLite\packs\PA_MapEditorLite_Factory.json
[Info   :       MEL] Loaded pack 'PA_MapEditorLite_GroundZero' from C:\Games\SPT\SPT\user\mods\MapEditorLite\packs\PA_MapEditorLite_GroundZero.json
[Info   :       MEL] Loaded pack 'PA_MapEditorLite_Interchange' from C:\Games\SPT\SPT\user\mods\MapEditorLite\packs\PA_MapEditorLite_Interchange.json
[Info   :       MEL] Loaded pack 'PA_MapEditorLite_Labs' from C:\Games\SPT\SPT\user\mods\MapEditorLite\packs\PA_MapEditorLite_Labs.json
[Info   :       MEL] Loaded pack 'PA_MapEditorLite_Lighthouse' from C:\Games\SPT\SPT\user\mods\MapEditorLite\packs\PA_MapEditorLite_Lighthouse.json
[Info   :       MEL] Loaded pack 'PA_MapEditorLite_Reserve' from C:\Games\SPT\SPT\user\mods\MapEditorLite\packs\PA_MapEditorLite_Reserve.json
[Info   :       MEL] Loaded pack 'PA_MapEditorLite_Shoreline' from C:\Games\SPT\SPT\user\mods\MapEditorLite\packs\PA_MapEditorLite_Shoreline.json
[Info   :       MEL] Loaded pack 'PA_MapEditorLite_Streets' from C:\Games\SPT\SPT\user\mods\MapEditorLite\packs\PA_MapEditorLite_Streets.json
[Info   :       MEL] Loaded pack 'PA_MapEditorLite_Woods' from C:\Games\SPT\SPT\user\mods\MapEditorLite\packs\PA_MapEditorLite_Woods.json
[Warning:       MEL] Failed to load pack C:\Games\SPT\SPT\user\mods\MapEditorLite\exports\vanilla_extract_positions_laboratory.json: Cannot deserialize the current JSON array (e.g. [1,2,3]) into type 'MapLootEditorLite.Client.PackData' because the type requires a JSON object (e.g. {"name":"value"}) to deserialize correctly.
To fix this error either change the JSON to a JSON object (e.g. {"name":"value"}) or change the deserialized type to an array or a type that implements a collection interface (e.g. ICollection, IList) like List<T> that can be deserialized from a JSON array. JsonArrayAttribute can also be added to the type to force it to deserialize from a JSON array.
Path '', line 1, position 1.
[Info   :       MEL] Loaded pack 'PA_MapEditorLite_Customs' from C:\Games\SPT\SPT\user\mods\MapEditorLite\packs\PA_MapEditorLite_Customs.json (0 removedObjects across 1 maps).
[Info   :       MEL] Loaded pack 'PA_MapEditorLite_Factory' from C:\Games\SPT\SPT\user\mods\MapEditorLite\packs\PA_MapEditorLite_Factory.json (0 removedObjects across 1 maps).
[Info   :       MEL] Loaded pack 'PA_MapEditorLite_GroundZero' from C:\Games\SPT\SPT\user\mods\MapEditorLite\packs\PA_MapEditorLite_GroundZero.json (0 removedObjects across 1 maps).
[Info   :       MEL] Loaded pack 'PA_MapEditorLite_Interchange' from C:\Games\SPT\SPT\user\mods\MapEditorLite\packs\PA_MapEditorLite_Interchange.json (0 removedObjects across 1 maps).
[Info   :       MEL] Loaded pack 'PA_MapEditorLite_Labs' from C:\Games\SPT\SPT\user\mods\MapEditorLite\packs\PA_MapEditorLite_Labs.json (0 removedObjects across 1 maps).
[Info   :       MEL] Loaded pack 'PA_MapEditorLite_Lighthouse' from C:\Games\SPT\SPT\user\mods\MapEditorLite\packs\PA_MapEditorLite_Lighthouse.json (0 removedObjects across 1 maps).
[Info   :       MEL] Loaded pack 'PA_MapEditorLite_Reserve' from C:\Games\SPT\SPT\user\mods\MapEditorLite\packs\PA_MapEditorLite_Reserve.json (0 removedObjects across 1 maps).
[Info   :       MEL] Loaded pack 'PA_MapEditorLite_Shoreline' from C:\Games\SPT\SPT\user\mods\MapEditorLite\packs\PA_MapEditorLite_Shoreline.json (0 removedObjects across 1 maps).
[Info   :       MEL] Loaded pack 'PA_MapEditorLite_Streets' from C:\Games\SPT\SPT\user\mods\MapEditorLite\packs\PA_MapEditorLite_Streets.json (0 removedObjects across 1 maps).
[Info   :       MEL] Loaded pack 'PA_MapEditorLite_Woods' from C:\Games\SPT\SPT\user\mods\MapEditorLite\packs\PA_MapEditorLite_Woods.json (0 removedObjects across 1 maps).
[Info   :       MEL] Loaded pack 'PA_MapEditorLite_Customs' from C:\Games\SPT\SPT\user\mods\MapEditorLite\packs\PA_MapEditorLite_Customs.json
[Info   :       MEL] Loaded pack 'PA_MapEditorLite_Factory' from C:\Games\SPT\SPT\user\mods\MapEditorLite\packs\PA_MapEditorLite_Factory.json
[Info   :       MEL] Loaded pack 'PA_MapEditorLite_GroundZero' from C:\Games\SPT\SPT\user\mods\MapEditorLite\packs\PA_MapEditorLite_GroundZero.json
[Info   :       MEL] Loaded pack 'PA_MapEditorLite_Interchange' from C:\Games\SPT\SPT\user\mods\MapEditorLite\packs\PA_MapEditorLite_Interchange.json
[Info   :       MEL] Loaded pack 'PA_MapEditorLite_Labs' from C:\Games\SPT\SPT\user\mods\MapEditorLite\packs\PA_MapEditorLite_Labs.json
[Info   :       MEL] Loaded pack 'PA_MapEditorLite_Lighthouse' from C:\Games\SPT\SPT\user\mods\MapEditorLite\packs\PA_MapEditorLite_Lighthouse.json
[Info   :       MEL] Loaded pack 'PA_MapEditorLite_Reserve' from C:\Games\SPT\SPT\user\mods\MapEditorLite\packs\PA_MapEditorLite_Reserve.json
[Info   :       MEL] Loaded pack 'PA_MapEditorLite_Shoreline' from C:\Games\SPT\SPT\user\mods\MapEditorLite\packs\PA_MapEditorLite_Shoreline.json
[Info   :       MEL] Loaded pack 'PA_MapEditorLite_Streets' from C:\Games\SPT\SPT\user\mods\MapEditorLite\packs\PA_MapEditorLite_Streets.json
[Info   :       MEL] Loaded pack 'PA_MapEditorLite_Woods' from C:\Games\SPT\SPT\user\mods\MapEditorLite\packs\PA_MapEditorLite_Woods.json
[Info   :       MEL] Patched ExfiltrationControllerClass.InitAllExfiltrationPoints.
[Info   :       MEL] Loaded pack 'PA_MapEditorLite_Customs' from C:\Games\SPT\SPT\user\mods\MapEditorLite\packs\PA_MapEditorLite_Customs.json
[Info   :       MEL] Loaded pack 'PA_MapEditorLite_Factory' from C:\Games\SPT\SPT\user\mods\MapEditorLite\packs\PA_MapEditorLite_Factory.json
[Info   :       MEL] Loaded pack 'PA_MapEditorLite_GroundZero' from C:\Games\SPT\SPT\user\mods\MapEditorLite\packs\PA_MapEditorLite_GroundZero.json
[Info   :       MEL] Loaded pack 'PA_MapEditorLite_Interchange' from C:\Games\SPT\SPT\user\mods\MapEditorLite\packs\PA_MapEditorLite_Interchange.json
[Info   :       MEL] Loaded pack 'PA_MapEditorLite_Labs' from C:\Games\SPT\SPT\user\mods\MapEditorLite\packs\PA_MapEditorLite_Labs.json
[Info   :       MEL] Loaded pack 'PA_MapEditorLite_Lighthouse' from C:\Games\SPT\SPT\user\mods\MapEditorLite\packs\PA_MapEditorLite_Lighthouse.json
[Info   :       MEL] Loaded pack 'PA_MapEditorLite_Reserve' from C:\Games\SPT\SPT\user\mods\MapEditorLite\packs\PA_MapEditorLite_Reserve.json
[Info   :       MEL] Loaded pack 'PA_MapEditorLite_Shoreline' from C:\Games\SPT\SPT\user\mods\MapEditorLite\packs\PA_MapEditorLite_Shoreline.json
[Info   :       MEL] Loaded pack 'PA_MapEditorLite_Streets' from C:\Games\SPT\SPT\user\mods\MapEditorLite\packs\PA_MapEditorLite_Streets.json
[Info   :       MEL] Loaded pack 'PA_MapEditorLite_Woods' from C:\Games\SPT\SPT\user\mods\MapEditorLite\packs\PA_MapEditorLite_Woods.json
[Info   :       MEL] Patched BotsController.Init.
[Info   :       MEL] Loaded pack 'PA_MapEditorLite_Customs' from C:\Games\SPT\SPT\user\mods\MapEditorLite\packs\PA_MapEditorLite_Customs.json
[Info   :       MEL] Loaded pack 'PA_MapEditorLite_Factory' from C:\Games\SPT\SPT\user\mods\MapEditorLite\packs\PA_MapEditorLite_Factory.json
[Info   :       MEL] Loaded pack 'PA_MapEditorLite_GroundZero' from C:\Games\SPT\SPT\user\mods\MapEditorLite\packs\PA_MapEditorLite_GroundZero.json
[Info   :       MEL] Loaded pack 'PA_MapEditorLite_Interchange' from C:\Games\SPT\SPT\user\mods\MapEditorLite\packs\PA_MapEditorLite_Interchange.json
[Info   :       MEL] Loaded pack 'PA_MapEditorLite_Labs' from C:\Games\SPT\SPT\user\mods\MapEditorLite\packs\PA_MapEditorLite_Labs.json
[Info   :       MEL] Loaded pack 'PA_MapEditorLite_Lighthouse' from C:\Games\SPT\SPT\user\mods\MapEditorLite\packs\PA_MapEditorLite_Lighthouse.json
[Info   :       MEL] Loaded pack 'PA_MapEditorLite_Reserve' from C:\Games\SPT\SPT\user\mods\MapEditorLite\packs\PA_MapEditorLite_Reserve.json
[Info   :       MEL] Loaded pack 'PA_MapEditorLite_Shoreline' from C:\Games\SPT\SPT\user\mods\MapEditorLite\packs\PA_MapEditorLite_Shoreline.json
[Info   :       MEL] Loaded pack 'PA_MapEditorLite_Streets' from C:\Games\SPT\SPT\user\mods\MapEditorLite\packs\PA_MapEditorLite_Streets.json
[Info   :       MEL] Loaded pack 'PA_MapEditorLite_Woods' from C:\Games\SPT\SPT\user\mods\MapEditorLite\packs\PA_MapEditorLite_Woods.json
[Info   :       MEL] Loaded pack 'PA_MapEditorLite_Customs' from C:\Games\SPT\SPT\user\mods\MapEditorLite\packs\PA_MapEditorLite_Customs.json
[Info   :       MEL] Loaded pack 'PA_MapEditorLite_Factory' from C:\Games\SPT\SPT\user\mods\MapEditorLite\packs\PA_MapEditorLite_Factory.json
[Info   :       MEL] Loaded pack 'PA_MapEditorLite_GroundZero' from C:\Games\SPT\SPT\user\mods\MapEditorLite\packs\PA_MapEditorLite_GroundZero.json
[Info   :       MEL] Loaded pack 'PA_MapEditorLite_Interchange' from C:\Games\SPT\SPT\user\mods\MapEditorLite\packs\PA_MapEditorLite_Interchange.json
[Info   :       MEL] Loaded pack 'PA_MapEditorLite_Labs' from C:\Games\SPT\SPT\user\mods\MapEditorLite\packs\PA_MapEditorLite_Labs.json
[Info   :       MEL] Loaded pack 'PA_MapEditorLite_Lighthouse' from C:\Games\SPT\SPT\user\mods\MapEditorLite\packs\PA_MapEditorLite_Lighthouse.json
[Info   :       MEL] Loaded pack 'PA_MapEditorLite_Reserve' from C:\Games\SPT\SPT\user\mods\MapEditorLite\packs\PA_MapEditorLite_Reserve.json
[Info   :       MEL] Loaded pack 'PA_MapEditorLite_Shoreline' from C:\Games\SPT\SPT\user\mods\MapEditorLite\packs\PA_MapEditorLite_Shoreline.json
[Info   :       MEL] Loaded pack 'PA_MapEditorLite_Streets' from C:\Games\SPT\SPT\user\mods\MapEditorLite\packs\PA_MapEditorLite_Streets.json
[Info   :       MEL] Loaded pack 'PA_MapEditorLite_Woods' from C:\Games\SPT\SPT\user\mods\MapEditorLite\packs\PA_MapEditorLite_Woods.json
[Info   :       MEL] Loaded pack 'PA_MapEditorLite_Customs' for cut volumes.
[Info   :       MEL] Loaded pack 'PA_MapEditorLite_Factory' for cut volumes.
[Info   :       MEL] Loaded pack 'PA_MapEditorLite_GroundZero' for cut volumes.
[Info   :       MEL] Loaded pack 'PA_MapEditorLite_Interchange' for cut volumes.
[Info   :       MEL] Loaded pack 'PA_MapEditorLite_Labs' for cut volumes.
[Info   :       MEL] Loaded pack 'PA_MapEditorLite_Lighthouse' for cut volumes.
[Info   :       MEL] Loaded pack 'PA_MapEditorLite_Reserve' for cut volumes.
[Info   :       MEL] Loaded pack 'PA_MapEditorLite_Shoreline' for cut volumes.
[Info   :       MEL] Loaded pack 'PA_MapEditorLite_Streets' for cut volumes.
[Info   :       MEL] Loaded pack 'PA_MapEditorLite_Woods' for cut volumes.
[Info   :       MEL] Loaded pack 'PA_MapEditorLite_Customs' from C:\Games\SPT\SPT\user\mods\MapEditorLite\packs\PA_MapEditorLite_Customs.json
[Info   :       MEL] Loaded pack 'PA_MapEditorLite_Factory' from C:\Games\SPT\SPT\user\mods\MapEditorLite\packs\PA_MapEditorLite_Factory.json
[Info   :       MEL] Loaded pack 'PA_MapEditorLite_GroundZero' from C:\Games\SPT\SPT\user\mods\MapEditorLite\packs\PA_MapEditorLite_GroundZero.json
[Info   :       MEL] Loaded pack 'PA_MapEditorLite_Interchange' from C:\Games\SPT\SPT\user\mods\MapEditorLite\packs\PA_MapEditorLite_Interchange.json
[Info   :       MEL] Loaded pack 'PA_MapEditorLite_Labs' from C:\Games\SPT\SPT\user\mods\MapEditorLite\packs\PA_MapEditorLite_Labs.json
[Info   :       MEL] Loaded pack 'PA_MapEditorLite_Lighthouse' from C:\Games\SPT\SPT\user\mods\MapEditorLite\packs\PA_MapEditorLite_Lighthouse.json
[Info   :       MEL] Loaded pack 'PA_MapEditorLite_Reserve' from C:\Games\SPT\SPT\user\mods\MapEditorLite\packs\PA_MapEditorLite_Reserve.json
[Info   :       MEL] Loaded pack 'PA_MapEditorLite_Shoreline' from C:\Games\SPT\SPT\user\mods\MapEditorLite\packs\PA_MapEditorLite_Shoreline.json
[Info   :       MEL] Loaded pack 'PA_MapEditorLite_Streets' from C:\Games\SPT\SPT\user\mods\MapEditorLite\packs\PA_MapEditorLite_Streets.json
[Info   :       MEL] Loaded pack 'PA_MapEditorLite_Woods' from C:\Games\SPT\SPT\user\mods\MapEditorLite\packs\PA_MapEditorLite_Woods.json
[Warning:       MEL] Failed to load pack C:\Games\SPT\SPT\user\mods\MapEditorLite\exports\vanilla_extract_positions_laboratory.json: Cannot deserialize the current JSON array (e.g. [1,2,3]) into type 'MapLootEditorLite.Client.PackData' because the type requires a JSON object (e.g. {"name":"value"}) to deserialize correctly.
To fix this error either change the JSON to a JSON object (e.g. {"name":"value"}) or change the deserialized type to an array or a type that implements a collection interface (e.g. ICollection, IList) like List<T> that can be deserialized from a JSON array. JsonArrayAttribute can also be added to the type to force it to deserialize from a JSON array.
Path '', line 1, position 1.
[Info   :ModulePatch] Enabled patch QuestObjectiveViewPatch
[Info   :RequestHandler] [REQUEST]: /singleplayer/bundles
[Info   :MoreCheckmarks] MoreCheckmarks Started
[Info   :RequestHandler] [REQUEST]: /MoreCheckmarksRoutes/quests
[Info   :RequestHandler] [REQUEST SUCCESSFUL] /MoreCheckmarksRoutes/quests
[Info   :RequestHandler] [REQUEST]: /MoreCheckmarksRoutes/assorts
[Info   :RequestHandler] [REQUEST SUCCESSFUL] /MoreCheckmarksRoutes/assorts
[Info   :RequestHandler] [REQUEST]: /MoreCheckmarksRoutes/traderNames
[Info   :RequestHandler] [REQUEST SUCCESSFUL] /MoreCheckmarksRoutes/traderNames
[Info   :RequestHandler] [REQUEST]: /MoreCheckmarksRoutes/productions
[Info   :RequestHandler] [REQUEST SUCCESSFUL] /MoreCheckmarksRoutes/productions
[Message:KmyTarkovConfiguration] spt-custom PluginVersion:4.0.13 FileVersion:4.0.13.0 CRC32:3E40BFC7
[Message:KmyTarkovConfiguration] spt-singleplayer PluginVersion:4.0.13 FileVersion:4.0.13.0 CRC32:CB89DE2D
[Message:KmyTarkovConfiguration] spt-core PluginVersion:4.0.13 FileVersion:4.0.13.0 CRC32:28DE776C
[Message:KmyTarkovConfiguration] spt-debugging PluginVersion:4.0.13 FileVersion:4.0.13.0 CRC32:F28A831
[Message:KmyTarkovConfiguration] Fika.Core PluginVersion:2.3.9 FileVersion:2.3.9.0 CRC32:F28E76F5
[Message:KmyTarkovConfiguration] 7Bpencil.WeaponCamoAndStickers PluginVersion:1.17.1 FileVersion:1.17.1 CRC32:1F8B4F39
[Message:KmyTarkovConfiguration] 7Bpencil.EquipmentStickers PluginVersion:1.17.1 FileVersion:1.17.1 CRC32:229543C7
[Message:KmyTarkovConfiguration] 7Bpencil.MaterialEditor PluginVersion:1.17.1 FileVersion:1.17.1 CRC32:52C138C0
[Message:KmyTarkovConfiguration] ReduceFakeInteriorShadow PluginVersion:1.0.1 FileVersion:1.0.1 CRC32:40790A3D
[Message:KmyTarkovConfiguration] BetterThermalNightVision PluginVersion:1.3.2 FileVersion:1.0.0.0 CRC32:5F6A9941
[Message:KmyTarkovConfiguration] LootNet PluginVersion:1.0.9 FileVersion:1.0.9 CRC32:BA134E69
[Message:KmyTarkovConfiguration] LootNetFika PluginVersion:1.0.9 FileVersion:1.0.9 CRC32:D1938E6C
[Message:KmyTarkovConfiguration] acidphantasm-botplacementsystem PluginVersion:2.0.19 FileVersion:1.0.0.0 CRC32:EECDA268
[Message:KmyTarkovConfiguration] acidphantasm-enablelabyrinth PluginVersion:1.0.2 FileVersion:1.0.0.0 CRC32:74F09D39
[Message:KmyTarkovConfiguration] acidphantasm-letmeout PluginVersion:1.0.2 FileVersion:1.0.0.0 CRC32:1C6DE657
[Message:KmyTarkovConfiguration] acidphantasm-moretagcolours PluginVersion:1.4.0 FileVersion:1.1.0.0 CRC32:2DD264C7
[Message:KmyTarkovConfiguration] acidphantasm-simpleworkoutqte PluginVersion:2.1.1 FileVersion:0.0.0.0 CRC32:28E502B0
[Message:KmyTarkovConfiguration] RidableVehicles PluginVersion:0.15.0 FileVersion:0.15.0.0 CRC32:C8ACF79A
[Message:KmyTarkovConfiguration] UnityToolkit PluginVersion:2.0.1 FileVersion:2.0.1 CRC32:B4DB6884
[Message:KmyTarkovConfiguration] CompatibilityHighlighter PluginVersion:1.1.0 FileVersion:1.0.0.0 CRC32:F15E4B60
[Message:KmyTarkovConfiguration] ConfigurationManager PluginVersion:18.4 FileVersion:18.4.0.0 CRC32:57A28187
[Message:KmyTarkovConfiguration] DrakiaXYZ-BigBrain PluginVersion:1.4.0 FileVersion:1.4.0 CRC32:EC0D0339
[Message:KmyTarkovConfiguration] SAIN PluginVersion:4.4.3 FileVersion:4.4.3 CRC32:907862AF
[Message:KmyTarkovConfiguration] MoreBotsPlugin PluginVersion:2.0.1 FileVersion:1.0.0.0 CRC32:16EF4198
[Message:KmyTarkovConfiguration] BlackDiv PluginVersion:1.2.1 FileVersion:1.0.0.0 CRC32:8D6421C5
[Message:KmyTarkovConfiguration] BoostysHideoutLightsAlwaysOn.Client PluginVersion:1.0.1 FileVersion:1.0.1.0 CRC32:8B0E549D
[Message:KmyTarkovConfiguration] C11-TN4-Client PluginVersion:1.0.0 FileVersion:1.0.0.0 CRC32:E3B76AF3
[Message:KmyTarkovConfiguration] DrakiaXYZ-Waypoints PluginVersion:1.8.2 FileVersion:1.8.2 CRC32:49ABE3C5
[Message:KmyTarkovConfiguration] ORBIT PluginVersion:1.2.1 FileVersion:1.2.1.40489 CRC32:86A231B4
[Message:KmyTarkovConfiguration] UseItemsFromAnywhere PluginVersion:1.3.2 FileVersion:1.3.2.0 CRC32:182D18F6
[Message:KmyTarkovConfiguration] CustomUIFonts PluginVersion:1.0.0 FileVersion:1.0.0.0 CRC32:B7ED0690
[Message:KmyTarkovConfiguration] QuestsExtended PluginVersion:4.1.0 FileVersion:1.0.0.0 CRC32:B9675236
[Message:KmyTarkovConfiguration] RealisticFrag.Client PluginVersion:1.0.0 FileVersion:1.0.0.0 CRC32:6E23A113
[Message:KmyTarkovConfiguration] SmoothTalker PluginVersion:1.2.1 FileVersion:1.0.0.0 CRC32:B8806C6C
[Message:KmyTarkovConfiguration] ForgeHQ.NemesisProtocol.Client PluginVersion:1.0.2 FileVersion:1.0.2.0 CRC32:B12B391B
[Message:KmyTarkovConfiguration] Gaylatea-UseLooseLoot PluginVersion:1.5.1 FileVersion:1.5.1 CRC32:16EF6DEE
[Message:KmyTarkovConfiguration] Ultimate Loot Editor PluginVersion:1.1.0 FileVersion:1.0.0.0 CRC32:7719ACCB
[Message:KmyTarkovConfiguration] BushWhacker-Standalone PluginVersion:1.5.0 FileVersion:1.5.0.0 CRC32:F037F7E3
[Message:KmyTarkovConfiguration] WTT-HeadVoiceSelector PluginVersion:1.0.7 FileVersion:1.0.7.0 CRC32:B52E4184
[Message:KmyTarkovConfiguration] CustomUISounds PluginVersion:1.0.0 FileVersion:1.0.0.0 CRC32:551500D8
[Message:KmyTarkovConfiguration] FieldKit PluginVersion:1.1.0 FileVersion:1.1.0 CRC32:B93D057D
[Message:KmyTarkovConfiguration] IcyClawz.CustomInteractions PluginVersion:1.8.0 FileVersion:1.8.0.0 CRC32:CBA2A9A
[Message:KmyTarkovConfiguration] IcyClawz.ItemContextMenuExt PluginVersion:1.8.0 FileVersion:1.8.0.0 CRC32:80922CE9
[Message:KmyTarkovConfiguration] HollywoodFX PluginVersion:2.0.0 FileVersion:2.0.0.34506 CRC32:E1E6D5F8
[Message:KmyTarkovConfiguration] HollywoodGraphics PluginVersion:2.0.0 FileVersion:2.0.0.29217 CRC32:26ADC304
[Message:KmyTarkovConfiguration] VisualAssist PluginVersion:1.1.0 FileVersion:1.1.0.17517 CRC32:5B1F7DF8
[Message:KmyTarkovConfiguration] MergeConsumables PluginVersion:1.5.5 FileVersion:1.1.0.0 CRC32:D2AB09DD
[Message:KmyTarkovConfiguration] Tyfon.UIFixes PluginVersion:5.3.11 FileVersion:5.3.11.0 CRC32:198E9EA2
[Message:KmyTarkovConfiguration] JBOBYH_ItemPreviewQoL PluginVersion:1.1.6 FileVersion:1.0.0.0 CRC32:16B86476
[Message:KmyTarkovConfiguration] Kaeno-TraderScrolling PluginVersion:4.0.0 FileVersion:4.0.0.0 CRC32:CA7F43A9
[Message:KmyTarkovConfiguration] KmyTarkovReflection PluginVersion:1.5.0 FileVersion:1.5.0.0 CRC32:50E1E221
[Message:KmyTarkovConfiguration] KmyTarkovApi PluginVersion:1.5.0 FileVersion:1.5.0.0 CRC32:204CAE1B
[Message:KmyTarkovConfiguration] GamePanelHUDCore PluginVersion:3.4.0 FileVersion:3.4.0.0  CRC32:4DCD8A8
[Message:KmyTarkovConfiguration] GamePanelHUDCompass PluginVersion:3.4.0 FileVersion:3.4.0.0 CRC32:F9AE698F
[Message:KmyTarkovConfiguration] GamePanelHUDGrenade PluginVersion:3.4.0 FileVersion:3.4.0.0 CRC32:1F28E89E
[Message:KmyTarkovConfiguration] GamePanelHUDHealth PluginVersion:3.4.0 FileVersion:3.4.0.0 CRC32:194F87D5
[Message:KmyTarkovConfiguration] GamePanelHUDHit PluginVersion:3.4.0 FileVersion:3.4.0.0 CRC32:F0B2DA89
[Message:KmyTarkovConfiguration] GamePanelHUDKill PluginVersion:3.4.0 FileVersion:3.4.0.0 CRC32:F267F1FD
[Message:KmyTarkovConfiguration] GamePanelHUDWeapon PluginVersion:3.4.0 FileVersion:3.4.0.0 CRC32:D0CD122
[Message:KmyTarkovConfiguration] KmyTarkovConfiguration PluginVersion:1.5.0 FileVersion:1.5.0.0 CRC32:6574ACEC
[Message:KmyTarkovConfiguration] KmyTarkovUtils PluginVersion:1.5.0 FileVersion:1.5.0.0 CRC32:41E122F5
[Message:KmyTarkovConfiguration] ContinuousHealing PluginVersion:1.5.0 FileVersion:1.5.0 CRC32:5A2056DE
[Message:KmyTarkovConfiguration] HandsAreNotBusy PluginVersion:1.6.0 FileVersion:1.0.0.0 CRC32:4EAF3901
[Message:KmyTarkovConfiguration] NerfBotGrenades PluginVersion:1.2.0 FileVersion:1.0.0.0 CRC32:35C94D82
[Message:KmyTarkovConfiguration] NarcoNet PluginVersion:1.0.16 FileVersion:1.0.0.0 CRC32:D6D0693E
[Message:KmyTarkovConfiguration] Soppo.Voice.Client PluginVersion:1.0.0 FileVersion:1.0.0.0 CRC32:43783543
[Message:KmyTarkovConfiguration] WTT-ClientCommonLib PluginVersion:2.0.23 FileVersion:2.0.23.0 CRC32:1F4C03E7
[Message:KmyTarkovConfiguration] CSGasClient PluginVersion:1.0.2 FileVersion:1.0.2 CRC32:B3A5E60E
[Message:KmyTarkovConfiguration] WTT-ContentBackportClient PluginVersion:1.1.3 FileVersion:1.1.3.0 CRC32:E8944BB4
[Message:KmyTarkovConfiguration] tarkin.ladders.bep PluginVersion:1.0.2 FileVersion:1.0.2.0 CRC32:10E50BFB
[Message:KmyTarkovConfiguration] ManimalIcebreakerClient PluginVersion:0.2.3 FileVersion:0.2.3.0 CRC32:86E13EC
[Message:KmyTarkovConfiguration] ManimalIcebreakerFika PluginVersion:0.2.1 FileVersion:0.2.1.0 CRC32:ED63FCED
[Message:KmyTarkovConfiguration] maschine-RaidMenuCleanupFix PluginVersion:1.0.0 FileVersion:1.0.0 CRC32:1BA1564D
[Message:KmyTarkovConfiguration] CloudSix PluginVersion:3.0.5 FileVersion:3.0.5 CRC32:1D8891C2
[Message:KmyTarkovConfiguration] MoxoPixel.MenuOverhaul PluginVersion:1.2.2 FileVersion:1.2.2.0 CRC32:DA031184
[Message:KmyTarkovConfiguration] DynamicMaps PluginVersion:1.1.3 FileVersion:1.1.3.0 CRC32:E74ABC81
[Message:KmyTarkovConfiguration] PlayerEncumbranceBar PluginVersion:1.2.2 FileVersion:1.2.2.0 CRC32:9F732112
[Message:KmyTarkovConfiguration] ContinuousLoadAmmo PluginVersion:1.1.5 FileVersion:1.1.5.0 CRC32:5B309DB2
[Message:KmyTarkovConfiguration] ozen-MagCheckInterrupt PluginVersion:1.0.2 FileVersion:1.0.2.0 CRC32:82F5ADE5
[Message:KmyTarkovConfiguration] bundleloader PluginVersion:1.0.0 FileVersion:1.0.0.0 CRC32:1091CE97
[Message:KmyTarkovConfiguration] ScrollableAttachments PluginVersion:1.1.0 FileVersion:1.1.0.0 CRC32:5401F4AA
[Message:KmyTarkovConfiguration] RaiRai.ColorConverterAPI PluginVersion:1.1.0 FileVersion:1.0.0.0 CRC32:384D9302
[Message:KmyTarkovConfiguration] CloseMenuOnDamage PluginVersion:1.0.3 FileVersion:1.0.0.0 CRC32:B72CC0A4
[Message:KmyTarkovConfiguration] RUAFComeHomePlugin PluginVersion:1.1.2 FileVersion:1.0.0.0 CRC32:10045453
[Message:KmyTarkovConfiguration] SPT_PatchCRC32.Plugin PluginVersion:1.0.0 FileVersion:1.7.0 CRC32:A9936F24
[Message:KmyTarkovConfiguration] SalcosArmory.Client PluginVersion:0.4.1 FileVersion:0.4.1.0 CRC32:838CF59B
[Message:KmyTarkovConfiguration] AmmoGen.Client PluginVersion:2.3.0 FileVersion:2.3.0.0 CRC32:68232A1A
[Message:KmyTarkovConfiguration] ItemGen.Client PluginVersion:1.5.0 FileVersion:1.5.0.0 CRC32:C0CCD006
[Message:KmyTarkovConfiguration] TraderGen.Client PluginVersion:2.2.0 FileVersion:2.2.0.0 CRC32:B70E4E16
[Message:KmyTarkovConfiguration] VolumetricBloodFX PluginVersion:1.0.0 FileVersion:1.0.0.0 CRC32:96C955BF
[Message:KmyTarkovConfiguration] VisceralCombat PluginVersion:3.7.0 FileVersion:0.0.0.0 CRC32:EC9F1769
[Message:KmyTarkovConfiguration] MapEditorLite.Client PluginVersion:2.0.2 FileVersion:2.0.2.0 CRC32:E3B97798
[Message:KmyTarkovConfiguration] VeilSight PluginVersion:1.0.1 FileVersion:1.0.1.0 CRC32:EA5A9563
[Message:KmyTarkovConfiguration] BotCensus PluginVersion:1.4.0 FileVersion:1.4.0.0 CRC32:D7520878
[Message:KmyTarkovConfiguration] CaliberUnderName PluginVersion:1.1.4 FileVersion:1.1.4 CRC32:944C0C9E
[Message:KmyTarkovConfiguration] NestedQuickMove PluginVersion:1.0.1 FileVersion:1.0.1 CRC32:A093BA3C
[Message:KmyTarkovConfiguration] VisitAPI PluginVersion:0.5.1 FileVersion:0.0.0.0 CRC32:CABF505E
[Message:KmyTarkovConfiguration] SwiftXP.SPT.ShowMeTheMoney.Client PluginVersion:2.7.0 FileVersion:2.7.0.0 CRC32:29F39C38
[Message:KmyTarkovConfiguration] tarkin.ladders.fika PluginVersion:1.0.0 FileVersion:1.0.0.0 CRC32:483B8324
[Message:KmyTarkovConfiguration] Terkoiz.Skipper PluginVersion:1.1.4 FileVersion:1.1.4.0 CRC32:866B049D
[Message:KmyTarkovConfiguration] TaskItemIndicator PluginVersion:1.1.0 FileVersion:1.1.0.0 CRC32:3C400BC1
[Message:KmyTarkovConfiguration] WTT-PackNStrap PluginVersion:2.0.4 FileVersion:2.0.4.0 CRC32:29250DD9
[Message:KmyTarkovConfiguration] Trenchfoot-BeltSlot PluginVersion:2.0.4 FileVersion:2.0.4.0 CRC32:80A99CB5
[Message:KmyTarkovConfiguration] ChangeHelmetVisorClient PluginVersion:2.0.0 FileVersion:1.7.0 CRC32:55AC48FF
[Message:KmyTarkovConfiguration] TTC PluginVersion:3.0.5 FileVersion:3.0.8.0 CRC32:3A7DF047
[Message:KmyTarkovConfiguration] Tyfon.WeaponCustomizer PluginVersion:3.0.3 FileVersion:3.0.3.0 CRC32:39800F82
[Message:KmyTarkovConfiguration] Tylevo.TacticalServicesControl.Core PluginVersion:0.9.8 FileVersion:0.9.8 CRC32:FF93ECDA
[Message:KmyTarkovConfiguration] Tylevo.TacticalServicesControl.Fika PluginVersion:0.9.8 FileVersion:0.9.8 CRC32:59E3DCA9
[Message:KmyTarkovConfiguration] UNTARGHPlugin PluginVersion:3.1.1 FileVersion:1.0.0.0 CRC32:13A0F0F2
[Message:KmyTarkovConfiguration] AirFilterQOLClientMod PluginVersion:1.0.0 FileVersion:1.7.0 CRC32:2AB64582
[Message:KmyTarkovConfiguration] makeshotgunsgreatagain PluginVersion:1.14.0 FileVersion:1.14.0 CRC32:C03D7B5
[Message:KmyTarkovConfiguration] CoolerStimsClient PluginVersion:1.4.0 FileVersion:1.4.0.0 CRC32:BA2EC8BD
[Message:KmyTarkovConfiguration] NVGSightDimmer PluginVersion:1.0.0 FileVersion:1.0.0.0 CRC32:E726CA48
[Message:KmyTarkovConfiguration] TrashTalk PluginVersion:1.0.0 FileVersion:1.0.0.0 CRC32:41BA463F
[Message:KmyTarkovConfiguration] WTT-ArmoryClient PluginVersion:2.0.5 FileVersion:2.0.5.0 CRC32:2DF043DD
[Message:KmyTarkovConfiguration] WTT-DoomArcadeClient PluginVersion:1.0.0 FileVersion:1.0.0.0 CRC32:583BFFD2
[Message:KmyTarkovConfiguration] WTT-KomradeKidClient PluginVersion:2.0 FileVersion:2.0.0.0 CRC32:AE22EB2
[Message:KmyTarkovConfiguration] SkillDistribution-Client PluginVersion:1.2.2 FileVersion:1.2.2 CRC32:3FD03E4E
[Message:KmyTarkovConfiguration] Tosox.ChamberAmmoInfo PluginVersion:1.0.1 FileVersion:1.0.1 CRC32:ED00C34D
[Message:KmyTarkovConfiguration] Tosox.MagRetentionReload PluginVersion:1.1.0 FileVersion:1.1.0 CRC32:6A21A8FD
[Message:KmyTarkovConfiguration] ClearPrepareScreen PluginVersion:1.0.0 FileVersion:1.0.0.0 CRC32:E7B2FEF8
[Message:KmyTarkovConfiguration] RAID_REVIEW PluginVersion:1.4.0 FileVersion:1.4.0 CRC32:2F3D9E
[Message:KmyTarkovConfiguration] InteractableExfilsAPI PluginVersion:2.1.0 FileVersion:1.0.0.0 CRC32:51DE156B
[Message:KmyTarkovConfiguration] Kat.FastSellInFlea PluginVersion:1.2.0 FileVersion:1.2.0 CRC32:282291DD
[Message:KmyTarkovConfiguration] skwizzy.LootingBots PluginVersion:1.7.0 FileVersion:1.7.0.0 CRC32:9A55F305
[Message:KmyTarkovConfiguration] Transmog PluginVersion:1.3.1 FileVersion:1.3.1.0 CRC32:846FF405
[Message:KmyTarkovConfiguration] TransmogFika PluginVersion:1.0.0 FileVersion:1.0.0 CRC32:359FCDC1
[Message:KmyTarkovConfiguration] LMSP PluginVersion:1.0.0 FileVersion:1.7.0 CRC32:8515F13D
[Message:KmyTarkovConfiguration] ModernWeaponModsClientBootstrap PluginVersion:1.0.0 FileVersion:1.0.0.0 CRC32:2BA25F5A
[Message:KmyTarkovConfiguration] MoreCheckmarks PluginVersion:2.2.0 FileVersion:2.2.0.0 CRC32:67C9702F
[Message:KmyTarkovConfiguration] DrakiaXYZ-SearchOpenContainers PluginVersion:1.4.0 FileVersion:1.4.0 CRC32:FE71A6B5
[Message:KmyTarkovConfiguration] LevelEnduranceAndStrength PluginVersion:1.0.1 FileVersion:1.0.1.0 CRC32:DF6E9FFB
[Error  :7Bpencil.WeaponCamoAndStickers] [Texture] Video error: VideoPlayer cannot play url : C:\Games\SPT\BepInEx\plugins\7Bpencil.WeaponCamoAndStickers\textures\stickers\LielleStuf\Alya\YukiDance.webm

Cannot read file.
[Error  :7Bpencil.WeaponCamoAndStickers] [Texture] Failed to load texture: stickers/LielleStuf/Alya/YukiDance.webm
[Info   :RequestHandler] [REQUEST SUCCESSFUL] /singleplayer/bundles
[Info   :RequestHandler] [REQUEST]: /wttcommonlib/voices/get
[Info   :RequestHandler] [REQUEST SUCCESSFUL] /wttcommonlib/voices/get
[Info   :RequestHandler] [REQUEST]: /wttcommonlib/slotimages/get
[Info   :RequestHandler] [REQUEST SUCCESSFUL] /wttcommonlib/slotimages/get
[Info   :RequestHandler] [REQUEST]: /wttcommonlib/riglayouts/get
[Info   :RequestHandler] [REQUEST SUCCESSFUL] /wttcommonlib/riglayouts/get
[Info   :RequestHandler] [REQUEST]: /wttcommonlib/audio/manifest/get
[Info   :RequestHandler] [REQUEST SUCCESSFUL] /wttcommonlib/audio/manifest/get
[Error  :WTT-ClientCommonLib] [AudioManager] Error loading audio manifest: System.NullReferenceException: Object reference not set to an instance of an object
  at WTTClientCommonLib.ResourceLoader.LoadAudioManifestFromServer () [0x00076] in <c05d88caeac9439d8a7b0fc175e5998b>:0 
[Info   :RequestHandler] [REQUEST]: /wttcommonlib/hideout/icons/manifest
[Info   :RequestHandler] [REQUEST]: /wttcommonlib/hideout/marktextures/manifest
[Info   :RequestHandler] [REQUEST]: /wttcommonlib/spawnsystem/configs/get
[Info   :RequestHandler] [REQUEST SUCCESSFUL] /wttcommonlib/spawnsystem/configs/get
[Info   :RequestHandler] [REQUEST SUCCESSFUL] /showMeTheMoney/getPartialRagfairConfig
[Info   :RequestHandler] [REQUEST SUCCESSFUL] /singleplayer/bundles
[Info   :  NarcoNet] NarcoNet plugin loaded
[Info   :   LootNet] LootNet: loaded 9676 flea prices
[Info   :RequestHandler] [REQUEST SUCCESSFUL] /wttcommonlib/hideout/marktextures/manifest
[Info   :RequestHandler] [REQUEST SUCCESSFUL] /wttcommonlib/hideout/icons/manifest
[Info   :BundleManager] CACHE: Loading locally assets/content/characters/character/armband.bundle
[Info   :BundleManager] CACHE: Loading locally assets/content/characters/character/prefabs/pants_usec_cryeac.bundle
[Info   :BundleManager] CACHE: Loading locally assets/content/characters/character/prefabs/tshirt_usec_cryeac.bundle
[Info   :BundleManager] CACHE: Loading locally assets/content/characters/character/usec/top_usec_hawaii_01/top_usec_hawaii_01.bundle
[Info   :BundleManager] CACHE: Loading locally assets/content/characters/character/usec/top_usec_hawaii_01/top_usec_hawaii_01.skin.bundle
[Info   :BundleManager] CACHE: Loading locally assets/content/characters/character/usec/top_usec_hawaii_01/top_usec_hawaii_01_d.bundle
[Info   :BundleManager] CACHE: Loading locally assets/content/characters/character/usec/top_usec_hawaii_01/top_usec_hawaii_01_g.bundle
[Info   :BundleManager] CACHE: Loading locally assets/content/characters/character/usec/top_usec_hawaii_01/top_usec_hawaii_01_n.bundle
[Info   :BundleManager] CACHE: Loading locally assets/content/hands/usec/usec_hands_skin.bundle
[Info   :BundleManager] CACHE: Loading locally assets/content/items/ammo/boxes/item_ammo_box_7_62x25mm.bundle
[Info   :BundleManager] CACHE: Loading locally assets/content/items/barter/dog_tags/item_dogtag_t2.bundle
[Info   :BundleManager] CACHE: Loading locally assets/content/items/barter/item_barter_electr_adv_ultralink/item_barter_electr_adv_ultralink.bundle
[Info   :BundleManager] CACHE: Loading locally assets/content/items/barter/item_barter_electr_flashstorage/item_barter_electr_flashstorage.bundle
[Info   :BundleManager] CACHE: Loading locally assets/content/items/barter/item_barter_electr_gphonex/item_barter_electr_gphonex.bundle
[Info   :BundleManager] CACHE: Loading locally assets/content/items/barter/item_barter_electr_hdd/item_barter_electr_hdd_quest.bundle
[Info   :BundleManager] CACHE: Loading locally assets/content/items/barter/item_barter_flyers/item_barter_flyers_prestige_03.bundle
[Info   :BundleManager] CACHE: Loading locally assets/content/items/barter/item_barter_info_maps/item_barter_info_maps.bundle
[Info   :BundleManager] CACHE: Loading locally assets/content/items/barter/item_barter_info_militaryflash/item_barter_info_militaryflash.bundle
[Info   :BundleManager] CACHE: Loading locally assets/content/items/barter/ssd/item_barter_electr_ssd.bundle
[Info   :BundleManager] CACHE: Loading locally assets/content/items/equipment/armor_plates/collar.bundle
[Info   :BundleManager] CACHE: Loading locally assets/content/items/equipment/armor_plates/groin.bundle
[Info   :BundleManager] CACHE: Loading locally assets/content/items/equipment/armor_plates/helmet_ears.bundle
[Info   :BundleManager] CACHE: Loading locally assets/content/items/equipment/armor_plates/helmet_jaw.bundle
[Info   :BundleManager] CACHE: Loading locally assets/content/items/equipment/armor_plates/shoulder_l.bundle
[Info   :BundleManager] CACHE: Loading locally assets/content/items/equipment/armor_plates/shoulder_r.bundle
[Info   :BundleManager] CACHE: Loading locally assets/content/items/equipment/armor_plates/soft_armor_back.bundle
[Info   :BundleManager] CACHE: Loading locally assets/content/items/equipment/armor_plates/soft_armor_front.bundle
[Info   :BundleManager] CACHE: Loading locally assets/content/items/equipment/armor_plates/soft_armor_left.bundle
[Info   :BundleManager] CACHE: Loading locally assets/content/items/equipment/armor_plates/soft_armor_right.bundle
[Info   :BundleManager] CACHE: Loading locally assets/content/items/equipment/facecover_boss_blackknight/item_equipment_facecover_boss_blackknight.bundle
[Info   :BundleManager] CACHE: Loading locally assets/content/items/equipment/helmet_crye_airframe_chops/item_equipment_helmet_crye_airframe_chops.bundle
[Info   :BundleManager] CACHE: Loading locally assets/content/items/equipment/helmet_crye_airframe_chops/item_equipment_helmet_crye_airframe_chops_textures
[Info   :BundleManager] CACHE: Loading locally assets/content/items/equipment/helmet_crye_airframe_chops/item_equipment_helmet_crye_airframe_ears.bundle
[Info   :BundleManager] CACHE: Loading locally assets/content/items/equipment/helmet_maska_1sh/item_equipment_helmet_maska_1sh_killa_textures
[Info   :BundleManager] CACHE: Loading locally assets/content/items/equipment/helmet_maska_1sh/item_equipment_helmet_maska_1sh_textures
[Info   :BundleManager] CACHE: Loading locally assets/content/items/equipment/helmet_team_wendy_exfil/item_equipment_helmet_team_wendy_exfil_black.bundle
[Info   :BundleManager] CACHE: Loading locally assets/content/items/equipment/helmet_un/item_equipment_helmet_un.bundle
[Info   :BundleManager] CACHE: Loading locally assets/content/items/equipment/plate_pgd_esapi_iv_sa_medium/item_equipment_plate_pgd_esapi_iv_sa_medium.bundle
[Info   :BundleManager] CACHE: Loading locally assets/content/items/equipment/rig_m1/item_equipment_rig_m1.bundle
[Info   :BundleManager] CACHE: Loading locally assets/content/items/equipment/rig_m2/item_equipment_rig_m2.bundle
[Info   :BundleManager] CACHE: Loading locally assets/content/items/infosubject/item_flash_card_ironkey.bundle
[Info   :BundleManager] CACHE: Loading locally assets/content/items/infosubject/item_flash_card_slider.bundle
[Info   :BundleManager] CACHE: Loading locally assets/content/items/infosubject/item_info_intelligence/quest_med_journal_1.bundle
[Info   :BundleManager] CACHE: Loading locally assets/content/items/mods/handguards/handguard_ar15_dd_ris_ii_12,25.bundle
[Info   :BundleManager] CACHE: Loading locally assets/content/items/mods/handguards/handguard_ar15_dd_ris_ii_12,25_lower.bundle
[Info   :BundleManager] CACHE: Loading locally assets/content/items/mods/handguards/handguard_ar15_dd_ris_ii_9,5.bundle
[Info   :BundleManager] CACHE: Loading locally assets/content/items/mods/handguards/handguard_ar15_dd_ris_ii_9,5_blk.bundle
[Info   :BundleManager] CACHE: Loading locally assets/content/items/mods/handguards/handguard_ar15_dd_ris_ii_9,5_lower.bundle
[Info   :BundleManager] CACHE: Loading locally assets/content/items/mods/handguards/handguard_ar15_dd_ris_ii_9,5_lower_blk.bundle
[Info   :BundleManager] CACHE: Loading locally assets/content/items/mods/handguards/handguard_ar15_dd_ris_ii_fsp_9,5.bundle
[Info   :BundleManager] CACHE: Loading locally assets/content/items/mods/handguards/handguard_ar15_geissele_smr_mk16_135_inch.bundle
[Info   :BundleManager] CACHE: Loading locally assets/content/items/mods/handguards/handguard_ar15_geissele_smr_mk16_95_inch.bundle
[Info   :BundleManager] CACHE: Loading locally assets/content/items/mods/handguards/handguard_ar15_kac_urx_3_8_inch.bundle
[Info   :BundleManager] CACHE: Loading locally assets/content/items/mods/handguards/handguard_ar15_kac_urx_3_8_inch_lower.bundle
[Info   :BundleManager] CACHE: Loading locally assets/content/items/mods/handguards/handguard_ar15_kac_urx_31_10,75_inch.bundle
[Info   :BundleManager] CACHE: Loading locally assets/content/items/mods/handguards/handguard_ar15_kac_urx_31_10,75_inch_lower.bundle
[Info   :BundleManager] CACHE: Loading locally assets/content/items/mods/handguards/handguard_mcx_sig_spear_m_lok.bundle
[Info   :BundleManager] CACHE: Loading locally assets/content/items/mods/magazines/mag_ak74_magpul_pmag_30_ak74_gen_m3_545x39_30_fde.bundle
[Info   :BundleManager] CACHE: Loading locally assets/content/items/mods/magazines/mag_ar10_kac_steel_762x51_20.bundle
[Info   :BundleManager] CACHE: Loading locally assets/content/items/mods/magazines/mag_m14_springfield_armory_762x51_10.bundle
[Info   :BundleManager] CACHE: Loading locally assets/content/items/mods/magazines/mag_m14_springfield_armory_762x51_20.bundle
[Info   :BundleManager] CACHE: Loading locally assets/content/items/mods/magazines/mag_m14_triple_k_m14_magazine_762x51_30.bundle
[Info   :BundleManager] CACHE: Loading locally assets/content/items/mods/magazines/mag_m14_x_products_drum_magazine_m14_762x51_50.bundle
[Info   :BundleManager] CACHE: Loading locally assets/content/items/mods/muzzle/muzzle_ar10_surefire_procomp_762_muzzle_brake_762x51.bundle
[Info   :BundleManager] CACHE: Loading locally assets/content/items/mods/muzzle/muzzle_ar15_surefire_sf3p_flash_hider_556x45.bundle
[Info   :BundleManager] CACHE: Loading locally assets/content/items/mods/muzzle/muzzle_ar15_surefire_sf4p_fh556rc_flash_hider_556x45.bundle
[Info   :BundleManager] CACHE: Loading locally assets/content/items/mods/muzzle/muzzle_ar15_surefire_warcomp_556_556x45.bundle
[Info   :BundleManager] CACHE: Loading locally assets/content/items/mods/scopes/scope_base_trijicon_acog_ta01nsn_4x32.bundle
[Info   :BundleManager] CACHE: Loading locally assets/content/items/mods/scopes/scope_base_trijicon_acog_ta01nsn_4x32_tan.bundle
[Info   :BundleManager] CACHE: Loading locally assets/content/items/mods/silencers/silencer_socom_surefire_socom556_rc2_556x45.bundle
[Info   :BundleManager] CACHE: Loading locally assets/content/items/quest/item_quest_bloodsample/item_quest_bloodsample.bundle
[Info   :BundleManager] CACHE: Loading locally assets/content/items/quest/item_quest_container_carbon_case/item_quest_container_carbon_case.bundle
[Info   :BundleManager] CACHE: Loading locally assets/content/items/quest/item_quest_envelope/item_quest_envelope.bundle
[Info   :BundleManager] CACHE: Loading locally assets/content/items/spec/item_keycard_lab/item_keycard_lab_blue.bundle
[Info   :BundleManager] CACHE: Loading locally assets/content/items/spec/item_keycard_lab/item_keycard_lab_green.bundle
[Info   :BundleManager] CACHE: Loading locally assets/content/items/spec/item_keycard_lab/item_keycard_lab_red.bundle
[Info   :BundleManager] CACHE: Loading locally assets/content/items/spec/item_keycard_lab/item_keycard_lab_violet.bundle
[Info   :BundleManager] CACHE: Loading locally assets/content/items/spec/item_spec_irbeacon/item_spec_irbeacon.bundle
[Info   :BundleManager] CACHE: Loading locally assets/content/items/spec/item_spec_lightkeeper_amulet/item_spec_lightkeeper_amulet.bundle
[Info   :BundleManager] CACHE: Loading locally assets/content/items/spec/keys/item_key_1.bundle
[Info   :BundleManager] CACHE: Loading locally assets/content/items/spec/keys/item_key_11.bundle
[Info   :BundleManager] CACHE: Loading locally assets/content/items/spec/keys/item_key_2.bundle
[Info   :BundleManager] CACHE: Loading locally assets/content/items/spec/keys/item_key_7.bundle
[Info   : Fika.Core] Server version check passed. Expected: >2.3.5, received: 2.3.5
[Info   :FikaModHandler] Loaded plugin: [SPT.Custom] with GUID [com.SPT.custom] and crc32 [1044430791]
[Info   :FikaModHandler] Loaded plugin: [SPT.Singleplayer] with GUID [com.SPT.singleplayer] and crc32 [3414810157]
[Info   :FikaModHandler] Loaded plugin: [SPT.Core] with GUID [com.SPT.core] and crc32 [685668204]
[Info   :FikaModHandler] Loaded plugin: [SPT.Debugging] with GUID [com.SPT.debugging] and crc32 [254322737]
[Info   :FikaModHandler] Loaded plugin: [Fika.Core] with GUID [com.fika.core] and crc32 [4069422837]
[Info   :FikaModHandler] Loaded plugin: [7Bpencil.WeaponCamoAndStickers] with GUID [7Bpencil.WeaponCamoAndStickers] and crc32 [529223481]
[Info   :FikaModHandler] Loaded plugin: [7Bpencil.EquipmentStickers] with GUID [7Bpencil.EquipmentStickers] and crc32 [580207559]
[Info   :FikaModHandler] Loaded plugin: [7Bpencil.MaterialEditor] with GUID [7Bpencil.MaterialEditor] and crc32 [1388394688]
[Info   :FikaModHandler] Loaded plugin: [7Bpencil.ReduceFakeInteriorShadow] with GUID [7Bpencil.ReduceFakeInteriorShadow] and crc32 [1081674301]
[Info   :FikaModHandler] Loaded plugin: [Better Thermal & Night Vision] with GUID [ciallo.BetterThermalNightVision] and crc32 [1600821569]
[Info   :FikaModHandler] Loaded plugin: [LootNet] with GUID [com.20fpsguy.LootNet] and crc32 [3121827433]
[Info   :FikaModHandler] Loaded plugin: [LootNet.Fika] with GUID [com.20fpsguy.LootNet.fika] and crc32 [3516108396]
[Info   :FikaModHandler] Loaded plugin: [acidphantasm-botplacementsystem] with GUID [com.acidphantasm.botplacementsystem] and crc32 [4006453864]
[Info   :FikaModHandler] Loaded plugin: [acidphantasm-enablelabyrinth] with GUID [com.acidphantasm.enablelabyrinth] and crc32 [1961925945]
[Info   :FikaModHandler] Loaded plugin: [acidphantasm-letmeout] with GUID [com.acidphantasm.letmeout] and crc32 [476964439]
[Info   :FikaModHandler] Loaded plugin: [acidphantasm-MoreTagColours] with GUID [com.acidphantasm.moretagcolours] and crc32 [768763079]
[Info   :FikaModHandler] Loaded plugin: [acidphantasm-simpleworkoutqte] with GUID [com.acidphantasm.simpleworkoutqte] and crc32 [686097072]
[Info   :FikaModHandler] Loaded plugin: [AnanasCharles-RidableVehicles] with GUID [com.ananascharles.ridablevehicles] and crc32 [3366778778]
[Info   :FikaModHandler] Loaded plugin: [Unity Toolkit] with GUID [com.arys.unitytoolkit] and crc32 [3034278020]
[Info   :FikaModHandler] Loaded plugin: [CompatibilityHighlighter] with GUID [com.awnova.compatibilityhighlighter] and crc32 [4049488736]
[Info   :FikaModHandler] Loaded plugin: [Configuration Manager] with GUID [com.bepis.bepinex.configurationmanager] and crc32 [1470267783]
[Info   :FikaModHandler] Loaded plugin: [DrakiaXYZ-BigBrain] with GUID [xyz.drakia.bigbrain] and crc32 [3960275769]
[Info   :FikaModHandler] Loaded plugin: [SAIN] with GUID [me.sol.sain] and crc32 [2423808687]
[Info   :FikaModHandler] Loaded plugin: [MoreBotsAPI] with GUID [com.morebotsapi.tacticaltoaster] and crc32 [384778648]
[Info   :FikaModHandler] Loaded plugin: [BlackDiv] with GUID [com.blackdiv.tacticaltoaster] and crc32 [2372149701]
[Info   :FikaModHandler] Loaded plugin: [Boosty-HideoutLightsAlwaysOn] with GUID [com.boosty.hideoutlightsalwayson] and crc32 [2332972189]
[Info   :FikaModHandler] Loaded plugin: [C11-TN4-Client] with GUID [com.c11.tn4client] and crc32 [3820448499]
[Info   :BundleManager] CACHE: Loading locally assets/content/items/spec/keys/item_key_8.bundle
[Info   :FikaModHandler] Loaded plugin: [DrakiaXYZ-Waypoints] with GUID [xyz.drakia.waypoints] and crc32 [1236001733]
[Info   :FikaModHandler] Loaded plugin: [ORBIT] with GUID [com.chazut.orbit] and crc32 [2258776500]
[Info   :FikaModHandler] Loaded plugin: [Use items anywhere] with GUID [com.cj.useFromAnywhere] and crc32 [405608694]
[Info   :FikaModHandler] Loaded plugin: [CustomUIFonts] with GUID [com.customuifonts] and crc32 [3085764240]
[Info   :FikaModHandler] Loaded plugin: [Quests Extended] with GUID [com.dirtbikercjandlotw.QuestsExtended] and crc32 [3110556214]
[Info   :FikaModHandler] Loaded plugin: [RealisticFrag.Client] with GUID [com.echostarz.realisticfrag.client] and crc32 [1847828755]
[Info   :FikaModHandler] Loaded plugin: [SmoothTalker] with GUID [com.fiodor.smoothtalker] and crc32 [3095424108]
[Info   :FikaModHandler] Loaded plugin: [Nemesis Protocol Client] with GUID [com.forgehq.nemesisprotocol.client] and crc32 [2972399899]
[Info   :FikaModHandler] Loaded plugin: [SPT-UseLooseLoot] with GUID [com.gaylatea.uselooseloot] and crc32 [384789998]
[Info   :FikaModHandler] Loaded plugin: [Ultimate Loot Editor] with GUID [com.goatboy.ultimate-loot-editor.client] and crc32 [1998171339]
[Info   :FikaModHandler] Loaded plugin: [BushWhacker-Standalone] with GUID [com.hazelify.bushwhacker] and crc32 [4030199779]
[Info   :FikaModHandler] Loaded plugin: [HeadVoiceSelector Core] with GUID [com.HeadVoiceSelector.Core] and crc32 [3039707524]
[Info   :FikaModHandler] Loaded plugin: [CustomUISounds] with GUID [com.hj.customuisounds] and crc32 [1427439832]
[Info   :FikaModHandler] Loaded plugin: [Hysocs-FieldKit] with GUID [com.hysocs.fieldkit] and crc32 [3107784061]
[Info   :FikaModHandler] Loaded plugin: [IcyClawz.CustomInteractions] with GUID [com.IcyClawz.CustomInteractions] and crc32 [213527194]
[Info   :FikaModHandler] Loaded plugin: [IcyClawz.ItemContextMenuExt] with GUID [com.IcyClawz.ItemContextMenuExt] and crc32 [2157063401]
[Info   :FikaModHandler] Loaded plugin: [Janky-HollywoodFX] with GUID [com.janky.hollywoodfx] and crc32 [3790001656]
[Info   :FikaModHandler] Loaded plugin: [Janky-HollywoodGraphics] with GUID [com.janky.hollywoodgraphics] and crc32 [648921860]
[Info   :FikaModHandler] Loaded plugin: [Janky-VisualAssist] with GUID [com.janky.visualassist] and crc32 [1528790520]
[Info   :FikaModHandler] Loaded plugin: [MergeConsumables] with GUID [com.lacyway.mc] and crc32 [3534424541]
[Info   :FikaModHandler] Loaded plugin: [Tyfon.UIFixes] with GUID [Tyfon.UIFixes] and crc32 [428777122]
[Info   :FikaModHandler] Loaded plugin: [Item Preview QoL] with GUID [com.jbobyh.itempreviewqol] and crc32 [381183094]
[Info   :FikaModHandler] Loaded plugin: [Kaeno-TraderScrolling] with GUID [com.kaeno.TraderScrolling] and crc32 [3397338025]
[Info   :FikaModHandler] Loaded plugin: [KmyTarkovReflection] with GUID [com.kmyuhkyuk.KmyTarkovReflection] and crc32 [1356980769]
[Info   :FikaModHandler] Loaded plugin: [KmyTarkovApi] with GUID [com.kmyuhkyuk.KmyTarkovApi] and crc32 [541896219]
[Info   :FikaModHandler] Loaded plugin: [GamePanelHUDCore] with GUID [com.kmyuhkyuk.GamePanelHUDCore] and crc32 [81582248]
[Info   :FikaModHandler] Loaded plugin: [GamePanelHUDCompass] with GUID [com.kmyuhkyuk.GamePanelHUDCompass] and crc32 [4188957071]
[Info   :FikaModHandler] Loaded plugin: [GamePanelHUDGrenade] with GUID [com.kmyuhkyuk.GamePanelHUDGrenade] and crc32 [522774686]
[Info   :FikaModHandler] Loaded plugin: [GamePanelHUDHealth] with GUID [com.kmyuhkyuk.GamePanelHUDHealth] and crc32 [424642517]
[Info   :FikaModHandler] Loaded plugin: [GamePanelHUDHit] with GUID [com.kmyuhkyuk.GamePanelHUDHit] and crc32 [4038253193]
[Info   :FikaModHandler] Loaded plugin: [GamePanelHUDKill] with GUID [com.kmyuhkyuk.GamePanelHUDKill] and crc32 [4066898429]
[Info   :FikaModHandler] Loaded plugin: [GamePanelHUDWeapon] with GUID [com.kmyuhkyuk.GamePanelHUDWeapon] and crc32 [218943778]
[Info   :FikaModHandler] Loaded plugin: [KmyTarkovConfiguration] with GUID [com.kmyuhkyuk.KmyTarkovConfiguration] and crc32 [1702145260]
[Info   :FikaModHandler] Loaded plugin: [KmyTarkovUtils] with GUID [com.kmyuhkyuk.KmyTarkovUtils] and crc32 [1105273589]
[Info   :FikaModHandler] Loaded plugin: [ContinuousHealing] with GUID [com.lacyway.ch] and crc32 [1512068830]
[Info   :FikaModHandler] Loaded plugin: [HandsAreNotBusy] with GUID [com.lacyway.hanb] and crc32 [1320106241]
[Info   :FikaModHandler] Loaded plugin: [NerfBotGrenades] with GUID [com.lacyway.nbg] and crc32 [902385026]
[Info   :FikaModHandler] Loaded plugin: [MadManBeavis's NarcoNet] with GUID [com.madmanbeavis.narconet.client] and crc32 [3603982654]
[Info   :FikaModHandler] Loaded plugin: [Soppo Voice Loader] with GUID [com.mae.soppo.voice] and crc32 [1131951427]
[Info   :FikaModHandler] Loaded plugin: [WTT-ClientCommonLib] with GUID [com.wtt.commonlib] and crc32 [525075431]
[Info   :FikaModHandler] Loaded plugin: [Manimal-CSGas] with GUID [com.manimal.csgas] and crc32 [3013993998]
[Info   :FikaModHandler] Loaded plugin: [WTT-ContentBackportClient] with GUID [com.wtt.contentbackport] and crc32 [3902032820]
[Info   :FikaModHandler] Loaded plugin: [tarkin.ladders.bep] with GUID [com.tarkin.ladders] and crc32 [283446267]
[Info   :FikaModHandler] Loaded plugin: [Manimal-Icebreaker] with GUID [com.manimal.icebreaker] and crc32 [141431788]
[Info   :FikaModHandler] Loaded plugin: [Manimal-IcebreakerFika] with GUID [com.manimal.icebreaker.fika] and crc32 [3982753005]
[Info   :FikaModHandler] Loaded plugin: [maschine-RaidMenuCleanupFix] with GUID [com.maschine.RaidMenuCleanupFix] and crc32 [463558221]
[Info   :FikaModHandler] Loaded plugin: [CloudSix] with GUID [com.matsix.cloudsix] and crc32 [495489474]
[Info   :FikaModHandler] Loaded plugin: [MoxoPixel-MenuOverhaul] with GUID [com.moxopixel.menuoverhaul] and crc32 [3657634180]
[Info   :FikaModHandler] Loaded plugin: [DynamicMaps] with GUID [com.mpstark.dynamicmaps] and crc32 [3880434817]
[Info   :FikaModHandler] Loaded plugin: [PlayerEncumbranceBar] with GUID [com.mpstark.PlayerEncumbranceBar] and crc32 [2675122450]
[Info   :FikaModHandler] Loaded plugin: [Continuous Load Ammo] with GUID [com.ozen.continuousloadammo] and crc32 [1529912754]
[Info   :FikaModHandler] Loaded plugin: [MagCheckInterrupt] with GUID [com.ozen.magcheckinterrupt] and crc32 [2197138917]
[Info   :FikaModHandler] Loaded plugin: [BundleLoader] with GUID [com.pandahhcorp.bundleloader] and crc32 [277991063]
[Info   :FikaModHandler] Loaded plugin: [ScrollableAttachments] with GUID [com.pein.attachmentscrolling] and crc32 [1409414314]
[Info   :FikaModHandler] Loaded plugin: [ColorConverterAPI] with GUID [com.rairai.colorconverterapi.eft] and crc32 [944608002]
[Info   :FikaModHandler] Loaded plugin: [CloseMenuOnDamage] with GUID [com.redlaser42.CloseMenuOnDamage] and crc32 [3073163428]
[Info   :FikaModHandler] Loaded plugin: [RUAFComeHome] with GUID [com.ruafcomehome.tacticaltoaster] and crc32 [268719187]
[Info   :FikaModHandler] Loaded plugin: [s8] with GUID [com.s8.sptpatchcrc32] and crc32 [2845011748]
[Info   :FikaModHandler] Loaded plugin: [SALCO's ARMORY Client] with GUID [com.salco.salcosarmory] and crc32 [2207053211]
[Info   :FikaModHandler] Loaded plugin: [AmmoGen Client Debug] with GUID [com.serenity.ammogen.client] and crc32 [1747135002]
[Info   :FikaModHandler] Loaded plugin: [ItemGen Client] with GUID [com.serenity.itemgen] and crc32 [3234648070]
[Info   :FikaModHandler] Loaded plugin: [TraderGen Client] with GUID [com.serenity.tradergen] and crc32 [3071168022]
[Info   :FikaModHandler] Loaded plugin: [SSH EFT Volumetric Blood FX] with GUID [com.servph.Dependencies.VolumetricBloodFX] and crc32 [2529777087]
[Info   :FikaModHandler] Loaded plugin: [Visceral Combat] with GUID [com.servph.VisceralCombat] and crc32 [3969849193]
[Info   :BundleManager] CACHE: Loading locally assets/content/items/spec/keys/item_key_9.bundle
[Info   :FikaModHandler] Loaded plugin: [Map Editor Lite] with GUID [com.shaneeexd.mapeditorlite] and crc32 [3820582808]
[Info   :FikaModHandler] Loaded plugin: [VeilSight] with GUID [com.sherrifpowpow.veilsight] and crc32 [3931805027]
[Info   :FikaModHandler] Loaded plugin: [Bot Census] with GUID [com.sipto.botcensus] and crc32 [3612477560]
[Info   :FikaModHandler] Loaded plugin: [CaliberUnderName] with GUID [com.slpf.caliberundername] and crc32 [2488011934]
[Info   :FikaModHandler] Loaded plugin: [NestedQuickMove] with GUID [com.slpf.nestedquickmove] and crc32 [2694036028]
[Info   :FikaModHandler] Loaded plugin: [VisitAPI] with GUID [com.sora.visitapi] and crc32 [3401535582]
[Info   :FikaModHandler] Loaded plugin: [Show Me The Money] with GUID [com.swiftxp.spt.showmethemoney] and crc32 [703831096]
[Info   :FikaModHandler] Loaded plugin: [tarkin.ladders.fika] with GUID [com.tarkin.ladders.fika] and crc32 [1211859748]
[Info   :FikaModHandler] Loaded plugin: [Terkoiz.Skipper] with GUID [com.terkoiz.skipper] and crc32 [2255160477]
[Info   :FikaModHandler] Loaded plugin: [Task Item Indicator] with GUID [com.thecrimsonfuckr.taskitemindicator] and crc32 [1010830273]
[Info   :FikaModHandler] Loaded plugin: [WTT-PackNStrap] with GUID [com.wtt.packnstrap] and crc32 [690294233]
[Info   :FikaModHandler] Loaded plugin: [Trenchfoot-BeltSlot] with GUID [com.trenchfoot.beltslot] and crc32 [2158599349]
[Info   :FikaModHandler] Loaded plugin: [ChangeHelmetVisor] with GUID [com.trinagan.ChangeHelmetVisor] and crc32 [1437354239]
[Info   :FikaModHandler] Loaded plugin: [TTC] with GUID [com.ttc.client] and crc32 [981332039]
[Info   :FikaModHandler] Loaded plugin: [Tyfon.WeaponCustomizer] with GUID [com.tyfon.weaponcustomizer] and crc32 [964693890]
[Info   :FikaModHandler] Loaded plugin: [Tylevo-TacticalServicesControl] with GUID [com.tylevo.tacticalservicescontrol] and crc32 [4287884506]
[Info   :FikaModHandler] Loaded plugin: [Tylevo-TacticalServicesControl-Fika] with GUID [com.tylevo.tacticalservicescontrol.fika] and crc32 [1508105385]
[Info   :FikaModHandler] Loaded plugin: [TacticalToaster-UNTARGH] with GUID [com.untargh.tacticaltoaster] and crc32 [329314546]
[Info   :FikaModHandler] Loaded plugin: [AirFilter Only Drains In Raid] with GUID [com.utjan.airfilterqol] and crc32 [716588418]
[Info   :FikaModHandler] Loaded plugin: [makeshotgunsgreatagain] with GUID [com.vinihns.makeshotgunsgreatagain] and crc32 [201578421]
[Info   :FikaModHandler] Loaded plugin: [CoolerStims] with GUID [com.vultify.coolerstims] and crc32 [3123628221]
[Info   :FikaModHandler] Loaded plugin: [NVG Sight Dimmer] with GUID [com.vultify.nvgsightdimmer] and crc32 [3878079048]
[Info   :FikaModHandler] Loaded plugin: [TrashTalk] with GUID [com.vultify.trashtalk] and crc32 [1102726719]
[Info   :FikaModHandler] Loaded plugin: [WTT-Armory] with GUID [com.wtt.armory] and crc32 [770720733]
[Info   :FikaModHandler] Loaded plugin: [DoomArcadeClient] with GUID [com.wtt.doomarcade] and crc32 [1480327122]
[Info   :FikaModHandler] Loaded plugin: [GameBoyEmulator] with GUID [com.wtt.komradekid] and crc32 [182595250]
[Info   :FikaModHandler] Loaded plugin: [ZGFueDkx-SkillDistribution] with GUID [com.zgfuedkx.skilldistribution] and crc32 [1070612046]
[Info   :FikaModHandler] Loaded plugin: [Chamber Ammo Info] with GUID [de.tosox.chamberammoinfo] and crc32 [3976250189]
[Info   :FikaModHandler] Loaded plugin: [Mag Retention Reload] with GUID [de.tosox.magretentionreload] and crc32 [1780590845]
[Info   :FikaModHandler] Loaded plugin: [ClearPreRaidScreen] with GUID [eft.hiddenhiraigi.clearpreraidscreen] and crc32 [3887267576]
[Info   :FikaModHandler] Loaded plugin: [Raid Review] with GUID [ekky.raidreview] and crc32 [3095966]
[Info   :FikaModHandler] Loaded plugin: [InteractableExfilsAPI] with GUID [Jehree.InteractableExfilsAPI] and crc32 [1373508971]
[Info   :FikaModHandler] Loaded plugin: [Kat.FastSellInFlea] with GUID [katrin0522.FastSellInFlea] and crc32 [673354205]
[Info   :FikaModHandler] Loaded plugin: [LootingBots] with GUID [me.skwizzy.lootingbots] and crc32 [2589324037]
[Info   :FikaModHandler] Loaded plugin: [Transmog] with GUID [net.hakugyokurou.Transmog] and crc32 [2221929477]
[Info   :FikaModHandler] Loaded plugin: [Transmog - Fika Compatibility Module] with GUID [NekoGaming.XYZ.Tarkov.TransmogFika] and crc32 [899665345]
[Info   :FikaModHandler] Loaded plugin: [LMSP] with GUID [nessu1n.LMSP] and crc32 [2232807741]
[Info   :FikaModHandler] Loaded plugin: [Modern Weapon Mods (MWM) Client] with GUID [org.kilodyne.modernweaponmods.client] and crc32 [732061530]
[Info   :FikaModHandler] Loaded plugin: [MoreCheckmarks] with GUID [VIP.TommySoucy.MoreCheckmarks] and crc32 [1741254703]
[Info   :FikaModHandler] Loaded plugin: [DrakiaXYZ-SearchOpenContainers] with GUID [xyz.drakia.searchopencontainers] and crc32 [4268861109]
[Info   :FikaModHandler] Loaded plugin: [Level Endurance and Strength] with GUID [xyz.nekogaming.orion.tarkov.levelenduranceandstrength] and crc32 [3748569083]
[Info   :RequestHandler] [REQUEST]: /fika/client/check/mods
[Info   :BundleManager] CACHE: Loading locally assets/content/location_objects/00_hideout/prefabs/customization/ceilings/ceiling_prestige_01.bundle
[Info   :RequestHandler] [REQUEST SUCCESSFUL] /fika/client/check/mods
[Info   :BundleManager] CACHE: Loading locally assets/content/location_objects/00_hideout/prefabs/customization/walls/wall_prestige_01.bundle
[Info   :BundleManager] CACHE: Loading locally assets/content/location_objects/lootable/prefab/rand_loot_container_twitch_common.bundle
[Info   :BundleManager] CACHE: Loading locally assets/content/location_objects/lootable/prefab/rand_loot_container_twitch_rare.bundle
[Info   :BundleManager] CACHE: Loading locally assets/content/location_objects/lootable/prefab/rand_loot_container_twitch_superrare.bundle
[Info   :BundleManager] CACHE: Loading locally assets/content/weapons/adar_2-15/weapon_adar_2-15_556x45_container.bundle
[Info   :BundleManager] CACHE: Loading locally assets/content/weapons/g36/weapon_hk_g36_556x45_container.bundle
[Info   :BundleManager] CACHE: Loading locally assets/content/weapons/hk416/weapon_hk_416a5_556x45_container.bundle
[Info   :BundleManager] CACHE: Loading locally assets/content/weapons/m4a1/weapon_colt_m4a1_556x45_container.bundle
[Info   :BundleManager] CACHE: Loading locally assets/content/weapons/m590/weapon_mossberg_590a1_12g_container.bundle
[Info   :BundleManager] CACHE: Loading locally assets/content/weapons/m870/weapon_remington_model_870_12g_container.bundle
[Info   :BundleManager] CACHE: Loading locally assets/content/weapons/mcx/weapon_sig_mcx_gen1_762x35_container.bundle
[Info   :BundleManager] CACHE: Loading locally assets/content/weapons/p226r/weapon_sig_p226r_9x19_container.bundle
[Info   :BundleManager] CACHE: Loading locally assets/content/weapons/tx15/weapon_lone_star_tx15_designated_marksman_556x45_container.bundle
[Info   :BundleManager] CACHE: Loading locally assets/content/weapons/usable_items/item_alusplint/textures/client_assets.bundle
[Info   :BundleManager] CACHE: Loading locally assets/content/weapons/usable_items/item_food_beefstew/textures/client_assets.bundle
[Info   :BundleManager] CACHE: Loading locally assets/content/weapons/usable_items/item_food_beefstew_2/client_assets.bundle
[Info   :BundleManager] CACHE: Loading locally assets/content/weapons/usable_items/item_food_beefstew_2/textures/client_assets.bundle
[Info   :BundleManager] CACHE: Loading locally assets/systems/effects/laserbeam/laser.bundle
[Info   :BundleManager] CACHE: Loading locally doge
[Info   :BundleManager] CACHE: Loading locally WeaponKACPDW/kacpdw_barrel.bundle
[Info   :BundleManager] CACHE: Loading locally Bottoms/BEAR_Gladiator_FG.bundle
[Info   :BundleManager] CACHE: Loading locally Headwear/eyewear/oakley_holbrook/holbrook_blk.bundle
[Info   :BundleManager] CACHE: Loading locally mods/magnifiers/uh1_low_mag_combo.bundle
[Info   :BundleManager] CACHE: Loading locally dragonden/clothing/facewear/cat_mask_pink.dragonden
[Info   :BundleManager] CACHE: Loading locally WeaponPatriot/patriotcarryhandle.bundle
[Info   :BundleManager] CACHE: Loading locally mods/ar15_handguards/geissele_mk4_handguards/mk4_10f_odg.bundle
[Info   :BundleManager] CACHE: Loading locally mods/red_dots/steiner_r1x.bundle
[Info   :BundleManager] CACHE: Loading locally assets/longbow/mods/pistolgrip_ak_longbow.bundle
[Info   :BundleManager] CACHE: Loading locally assets/content/characters/character/prefabs/pants_usec_crusader.bundle
[Info   :BundleManager] CACHE: Loading locally mods/ak/dtech_mpi_9x19.bundle
[Info   :BundleManager] CACHE: Loading locally tops/tshirt_bear_emrd.bundle
[Info   :BundleManager] CACHE: Loading locally Tops/artem_top_2.bundle
[Info   :BundleManager] CACHE: Loading locally chestrigs/item_equipment_rig_umka_winter.bundle
[Info   :BundleManager] CACHE: Loading locally assets/content/items/barter/item_equipment_headset_comtac_6_black_bp03/item_equipment_headset_comtac_6_black_bp03.bundle
[Info   :BundleManager] CACHE: Loading locally WeaponDragunov/svdpolymerstock.bundle
[Info   :BundleManager] CACHE: Loading locally ModernWeaponMods/mwm_pmag_20_gen_m2_fg.bundle
[Info   :BundleManager] CACHE: Loading locally assets/iso/mods/barrel_iso_mini_45.bundle
[Info   :BundleManager] CACHE: Loading locally mods/suppressors/rsil_mg7k_supp.bundle
[Info   :BundleManager] CACHE: Loading locally mods/ar15_handguards/dd_mfr_handguards/mfr10_dw.bundle
[Info   :BundleManager] CACHE: Loading locally mods/lasers/otal_c_blk_ir.bundle
[Info   :BundleManager] CACHE: Loading locally Headwear/helmets/opscore_sfhc/mount_visor_ops_core_stepin.bundle
[Info   :BundleManager] CACHE: Loading locally chestrigs/item_equipment_rig_triton_ryzh.bundle
[Info   :BundleManager] CACHE: Loading locally assets/m14/texture2.bundle
[Info   :BundleManager] CACHE: Loading locally backpacks/item_equipment_backpack_6sh118_atacsg.bundle
[Info   :BundleManager] CACHE: Loading locally WeaponM76/m76_suppressor.bundle
[Info   :BundleManager] CACHE: Loading locally headwear/item_equipment_helmet_zsh_93.bundle
[Info   :BundleManager] CACHE: Loading locally assets/content/characters/character/prefabs/pants_bear_winterset_2.bundle
[Info   :BundleManager] CACHE: Loading locally WeaponAK5C/ak5c_slimlinegrip.bundle
[Info   :BundleManager] CACHE: Loading locally assets/content/items/mods/charges/charge_ar15_colt_charging_handle_early.bundle
[Info   :BundleManager] CACHE: Loading locally assets/content/items/mods/stocks/stock_m1895_ranger_point_precision_m_lok_aluminum_stock_grn.bundle
[Info   :BundleManager] CACHE: Loading locally WeaponAEK/aek_muzzle.bundle
[Info   :BundleManager] CACHE: Loading locally cards/ttc_uncommon_ultra_mall_atrium.bundle
[Info   :BundleManager] CACHE: Loading locally ModernWeaponMods/mwm_arisaka_osm_mlok.bundle
[Info   :BundleManager] CACHE: Loading locally assets/content/items/equipment/headset_m32/item_equipment_headset_m32_arena_ny2025.bundle
[Info   :BundleManager] CACHE: Loading locally WeaponAEK/magazine_ak103_boss.bundle
[Info   :BundleManager] CACHE: Loading locally backpacks/item_equipment_backpack_takedown_sling_2.bundle
[Info   :BundleManager] CACHE: Loading locally assets/t725/mods/stock_t725_light.bundle
[Info   :BundleManager] CACHE: Loading locally ModernWeaponMods/mwm_lmt_sopmod_pdw_stock.bundle
[Info   :BundleManager] CACHE: Loading locally chestrigs/item_equipment_rig_beltab_fde.bundle
[Info   :BundleManager] CACHE: Loading locally assets/content/items/infosubject/item_info_note/item_info_note_from_igor.bundle
[Info   :BundleManager] CACHE: Loading locally rr-stock-black.bundle
[Info   :BundleManager] CACHE: Loading locally Bodywear/unarmoredRigs/peacekeeper/item_equipment_rig_peacekeeper_mc_tropic.bundle
[Info   :BundleManager] CACHE: Loading locally assets/mcw/mods/handguard_mcw_hvy.bundle
[Info   :BundleManager] CACHE: Loading locally dragonden/weaponparts/foregrips/utg_combat_d_grip.dragonden
[Info   :BundleManager] CACHE: Loading locally Attachment_Scopes/aimpoint_cs_front_cover.bundle
[Info   :BundleManager] CACHE: Loading locally cards/ttc_common_server_value_modifier.bundle
[Info   :BundleManager] CACHE: Loading locally bt300.bundle
[Info   :BundleManager] CACHE: Loading locally mods/stocks/stock_midwestindustriesfixed.bundle
[Info   :BundleManager] CACHE: Loading locally mods/mounts/rof_10mm_spacer_blk.bundle
[Info   :BundleManager] CACHE: Loading locally dragonden/clothing/backpack/hello_kitty_bag_blue.dragonden
[Info   :BundleManager] CACHE: Loading locally cards/ttc_epic_chad_vs_rat_showdown.bundle
[Info   :BundleManager] CACHE: Loading locally WeaponMK23/mk23_grip.bundle
[Info   :BundleManager] CACHE: Loading locally cards/ttc_common_just_a_g_phone.bundle
[Info   :BundleManager] CACHE: Loading locally assets/content/characters/character/prefabs/top_arena_rusguard_6_v2.bundle
[Info   :BundleManager] CACHE: Loading locally assets/iso/mods/sight_front_all_iso.bundle
[Info   :BundleManager] CACHE: Loading locally assaulthelmet3.bundle
[Info   :BundleManager] CACHE: Loading locally Gear_Belts/pointmanassaultbelt.bundle
[Info   :BundleManager] CACHE: Loading locally ModernWeaponMods/mwm_testmag2.bundle
[Info   :BundleManager] CACHE: Loading locally tops/top_usec_softshell_orange.bundle
[Info   :BundleManager] CACHE: Loading locally Headwear/helmets/6b27/helmet_6b27_flora.bundle
[Info   :BundleManager] CACHE: Loading locally barter/sony_walkman.bundle
[Info   :BundleManager] CACHE: Loading locally backpacks/item_equipment_backpack_dragon_egg_wz93.bundle
[Info   :BundleManager] CACHE: Loading locally assets/ghost_7up.bundle
[Info   :BundleManager] CACHE: Loading locally cards/ttc_rare_extractor_camper.bundle
[Info   :BundleManager] CACHE: Loading locally WeaponF2000/f2000_slovenian_rail.bundle
[Info   :BundleManager] CACHE: Loading locally mods/ar15_handguards/geissele_mk4_handguards/mk4_95_blk.bundle
[Info   :BundleManager] CACHE: Loading locally assets/content/items/barter/item_barter_tarko_skier/item_barter_tarko_skier.bundle
[Info   :BundleManager] CACHE: Loading locally assets/content/weapons/svdk/weapon_sniperarms_dynamics_tkpd_93x64_container.bundle
[Info   :BundleManager] CACHE: Loading locally cards/ttc_rare_mechanic_gunsmith_part_vii.bundle
[Info   :BundleManager] CACHE: Loading locally WeaponWagesOfSin/wos_pistolgrip.bundle
[Info   :BundleManager] CACHE: Loading locally bottoms/pants_usec_commando_slocam.bundle
[Info   :BundleManager] CACHE: Loading locally manimal/icebreaker_postit.bundle
[Info   :BundleManager] CACHE: Loading locally cards/ttc_epic_lucky_headshot.bundle
[Info   :BundleManager] CACHE: Loading locally tops/top_usec_carinthia_softshell_m05.bundle
[Info   :BundleManager] CACHE: Loading locally assets/rpkn/mods/reciever_rpkn_std.bundle
[Info   :BundleManager] CACHE: Loading locally cards/ttc_secret_thanks_devs.bundle
[Info   :BundleManager] CACHE: Loading locally cards/ttc_common_mags_without_bullets.bundle
[Info   :BundleManager] CACHE: Loading locally WeaponM78/m78_handguard_railed.bundle
[Info   :BundleManager] CACHE: Loading locally assets/content/items/mods/mounts/mount_val_mod4_nb_magwell.bundle
[Info   :BundleManager] CACHE: Loading locally assets/content/items/equipment/facecover_coldgear/item_equipment_facecover_coldgear_kukla_bp_03.bundle
[Info   :BundleManager] CACHE: Loading locally Pants/artem_pants_22_alpineghillie.bundle
[Info   :BundleManager] CACHE: Loading locally assets/content/items/equipment/helmet_crye_airframe_chops/item_equipment_helmet_crye_airframe_chops_black_bp03.bundle
[Info   :BundleManager] CACHE: Loading locally dragonden/clothing/facewear/cat_mask_purple.dragonden
[Info   :BundleManager] CACHE: Loading locally c11_shaders_22.bundle
[Info   :BundleManager] CACHE: Loading locally assets/content/characters/character/prefabs/top_arena_rusguard_4_bear.bundle
[Info   :BundleManager] CACHE: Loading locally cards/ttc_rare_kollontay_pmc_butcher.bundle
[Info   :BundleManager] CACHE: Loading locally assets/content/items/infosubject/item_info_note/item_info_note_radiocode_bogatir_01.bundle
[Info   :BundleManager] CACHE: Loading locally assets/content/items/spec/item_keycard_arshavin/item_keycard_quest_arshavin.bundle
[Info   :BundleManager] CACHE: Loading locally artemtacticalvest1.bundle
[Info   :BundleManager] CACHE: Loading locally assets/content/items/equipment/armor_def2/item_equipment_armor_def2_flecktarn_bp03.bundle
[Info   :BundleManager] CACHE: Loading locally Posters/poster_bebop_1.bundle
[Info   :BundleManager] CACHE: Loading locally assets/content/items/mods/sights rear/sight_rear_all_sig_flip_up_anti2.bundle
[Info   :BundleManager] CACHE: Loading locally Bottoms/BEAR_Instructor_MC.bundle
[Info   :BundleManager] CACHE: Loading locally cards/ttc_rare_dont_peek_montage.bundle
[Info   :RequestHandler] [REQUEST]: /client/handbook/templates
[Info   :RequestHandler] [REQUEST SUCCESSFUL] /client/handbook/templates
[Info   :     ORBIT] F237: ORBIT 1.2.1 initialised
[Info   :ModulePatch] Enabled patch OrbitInitPatch
[Info   :ModulePatch] Enabled patch OrbitTickPatch
[Info   :ModulePatch] Enabled patch OrbitDisposePatch
[Info   :ModulePatch] Enabled patch DoorCarverShrinkPatch
[Info   :ModulePatch] Enabled patch DoorUnlockTracePatch
[Info   :ModulePatch] Enabled patch SoftTeleportTracePatch
[Info   :ModulePatch] Enabled patch HardTeleportTracePatch
[Info   :ModulePatch] Enabled patch MovementContextHumanizePatch
[Info   :ModulePatch] Enabled patch BotVaultingPatch
[Info   :ModulePatch] Enabled patch ManualFixedUpdateSkipPatch
[Info   :ModulePatch] Enabled patch AirdropLandedPatch
[Info   :ModulePatch] Enabled patch InventoryChangePatch
[Info   :ModulePatch] Enabled patch CorpseRegistrationPatch
[Info   :ModulePatch] Enabled patch RescueInterceptPatch
[Info   :ModulePatch] Enabled patch AssaultEnemyFarBypassPatch
[Info   :ModulePatch] Enabled patch ExfilLayerBypassPatch
[Info   :ModulePatch] Enabled patch PtrlBirdEyeBypassPatch
[Info   :     ORBIT] UNTAR: detected and takeover ON — ORBIT will run its bots
[Info   :     ORBIT] RUAF: detected and takeover ON — ORBIT will run its bots
[Info   :     ORBIT] BlackDivision: detected and takeover ON — ORBIT will run its bots
[Info   :     ORBIT] Disable ORBIT on raiders ON — Raiders (pmcBot) and Rogues (exUsec) running on BSG's vanilla brain.
[Info   :     ORBIT] F237: ORBIT 1.2.1 fully loaded — BrainManager wired
[Info   :Janky-HollywoodFX] Visceral Combat detected, disabling ragdolls
[Info   :Janky-HollywoodFX] Enabling Enhanced Shell Physics
[Info   :ModulePatch] Enabled patch GameWorldDisposePostfixPatch
[Info   :ModulePatch] Enabled patch GameWorldAwakePrefixPatch
[Info   :ModulePatch] Enabled patch GameWorldStartedPostfixPatch
[Info   :ModulePatch] Enabled patch ShotDelegateWrapperPatch
[Info   :ModulePatch] Enabled patch EffectsAwakePrefixPatch
[Info   :ModulePatch] Enabled patch EffectsAwakePostfixPatch
[Info   :ModulePatch] Enabled patch EffectsEmitPatch
[Info   :ModulePatch] Enabled patch TextureDecalsPainterVisCheckPatch
[Info   :ModulePatch] Enabled patch AmmoPoolObjectAutoDestroyPostfixPatch
[Info   :ModulePatch] Enabled patch FirearmControllerInitiateShotPrefixPatch
[Info   :ModulePatch] Enabled patch MuzzleManagerShotPrefixPatch
[Info   :ModulePatch] Enabled patch WeaponPrefabInitHotObjectsPostfixPatch
[Info   :ModulePatch] Enabled patch EffectsInitBlastControllerPatch
[Info   :ModulePatch] Enabled patch EffectsWipeDefaultExplosionSystemsPatch
[Info   :ModulePatch] Enabled patch EffectsEmitGrenadePatch
[Info   :ModulePatch] Enabled patch GameWorldInitConcussionPatch
[Info   :Janky-HollywoodFX] Initialization finished
[Info   :Janky-HollywoodFX] Logging disabled
[Info   :ModulePatch] Enabled patch LampControllerAwakePostfixPatch
[Info   :ModulePatch] Enabled patch GraphicsRaidInitPatch
[Info   :ModulePatch] Enabled patch GraphicsControllerInitPatch
[Info   :ModulePatch] Enabled patch TerrainDetailOverridePatch
[Info   :Janky-HollywoodGraphics] Initialization finished
[Info   :Janky-HollywoodGraphics] Logging disabled
[Info   :BundleManager] CACHE: Loading locally mods/suppressors/b_t_sqd_compact.bundle
[Info   :BundleManager] CACHE: Loading locally WeaponUCP/ucp_barrel.bundle
[Info   :BundleManager] CACHE: Loading locally assets/content/characters/soppo/soppo_leg.bundle
[Info   :BundleManager] CACHE: Loading locally rugertp.bundle
[Info   :BundleManager] CACHE: Loading locally mods/suppressors/aem5_suppressor.bundle
[Info   :BundleManager] CACHE: Loading locally mods/scopes/ta31_black_amber_horseshoe.bundle
[Info   :BundleManager] CACHE: Loading locally assets/content/items/barter/item_barter_other_orange/item_barter_other_orange_01.bundle
[Info   :BundleManager] CACHE: Loading locally assets/iso/mods/magazine_iso_45acp_mag.bundle
[Info   :BundleManager] CACHE: Loading locally t81zmoung.bundle
[Info   :BundleManager] CACHE: Loading locally assets/m14/m14_handguard_ebr.bundle
[Info   :BundleManager] CACHE: Loading locally WeaponRuger57/ruger57_front.bundle
[Info   :BundleManager] CACHE: Loading locally assets/content/items/barter/item_barter_electr_server_ram/item_barter_electr_server_ram.bundle
[Info   :BundleManager] CACHE: Loading locally Bodywear/armoredRigs/NFM_THOR/rig_nfm_thor_od.bundle
[Info   :BundleManager] CACHE: Loading locally assets/longbow/mods/muzzle_longbow_sil.bundle
[Info   :BundleManager] CACHE: Loading locally assets/abmods/svtu/barrel_svt40_svtu_762x54r.bundle
[Info   :BundleManager] CACHE: Loading locally assets/content/hands/hands_arena_rusguard_1/hands_arena_rusguard_1_tatau.skin.bundle
[Info   :BundleManager] CACHE: Loading locally assets/content/items/equipment/rig_jpc_wild/item_equipment_rig_jpc_wild_2.bundle
[Info   :BundleManager] CACHE: Loading locally assets/content/items/infosubject/item_info_note_folder/item_envelope_closed_kozlov_02.bundle
[Info   :BundleManager] CACHE: Loading locally Tops/BEAR_SPN_IX.bundle
[Info   :BundleManager] CACHE: Loading locally assaultvest2_v2_blk.bundle
[Info   :BundleManager] CACHE: Loading locally Hands/artem_hands_33.bundle
[Info   :BundleManager] CACHE: Loading locally cards/ttc_uncommon_old_world_coin_tsars_rouble.bundle
[Info   :BundleManager] CACHE: Loading locally mods/mounts/unity_ftc_riser_fde.bundle
[Info   :BundleManager] CACHE: Loading locally vzmag30.bundle
[Info   :BundleManager] CACHE: Loading locally Posters/poster_missing_tex.bundle
[Info   :BundleManager] CACHE: Loading locally assets/content/characters/character/prefabs/top_bear_winterset_2.bundle
[Info   :BundleManager] CACHE: Loading locally backpacks/takedown_sling_ctextures.bundle
[Info   :BundleManager] CACHE: Loading locally backpacks/item_equipment_backpack_sso_olive.bundle
[Info   :BundleManager] CACHE: Loading locally assets/content/items/equipment/head_arena_coyote/item_equipment_head_arena_coyote_cup1.bundle
[Info   :BundleManager] CACHE: Loading locally mods/lasers/eotech_ogl_fde.bundle
[Info   :BundleManager] CACHE: Loading locally artemtachelmet11.bundle
[Info   :BundleManager] CACHE: Loading locally tops/top_usec_winterset_m90.bundle
[Info   :BundleManager] CACHE: Loading locally assets/content/items/ammo/patrons/patron_93x64_fmj.bundle
[Info   :BundleManager] CACHE: Loading locally assets/content/weapons/usable_items/item_food_saladbox/client_assets.bundle
[Info   :BundleManager] CACHE: Loading locally Attachment_IronSights/mbus3rearblk.bundle
[Info   :BundleManager] CACHE: Loading locally Clothing/Uppers/OPS_MGS_TTsKO/ttsko_bear_ops_main.bundle
[Info   :BundleManager] CACHE: Loading locally WeaponDragunov/dragunovbuffertubeadapt.bundle
[Info   :BundleManager] CACHE: Loading locally WeaponM76/m76gastube.bundle
[Info   :BundleManager] CACHE: Loading locally WeaponAEK/aek_stock.bundle
[Info   :BundleManager] CACHE: Loading locally Headwear/helmets/opscore_xp/helmet_bronetorg_btsh6_olive.bundle
[Info   :BundleManager] CACHE: Loading locally assets/dbr/weapon_dbr_762x54_container.bundle
[Info   :BundleManager] CACHE: Loading locally assets/qbz97/textures.bundle
[Info   :BundleManager] CACHE: Loading locally assets/grau/mods/receiver_grau_762.bundle
[Info   :BundleManager] CACHE: Loading locally assets/mcw/mods/stock_mcw_hvy.bundle
[Info   :BundleManager] CACHE: Loading locally WeaponWagesOfSin/wos_receiver.bundle
[Info   :BundleManager] CACHE: Loading locally assets/content/items/equipment/facecover_training_mask/item_equipment_facecover_training_mask_bp2_grey.bundle
[Info   :BundleManager] CACHE: Loading locally ModernWeaponMods/mwm_magpul_xtm_railcover_short.bundle
[Info   :BundleManager] CACHE: Loading locally ar18chop.bundle
[Info   :BundleManager] CACHE: Loading locally assets/bal27/weapon_bal27_57x28_container.bundle
[Info   :BundleManager] CACHE: Loading locally assets/content/items/infosubject/item_info_recorder/item_info_recorder_tape_courier_01.bundle
[Info   :BundleManager] CACHE: Loading locally artem_patch21.bundle
[Info   :BundleManager] CACHE: Loading locally assets/content/items/equipment/armor_redut_m/item_equipment_armor_redut_m_black_bp03.bundle
[Info   :BundleManager] CACHE: Loading locally artemgasmask3.bundle
[Info   :BundleManager] CACHE: Loading locally ModernWeaponMods/mwm_ak47_pmag20_tti25.bundle
[Info   :BundleManager] CACHE: Loading locally WeaponPitViper/viper_barrel.bundle
[Info   :BundleManager] CACHE: Loading locally Attachment_Suppressors/suppressor_tundra.bundle
[Info   :BundleManager] CACHE: Loading locally dragonden/clothing/backpack/dragon_den_sports_backpack_grey.dragonden
[Info   :BundleManager] CACHE: Loading locally backpanel2.bundle
[Info   :BundleManager] CACHE: Loading locally cards/ttc_rare_weight_system_tweak.bundle
[Info   :BundleManager] CACHE: Loading locally facecover/item_equipment_facecover_strikeball_mask_leshiy.bundle
[Info   :BundleManager] CACHE: Loading locally assets/content/items/equipment/helmet_crye_airframe/item_equipment_helmet_crye_airframe_olivedrab.bundle
[Info   :BundleManager] CACHE: Loading locally assets/content/items/equipment/glasses_gatorz_specter/item_equipment_glasses_gatorz_specter_ballistic.bundle
[Info   :BundleManager] CACHE: Loading locally WeaponHK417/weapon_hk417_container.bundle
[Info   :BundleManager] CACHE: Loading locally assets/type64smg/mods/stock_type64_default
[Info   :BundleManager] CACHE: Loading locally barrel_mossberg_tactical.bundle
[Info   :BundleManager] CACHE: Loading locally WeaponMasada/magpul_masada_slider_fde.bundle
[Info   :BundleManager] CACHE: Loading locally bt-usw.bundle
[Info   :BundleManager] CACHE: Loading locally chestrigs/item_equipment_rig_micro_gz.bundle
[Info   :BundleManager] CACHE: Loading locally cards/ttc_secret_tarkov_trading_cards.bundle
[Info   :BundleManager] CACHE: Loading locally mods/stocks/magpul_dt_carbine_stock_grn.bundle
[Info   :BundleManager] CACHE: Loading locally mods/pistol_grips/dd_pistol_grip_gray.bundle
[Info   :BundleManager] CACHE: Loading locally artem_patch23.bundle
[Info   :BundleManager] CACHE: Loading locally assets/content/audio/phrases/black_division/black_division_01/teamstatus/friendlyfire.bundle
[Info   :BundleManager] CACHE: Loading locally mods/pistol_grips/bcm_mod3_wilson_pgrip_blk.bundle
[Info   :BundleManager] CACHE: Loading locally Clothing/Uppers/upper_usec_std.bundle
[Info   :BundleManager] CACHE: Loading locally assets/content/audio/phrases/black_division/black_division_01/health.bundle
[Info   :BundleManager] CACHE: Loading locally artemgasmask1.bundle
[Info   :BundleManager] CACHE: Loading locally vz58main.bundle
[Info   :BundleManager] CACHE: Loading locally textures/fcpc-loaded-textures.bundle
[Info   :BundleManager] CACHE: Loading locally Headwear/masks/mask_gasmask_msa.bundle
[Info   :BundleManager] CACHE: Loading locally assets/bal27/mods/mag_bal27_std_57x28_30.bundle
[Info   :BundleManager] CACHE: Loading locally WeaponF2000/f2000_rail.bundle
[Info   :BundleManager] CACHE: Loading locally backpacks/item_equipment_backpack_f4terminator_black.bundle
[Info   :BundleManager] CACHE: Loading locally WeaponAK5C/ak5c_handguard.bundle
[Info   :BundleManager] CACHE: Loading locally assets/content/items/infosubject/item_info_note/item_info_note_map_triangulated.bundle
[Info   :BundleManager] CACHE: Loading locally riser5.bundle
[Info   :BundleManager] CACHE: Loading locally WeaponCheytacM200/m200_handguard_tactical.bundle
[Info   :BundleManager] CACHE: Loading locally assets/type64smg/mods/pistol_grip_type64_default.bundle
[Info   :BundleManager] CACHE: Loading locally Hands/Hands_BEAR_Winter_2_FG.bundle
[Info   :BundleManager] CACHE: Loading locally jmacss8.bundle
[Info   :BundleManager] CACHE: Loading locally devtac_new.bundle
[Info   :BundleManager] CACHE: Loading locally cards/ttc_rare_abps_bot_placement_system.bundle
[Info   :BundleManager] CACHE: Loading locally mods/scopes/burris_rt6_scope.bundle
[Info   :BundleManager] CACHE: Loading locally WeaponM1894DarkTracker/1894_mag.bundle
[Info   :BundleManager] CACHE: Loading locally clothing/snakefortnite_bottom.bundle
[Info   :BundleManager] CACHE: Loading locally tops/top_tshirt_u_mtp.bundle
[Info   :BundleManager] CACHE: Loading locally WeaponGrizzly/grizzly_barrel_blk.bundle
[Info   :BundleManager] CACHE: Loading locally assets/rip_it_tribute.bundle
[Info   :BundleManager] CACHE: Loading locally ModernWeaponMods/mwm_fast_riser_laser_blk.bundle
[Info   :BundleManager] CACHE: Loading locally assets/mcw/mods/barrel_mcw_lgtlong.bundle
[Info   :BundleManager] CACHE: Loading locally WeaponDragunov/svd_polymermag10.bundle
[Info   :BundleManager] CACHE: Loading locally assets/content/audio/phrases/black_division/black_division_01/reaction/goodwork.bundle
[Info   :BundleManager] CACHE: Loading locally assets/content/items/equipment/helmet_neosteel_mandible/item_equipment_helmet_neosteel_mandible_black_bp2.bundle
[Info   :BundleManager] CACHE: Loading locally tops/top_bear_lynx_moh.bundle
[Info   :BundleManager] CACHE: Loading locally assets/katt_amr/mods/stock_katt_amr_hvy.bundle
[Info   :BundleManager] CACHE: Loading locally cards/ttc_epic_new_year_wipe_countdown.bundle
[Info   :BundleManager] CACHE: Loading locally assets/content/items/barter/item_barter_flyers/item_barter_flyers_prestige_06.bundle
[Info   :BundleManager] CACHE: Loading locally railskin1fde.bundle
[Info   :BundleManager] CACHE: Loading locally assets/isoh/mods/mount_isoh_bt_hvy.bundle
[Info   :BundleManager] CACHE: Loading locally mods/scopes/ta31_tan_green_300.bundle
[Info   :BundleManager] CACHE: Loading locally assets/isoh/mods/pistolgrip_isoh_skel.bundle
[Info   :BundleManager] CACHE: Loading locally WeaponMK23/mk23_magazine.bundle
[Info   :BundleManager] CACHE: Loading locally WeaponAK5C/ak5c_pistolgrip_wrapped.bundle
[Info   :BundleManager] CACHE: Loading locally assets/content/audio/phrases/black_division/black_division_01/generic/onfirstcontact.bundle
[Info   :BundleManager] CACHE: Loading locally railskin_kac.bundle
[Info   :BundleManager] CACHE: Loading locally mods/ar15_handguards/urx4_1075_tan.bundle
[Info   :BundleManager] CACHE: Loading locally assets/content/items/mods/magazines/mag_svd_izhmash_svdk_std_93x64_10.bundle
[Info   :BundleManager] CACHE: Loading locally assets/content/characters/character/prefabs/pants_bear_sumrak_emr.bundle
[Info   :BundleManager] CACHE: Loading locally assets/content/items/ammo/patrons/patron_784x49_lokt.bundle
[Info   :BundleManager] CACHE: Loading locally assets/content/items/mods/sights rear/sight_rear_all_magpul_mbus_gen2_fde_anti2.bundle
[Info   :BundleManager] CACHE: Loading locally assets/content/items/equipment/helmet_crye_airframe_mlok/item_equipment_helmet_crye_airframe_mlok_black_bp03.bundle
[Info   :BundleManager] CACHE: Loading locally artem_helmet22.bundle
[Info   :BundleManager] CACHE: Loading locally assets/content/items/infosubject/item_info_note/item_info_note_kozlov_rembox.bundle
[Info   :BundleManager] CACHE: Loading locally assets/tr76/mods/pistolgrip_tr76_tac.bundle
[Info   :BundleManager] CACHE: Loading locally assets/iso/mods/sight_rear_all_iso.bundle
[Info   :BundleManager] CACHE: Loading locally dragonden/clothing/facewear/cat_mask_orange.dragonden
[Info   :BundleManager] CACHE: Loading locally assets/content/characters/character/prefabs/top_bear_hawaii_02.bundle
[Info   :BundleManager] CACHE: Loading locally Bodywear/armoredRigs/item_equipment_rig_tbas_od.bundle
[Info   :BundleManager] CACHE: Loading locally ace32picrail.bundle
[Info   :BundleManager] CACHE: Loading locally WeaponRO991/colt_silenced_barrel.bundle
[Info   :BundleManager] CACHE: Loading locally Headwear/helmets/opscore_sfhc/helmet_fast_sfhc_textures.bundle
[Info   :BundleManager] CACHE: Loading locally assets/mcw/mods/stock_mcw_tah.bundle
[Info   :BundleManager] CACHE: Loading locally Ammo/300win_hp.bundle
[Info   :BundleManager] CACHE: Loading locally assets/qbz03_sek/gas_block_qbz03.bundle
[Info   :BundleManager] CACHE: Loading locally mods/mounts/rep_acro_193_blk.bundle
[Info   :BundleManager] CACHE: Loading locally assets/v308/mag_vector_drum.bundle
[Info   :BundleManager] CACHE: Loading locally mods/mounts/dbal_i2_leaf.bundle
[Info   :BundleManager] CACHE: Loading locally assets/content/items/mods/stocks/stock_ucs_magpul_ucs_buttstock_cheek.bundle
[Info   :BundleManager] CACHE: Loading locally Headwear/helmets/opscore_sfhc/mask_ops_core_ballistic_mandible_tan.bundle
[Info   :BundleManager] CACHE: Loading locally dragonden/clothing/backpack/chainsaw_buddy_bag.dragonden
[Info   :BundleManager] CACHE: Loading locally ModernWeaponMods/mwm_zenit_pt1_pic_stock.bundle
[Info   :BundleManager] CACHE: Loading locally assets/arizona_watermelon_container.bundle
[Info   :BundleManager] CACHE: Loading locally assets/bal27/mods/stock_bal27_heavy.bundle
[Info   :BundleManager] CACHE: Loading locally dd_handguard_long_v2.bundle
[Info   :BundleManager] CACHE: Loading locally assets/isoh/weapon_iso_hemlock_762x51_container.bundle
[Info   :BundleManager] CACHE: Loading locally assets/content/weapons/sr25/weapon_kac_sr25_762x51_tau_container.bundle
[Info   :BundleManager] CACHE: Loading locally hands/hand_bear_lynx_mc.skin.bundle
[Info   :BundleManager] CACHE: Loading locally assets/content/location_objects/00_hideout/prefabs/customization/ceilings/ceiling_story_04_for_humanity.bundle
[Info   :BundleManager] CACHE: Loading locally backpacks/item_equipment_backpack_mystery_ranch_mc.bundle
[Info   :BundleManager] CACHE: Loading locally WeaponCheytacM200/m200_barrel_short.bundle
[Info   :BundleManager] CACHE: Loading locally assets/content/hands/hands_usec_goptac_2/hands_usec_goptac_2.skin.bundle
[Info   :BundleManager] CACHE: Loading locally assets/monster_white.bundle
[Info   :BundleManager] CACHE: Loading locally artem_helmet_mod_4.bundle
[Info   :BundleManager] CACHE: Loading locally WeaponDragunov/dragunov3portmuzzlebrake.bundle
[Info   :BundleManager] CACHE: Loading locally Tops/USEC_DeadlyFrog_Coyote.bundle
[Info   :BundleManager] CACHE: Loading locally assets/content/items/mods/muzzle/muzzle_ar15_allen_engineering_spr_brake_556x45.bundle
[Info   :BundleManager] CACHE: Loading locally assets/superi46/mods/stock_ar15_superi_default.bundle
[Info   :BundleManager] CACHE: Loading locally cards/ttc_rare_air_filtering_unit.bundle
[Info   :BundleManager] CACHE: Loading locally mods/ar15_handguards/mcmr9_blk.bundle
[Info   :BundleManager] CACHE: Loading locally assets/katt_amr/katt_amr_animations.bundle
[Info   :BundleManager] CACHE: Loading locally dragonden/quest/fuel_barrel_green.dragonden
[Info   :BundleManager] CACHE: Loading locally mods/scopes/ta31_black_red_horseshoe.bundle
[Info   :BundleManager] CACHE: Loading locally cards/ttc_rare_custom_traders.bundle
[Info   :BundleManager] CACHE: Loading locally chestrigs/item_equipment_rig_d3crx_multicam.bundle
[Info   :BundleManager] CACHE: Loading locally WeaponGrizzly/grizzly_barrel_ext.bundle
[Info   :BundleManager] CACHE: Loading locally Hands/Hands_USEC_G4_UCON.bundle
[Info   :BundleManager] CACHE: Loading locally hands/hands_usec_carinthia_softshell_m05.skin.bundle
[Info   :BundleManager] CACHE: Loading locally mods/stocks/stock_m16a2_fde.bundle
[Info   :BundleManager] CACHE: Loading locally kisightp.bundle
[Info   :BundleManager] CACHE: Loading locally WeaponXM109/weapon_xm109_container.bundle
[Info   :BundleManager] CACHE: Loading locally cards/ttc_uncommon_gas_analyzer.bundle
[Info   :BundleManager] CACHE: Loading locally assets/content/items/equipment/item_equipment_helmet_team_wendy_exfil_gen2_multicam_bp03/item_equipment_helmet_team_wendy_exfil_multicam_bp03.bundle
[Info   :BundleManager] CACHE: Loading locally ar18handgrip.bundle
[Info   :BundleManager] CACHE: Loading locally assets/vpo-209a/weapon_vpo209a_366tkm_container.bundle
[Info   :BundleManager] CACHE: Loading locally Headwear/nvgs/nvg_actinblack_dtnvg.bundle
[Info   :BundleManager] CACHE: Loading locally mods/suppressors/surefire_762mini2fde.bundle
[Info   :BundleManager] CACHE: Loading locally mods/ak/hogue_ak_pgrip_black.bundle
[Info   :BundleManager] CACHE: Loading locally Bodywear/armoredRigs/item_equipment_rig_wartech_tv119_okhotnik.bundle
[Info   :BundleManager] CACHE: Loading locally camotophg.bundle
[Info   :BundleManager] CACHE: Loading locally clothes/pants_m90.bundle
[Info   :BundleManager] CACHE: Loading locally assets/content/audio/phrases/black_division/black_division_01/health/hurtneardeath.bundle
[Info   :BundleManager] CACHE: Loading locally tops/tshirt_bear_klmk.bundle
[Info   :BundleManager] CACHE: Loading locally mods/ar15_handguards/urx4_1075_blk.bundle
[Info   :BundleManager] CACHE: Loading locally Tops/BEAR_Lynx_FG.bundle
[Info   :BundleManager] CACHE: Loading locally assets/content/items/equipment/armband/item_equipment_armband_story_02_in_the_darkness.bundle
[Info   :BundleManager] CACHE: Loading locally Headwear/helmets/tor-2/item_equipment_helmet_tor_2_black.bundle
[Info   :BundleManager] CACHE: Loading locally Gear_Belts/polytechorionreconbelt.bundle
[Info   :BundleManager] CACHE: Loading locally cs5_stock.bundle
[Info   :BundleManager] CACHE: Loading locally assets/content/items/mods/mechanics/trigger_m1895_marlin_mxlr_std.bundle
[Info   :BundleManager] CACHE: Loading locally cards/ttc_uncommon_floating_scav.bundle
[Info   :BundleManager] CACHE: Loading locally assets/superi46/weapon_superi46_46x30_container.bundle
[Info   :BundleManager] CACHE: Loading locally Hands/artem_hands_14.bundle
[Info   :BundleManager] CACHE: Loading locally assets/isoh/mods/sight_front_all_isoh.bundle
[Info   :BundleManager] CACHE: Loading locally assets/content/items/infosubject/item_info_note/item_info_note_bogatir_mention_prapor.bundle
[Info   :BundleManager] CACHE: Loading locally WeaponM107/m107_barrel.bundle
[Info   :BundleManager] CACHE: Loading locally amp-headset.bundle
[Info   :BundleManager] CACHE: Loading locally assets/ol277/ol277_textures.bundle
[Info   :BundleManager] CACHE: Loading locally assaulthelmet_2_v2.bundle
[Info   :BundleManager] CACHE: Loading locally assets/fal/mods/carry_handle_fal.bundle
[Info   :BundleManager] CACHE: Loading locally assets/content/characters/character/prefabs/top_usec_winterset_2.bundle
[Info   :BundleManager] CACHE: Loading locally cards/ttc_secret_cultist_priest_forsaken_prophet.bundle
[Info   :BundleManager] CACHE: Loading locally assets/isoh/mods/stock_all_isoh.bundle
[Info   :BundleManager] CACHE: Loading locally ModernWeaponMods/mwm_arisaka_osm.bundle
[Info   :BundleManager] CACHE: Loading locally ultra_shortbarrel_ar.bundle
[Info   :BundleManager] CACHE: Loading locally comtaciv-mcb.bundle
[Info   :BundleManager] CACHE: Loading locally assets/arizona_mucho_mango_container.bundle
[Info   :BundleManager] CACHE: Loading locally ModernWeaponMods/mwm_sfg1_foregrip.bundle
[Info   :BundleManager] CACHE: Loading locally WeaponMK23/mk23_rs_mount.bundle
[Info   :BundleManager] CACHE: Loading locally avro.bundle
[Info   :BundleManager] CACHE: Loading locally Items_Quests/quest_ofz_crate.bundle
[Info   :BundleManager] CACHE: Loading locally nikomask1.bundle
[Info   :BundleManager] CACHE: Loading locally ar1811.bundle
[Info   :BundleManager] CACHE: Loading locally WeaponCZScorpion/cz_scorpion_barrel_8.bundle
[Info   :BundleManager] CACHE: Loading locally aa417.bundle
[Info   :BundleManager] CACHE: Loading locally lights/gblight_deps_shared.bundle
[Info   :BundleManager] CACHE: Loading locally mods/mcx/rattler_gb.bundle
[Info   :BundleManager] CACHE: Loading locally assets/content/items/infosubject/item_info_note/item_info_note_newspaper_escalation.bundle
[Info   :BundleManager] CACHE: Loading locally assets/type64smg/mods/stock_type64_lsg
[Info   :BundleManager] CACHE: Loading locally assets/content/characters/character/prefabs/top_arena_rusguard_1_tatau.bundle
[Info   :BundleManager] CACHE: Loading locally assets/content/items/mods/handguards/handguard_m1895_ranger_point_precision_m_lok_grn.bundle
[Info   :BundleManager] CACHE: Loading locally cards/ttc_uncommon_santa_scavs_gift_run.bundle
[Info   :BundleManager] CACHE: Loading locally Items_Quests/quest_aekprototype.bundle
[Info   :BundleManager] CACHE: Loading locally WeaponXM8/xm8_barrel_car.bundle
[Info   :BundleManager] CACHE: Loading locally assets/mcw/mods/handguard_mcw_hvyshort3.bundle
[Info   :BundleManager] CACHE: Loading locally backpacks/item_equipment_backpack_daypack_estpat.bundle
[Info   :BundleManager] CACHE: Loading locally mods/ar15_handguards/midwest_ss_10_5.bundle
[Info   :BundleManager] CACHE: Loading locally WeaponM107/m107_cheek_rest.bundle
[Info   :BundleManager] CACHE: Loading locally assets/content/items/equipment/rig_boss_birdeye/item_equipment_rig_bearing_aor1_bp2.bundle
[Info   :BundleManager] CACHE: Loading locally assets/content/items/mods/silencers/silencer_base_izhmash_ak308_qd_std_762x51.bundle
[Info   :BundleManager] CACHE: Loading locally WeaponMasada/masada_barrel_508.bundle
[Info   :BundleManager] CACHE: Loading locally assets/grau/mods/handguard_grau_heavy.bundle
[Info   :BundleManager] CACHE: Loading locally cards/ttc_uncommon_tarkov_tab_out.bundle
[Info   :BundleManager] CACHE: Loading locally cards/ttc_uncommon_summer_rogue_beach_party.bundle
[Info   :BundleManager] CACHE: Loading locally artem_solairetrophy.bundle
[Info   :BundleManager] CACHE: Loading locally mods/glock_parts/sight_front_glock_supp_height_triarc.bundle
[Info   :BundleManager] CACHE: Loading locally Headwear/masks/mask_gasmask_pmg.bundle
[Info   :BundleManager] CACHE: Loading locally Clothing/Hands/USEC_GRYPHON/hands_usec_gryphon_mc.bundle
[Info   :BundleManager] CACHE: Loading locally mods/ar15_handguards/mcmr8_fde.bundle
[Info   :BundleManager] CACHE: Loading locally assets/content/items/mods/sights rear/sight_rear_all_magpul_mbus_gen2_std.bundle
[Info   :BundleManager] CACHE: Loading locally chimera_mc.bundle
[Info   :BundleManager] CACHE: Loading locally assets/content/items/mods/gasblock/gas_block_tkpd_sniperarms_dynamics_tkpd_std.bundle
[Info   :BundleManager] CACHE: Loading locally Gear_Belts/rebel9c.bundle
[Info   :BundleManager] CACHE: Loading locally Bodywear/unarmoredRigs/peacekeeper/item_equipment_rig_peacekeeper_dpm_desert.bundle
[Info   :BundleManager] CACHE: Loading locally ModernWeaponMods/mwm_magpul_xtm_railcover_long.bundle
[Info   :BundleManager] CACHE: Loading locally clothing/snakefortnite_hands.bundle
[Info   :BundleManager] CACHE: Loading locally assets/katana_26/katana_anim.bundle
[Info   :BundleManager] CACHE: Loading locally sprrails.bundle
[Info   :BundleManager] CACHE: Loading locally assets/katt_amr/mods/barrel_katt_amr_def.bundle
[Info   :BundleManager] CACHE: Loading locally WeaponWagesOfSin/black/wos_handguard_black.bundle
[Info   :BundleManager] CACHE: Loading locally assets/content/items/mods/mounts/mount_all_meprolight_mepro_m21_mount.bundle
[Info   :BundleManager] CACHE: Loading locally assets/content/items/barter/item_barter_dumbbell_golden/item_barter_dumbbell_golden.bundle
[Info   :BundleManager] CACHE: Loading locally Headwear/helmets/ihps/mount_ihps_cover_tan.bundle
[Info   :BundleManager] CACHE: Loading locally WeaponMasada/masada_handguard_ext_fde.bundle
[Info   :BundleManager] CACHE: Loading locally mods/ar15_handguards/midwest_nf_13_5.bundle
[Info   :BundleManager] CACHE: Loading locally assets/content/items/mods/handguards/handguard_ar15_strike_industries_gridlok_8_5_inch_m_lok.bundle
[Info   :BundleManager] CACHE: Loading locally WeaponCheytacM200/m200_windtalker_suppressor_fde.bundle
[Info   :BundleManager] CACHE: Loading locally cards/ttc_uncommon_flea_market_scholar.bundle
[Info   :BundleManager] CACHE: Loading locally assets/content/items/equipment/rig_strandhogg_mltcm_blk/item_equipment_armor_strandhogg_mltcm_blk.bundle
[Info   :BundleManager] CACHE: Loading locally WeaponMasada/weapon_magpul_masada_container.bundle
[Info   :BundleManager] CACHE: Loading locally assets/longbow/mods/handguard_longbow_shrt.bundle
[Info   :BundleManager] CACHE: Loading locally dragonden/collectibles/plushies/plushie_overstuffed_bear.dragonden
[Info   :BundleManager] CACHE: Loading locally Mods/Magazines/m700la_338_5rd.bundle
[Info   :BundleManager] CACHE: Loading locally cards/ttc_common_backpack_left_behind.bundle
[Info   :BundleManager] CACHE: Loading locally mods/scopes/mgo_308_ch.bundle
[Info   :BundleManager] CACHE: Loading locally WeaponStaccatoXC/xc_hammer_tactical.bundle
[Info   :BundleManager] CACHE: Loading locally assets/isoh/mods/receiver_isoh_308.bundle
[Info   :BundleManager] CACHE: Loading locally tops/top_bear_zaslon_emr.bundle
[Info   :BundleManager] CACHE: Loading locally assets/mcw/mods/handguard_mcw_long.bundle
[Info   :BundleManager] CACHE: Loading locally mods/suppressors/surefire_762ti2fde.bundle
[Info   :BundleManager] CACHE: Loading locally artem_headphones6.bundle
[Info   :BundleManager] CACHE: Loading locally Tops/BEAR_SPN_SS.bundle
[Info   :BundleManager] CACHE: Loading locally ModernWeaponMods/mwm_badger_comm.bundle
[Info   :BundleManager] CACHE: Loading locally assets/longbow/mods/barrel_longbow_lgtlong.bundle
[Info   :BundleManager] CACHE: Loading locally t811913.bundle
[Info   :BundleManager] CACHE: Loading locally mods/suppressors/suppressor_hesychia_tan.bundle
[Info   :BundleManager] CACHE: Loading locally backpacks/item_equipment_backpack_mystery_ranch_m05w.bundle
[Info   :BundleManager] CACHE: Loading locally assets/ghost_raspberry_cream.bundle
[Info   :BundleManager] CACHE: Loading locally assets/content/items/equipment/helmet_ulach/item_equipment_helmet_ulach_bp2_coyote_stripes.bundle
[Info   :BundleManager] CACHE: Loading locally Headwear/helmets/opscore_sfhc/helmet_ops_core_fast_sfhc_tan.bundle
[Info   :BundleManager] CACHE: Loading locally mods/ar15_muzzle_devices/sfct_556.bundle
[Info   :BundleManager] CACHE: Loading locally mods/ar15_handguards/urx_3_1_13_5_lower.bundle
[Info   :BundleManager] CACHE: Loading locally WeaponWilsonCombatEDCX9/wilson_magazine_ext.bundle
[Info   :BundleManager] CACHE: Loading locally assets/content/audio/phrases/black_division/black_division_01/generic/onbeinghurtdissapoinment.bundle
[Info   :BundleManager] CACHE: Loading locally assets/dbr/mods/sight_dbr_rear.bundle
[Info   :BundleManager] CACHE: Loading locally WeaponDragunov/svd_cammomag.bundle
[Info   :BundleManager] CACHE: Loading locally assets/content/items/equipment/armor_6b45/item_equipment_armor_6b45_03.bundle
[Info   :BundleManager] CACHE: Loading locally assets/content/characters/character/prefabs/top_bd_team_leader_01.bundle
[Info   :BundleManager] CACHE: Loading locally WeaponM76/drummag75rnd.bundle
[Info   :BundleManager] CACHE: Loading locally artem_headphones4.bundle
[Info   :BundleManager] CACHE: Loading locally dragonden/clothing/backpack/leopard_backpack_orange.dragonden
[Info   :BundleManager] CACHE: Loading locally Tops/BEAR_Lynx_EMR.bundle
[Info   :BundleManager] CACHE: Loading locally vzupperhandguard.bundle
[Info   :BundleManager] CACHE: Loading locally bottoms/pants_usec_cereum_m81.bundle
[Info   :BundleManager] CACHE: Loading locally mods/suppressors/polo_762_worn.bundle
[Info   :BundleManager] CACHE: Loading locally ModernWeaponMods/mwm_arisaka_finger_stop_fwd_mlok.bundle
[Info   :BundleManager] CACHE: Loading locally WeaponPSARock57/rock57_magazine_ext.bundle
[Info   :BundleManager] CACHE: Loading locally WeaponMasada/masada_handguard_rahg.bundle
[Info   :BundleManager] CACHE: Loading locally 22soft.bundle
[Info   :BundleManager] CACHE: Loading locally Gear_Belts/belt_fannypack.bundle
[Info   :BundleManager] CACHE: Loading locally Item_Containers/container_smalldocscase.bundle
[Info   :BundleManager] CACHE: Loading locally bottoms/pants_usec_commando_wasp.bundle
[Info   :BundleManager] CACHE: Loading locally WeaponCZScorpion/cz_scorpion_ia_sc9.bundle
[Info   :BundleManager] CACHE: Loading locally Gear_Belts/belt_bison_wireman.bundle
[Info   :BundleManager] CACHE: Loading locally assets/bal27/mods/stock_bal27_def.bundle
[Info   :BundleManager] CACHE: Loading locally aero-m5-lower-camo.bundle
[Info   :BundleManager] CACHE: Loading locally Headwear/helmets/galvion_caiman/caiman_shared.bundle
[Info   :BundleManager] CACHE: Loading locally ModernWeaponMods/mwm_arisaka_ism_fde.bundle
[Info   :BundleManager] CACHE: Loading locally flechette_box_25.bundle
[Info   :BundleManager] CACHE: Loading locally WeaponMK23/mk23_fs.bundle
[Info   :BundleManager] CACHE: Loading locally assaultvest4.bundle
[Info   :BundleManager] CACHE: Loading locally artemsnackiz.bundle
[Info   :BundleManager] CACHE: Loading locally Item_Containers/container_foodcart.bundle
[Info   :BundleManager] CACHE: Loading locally assets/ghost_bubblicious.bundle
[Info   :BundleManager] CACHE: Loading locally assets/ghost_strawbango_container.bundle
[Info   :BundleManager] CACHE: Loading locally assets/t725/mods/mount_t725_barrel_rail.bundle
[Info   :BundleManager] CACHE: Loading locally assets/content/hands/alltheclothes/hands_scav_gorka4.skin.bundle
[Info   :BundleManager] CACHE: Loading locally artem_headphones2.bundle
[Info   :BundleManager] CACHE: Loading locally assets/content/items/quest/item_quest_hacktool_mechanic/item_quest_hacktool_mechanic.bundle
[Info   :BundleManager] CACHE: Loading locally assets/content/hands/alltheclothes/hands_scav_wildbody3.skin.bundle
[Info   :BundleManager] CACHE: Loading locally assets/jak12/mods/mount_jak12_bottom.bundle
[Info   :BundleManager] CACHE: Loading locally mods/ar15_handguards/geissele_mk8_handguards/mk8_7_ddc.bundle
[Info   :BundleManager] CACHE: Loading locally assets/content/items/equipment/helmet_ulach/item_equipment_helmet_ulach_bp2_green_stripes.bundle
[Info   :BundleManager] CACHE: Loading locally mods/scopes/leupold_mk5_5_25_mil_fde.bundle
[Info   :BundleManager] CACHE: Loading locally assets/content/items/infosubject/item_info_note/item_info_note_kozlov_captured.bundle
[Info   :BundleManager] CACHE: Loading locally tommy.bundle
[Info   :BundleManager] CACHE: Loading locally dragonden/clothing/backpack/dragon_den_sports_backpack_purple.dragonden
[Info   :BundleManager] CACHE: Loading locally artem_ferronvgpack2.bundle
[Info   :BundleManager] CACHE: Loading locally WeaponUCP/ucp_grips.bundle
[Info   :BundleManager] CACHE: Loading locally WeaponCZScorpion/cz_scorpion_handguard_hb_micro.bundle
[Info   :BundleManager] CACHE: Loading locally cards/ttc_uncommon_friendly_fire_fiasco.bundle
[Info   :BundleManager] CACHE: Loading locally WeaponF2000/f2000_standard_handguard.bundle
[Info   :BundleManager] CACHE: Loading locally mods/pistol_grips/hogue_ar_pg_blue.bundle
[Info   :BundleManager] CACHE: Loading locally WeaponMasada/masada_receiver_fde.bundle
[Info   :BundleManager] CACHE: Loading locally assets/qbz03_sek/charge_qbz03_sek_ljb01.bundle
[Info   :BundleManager] CACHE: Loading locally assets/content/items/mods/mounts/mount_base_arms_22_ring_cap.bundle
[Info   :BundleManager] CACHE: Loading locally cards/ttc_uncommon_press_f_to_pay_reserve.bundle
[Info   :BundleManager] CACHE: Loading locally assets/mags/mag_glock_glock_ft_1143x23_drum.bundle
[Info   :BundleManager] CACHE: Loading locally Headwear/helmets/mich_2000/mich2000_fde.bundle
[Info   :BundleManager] CACHE: Loading locally ar18handguard.bundle
[Info   :BundleManager] CACHE: Loading locally hands/hands_usec_softshell_blue.skin.bundle
[Info   :BundleManager] CACHE: Loading locally Bodywear/armoredRigs/RAMPAGE2/rig_shellback_rampage_breacher_gry.bundle
[Info   :BundleManager] CACHE: Loading locally assets/content/items/infosubject/item_info_note/item_info_note_security_sanatorium.bundle
[Info   :BundleManager] CACHE: Loading locally assets/content/items/mods/handguards/handguard_ar15_cgnl_ar15_105_inch.bundle
[Info   :BundleManager] CACHE: Loading locally cards/ttc_rare_car_battery.bundle
[Info   :BundleManager] CACHE: Loading locally dragonden/container/cerberus_secure_container.dragonden
[Info   :BundleManager] CACHE: Loading locally WeaponF2000/f2000_sight_rear.bundle
[Info   :BundleManager] CACHE: Loading locally mods/hk/hk_smr_10_5_blk.bundle
[Info   :BundleManager] CACHE: Loading locally WeaponWilsonCombatEDCX9/wilson_barrel.bundle
[Info   :BundleManager] CACHE: Loading locally assets/dbr/dbr_texture.bundle
[Info   :BundleManager] CACHE: Loading locally assets/content/items/barter/item_barter_dogtags_square/item_barter_dogtags_square.bundle
[Info   :BundleManager] CACHE: Loading locally mods/ar15_handguards/mcmr7_blk.bundle
[Info   :BundleManager] CACHE: Loading locally cards/ttc_common_bush_sniper.bundle
[Info   :BundleManager] CACHE: Loading locally bottoms/pants_usec_special_ops_multicama.bundle
[Info   :BundleManager] CACHE: Loading locally artem_circularpatch4.bundle
[Info   :BundleManager] CACHE: Loading locally assets/grau/mods/barrel_grau_00.bundle
[Info   :BundleManager] CACHE: Loading locally Headwear/helmets/kiver_rsp/kiver_cover_mc.bundle
[Info   :BundleManager] CACHE: Loading locally ModernWeaponMods/mwm_arisaka_finger_stop_pic.bundle
[Info   :BundleManager] CACHE: Loading locally cr920p-slide.bundle
[Info   :BundleManager] CACHE: Loading locally headwear/item_equipment_helmet_lshz_surpat.bundle
[Info   :BundleManager] CACHE: Loading locally WeaponCZScorpion/cz_scorpion_magazine_magpul35.bundle
[Info   :BundleManager] CACHE: Loading locally WeaponM78/m78_stock_thumbhole_polymer.bundle
[Info   :BundleManager] CACHE: Loading locally Hands/artem_hands_2.bundle
[Info   :BundleManager] CACHE: Loading locally WeaponC9/c9_slide.bundle
[Info   :BundleManager] CACHE: Loading locally zipline_ar15_reciever.bundle
[Info   :BundleManager] CACHE: Loading locally mods/ar15_handguards/hogue_handguards/hogue_15_inch_hg_olive_green.bundle
[Info   :BundleManager] CACHE: Loading locally cards/ttc_rare_cultist_initiate.bundle
[Info   :BundleManager] CACHE: Loading locally assets/content/items/mods/mounts/mount_zenit_zenit_b2.bundle
[Info   :BundleManager] CACHE: Loading locally armor/item_equipment_armor_un_cc.bundle
[Info   :BundleManager] CACHE: Loading locally assets/content/items/mods/tactical/tactical_all_insight_anpeq15_blk.bundle
[Info   :BundleManager] CACHE: Loading locally WeaponGrizzly/grizzly_receiver_blk.bundle
[Info   :BundleManager] CACHE: Loading locally WeaponCheytacM200/m200_stock_skeletonized_mk2.bundle
[Info   :BundleManager] CACHE: Loading locally assets/jak12/mods/barrel_jak12_12g.bundle
[Info   :BundleManager] CACHE: Loading locally vzor4.bundle
[Info   :BundleManager] CACHE: Loading locally WeaponM107/m107_suppressor.bundle
[Info   :BundleManager] CACHE: Loading locally assets/content/items/equipment/armband/item_equipment_armband_release_eft.bundle
[Info   :BundleManager] CACHE: Loading locally assets/content/hands/hands_arena_usec_vintage/hands_arena_usec_vintage.skin.bundle
[Info   :BundleManager] CACHE: Loading locally cards/ttc_legendary_anti_cheat_improvements.bundle
[Info   :BundleManager] CACHE: Loading locally mods/ar15_handguards/midwest_ss_12_625.bundle
[Info   :BundleManager] CACHE: Loading locally assets/content/characters/character/prefabs/pants_bd_operator_02.bundle
[Info   :BundleManager] CACHE: Loading locally mods/ak/sag_buttstock_adapter_folding.bundle
[Info   :BundleManager] CACHE: Loading locally WeaponF2000/f2000_long_barrel.bundle
[Info   :BundleManager] CACHE: Loading locally fphands/top_civilian_port_jacket_lod0_hands.bundle
[Info   :BundleManager] CACHE: Loading locally Headwear/masks/mask_hafm_kii_blk.bundle
[Info   :BundleManager] CACHE: Loading locally assets/mcw/weapon_mcw_blk_556x45_container.bundle
[Info   :BundleManager] CACHE: Loading locally assets/ghost_grape_container.bundle
[Info   :BundleManager] CACHE: Loading locally WeaponUCP/ucp_comp.bundle
[Info   :BundleManager] CACHE: Loading locally tops/top_bear_lynx_mc.bundle
[Info   :BundleManager] CACHE: Loading locally lapua_box.bundle
[Info   :BundleManager] CACHE: Loading locally mods/ar15_handguards/geissele_mk4_handguards/mk4_47_ddc.bundle
[Info   :BundleManager] CACHE: Loading locally hands/hands_usec_cryeac_alpha_erdl.bundle
[Info   :BundleManager] CACHE: Loading locally assets/content/hands/hands_usec_crusader/hands_usec_crusader.skin.bundle
[Info   :BundleManager] CACHE: Loading locally cards/ttc_rare_customs_stronghold_roof.bundle
[Info   :BundleManager] CACHE: Loading locally Mods/Stocks/m700la_mdt_ess_chassis.bundle
[Info   :BundleManager] CACHE: Loading locally comtacaor1.bundle
[Info   :BundleManager] CACHE: Loading locally headwear/item_equipment_helmet_lshz_dusk.bundle
[Info   :BundleManager] CACHE: Loading locally artem_ferronvgpack4.bundle
[Info   :BundleManager] CACHE: Loading locally assets/iso/mods/pistolgrip_iso_default_gen2.bundle
[Info   :BundleManager] CACHE: Loading locally WeaponStaccatoXC/weapon_staccato_xc_container.bundle
[Info   :BundleManager] CACHE: Loading locally assets/qbz03/qbz03_audio.bundle
[Info   :BundleManager] CACHE: Loading locally WeaponAK5C/weapon_ak5d_container.bundle
[Info   :BundleManager] CACHE: Loading locally Mods/Handguards/mdt_ess_hg_18.bundle
[Info   :BundleManager] CACHE: Loading locally sight1.bundle
[Info   :BundleManager] CACHE: Loading locally Posters/poster_whiskey.bundle
[Info   :BundleManager] CACHE: Loading locally WeaponAXMC/barrel_axmc_686mm_86x70_blk.bundle
[Info   :BundleManager] CACHE: Loading locally mods/ar15_handguards/dd_risiii_handguards/ris_iii_13u_blk.bundle
[Info   :BundleManager] CACHE: Loading locally mods/suppressors/rotex-v_fde.bundle
[Info   :BundleManager] CACHE: Loading locally WeaponProdigy/weapon_prodigy_fde_container.bundle
[Info   :BundleManager] CACHE: Loading locally assets/content/items/infosubject/item_info_note/item_info_note_missisa_transcript.bundle
[Info   :BundleManager] CACHE: Loading locally assets/qbz03/pistol_qbz03.bundle
[Info   :BundleManager] CACHE: Loading locally assets/ghost_bubblicious_container.bundle
[Info   :BundleManager] CACHE: Loading locally cards/ttc_uncommon_workbench.bundle
[Info   :BundleManager] CACHE: Loading locally assets/isoh/mods/muzzle_isoh_hvy.bundle
[Info   :BundleManager] CACHE: Loading locally artem_patch12.bundle
[Info   :BundleManager] CACHE: Loading locally assets/mcw/textures_snp.bundle
[Info   :BundleManager] CACHE: Loading locally hands/hand_bear_lynx_tibet.skin.bundle
[Info   :BundleManager] CACHE: Loading locally ModernWeaponMods/mwm_omm_longboard_front.bundle
[Info   :BundleManager] CACHE: Loading locally assets/content/items/mods/handguards/handguard_ak12_lac_akvilon15_mlok.bundle
[Info   :BundleManager] CACHE: Loading locally assets/content/items/equipment/facecover_training_mask/item_equipment_facecover_training_mask_bp2_yellow.bundle
[Info   :BundleManager] CACHE: Loading locally assets/jak12/mods/barrel_jak12_long_12g.bundle
[Info   :BundleManager] CACHE: Loading locally mods/ar15_handguards/dd_risiii_handguards/ris_iii_9_5l_fde.bundle
[Info   :BundleManager] CACHE: Loading locally WeaponMasada/masada_stock_buffer.bundle
[Info   :BundleManager] CACHE: Loading locally tops/top_tshirt_u_flektarn.bundle
[Info   :BundleManager] CACHE: Loading locally hands/hands_usec_carinthia_softshell_m84.skin.bundle
[Info   :BundleManager] CACHE: Loading locally tx22.bundle
[Info   :BundleManager] CACHE: Loading locally mods/stocks/str_stock_fde.bundle
[Info   :BundleManager] CACHE: Loading locally Pants/artem_pants_8.bundle
[Info   :BundleManager] CACHE: Loading locally winchester12.bundle
[Info   :BundleManager] CACHE: Loading locally mods/scopes/acog_ta44.bundle
[Info   :BundleManager] CACHE: Loading locally mods/magazines/lancer_mags/10/l10_urban.bundle
[Info   :BundleManager] CACHE: Loading locally assets/monster_lemonade.bundle
[Info   :BundleManager] CACHE: Loading locally WeaponKACPDW/kacpdw_magazine.bundle
[Info   :BundleManager] CACHE: Loading locally assets/content/audio/phrases/black_division/black_division_01/command/onhealing.bundle
[Info   :BundleManager] CACHE: Loading locally Bottoms/BEAR_Instructor_FG.bundle
[Info   :BundleManager] CACHE: Loading locally WeaponAK5C/bipod_ak5g.bundle
[Info   :BundleManager] CACHE: Loading locally cards/ttc_legendary_solar_power_array.bundle
[Info   :BundleManager] CACHE: Loading locally Headwear/helmets/kiver_rsp/kiver_cover_atacs.bundle
[Info   :BundleManager] CACHE: Loading locally weapon_grenade_m8230_container_manimal.bundle
[Info   :BundleManager] CACHE: Loading locally mods/magazines/x_15_ar15_50rd_drum_fde.bundle
[Info   :BundleManager] CACHE: Loading locally tops/top_usec_u2_mm14.bundle
[Info   :BundleManager] CACHE: Loading locally cards/ttc_rare_mp7a1_zero_recoil.bundle
[Info   :BundleManager] CACHE: Loading locally mods/mounts/carry_handle_pic_mount.bundle
[Info   :BundleManager] CACHE: Loading locally mods/lasers/otal_c_fde_ir.bundle
[Info   :BundleManager] CACHE: Loading locally artem_patch14.bundle
[Info   :BundleManager] CACHE: Loading locally assets/katt_amr/mods/barrel_katt_amr_short.bundle
[Info   :BundleManager] CACHE: Loading locally wrappedsilencer_fde.bundle
[Info   :BundleManager] CACHE: Loading locally chestrigs/item_equipment_rig_cryeavs_vegetato.bundle
[Info   :BundleManager] CACHE: Loading locally assets/content/items/mods/handguards/handguard_m1895_magpul_elg_m_lok.bundle
[Info   :BundleManager] CACHE: Loading locally mods/pistol_grips/dd_pistol_grip_tan.bundle
[Info   :BundleManager] CACHE: Loading locally cards/ttc_uncommon_voip_friendly_spam.bundle
[Info   :BundleManager] CACHE: Loading locally wearables/headsets/ops_amp_tan.bundle
[Info   :BundleManager] CACHE: Loading locally chestrigs/item_equipment_rig_m1_rg.bundle
[Info   :BundleManager] CACHE: Loading locally assets/content/items/mods/handguards/handguard_m1895_ranger_point_precision_m_lok.bundle
[Info   :BundleManager] CACHE: Loading locally Ammo/50_bmg_m1_incendiary.bundle
[Info   :BundleManager] CACHE: Loading locally cards/ttc_uncommon_usec_deep_recon_patch.bundle
[Info   :BundleManager] CACHE: Loading locally Item_Containers/container_toolpouch.bundle
[Info   :BundleManager] CACHE: Loading locally artem_patch16.bundle
[Info   :BundleManager] CACHE: Loading locally drummy.bundle
[Info   :BundleManager] CACHE: Loading locally Bottoms/Usec_G4_UCON.bundle
[Info   :BundleManager] CACHE: Loading locally fcpc-lite.bundle
[Info   :BundleManager] CACHE: Loading locally artem_denniscollar.bundle
[Info   :BundleManager] CACHE: Loading locally assets/content/hands/alltheclothes/hands_boss_reshala.skin.bundle
[Info   :BundleManager] CACHE: Loading locally assets/content/audio/phrases/black_division/black_division_01/generic/onrepeatedcontact.bundle
[Info   :BundleManager] CACHE: Loading locally assets/content/weapons/mxlr/client_assets.bundle
[Info   :BundleManager] CACHE: Loading locally assets/content/items/equipment/helmet_crye_airframe/item_equipment_helmet_crye_airframe_snake_skin_bp03.bundle
[Info   :BundleManager] CACHE: Loading locally mods/magazines/lancer_mags/10/l10_blz_orng.bundle
[Info   :BundleManager] CACHE: Loading locally assets/content/audio/phrases/black_division/black_division_01/generic/onoutofammo.bundle
[Info   :BundleManager] CACHE: Loading locally WeaponCarmel/carmel_stock_fde.bundle
[Info   :BundleManager] CACHE: Loading locally assets/isoh/sound.bundle
[Info   :BundleManager] CACHE: Loading locally tops/top_bear_polevoi_butan.bundle
[Info   :BundleManager] CACHE: Loading locally assets/content/items/infosubject/item_info_survived_letter_prapor/item_info_survived_letter_prapor.bundle
[Info   :BundleManager] CACHE: Loading locally assets/content/items/mods/pistol grips/pistolgrip_ar15_tyrant_designs_chevron_grip.bundle
[Info   :BundleManager] CACHE: Loading locally rr-pic-mount.bundle
[Info   :BundleManager] CACHE: Loading locally assets/tr76/mods/stock_tr76_tac.bundle
[Info   :BundleManager] CACHE: Loading locally Tops/BEAR_Parka_MC.bundle
[Info   :BundleManager] CACHE: Loading locally ModernWeaponMods/mwm_omm_cover_pic_rear.bundle
[Info   :BundleManager] CACHE: Loading locally textures/m5_black_tex.bundle
[Info   :BundleManager] CACHE: Loading locally dragonden/quest/dynamite.dragonden
[Info   :BundleManager] CACHE: Loading locally tops/top_usec_nightpatrol_urban.bundle
[Info   :BundleManager] CACHE: Loading locally mods/lasers/otal_c_fde_grn_vis.bundle
[Info   :BundleManager] CACHE: Loading locally assets/grau/mods/mount_grau_std.bundle
[Info   :BundleManager] CACHE: Loading locally assets/content/audio/phrases/civilian_03_voice.bundle
[Info   :BundleManager] CACHE: Loading locally slickstermc.bundle
[Info   :BundleManager] CACHE: Loading locally assets/content/items/equipment/rig_alpha/item_equipment_rig_alpha_au_bp2.bundle
[Info   :BundleManager] CACHE: Loading locally assets/content/items/infosubject/item_info_recorder/item_info_recorder_tape_moreman_02.bundle
[Info   :BundleManager] CACHE: Loading locally Items_Quests/quest_canus_lupis_note.bundle
[Info   :BundleManager] CACHE: Loading locally assets/content/audio/phrases/black_division/black_division_01/command/spreadout.bundle
[Info   :BundleManager] CACHE: Loading locally assets/mcw/mods/tactical_mcw_hvy2_bott.bundle
[Info   :BundleManager] CACHE: Loading locally assets/content/items/mods/sights rear/sight_rear_all_sig_flip_up_anime3.bundle
[Info   :BundleManager] CACHE: Loading locally artem_patch18.bundle
[Info   :BundleManager] CACHE: Loading locally chestrigs/item_equipment_rig_azimut_emra.bundle
[Info   :BundleManager] CACHE: Loading locally backpacks/item_equipment_backpack_dragon_egg_olive.bundle
[Info   :BundleManager] CACHE: Loading locally assets/iso/mods/textures_long.bundle
[Info   :BundleManager] CACHE: Loading locally WeaponCZScorpion/cz_scorpion_handguard_midlength_tactical.bundle
[Info   :BundleManager] CACHE: Loading locally WeaponM249/m249_handguardtactical.bundle
[Info   :BundleManager] CACHE: Loading locally assets/grau/mods/mag_grau_556x45_ext.bundle
[Info   :BundleManager] CACHE: Loading locally assets/mcw/mods/stock_mcw_prc.bundle
[Info   :BundleManager] CACHE: Loading locally dragonden/clothing/backpack/dragon_den_sports_backpack_pink.dragonden
[Info   :BundleManager] CACHE: Loading locally ModernWeaponMods/mwm_badger_comm_fde.bundle
[Info   :BundleManager] CACHE: Loading locally assets/bal27/bal27_materials.bundle
[Info   :BundleManager] CACHE: Loading locally assets/katt_amr/mods/charge_katt_amr_light.bundle
[Info   :BundleManager] CACHE: Loading locally barter/tamagotchi.bundle
[Info   :BundleManager] CACHE: Loading locally Posters/poster_pulp_fiction_1.bundle
[Info   :BundleManager] CACHE: Loading locally Gear_Belts/competitionbelt.bundle
[Info   :BundleManager] CACHE: Loading locally WeaponCZScorpion/cz_slidertac.bundle
[Info   :BundleManager] CACHE: Loading locally mods/ar15_handguards/geissele_mk4_handguards/mk4_15_ddc.bundle
[Info   :BundleManager] CACHE: Loading locally WeaponM78/m78_mount.bundle
[Info   :BundleManager] CACHE: Loading locally Hands/artem_hands_12.bundle
[Info   :BundleManager] CACHE: Loading locally WeaponMSBS/msbs_long_barrel.bundle
[Info   :BundleManager] CACHE: Loading locally assets/grau/mods/barrel_grau_short.bundle
[Info   :BundleManager] CACHE: Loading locally WeaponMK23/mk23_hammer_skele.bundle
[Info   :BundleManager] CACHE: Loading locally assets/isoh/animation.bundle
[Info   :BundleManager] CACHE: Loading locally Attachment_Magazines/g36_magazine_mg36cmag.bundle
[Info   :BundleManager] CACHE: Loading locally assets/content/items/containers/item_container_modbox.bundle
[Info   :BundleManager] CACHE: Loading locally coolerstims_argus_loot.bundle
[Info   :BundleManager] CACHE: Loading locally Tops/artem_top_15.bundle
[Info   :BundleManager] CACHE: Loading locally Attachment_Scopes/aimpoint_cs_collimator.bundle
[Info   :BundleManager] CACHE: Loading locally assets/tr76/mods/stock_tr76_def.bundle
[Info   :BundleManager] CACHE: Loading locally cards/ttc_epic_modded_hideout.bundle
[Info   :BundleManager] CACHE: Loading locally cards/ttc_legendary_knight_rogue_commander.bundle
[Info   :BundleManager] CACHE: Loading locally assets/content/items/mods/handguards/handguard_mdr_blk_lbl_alx_16_inch_bipod_mlok.bundle
[Info   :BundleManager] CACHE: Loading locally ar18smount.bundle
[Info   :BundleManager] CACHE: Loading locally Backpacks/EMR_2Day.bundle
[Info   :BundleManager] CACHE: Loading locally riserthree.bundle
[Info   :BundleManager] CACHE: Loading locally assets/content/items/barter/item_barter_tarko_lightkeeper/item_barter_tarko_lightkeeper.bundle
[Info   :BundleManager] CACHE: Loading locally assets/bal27/mods/pistolgrip_bal27_snp.bundle
[Info   :BundleManager] CACHE: Loading locally ModernWeaponMods/mwm_arisaka_osm_mlok_fde.bundle
[Info   :BundleManager] CACHE: Loading locally WeaponAK5C/ak5g_rail.bundle
[Info   :BundleManager] CACHE: Loading locally artemgpnvgwhite.bundle
[Info   :BundleManager] CACHE: Loading locally mods/ak/b9_rail.bundle
[Info   :BundleManager] CACHE: Loading locally cards/ttc_epic_pestilys_punisher_marathon.bundle
[Info   :BundleManager] CACHE: Loading locally assets/content/items/infosubject/item_info_note/item_info_note_quest_product1156.bundle
[Info   :BundleManager] CACHE: Loading locally assets/content/items/mods/scopes/scope_all_falke_falke_le.bundle
[Info   :BundleManager] CACHE: Loading locally WeaponAEK/aek_frontassembly_bakelite.bundle
[Info   :BundleManager] CACHE: Loading locally m16_stock_2.bundle
[Info   :BundleManager] CACHE: Loading locally WeaponXM8/xm8_rail_full.bundle
[Info   :BundleManager] CACHE: Loading locally WeaponM249/mag_m249.bundle
[Info   :BundleManager] CACHE: Loading locally dd_magazine_extended_socom.bundle
[Info   :BundleManager] CACHE: Loading locally assets/content/weapons/usable_items/item_recorder/textures/client_assets.bundle
[Info   :BundleManager] CACHE: Loading locally dragonden/clothing/backpack/leopard_backpack_blue.dragonden
[Info   :BundleManager] CACHE: Loading locally Tops/artem_wttshirt.bundle
[Info   :BundleManager] CACHE: Loading locally artem_custom_helmet5.bundle
[Info   :BundleManager] CACHE: Loading locally lbt-6094-cadpat-mt.bundle
[Info   :BundleManager] CACHE: Loading locally mods/stocks/hogue_stock_grey.bundle
[Info   :BundleManager] CACHE: Loading locally cards/ttc_uncommon_unknown_key_with_note.bundle
[Info   :BundleManager] CACHE: Loading locally backpacks/item_equipment_backpack_trizip_gray.bundle
[Info   :BundleManager] CACHE: Loading locally assets/iso/iso_textures.bundle
[Info   :BundleManager] CACHE: Loading locally Item_Containers/container_lunchbox.bundle
[Info   :BundleManager] CACHE: Loading locally assets/content/items/equipment/rig_bd2_ferro/item_equipment_armor_bd2_ferro.bundle
[Info   :BundleManager] CACHE: Loading locally flashlight2_fde.bundle
[Info   :BundleManager] CACHE: Loading locally dpx/electronics_case.bundle
[Info   :BundleManager] CACHE: Loading locally cci_100rd_box.bundle
[Info   :BundleManager] CACHE: Loading locally ppshhandguard.bundle
[Info   :BundleManager] CACHE: Loading locally cards/ttc_rare_pp19_bizon_hive.bundle
[Info   :BundleManager] CACHE: Loading locally assets/content/items/infosubject/item_info_recorder/item_info_recorder_tape_labyrinth.bundle
[Info   :BundleManager] CACHE: Loading locally bottoms/pants_bear_spna_butan.bundle
[Info   :BundleManager] CACHE: Loading locally Items_Quests/quest_immortal_console.bundle
[Info   :BundleManager] CACHE: Loading locally WeaponMSBS/msbs_silencer.bundle
[Info   :BundleManager] CACHE: Loading locally artem_back6sh118.bundle
[Info   :BundleManager] CACHE: Loading locally vzwoodstock.bundle
[Info   :BundleManager] CACHE: Loading locally assets/t725/mods/barrel_t725_def.bundle
[Info   :BundleManager] CACHE: Loading locally Pants/artem_pants_10.bundle
[Info   :BundleManager] CACHE: Loading locally assets/content/items/infosubject/item_info_note/item_info_note_fax_blueice.bundle
[Info   :BundleManager] CACHE: Loading locally cards/ttc_common_sound_occlusion_update.bundle
[Info   :BundleManager] CACHE: Loading locally assets/content/items/equipment/helmet_galvion_applique/item_equipment_helmet_galvion_applique_venom_bp2.bundle
[Info   :BundleManager] CACHE: Loading locally assets/ak_requiem/akq_textures.bundle
[Info   :BundleManager] CACHE: Loading locally assets/content/items/mods/scopes/scope_base_meprolight_mepro_m21.bundle
[Info   :BundleManager] CACHE: Loading locally WeaponM249/m249_stdstock1.bundle
[Info   :BundleManager] CACHE: Loading locally assets/content/items/equipment/head_zaebtsa_cap/item_equipment_head_zaebtsa_cap_flecktarn_bp03.bundle
[Info   :BundleManager] CACHE: Loading locally tops/tshirt_bear_beer.bundle
[Info   :BundleManager] CACHE: Loading locally cards/ttc_uncommon_flashbang_yourself.bundle
[Info   :BundleManager] CACHE: Loading locally Bodywear/backpacks/arcteryx_leaf30/bag_arcteryx_assault_30l_mc.bundle
[Info   :BundleManager] CACHE: Loading locally assets/mags/mag_stanag_cod40.bundle
[Info   :BundleManager] CACHE: Loading locally assets/content/items/equipment/customizable/nvg_l3_pvs31a/nvg_l3_pvs31a.bundle
[Info   :BundleManager] CACHE: Loading locally WeaponM249/weapon_m249_container.bundle
[Info   :BundleManager] CACHE: Loading locally assets/content/audio/phrases/black_division/black_division_01/health/brokenhand.bundle
[Info   :BundleManager] CACHE: Loading locally assets/content/characters/character/prefabs/top_arena_intermediate_bear.bundle
[Info   :BundleManager] CACHE: Loading locally assets/content/characters/character/prefabs/pants_arena_bear_longdale.bundle
[Info   :BundleManager] CACHE: Loading locally WeaponMasada/masada_stock_fixed.bundle
[Info   :BundleManager] CACHE: Loading locally ModernWeaponMods/mwm_rmt400_switch.bundle
[Info   :BundleManager] CACHE: Loading locally Bodywear/armoredRigs/PERUN-6/vest_velmet_perun6_sof_mawka.bundle
[Info   :BundleManager] CACHE: Loading locally WeaponCheytacM200/m200_bipod_fde.bundle
[Info   :BundleManager] CACHE: Loading locally Bottoms/BEAR_Gladiator_S3D.bundle
[Info   :BundleManager] CACHE: Loading locally Tops/artem_tracksuityellow.bundle
[Info   :BundleManager] CACHE: Loading locally WeaponX95/x95_rail_bottom_od.bundle
[Info   :BundleManager] CACHE: Loading locally Headwear/helmets/batlskin_cobra/helmet_batlskin_cover_mtp.bundle
[Info   :BundleManager] CACHE: Loading locally bottoms/pants_shorts_green.bundle
[Info   :BundleManager] CACHE: Loading locally assets/ghost_swedish_fish.bundle
[Info   :BundleManager] CACHE: Loading locally cobrachicken.bundle
[Info   :BundleManager] CACHE: Loading locally m16_heatshield_handguard.bundle
[Info   :BundleManager] CACHE: Loading locally assets/content/items/equipment/facecover_devtac/item_equipment_facecover_devtac_gen2_green_bp2.bundle
[Info   :BundleManager] CACHE: Loading locally tops/top_bear_zaslon_musor.bundle
[Info   :BundleManager] CACHE: Loading locally dovetaillmg.bundle
[Info   :BundleManager] CACHE: Loading locally assets/content/items/mods/barrels/barrel_ar15_colt_m16_std_508mm.bundle
[Info   :BundleManager] CACHE: Loading locally dragonden/clothing/backpack/hello_kitty_bag_grey_pink.dragonden
[Info   :BundleManager] CACHE: Loading locally dragonden/clothing/backpack/tiger_backpack_purple.dragonden
[Info   :BundleManager] CACHE: Loading locally assets/superi46/mods/handguard_superi_short.bundle
[Info   :BundleManager] CACHE: Loading locally hands/hands_usec_cryeac_alpha_greek.bundle
[Info   :BundleManager] CACHE: Loading locally WeaponStaccatoXC/xc_hammer.bundle
[Info   :BundleManager] CACHE: Loading locally ace32mlok.bundle
[Info   :BundleManager] CACHE: Loading locally headwear/item_equipment_helmet_hops_ucp.bundle
[Info   :BundleManager] CACHE: Loading locally assets/content/items/infosubject/item_info_note_folder/item_info_note_envelope_opened.bundle
[Info   :BundleManager] CACHE: Loading locally cards/ttc_epic_level_1_red_keycard_pull.bundle
[Info   :BundleManager] CACHE: Loading locally WeaponMasada/masada_muzzle.bundle
[Info   :BundleManager] CACHE: Loading locally m5upper.bundle
[Info   :BundleManager] CACHE: Loading locally assets/content/items/equipment/armor_custom_thorcrv/item_equipment_armor_custom_thorcrv_skull_bp2.bundle
[Info   :BundleManager] CACHE: Loading locally Hands/Hands_BEAR_Winter_2_EMRA.bundle
[Info   :BundleManager] CACHE: Loading locally WeaponCheytacM200/m200_grip_wrapped.bundle
[Info   :BundleManager] CACHE: Loading locally assets/content/items/infosubject/item_info_note/item_info_note_unheard.bundle
[Info   :BundleManager] CACHE: Loading locally cards/ttc_rare_weapon_customizer.bundle
[Info   :BundleManager] CACHE: Loading locally dragonden/collectibles/plushies/plushie_gas_mask_bear.dragonden
[Info   :BundleManager] CACHE: Loading locally WeaponRuger57/weapon_ruger57_container.bundle
[Info   :BundleManager] CACHE: Loading locally mods/mounts/rep_acro_offset_blk.bundle
[Info   :BundleManager] CACHE: Loading locally assets/content/items/mods/handguards/handguard_ar15_colt_m16a1_std.bundle
[Info   :BundleManager] CACHE: Loading locally WeaponX95/x95_rail_l_blk.bundle
[Info   :BundleManager] CACHE: Loading locally assets/content/characters/soppo/soppo_hands.bundle
[Info   :BundleManager] CACHE: Loading locally Hands/artem_hands_51.bundle
[Info   :BundleManager] CACHE: Loading locally assets/content/items/barter/item_barter_tarko_prapor/item_barter_tarko_prapor.bundle
[Info   :BundleManager] CACHE: Loading locally assets/content/items/equipment/helmet_construction_helmet/item_equipment_construction_helmet_white.bundle
[Info   :BundleManager] CACHE: Loading locally shorthandguardlower.bundle
[Info   :BundleManager] CACHE: Loading locally slickstermcl.bundle
[Info   :BundleManager] CACHE: Loading locally assets/content/items/mods/mounts/mount_val_mod4_nb_short_rail.bundle
[Info   :BundleManager] CACHE: Loading locally salco_stim_msj6_loot.bundle
[Info   :BundleManager] CACHE: Loading locally assets/tr76/weapon_tr76_762x39_container.bundle
[Info   :BundleManager] CACHE: Loading locally Backpacks/MC_2Day.bundle
[Info   :BundleManager] CACHE: Loading locally artemtachelmet12.bundle
[Info   :BundleManager] CACHE: Loading locally assets/content/items/equipment/rig_stich_profi_plate_carrier_v2/item_equipment_rig_stich_profi_plate_carrier_v2_a-tacs_bp03.bundle
[Info   :BundleManager] CACHE: Loading locally Bodywear/armoredRigs/item_equipment_rig_tyr_tactical_pico-ds.bundle
[Info   :BundleManager] CACHE: Loading locally WeaponMasada/masada_handguard_quad_ext.bundle
[Info   :BundleManager] CACHE: Loading locally mods/ar15_handguards/dd_risiii_handguards/ris_iii_10_5u_blk.bundle
[Info   :BundleManager] CACHE: Loading locally greatone.bundle
[Info   :BundleManager] CACHE: Loading locally dragonden/quest/fuel_barrel_blue.dragonden
[Info   :BundleManager] CACHE: Loading locally mods/magazines/lancer_mags/30/l30_white.bundle
[Info   :BundleManager] CACHE: Loading locally cards/ttc_epic_scav_boss_cousin.bundle
[Info   :BundleManager] CACHE: Loading locally artem_patch20.bundle
[Info   :BundleManager] CACHE: Loading locally assets/iso/mods/silencer_iso_sil.bundle
[Info   :BundleManager] CACHE: Loading locally assets/mcw/mods/pistolgrip_mcw_snp.bundle
[Info   :BundleManager] CACHE: Loading locally assets/rockstar_sugar_free_container.bundle
[Info   :BundleManager] CACHE: Loading locally assets/content/items/mods/pistol grips/pistolgrip_ar15_tyrant_designs_chevron_grip_red.bundle
[Info   :BundleManager] CACHE: Loading locally cards/ttc_legendary_zero_to_hero_run.bundle
[Info   :BundleManager] CACHE: Loading locally assets/content/items/infosubject/item_info_note/item_info_note_from_arshavin.bundle
[Info   :BundleManager] CACHE: Loading locally Headwear/TW_Exfil_Rails/FG_Rails.bundle
[Info   :BundleManager] CACHE: Loading locally ModernWeaponMods/mwm_ak74_saiga545_tti25.bundle
[Info   :BundleManager] CACHE: Loading locally WeaponX95/x95_sight_front.bundle
[Info   :BundleManager] CACHE: Loading locally mods/ar15_muzzle_devices/kac_mams.bundle
[Info   :BundleManager] CACHE: Loading locally Tops/artem_top_19.bundle
[Info   :BundleManager] CACHE: Loading locally WeaponMK23/mk23_fs_t.bundle
[Info   :BundleManager] CACHE: Loading locally assets/content/weapons/usable_items/item_alusplint/item_alusplint_tigzresq_simple.generated.bundle
[Info   :BundleManager] CACHE: Loading locally artem_patch22.bundle
[Info   :BundleManager] CACHE: Loading locally assets/content/items/mods/mounts/mount_m_lok_arisaka_inline_scout_mount.bundle
[Info   :BundleManager] CACHE: Loading locally mods/ar15_handguards/dd_mfr_handguards/mfr10_cbt.bundle
[Info   :BundleManager] CACHE: Loading locally WeaponWagesOfSin/wos_charginghandle.bundle
[Info   :BundleManager] CACHE: Loading locally ModernWeaponMods/mwm_anchor_foregrip.bundle
[Info   :BundleManager] CACHE: Loading locally WeaponM78/m78_suppressor.bundle
[Info   :BundleManager] CACHE: Loading locally WeaponM249/m249_handguardheavy.bundle
[Info   :BundleManager] CACHE: Loading locally mods/scopes/vortex_eleanor_1_10_fde.bundle
[Info   :BundleManager] CACHE: Loading locally assets/v308/magazine_v308_762x51_20.bundle
[Info   :BundleManager] CACHE: Loading locally mods/ar15_barrels/16_in_faux_dissapator_barrel.bundle
[Info   :BundleManager] CACHE: Loading locally mods/magazines/lancer_mags/20/l20_white.bundle
[Info   :BundleManager] CACHE: Loading locally WeaponCheytacM200/weapon_cheytacm200_fde_container.bundle
[Info   :BundleManager] CACHE: Loading locally assets/content/items/equipment/facecover_ballistic_mask/item_equipment_facecover_ballistic_mask_ping.bundle
[Info   :BundleManager] CACHE: Loading locally backpacks/item_equipment_backpack_daypack_gray.bundle
[Info   :BundleManager] CACHE: Loading locally WeaponCZScorpion/cz_scorpion_charge_delta_blk.bundle
[Info   :BundleManager] CACHE: Loading locally assets/content/weapons/finka_nkvd/weapon_finka_nkvd_container.bundle
[Info   :BundleManager] CACHE: Loading locally cartridges/gb_cartridge_yellow.bundle
[Info   :BundleManager] CACHE: Loading locally cards/ttc_common_therapists_flu_epidemic.bundle
[Info   :BundleManager] CACHE: Loading locally cards/ttc_epic_questing_bots.bundle
[Info   :BundleManager] CACHE: Loading locally hands/hands_usec_carinthia_softshell_au.skin.bundle
[Info   :BundleManager] CACHE: Loading locally tops/top_bear_hawaii_light.bundle
[Info   :BundleManager] CACHE: Loading locally assets/content/items/spec/keys/item_key_quest_reshala_vremyanka.bundle
[Info   :BundleManager] CACHE: Loading locally magpulsl_tan.bundle
[Info   :BundleManager] CACHE: Loading locally WeaponMK23/mk23_comp_weight.bundle
[Info   :BundleManager] CACHE: Loading locally assets/content/items/infosubject/item_info_note/item_info_note_terminal_pumpstation.bundle
[Info   :BundleManager] CACHE: Loading locally riser6.bundle
[Info   :BundleManager] CACHE: Loading locally assets/content/items/mods/sights rear/sight_rear_all_magpul_mbus_gen2_fde_ramrem.bundle
[Info   :BundleManager] CACHE: Loading locally Weapon92fs/92fs_barrel.bundle
[Info   :BundleManager] CACHE: Loading locally WeaponCheytacM200/m200_muzzle_fde.bundle
[Info   :BundleManager] CACHE: Loading locally assets/content/items/infosubject/item_info_recorder/item_info_recorder_tape_scientist.bundle
[Info   :BundleManager] CACHE: Loading locally Ammo/50_bmg_m8_api.bundle
[Info   :BundleManager] CACHE: Loading locally assets/content/characters/character/prefabs/top_arena_bear_longdale.bundle
[Info   :BundleManager] CACHE: Loading locally cards/ttc_common_shotgun_wipe_starter.bundle
[Info   :BundleManager] CACHE: Loading locally ar18muzzle.bundle
[Info   :BundleManager] CACHE: Loading locally pgbeech.bundle
[Info   :BundleManager] CACHE: Loading locally Tops/artem_top_36.bundle
[Info   :BundleManager] CACHE: Loading locally mods/ar15_handguards/geissele_mk4_handguards/mk4_47_odg.bundle
[Info   :BundleManager] CACHE: Loading locally handguard_kpyk_crc1u020_mlok_od.bundle
[Info   :BundleManager] CACHE: Loading locally assets/grau/mods/pistolgrip_grau_cust.bundle
[Info   :BundleManager] CACHE: Loading locally Pants/artem_pants_21.bundle
[Info   :BundleManager] CACHE: Loading locally assets/content/items/infosubject/item_info_recorder/item_info_recorder_tape_startmission_day35.bundle
[Info   :BundleManager] CACHE: Loading locally fphands/top_ruaf_major_base_lod0_hands.bundle
[Info   :BundleManager] CACHE: Loading locally ModernWeaponMods/mwm_arisaka_osm_reversed.bundle
[Info   :BundleManager] CACHE: Loading locally assets/content/items/mods/sights rear/sight_rear_all_sig_flip_up_std.bundle
[Info   :BundleManager] CACHE: Loading locally assets/content/items/barter/item_barter_dogtags_preorder_02/item_barter_dogtags_preorder_02.bundle
[Info   :BundleManager] CACHE: Loading locally WeaponMSR/msr_grip.bundle
[Info   :BundleManager] CACHE: Loading locally assets/content/items/barter/item_barter_flyers/item_barter_flyers_art_01.bundle
[Info   :BundleManager] CACHE: Loading locally assets/ghost_7up_container.bundle
[Info   :BundleManager] CACHE: Loading locally mods/magnifiers/leupold_lco_low_mag_combo.bundle
[Info   :BundleManager] CACHE: Loading locally ModernWeaponMods/mwm_dfco_kungfu_grip_fde.bundle
[Info   :BundleManager] CACHE: Loading locally assets/content/items/equipment/rig_m2/item_equipment_rig_m2_winter.bundle
[Info   :BundleManager] CACHE: Loading locally assets/content/items/containers/item_container_case_kompromat/item_container_case_kompromat.bundle
[Info   :BundleManager] CACHE: Loading locally mods/ar15_handguards/geissele_mk4_handguards/mk4_13_blk.bundle
[Info   :BundleManager] CACHE: Loading locally bottoms/pants_bear_zaslon_mc.bundle
[Info   :BundleManager] CACHE: Loading locally WeaponAuto5/auto5_foregrip.bundle
[Info   :BundleManager] CACHE: Loading locally WeaponUMP9/ump9_magazine_40.bundle
[Info   :BundleManager] CACHE: Loading locally hands/hands_usec_carinthia_softshell_rg.skin.bundle
[Info   :BundleManager] CACHE: Loading locally mods/suppressors/surefire_rc3_fde.bundle
[Info   :BundleManager] CACHE: Loading locally assets/mcw/animation.bundle
[Info   :BundleManager] CACHE: Loading locally artem_back6sh118snow.bundle
[Info   :BundleManager] CACHE: Loading locally WeaponAXMC/mag_axmc_blk.bundle
[Info   :BundleManager] CACHE: Loading locally artem_lowerhalfmask1.bundle
[Info   :BundleManager] CACHE: Loading locally mods/ar15_handguards/dd_risii_handguards/ris_ii_9_5_fspl.bundle
[Info   :BundleManager] CACHE: Loading locally assets/jak12/mods/barrel_short_textures.bundle
[Info   :BundleManager] CACHE: Loading locally mods/suppressors/polo_556_fde.bundle
[Info   :BundleManager] CACHE: Loading locally assets/content/items/mods/mounts/mount_all_arms_22_scope_rings_high.bundle
[Info   :BundleManager] CACHE: Loading locally assets/content/items/infosubject/item_info_note_folder/item_info_note_book_coming_closed.bundle
[Info   :BundleManager] CACHE: Loading locally dragonden/clothing/backpack/dragon_den_sports_backpack_cyan.dragonden
[Info   :BundleManager] CACHE: Loading locally bastion_dustcover_trans.bundle
[Info   :BundleManager] CACHE: Loading locally cards/ttc_rare_invisible_backpack.bundle
[Info   :BundleManager] CACHE: Loading locally WeaponMasada/masada_handguard_dmr_fde.bundle
[Info   :BundleManager] CACHE: Loading locally WeaponMasada/masada_handguard_rahg_angled.bundle
[Info   :BundleManager] CACHE: Loading locally vz58buffer.bundle
[Info   :BundleManager] CACHE: Loading locally WeaponF2000/f2000_receiver.bundle
[Info   :BundleManager] CACHE: Loading locally Hands/Hands_USEC_PCU_MT.bundle
[Info   :BundleManager] CACHE: Loading locally assets/fssh/mods/mag_p90_fssh_57x28_50.bundle
[Info   :BundleManager] CACHE: Loading locally dqccqbsilencer.bundle
[Info   :BundleManager] CACHE: Loading locally Tops/artem_top_32.bundle
[Info   :BundleManager] CACHE: Loading locally hands/hands_usec_aggressor_parka_m81.skin.bundle
[Info   :BundleManager] CACHE: Loading locally assets/content/characters/character/prefabs/pants_arena_intermediate_usec.bundle
[Info   :BundleManager] CACHE: Loading locally ModernWeaponMods/mwm_railscales_xos.bundle
[Info   :BundleManager] CACHE: Loading locally Ammo/50_bmg_m48_tracer.bundle
[Info   :BundleManager] CACHE: Loading locally magpulsl.bundle
[Info   :BundleManager] CACHE: Loading locally coverdts.bundle
[Info   :BundleManager] CACHE: Loading locally ModernWeaponMods/mwm_ldag_foregrip_reversed.bundle
[Info   :BundleManager] CACHE: Loading locally c11lfdh.bundle
[Info   :BundleManager] CACHE: Loading locally assets/content/items/quest/item_quest_strelets_amulet/item_quest_strelets_amulet.bundle
[Info   :BundleManager] CACHE: Loading locally bipod_harris.bundle
[Info   :BundleManager] CACHE: Loading locally dragonden/container/ammo_box_green.dragonden
[Info   :BundleManager] CACHE: Loading locally assets/iso/iso_prefab.bundle
[Info   :BundleManager] CACHE: Loading locally assets/iso/iso_gen2_prefab.bundle
[Info   :BundleManager] CACHE: Loading locally assets/content/items/mods/stocks/stock_ar15_magpul_acs_carbine.bundle
[Info   :BundleManager] CACHE: Loading locally assets/mcw/mods/charge_mcw_nonrecip.bundle
[Info   :BundleManager] CACHE: Loading locally Tops/artem_top_30.bundle
[Info   :BundleManager] CACHE: Loading locally ar10_pmag_camo.bundle
[Info   :BundleManager] CACHE: Loading locally mods/magazines/lancer_mags/20/l20_trnsp_tan.bundle
[Info   :BundleManager] CACHE: Loading locally bottoms/pants_bear_srvv_coyote.bundle
[Info   :BundleManager] CACHE: Loading locally assets_new/content/items/ammo/patrons/patron_68x51_poly.bundle
[Info   :BundleManager] CACHE: Loading locally wearables/headsets/ops_amp_tan_camo.bundle
[Info   :BundleManager] CACHE: Loading locally mods/lasers/cqbl_1_blk.bundle
[Info   :BundleManager] CACHE: Loading locally assets/content/items/equipment/armband/item_equipment_armband_story_01_and_survived.bundle
[Info   :BundleManager] CACHE: Loading locally vertgrip2.bundle
[Info   :BundleManager] CACHE: Loading locally amp-headset-fg.bundle
[Info   :BundleManager] CACHE: Loading locally assaultvest1_blk.bundle
[Info   :BundleManager] CACHE: Loading locally WeaponMasada/masada_handguard_ext.bundle
[Info   :BundleManager] CACHE: Loading locally tangoscope.bundle
[Info   :BundleManager] CACHE: Loading locally assets/content/characters/character/prefabs/pants_bear_green_preppers.bundle
[Info   :BundleManager] CACHE: Loading locally assets/content/items/equipment/helmet_ulach/item_equipment_helmet_ulach_bp2_sand.bundle
[Info   :BundleManager] CACHE: Loading locally WeaponMasada/masada_handguard_keymod_mid_fde.bundle
[Info   :BundleManager] CACHE: Loading locally WeaponCarmel/carmel_railcoverright.bundle
[Info   :BundleManager] CACHE: Loading locally WeaponXM8/xm8_hg_std.bundle
[Info   :BundleManager] CACHE: Loading locally assets/grau/mods/handguard_grau_00.bundle
[Info   :BundleManager] CACHE: Loading locally assets/rip_it_gforce_container.bundle
[Info   :BundleManager] CACHE: Loading locally WeaponPitViper/weapon_pitviper_chrome_container.bundle
[Info   :BundleManager] CACHE: Loading locally cards/ttc_legendary_chad_rampage.bundle
[Info   :BundleManager] CACHE: Loading locally hands/hands_usec_softshell_hunter.skin.bundle
[Info   :BundleManager] CACHE: Loading locally ModernWeaponMods/mwm_anchor_foregrip_reversed.bundle
[Info   :BundleManager] CACHE: Loading locally Item_Containers/container_keyring.bundle
[Info   :BundleManager] CACHE: Loading locally WeaponMSBS/msbs_mag_blue.bundle
[Info   :BundleManager] CACHE: Loading locally cards/ttc_uncommon_balancing_done_right.bundle
[Info   :BundleManager] CACHE: Loading locally Backpacks/IX_Berkut.bundle
[Info   :BundleManager] CACHE: Loading locally mods/scopes/ta31_tan_red_chev.bundle
[Info   :BundleManager] CACHE: Loading locally assets/abmods/svtu/svtu_mat.bundle
[Info   :BundleManager] CACHE: Loading locally assets/t725/mods/barrel_t725_textures.bundle
[Info   :BundleManager] CACHE: Loading locally assets/content/location_objects/00_hideout/prefabs/customization/floors/floor_ending_03.bundle
[Info   :BundleManager] CACHE: Loading locally assets/content/items/mods/sights rear/sight_rear_all_arms_40_flip_up_sight.bundle
[Info   :BundleManager] CACHE: Loading locally assets/content/items/equipment/facecover_devtac_samurai/item_equipment_facecover_devtac_samurai_bp2_gold.bundle
[Info   :BundleManager] CACHE: Loading locally Clothing/Uppers/bear_leaf/top_leaf_aor1.bundle
[Info   :BundleManager] CACHE: Loading locally assets/content/items/equipment/facecover_training_mask/item_equipment_facecover_training_mask_bp2_camo.bundle
[Info   :BundleManager] CACHE: Loading locally mods/ar15_handguards/mcmr15_blk.bundle
[Info   :BundleManager] CACHE: Loading locally WeaponMK23/mk23_rs.bundle
[Info   :BundleManager] CACHE: Loading locally cards/ttc_uncommon_jaegers_letter.bundle
[Info   :BundleManager] CACHE: Loading locally mods/suppressors/deadair_wolverine_14mm.bundle
[Info   :BundleManager] CACHE: Loading locally assets/content/items/mods/scopes/scope_base_trijicon_sro_fde.bundle
[Info   :BundleManager] CACHE: Loading locally epicaio_common_textures.bundle
[Info   :BundleManager] CACHE: Loading locally Bodywear/armoredRigs/rig_6b46_emr.bundle
[Info   :BundleManager] CACHE: Loading locally assets/content/items/mods/mounts/mount_base_specter_trijicon_mounting_plate.bundle
[Info   :BundleManager] CACHE: Loading locally velo_handguard.bundle
[Info   :BundleManager] CACHE: Loading locally WeaponGrizzly/grizzly_barrel_threaded.bundle
[Info   :BundleManager] CACHE: Loading locally eley_sport_box.bundle
[Info   :BundleManager] CACHE: Loading locally backpacks/item_equipment_backpack_gr99t30_klmk.bundle
[Info   :BundleManager] CACHE: Loading locally assets/content/items/equipment/helmet_construction_helmet/item_equipment_construction_helmet_orange.bundle
[Info   :BundleManager] CACHE: Loading locally mods/ar15_handguards/dd_risii_handguards/ris_ii_12_25_black.bundle
[Info   :BundleManager] CACHE: Loading locally p30rmrplate.bundle
[Info   :BundleManager] CACHE: Loading locally mods/suppressors/cgs_sci_supp_gry.bundle
[Info   :BundleManager] CACHE: Loading locally Bodywear/armoredRigs/JPC/rig_crye_jpc_coyote.bundle
[Info   :BundleManager] CACHE: Loading locally armor/item_equipment_armor_korundvm_partizan.bundle
[Info   :BundleManager] CACHE: Loading locally assets/mcw/mods/handguard_mcw_hvyshort2.bundle
[Info   :BundleManager] CACHE: Loading locally dragonden/clothing/backpack/hello_kitty_bag_yellow.dragonden
[Info   :BundleManager] CACHE: Loading locally cards/ttc_rare_lighthouse_treatment_overwatch.bundle
[Info   :BundleManager] CACHE: Loading locally tops/top_usec_u2_est.bundle
[Info   :BundleManager] CACHE: Loading locally Tops/BEAR_SPN_S3D.bundle
[Info   :BundleManager] CACHE: Loading locally assets/stalker_container.bundle
[Info   :BundleManager] CACHE: Loading locally Hands/artem_hands_34.bundle
[Info   :BundleManager] CACHE: Loading locally assets/superi46/mods/barrel_superi_short.bundle
[Info   :BundleManager] CACHE: Loading locally artemvest9.bundle
[Info   :BundleManager] CACHE: Loading locally mods/mounts/trijicon_rx01_pic_mount.bundle
[Info   :BundleManager] CACHE: Loading locally assets/content/items/mods/stocks/stock_ar15_colt_m16a1_type_7.bundle
[Info   :BundleManager] CACHE: Loading locally Hands/Hands_USEC_Winter_MT.bundle
[Info   :BundleManager] CACHE: Loading locally artem_scrim4.bundle
[Info   :BundleManager] CACHE: Loading locally assets/jak12/mods/mount_jak12_side_3.bundle
[Info   :BundleManager] CACHE: Loading locally cards/ttc_rare_forgot_extract_timer.bundle
[Info   :BundleManager] CACHE: Loading locally cards/ttc_rare_guy_on_the_stairs.bundle
[Info   :BundleManager] CACHE: Loading locally ar18hgm.bundle
[Info   :BundleManager] CACHE: Loading locally ar_split_handguard.bundle
[Info   :BundleManager] CACHE: Loading locally ModernWeaponMods/mwm_mi_mcx_virtus_105_mlok_fde.bundle
[Info   :BundleManager] CACHE: Loading locally assets/content/items/equipment/glasses_red_charm/item_equipment_glasses_red_charm_bp2_wht.bundle
[Info   :BundleManager] CACHE: Loading locally ModernWeaponMods/mwm_moe_slk_stock_od.bundle
[Info   :BundleManager] CACHE: Loading locally Tops/USEC_PCU_UCON.bundle
[Info   :BundleManager] CACHE: Loading locally mods/suppressors/b&t_rbs_c_762_sf.bundle
[Info   :BundleManager] CACHE: Loading locally Attachments/ms2000_helmet.bundle
[Info   :BundleManager] CACHE: Loading locally assets/type64smg/ammo/patron_762x25tt_ap.bundle
[Info   :BundleManager] CACHE: Loading locally cr920p-barrel.bundle
[Info   :BundleManager] CACHE: Loading locally artemtacticalvest4.bundle
[Info   :BundleManager] CACHE: Loading locally assets_new/content/items/ammo/patrons/patron_762x51_DUDS.bundle
[Info   :BundleManager] CACHE: Loading locally assets/mcw/mods/barrel_mcw_marksman.bundle
[Info   :BundleManager] CACHE: Loading locally Items_Quests/quest_antiquepistolcase.bundle
[Info   :BundleManager] CACHE: Loading locally assets/content/items/mods/handguards/handguard_mcx_sig_mcx_gen1_105_inch.bundle
[Info   :BundleManager] CACHE: Loading locally assets/content/items/spec/item_keycard_lab/item_keycard_icebreaker_tech.bundle
[Info   :BundleManager] CACHE: Loading locally assets/content/items/mods/recievers/reciever_ar15_radian_model1_std.bundle
[Info   :BundleManager] CACHE: Loading locally assets/grau/mods/receiver_grau_556.bundle
[Info   :BundleManager] CACHE: Loading locally backpacks/item_equipment_backpack_mystery_ranch_est.bundle
[Info   :BundleManager] CACHE: Loading locally assets/content/items/barter/item_equipment_headset_comtac_6_black_bp03/item_equipment_headset_comtac_6_black_bp03_exfil.bundle
[Info   :BundleManager] CACHE: Loading locally WeaponCZScorpion/cz_acr.bundle
[Info   :BundleManager] CACHE: Loading locally assets/content/items/mods/barrels/barrel_mdr_dt_mdrx_508mm_556x45.bundle
[Info   :BundleManager] CACHE: Loading locally chestrigs/item_equipment_rig_cryeavs_mcblack.bundle
[Info   :BundleManager] CACHE: Loading locally WeaponXM109/xm109_cheekrest.bundle
[Info   :BundleManager] CACHE: Loading locally chestrigs/item_equipment_rig_bae_rbav_aor.bundle
[Info   :BundleManager] CACHE: Loading locally WeaponWagesOfSin/black/wos_muzzle_black.bundle
[Info   :BundleManager] CACHE: Loading locally mods/scopes/ta31_tan_red_300.bundle
[Info   :BundleManager] CACHE: Loading locally ModernWeaponMods/mwm_omm_longboard_front_fde.bundle
[Info   :BundleManager] CACHE: Loading locally mods/ar15_handguards/urx4_145_blk.bundle
[Info   :BundleManager] CACHE: Loading locally WeaponCZ75/cz75_magazine.bundle
[Info   :BundleManager] CACHE: Loading locally assets/content/characters/character/prefabs/pants_bd_team_leader_01.bundle
[Info   :BundleManager] CACHE: Loading locally aaslide.bundle
[Info   :BundleManager] CACHE: Loading locally WeaponXM8/xm8_hg_lmg_fde.bundle
[Info   :BundleManager] CACHE: Loading locally assets/content/items/mods/mounts/mount_zenit_zenit_b2u.bundle
[Info   :BundleManager] CACHE: Loading locally assets/content/characters/character/prefabs/pants_usec_summerset_g4.bundle
[Info   :BundleManager] CACHE: Loading locally WeaponKACPDW/kacpdw_stock.bundle
[Info   :BundleManager] CACHE: Loading locally eley_sport.bundle
[Info   :BundleManager] CACHE: Loading locally ModernWeaponMods/mwm_magpul_mlok_railcover_t2_short.bundle
[Info   :BundleManager] CACHE: Loading locally assets/content/location_objects/00_hideout/prefabs/customization/ceilings/ceiling_echo_of_battle.bundle
[Info   :BundleManager] CACHE: Loading locally WeaponDragunov/svdpolymerstockgreen.bundle
[Info   :BundleManager] CACHE: Loading locally tphd.bundle
[Info   :BundleManager] CACHE: Loading locally assets/content/items/containers/recycled_fak.bundle
[Info   :BundleManager] CACHE: Loading locally assets/content/items/equipment/facecover_strikeball_mask/item_equipment_facecover_strikeball_mask_white_bp2.bundle
[Info   :BundleManager] CACHE: Loading locally assets/rpkn/weapon_rpkn_762x39_container.bundle
[Info   :BundleManager] CACHE: Loading locally mods/suppressors/deadair_wolverine_keymount.bundle
[Info   :BundleManager] CACHE: Loading locally assets/content/items/equipment/armband/item_equipment_armband_story_04_for_humanity.bundle
[Info   :BundleManager] CACHE: Loading locally assets/fssh/fssh_sound.bundle
[Info   :BundleManager] CACHE: Loading locally assets/content/items/equipment/glasses_perforated/item_equipment_glasses_perforated_bp2_blu.bundle
[Info   :BundleManager] CACHE: Loading locally Hands/Hands_USEC_DeadlyFrogBlack.bundle
[Info   :BundleManager] CACHE: Loading locally clothing/adawong_sweater_hands.bundle
[Info   :BundleManager] CACHE: Loading locally WeaponM76/m76rs.bundle
[Info   :BundleManager] CACHE: Loading locally cards/ttc_uncommon_skip_the_grind.bundle
[Info   :BundleManager] CACHE: Loading locally assets/t725/t725_textures.bundle
[Info   :BundleManager] CACHE: Loading locally assets/content/characters/character/prefabs/pants_usec_winterset_2.bundle
[Info   :BundleManager] CACHE: Loading locally assets/content/items/infosubject/item_info_note_folder/item_info_note_folder_closed_cardboard_state.bundle
[Info   :BundleManager] CACHE: Loading locally dragonden/collectibles/cars/car_zegato.dragonden
[Info   :BundleManager] CACHE: Loading locally assets/content/items/equipment/backpack_bd_mystery_ranch_2day/item_equipment_backpack_bd_mystery_ranch_2day.bundle
[Info   :BundleManager] CACHE: Loading locally flatgrip1.bundle
[Info   :BundleManager] CACHE: Loading locally mods/mounts/mro_tall.bundle
[Info   :BundleManager] CACHE: Loading locally WeaponCheytacM200/m200_magazine_lrg.bundle
[Info   :BundleManager] CACHE: Loading locally Bodywear/armoredRigs/LV120/item_equipment_spiritus_lv120_goons.bundle
[Info   :BundleManager] CACHE: Loading locally assets/content/items/equipment/armor_6b45/item_equipment_armor_6b45.bundle
[Info   :BundleManager] CACHE: Loading locally assets/content/items/infosubject/item_info_note/item_info_note_bluefire_mchs.bundle
[Info   :BundleManager] CACHE: Loading locally cards/ttc_epic_woods_redesign.bundle
[Info   :BundleManager] CACHE: Loading locally t81mag5.bundle
[Info   :BundleManager] CACHE: Loading locally dragonden/quest/propane_tank_long_grey.dragonden
[Info   :BundleManager] CACHE: Loading locally assets/content/items/mods/muzzle/muzzle_mp7_surefire_sf3p_556_mp7_flash_hider_46x30.bundle
[Info   :BundleManager] CACHE: Loading locally WeaponMSBS/msbs_standard_handguard_fde.bundle
[Info   :BundleManager] CACHE: Loading locally assets/ol277/ol277_mat.bundle
[Info   :BundleManager] CACHE: Loading locally Headwear/helmets/ate_hhv_helmet/helmet_hhv_tan.bundle
[Info   :BundleManager] CACHE: Loading locally assets/content/hands/alltheclothes/hands_boss_killa.skin.bundle
[Info   :BundleManager] CACHE: Loading locally tops/top_tshirt_u_urban.bundle
[Info   :BundleManager] CACHE: Loading locally WeaponMasada/masada_handguard_micro_minimalist.bundle
[Info   :BundleManager] CACHE: Loading locally ModernWeaponMods/mwm_omm_shortboard_front.bundle
[Info   :BundleManager] CACHE: Loading locally WeaponM249/stock_moe_m249.bundle
[Info   :BundleManager] CACHE: Loading locally assets/content/items/equipment/rig_spiritus_icebreaker/item_equipment_armor_spiritus_icebreaker.bundle
[Info   :BundleManager] CACHE: Loading locally assets/content/characters/character/prefabs/top_usec_hawaii_02.bundle
[Info   :BundleManager] CACHE: Loading locally dragonden/clothing/backpack/leopard_backpack_white.dragonden
[Info   :BundleManager] CACHE: Loading locally assets/superi46/mods/barrel_superi_default.bundle
[Info   :BundleManager] CACHE: Loading locally assets/type64smg/mods/magazine_type64_poly
[Info   :BundleManager] CACHE: Loading locally WeaponPMM12/pmm_laser.bundle
[Info   :BundleManager] CACHE: Loading locally cards/ttc_rare_rogue_alliance.bundle
[Info   :BundleManager] CACHE: Loading locally assets/tr76/weapon_tr75_545x39_container.bundle
[Info   :BundleManager] CACHE: Loading locally mods/stocks/prs_lite_blk.bundle
[Info   :BundleManager] CACHE: Loading locally assets/content/items/infosubject/item_info_recorder/item_info_recorder_tape_voevoda_01.bundle
[Info   :BundleManager] CACHE: Loading locally Gear_Belts/belt_medic_assault.bundle
[Info   :BundleManager] CACHE: Loading locally mods/ar15_handguards/dd_risii_handguards/ris_ii_12_5_fsp.bundle
[Info   :BundleManager] CACHE: Loading locally assets/mags/mag_stanag_cod20.bundle
[Info   :BundleManager] CACHE: Loading locally dragonden/quest/detonator_electrical.dragonden
[Info   :BundleManager] CACHE: Loading locally tims.bundle
[Info   :BundleManager] CACHE: Loading locally assets/content/items/infosubject/item_info_note/item_info_note_order_stopactivities.bundle
[Info   :BundleManager] CACHE: Loading locally assets/content/items/mods/handguards/handguard_sr3m_karden_railed_handguard.bundle
[Info   :BundleManager] CACHE: Loading locally assets/mcw/weapon_mcw_snp_556x45_container.bundle
[Info   :BundleManager] CACHE: Loading locally glock17stendo.bundle
[Info   :BundleManager] CACHE: Loading locally barter/bebop_record.bundle
[Info   :BundleManager] CACHE: Loading locally WeaponMasada/masada_handguard_quad_ext_fde.bundle
[Info   :BundleManager] CACHE: Loading locally assets/content/items/equipment/helmet_crye_airframe_chops/item_equipment_helmet_crye_airframe_chops_shark_bp03.bundle
[Info   :BundleManager] CACHE: Loading locally assets/content/items/infosubject/item_info_note/item_info_note_mention_plan_obelisk.bundle
[Info   :BundleManager] CACHE: Loading locally Hands/artem_hands_26.bundle
[Info   :BundleManager] CACHE: Loading locally mods/mounts/micro_offset.bundle
[Info   :BundleManager] CACHE: Loading locally assets/content/items/mods/sights rear/sight_rear_all_magpul_mbus_gen2_anime3.bundle
[Info   :BundleManager] CACHE: Loading locally dragonden/weaponparts/silencers/dragon_iv_cloth_silencer_purple.dragonden
[Info   :BundleManager] CACHE: Loading locally assets/isoh/textures.bundle
[Info   :BundleManager] CACHE: Loading locally WeaponMSR/weapon_msr_container.bundle
[Info   :BundleManager] CACHE: Loading locally assets/tr76/tr76_audio.bundle
[Info   :BundleManager] CACHE: Loading locally 12ga_brass.bundle
[Info   :BundleManager] CACHE: Loading locally WeaponMSR/msr_singleport.bundle
[Info   :BundleManager] CACHE: Loading locally mods/ar15_handguards/urx4_10_tan.bundle
[Info   :BundleManager] CACHE: Loading locally artem_headphones7.bundle
[Info   :BundleManager] CACHE: Loading locally WeaponXM109/xm109_barrel_short.bundle
[Info   :BundleManager] CACHE: Loading locally WeaponStaccatoXC/xc_slide.bundle
[Info   :BundleManager] CACHE: Loading locally mag275.bundle
[Info   :BundleManager] CACHE: Loading locally mods/ar15_handguards/dd_risiii_handguards/ris_iii_10_5l_fde.bundle
[Info   :BundleManager] CACHE: Loading locally mods/ar15_handguards/geissele_mk16_handguards/geissele_smr_mk16_9_5_blk.bundle
[Info   :BundleManager] CACHE: Loading locally mods/ar15_barrels/ar15_8_5.bundle
[Info   :BundleManager] CACHE: Loading locally backpacks/item_equipment_backpack_daypack_flektarn.bundle
[Info   :BundleManager] CACHE: Loading locally assets/monster_guava_container.bundle
[Info   :BundleManager] CACHE: Loading locally WeaponHenryBBS/henry_stockpart.bundle
[Info   :BundleManager] CACHE: Loading locally WeaponA545/a545_muzzle.bundle
[Info   :BundleManager] CACHE: Loading locally WeaponMasada/masada_barrel.bundle
[Info   :BundleManager] CACHE: Loading locally mods/ar15_handguards/hogue_handguards/hogue_15_inch_hg_gray.bundle
[Info   :BundleManager] CACHE: Loading locally p30barrel.bundle
[Info   :BundleManager] CACHE: Loading locally assets/content/items/infosubject/item_info_quest_flight_recorder/item_info_quest_flight_recorder.bundle
[Info   :BundleManager] CACHE: Loading locally carryhandlecamo.bundle
[Info   :BundleManager] CACHE: Loading locally assets/mags/mag_ak_drum_762x39_100.bundle
[Info   :BundleManager] CACHE: Loading locally assets/content/items/mods/sights rear/sight_rear_all_sig_flip_up_anti.bundle
[Info   :BundleManager] CACHE: Loading locally assets/bal27/mods/barrel_bal27_heavy.bundle
[Info   :BundleManager] CACHE: Loading locally mods/magazines/pufgun_556_30rd_blk.bundle
[Info   :BundleManager] CACHE: Loading locally assets/content/characters/character/prefabs/top_civilian_port_yellowcoat_orange.bundle
[Info   :BundleManager] CACHE: Loading locally assets/content/items/equipment/facecover_gasmask_gentex_ops_core_sotr/item_equipment_facecover_gasmask_gentex_ops_core_sotr.bundle
[Info   :BundleManager] CACHE: Loading locally sightmount180.bundle
[Info   :BundleManager] CACHE: Loading locally bottoms/pants_usec_cryeac_alpha_mm14.bundle
[Info   :BundleManager] CACHE: Loading locally WeaponKACPDW/kacpdw_receiver.bundle
[Info   :BundleManager] CACHE: Loading locally cards/ttc_secret_kappa_container_mock_up.bundle
[Info   :BundleManager] CACHE: Loading locally WeaponCZScorpion/cz_scorpion_handguard.bundle
[Info   :BundleManager] CACHE: Loading locally dragonden/clothing/backpack/dragon_den_sports_backpack_lime.dragonden
[Info   :BundleManager] CACHE: Loading locally assets/content/items/equipment/helmet_crye_airframe_chops/item_equipment_helmet_crye_airframe_ears_mesh_green_bp03.bundle
[Info   :BundleManager] CACHE: Loading locally assets/content/hands/alltheclothes/hands_boss_tagilla.skin.bundle
[Info   :BundleManager] CACHE: Loading locally Ammo/patron_25x59_ap.bundle
[Info   :BundleManager] CACHE: Loading locally assets_new/content/items/ammo/patrons/patron_9x19_thv.bundle
[Info   :BundleManager] CACHE: Loading locally silencer2.bundle
[Info   :BundleManager] CACHE: Loading locally mods/ar15_handguards/mcmr7_fde.bundle
[Info   :BundleManager] CACHE: Loading locally mods/ar15_handguards/hogue_handguards/hogue_15_inch_hg_black.bundle
[Info   :BundleManager] CACHE: Loading locally assets/content/items/infosubject/item_info_recorder/item_info_recorder_tape_igor_01.bundle
[Info   :BundleManager] CACHE: Loading locally cr920p-weapon.bundle
[Info   :BundleManager] CACHE: Loading locally Hands/artem_hands_47.bundle
[Info   :BundleManager] CACHE: Loading locally ModernWeaponMods/mwm_ak_test_magwell.bundle
[Info   :BundleManager] CACHE: Loading locally Hands/Hands_USEC_Winter_MC.bundle
[Info   :BundleManager] CACHE: Loading locally artem_custom_helmet1.bundle
[Info   :BundleManager] CACHE: Loading locally assets/content/items/mods/stocks/stock_rpd_ds_arms_rpd_lower_frame.bundle
[Info   :BundleManager] CACHE: Loading locally artem_headphones3.bundle
[Info   :BundleManager] CACHE: Loading locally assets/content/weapons/usable_items/item_alusplint/item_alusplint_tigzresq_container.bundle
[Info   :BundleManager] CACHE: Loading locally mods/rail_covers/kac_rail_cover.bundle
[Info   :BundleManager] CACHE: Loading locally assets/content/hands/hands_arena_rusguard_6/hands_arena_rusguard_6_v1.skin.bundle
[Info   :BundleManager] CACHE: Loading locally Headwear/helmets/opscore_xp/helmet_fast_xp_cover_mcblk.bundle
[Info   :BundleManager] CACHE: Loading locally mods/ar15_muzzle_devices/kac_triple_tap_fh.bundle
[Info   :BundleManager] CACHE: Loading locally assets/mcw/mods/textures_000.bundle
[Info   :BundleManager] CACHE: Loading locally backpacks/item_equipment_backpack_lbt1476a_slick_aor1.bundle
[Info   :BundleManager] CACHE: Loading locally mods/magazines/lancer_mags/30/l30_purple.bundle
[Info   :BundleManager] CACHE: Loading locally bcm_handguard_fde.bundle
[Info   :BundleManager] CACHE: Loading locally assets/content/items/equipment/head_ushanka_dmnt/item_equipment_head_ushanka_dmnt_white.bundle
[Info   :BundleManager] CACHE: Loading locally cards/ttc_common_scavenger_back_alley_loot_rat.bundle
[Info   :BundleManager] CACHE: Loading locally clothing/oldsnakefortnite_hands.bundle
[Info   :BundleManager] CACHE: Loading locally headset-pad-rubber.bundle
[Info   :BundleManager] CACHE: Loading locally assets/content/items/equipment/rig_bearing/item_equipment_rig_bearing_dnc_green_bp03.bundle
[Info   :BundleManager] CACHE: Loading locally eley_tenex.bundle
[Info   :BundleManager] CACHE: Loading locally acegas.bundle
[Info   :BundleManager] CACHE: Loading locally artem_helmetcover3.bundle
[Info   :BundleManager] CACHE: Loading locally assets/content/items/mods/handguards/handguard_416_cgnl_nl545_105_inch_fde.bundle
[Info   :BundleManager] CACHE: Loading locally assets/content/items/spec/item_keycard_lab/item_keycard_quest_rfid_unknown.bundle
[Info   :BundleManager] CACHE: Loading locally assets/content/items/infosubject/item_info_flash_card_ap_sticker.bundle
[Info   :BundleManager] CACHE: Loading locally assets/content/items/spec/item_keycard_lab/item_keycard_quest_master_lab.bundle
[Info   :BundleManager] CACHE: Loading locally WeaponMK23/weapon_mk23_container.bundle
[Info   :BundleManager] CACHE: Loading locally assets/dbr/mods/stock_dbr_tactical.bundle
[Info   :BundleManager] CACHE: Loading locally mods/ar15_handguards/geissele_mk8_handguards/mk8_15_ddc.bundle
[Info   :BundleManager] CACHE: Loading locally mods/stocks/magpul_dt_pr_blk.bundle
[Info   :BundleManager] CACHE: Loading locally assets/rpkn/mods/bipod_rpkn.bundle
[Info   :BundleManager] CACHE: Loading locally cards/ttc_uncommon_shturman_woods_predator.bundle
[Info   :BundleManager] CACHE: Loading locally assets/content/items/mods/handguards/handguard_ar15_strike_industries_gridlok_11_inch_m_lok.bundle
[Info   :BundleManager] CACHE: Loading locally assets/superi46/mods/barrel_superi_long.bundle
[Info   :BundleManager] CACHE: Loading locally WeaponAK5C/ak5c_ergogrip.bundle
[Info   :BundleManager] CACHE: Loading locally Tops/artem_top_1.bundle
[Info   :BundleManager] CACHE: Loading locally assets/content/characters/character/prefabs/top_arena_rusguard_3_icedragon.bundle
[Info   :BundleManager] CACHE: Loading locally tops/top_usec_orc_pcu_snowdrift.bundle
[Info   :BundleManager] CACHE: Loading locally cards/ttc_uncommon_mag_dumper.bundle
[Info   :BundleManager] CACHE: Loading locally WeaponCZScorpion/cz_scorpion_barrel_5.bundle
[Info   :BundleManager] CACHE: Loading locally assets/longbow/mods/charge_longbow_bolt.bundle
[Info   :BundleManager] CACHE: Loading locally ar_handguard.bundle
[Info   :BundleManager] CACHE: Loading locally comtac6-dnc.bundle
[Info   :BundleManager] CACHE: Loading locally assets/jak12/mods/muzzle_jak12_12g
[Info   :BundleManager] CACHE: Loading locally assets/content/items/mods/foregrips/foregrip_all_irbis_gun_30al.bundle
[Info   :BundleManager] CACHE: Loading locally WeaponAEK/aek_frontassembly_plum.bundle
[Info   :BundleManager] CACHE: Loading locally cr920p-rear-sight.bundle
[Info   :BundleManager] CACHE: Loading locally cards/ttc_epic_killa_and_tagilla_factory_showdown.bundle
[Info   :BundleManager] CACHE: Loading locally Bodywear/backpacks/Bergan/backpack_f2_bergan.bundle
[Info   :BundleManager] CACHE: Loading locally WeaponPSARock57/rock57_barrel.bundle
[Info   :BundleManager] CACHE: Loading locally cards/ttc_uncommon_onepeg_patch_breakdown.bundle
[Info   :BundleManager] CACHE: Loading locally tops/top_tshirt_u_ucp.bundle
[Info   :BundleManager] CACHE: Loading locally assets/mcw/mods/barrel_mcw_hvyshort3.bundle
[Info   :BundleManager] CACHE: Loading locally assets/content/items/mods/recievers/reciever_ar15_colt_m16a1e1_std.bundle
[Info   :BundleManager] CACHE: Loading locally tops/top_tshirt_u_mm14.bundle
[Info   :BundleManager] CACHE: Loading locally u100boxmag.bundle
[Info   :BundleManager] CACHE: Loading locally assets/dg56/mods/stock_dg56_reduc.bundle
[Info   :BundleManager] CACHE: Loading locally dragonden/weaponparts/buttstocks/battlelink_minimalist_stock_tan.dragonden
[Info   :BundleManager] CACHE: Loading locally assets/content/items/meds/item_meds_drugs_potassium_iodide/item_meds_drugs_potassium_iodide.bundle
[Info   :BundleManager] CACHE: Loading locally tops/top_tshirt_u_estd.bundle
[Info   :BundleManager] CACHE: Loading locally assets/content/items/equipment/helmet_maska_1sh/item_equipment_helmet_maska_1sh_vida.bundle
[Info   :BundleManager] CACHE: Loading locally mods/scopes/mgo_50_hs.bundle
[Info   :BundleManager] CACHE: Loading locally assets/grau/mods/barrel_grau_hg550.bundle
[Info   :BundleManager] CACHE: Loading locally cards/ttc_rare_as_val_silent_hunter.bundle
[Info   :BundleManager] CACHE: Loading locally armor/item_equipment_armor_kora_kulon_flora.bundle
[Info   :BundleManager] CACHE: Loading locally WeaponPMM12/pmm_slide_comp.bundle
[Info   :BundleManager] CACHE: Loading locally assets/content/characters/character/prefabs/top_bear_sumrak_reverse_side.bundle
[Info   :BundleManager] CACHE: Loading locally WeaponM1894DarkTracker/1894_mount.bundle
[Info   :BundleManager] CACHE: Loading locally assets/content/items/mods/sights_rear/sight_rear_ar15_colt_carry_hande_std.bundle
[Info   :BundleManager] CACHE: Loading locally hands/hands_bear_ghostmarksman_winter.skin.bundle
[Info   :BundleManager] CACHE: Loading locally assets/content/items/mods/muzzle/muzzle_ar15_lantac_dgn556b_muzzle_brake_556x45.bundle
[Info   :BundleManager] CACHE: Loading locally WeaponCZScorpion/weapon_cz_scorpion_container.bundle
[Info   :BundleManager] CACHE: Loading locally ModernWeaponMods/mwm_magpul_xtm_handstop_kit_od.bundle
[Info   :BundleManager] CACHE: Loading locally assets/content/characters/character/prefabs/head_civilian_2.bundle
[Info   :BundleManager] CACHE: Loading locally ModernWeaponMods/mwm_badger_jarm45_fde.bundle
[Info   :BundleManager] CACHE: Loading locally dragonden/collectibles/pokeball.dragonden
[Info   :BundleManager] CACHE: Loading locally cards/ttc_legendary_prapor_punisher_part_6.bundle
[Info   :BundleManager] CACHE: Loading locally 34barrelthreaded.bundle
[Info   :BundleManager] CACHE: Loading locally mods/ak/hogue_ak_pgrip_spec_green.bundle
[Info   :BundleManager] CACHE: Loading locally t81zenit.bundle
[Info   :BundleManager] CACHE: Loading locally assets/content/items/mods/sights rear/sight_rear_all_sig_flip_up_ramrem.bundle
[Info   :BundleManager] CACHE: Loading locally Bottoms/Usec_SpecOps_MT.bundle
[Info   :BundleManager] CACHE: Loading locally mods/scopes/nightforce_atacr_4-16x_f1.bundle
[Info   :BundleManager] CACHE: Loading locally Hands/artem_hands_41.bundle
[Info   :BundleManager] CACHE: Loading locally assets/content/items/infosubject/item_info_note/item_info_note_newspaper_9th_krug_14_circle.bundle
[Info   :BundleManager] CACHE: Loading locally assets/rockstar_sugar_free.bundle
[Info   :BundleManager] CACHE: Loading locally WeaponDragunov/svdwoodenhandguardgreen.bundle
[Info   :BundleManager] CACHE: Loading locally assets/content/items/mods/stocks/stock_all_magpul_ucs_fde.bundle
[Info   :BundleManager] CACHE: Loading locally dd_magazine_socom.bundle
[Info   :BundleManager] CACHE: Loading locally mods/suppressors/prt_mcq_fde.bundle
[Info   :BundleManager] CACHE: Loading locally Headwear/headsets/headset_opscore_amp_fde.bundle
[Info   :BundleManager] CACHE: Loading locally WeaponM107/m107_recoilpad_micro.bundle
[Info   :BundleManager] CACHE: Loading locally assets/iso/mods/textures_hvy.bundle
[Info   :BundleManager] CACHE: Loading locally assets/content/items/equipment/helmet_crye_airframe_chops/item_equipment_helmet_crye_airframe_chops_snake_skin_bp03.bundle
[Info   :BundleManager] CACHE: Loading locally WeaponSA01/sa01_rear.bundle
[Info   :BundleManager] CACHE: Loading locally WeaponPM9/pm9_barrel_shortened.bundle
[Info   :BundleManager] CACHE: Loading locally assets/cqa/cqa_prefab.bundle
[Info   :BundleManager] CACHE: Loading locally artem_helmet_warrior.bundle
[Info   :BundleManager] CACHE: Loading locally bottoms/pants_security_gorka4_tibet.bundle
[Info   :BundleManager] CACHE: Loading locally Posters/poster_bebop_2.bundle
[Info   :BundleManager] CACHE: Loading locally mods/hk/hk_smr_10_5_ddc.bundle
[Info   :BundleManager] CACHE: Loading locally assets/longbow/mods/muzzle_ak103_longbow_762x39.bundle
[Info   :BundleManager] CACHE: Loading locally assets/content/audio/phrases/soppo_voice.bundle
[Info   :BundleManager] CACHE: Loading locally cards/ttc_uncommon_usec_operator_contractor_blue.bundle
[Info   :BundleManager] CACHE: Loading locally artem_patch2.bundle
[Info   :BundleManager] CACHE: Loading locally tops/top_usec_cereum_white.bundle
[Info   :BundleManager] CACHE: Loading locally mods/ar15_handguards/geissele_mk16_handguards/geissele_smr_mk16_13_5_blk.bundle
[Info   :BundleManager] CACHE: Loading locally assets/dg56/mods/barrel_dg56_hvylong.bundle
[Info   :BundleManager] CACHE: Loading locally assets/content/audio/phrases/bear_05_nikita_voice.bundle
[Info   :BundleManager] CACHE: Loading locally mods/suppressors/mcq_cover_fde.bundle
[Info   :BundleManager] CACHE: Loading locally WeaponMK23/mk23_rail_adapter.bundle
[Info   :BundleManager] CACHE: Loading locally assets/content/characters/character/prefabs/top_arena_rusguard_1_whitevoron.bundle
[Info   :BundleManager] CACHE: Loading locally mods/ar15_handguards/midwest_nf_9_25.bundle
[Info   :BundleManager] CACHE: Loading locally textures/am180tex2.bundle
[Info   :BundleManager] CACHE: Loading locally tops/top_usec_chameleon_softshell_nfp.bundle
[Info   :BundleManager] CACHE: Loading locally cards/ttc_uncommon_jaeger_the_huntsman_path.bundle
[Info   :BundleManager] CACHE: Loading locally mods/suppressors/rotex_c_gry.bundle
[Info   :BundleManager] CACHE: Loading locally mods/ak/sag_mk3_tan.bundle
[Info   :BundleManager] CACHE: Loading locally ar18stock.bundle
[Info   :BundleManager] CACHE: Loading locally chestrigs/item_equipment_rig_1961_vegetato.bundle
[Info   :BundleManager] CACHE: Loading locally WeaponPitViper/viper_slide.bundle
[Info   :BundleManager] CACHE: Loading locally assaulthelmet_2_blk_v2.bundle
[Info   :BundleManager] CACHE: Loading locally assets/fssh/weapon_fssh_57x28_container.bundle
[Info   :BundleManager] CACHE: Loading locally mods/suppressors/prt_supp_fde.bundle
[Info   :BundleManager] CACHE: Loading locally tgc_silencer.bundle
[Info   :BundleManager] CACHE: Loading locally assets/isoh/mods/mount_isoh_side_hvy.bundle
[Info   :BundleManager] CACHE: Loading locally assets/isoh/mods/stock_isoh_lgt.bundle
[Info   :BundleManager] CACHE: Loading locally assets/katt_amr/mods/stock_katt_amr_precision.bundle
[Info   :BundleManager] CACHE: Loading locally WeaponSA01/sa01_container.bundle
[Info   :BundleManager] CACHE: Loading locally assets/jakm4/mods/reciever_ar15_jak.bundle
[Info   :BundleManager] CACHE: Loading locally assets/content/items/mods/handguards/handguard_ar10_kac_sr25_urx_31_135_inch.bundle
[Info   :BundleManager] CACHE: Loading locally WeaponCheytacM200/weapon_cheytacm200_container.bundle
[Info   :BundleManager] CACHE: Loading locally WeaponRO991/lafrance_barrel.bundle
[Info   :BundleManager] CACHE: Loading locally WeaponAXMC/charge_ax_accuracy_internation_axmc_86x70.bundle
[Info   :BundleManager] CACHE: Loading locally mods/scopes/nightforce_nxs_3_5_25.bundle
[Info   :BundleManager] CACHE: Loading locally assets/content/characters/character/alltheclothes/top_boss_birdeye_alt.skin.bundle
[Info   :BundleManager] CACHE: Loading locally assets/tr76/mods/handguard_tr76_long.bundle
[Info   :BundleManager] CACHE: Loading locally assets/type64smg/mods/reciever_type64_lsg
[Info   :BundleManager] CACHE: Loading locally cards/ttc_rare_ai_friend_human_enemy.bundle
[Info   :BundleManager] CACHE: Loading locally assets/content/items/mods/charges/charge_ar15_precision_reflex_m84_gas_buster_w_military_latch.bundle
[Info   :BundleManager] CACHE: Loading locally msa-sordins-dnc-black.bundle
[Info   :BundleManager] CACHE: Loading locally u100bipod.bundle
[Info   :BundleManager] CACHE: Loading locally assets/ghost_peaches_container.bundle
[Info   :BundleManager] CACHE: Loading locally heads/adawong_sweater_b_head.bundle
[Info   :BundleManager] CACHE: Loading locally cards/ttc_rare_deadlyslob_solo_boss.bundle
[Info   :BundleManager] CACHE: Loading locally cards/ttc_legendary_svds_one_tap_express.bundle
[Info   :BundleManager] CACHE: Loading locally assets_new/content/items/ammo/patrons/patron_762x51_m948.bundle
[Info   :BundleManager] CACHE: Loading locally Hands/artem_hands_22_alpineghillie.bundle
[Info   :BundleManager] CACHE: Loading locally cards/ttc_secret_glock_18c_spraymaster.bundle
[Info   :BundleManager] CACHE: Loading locally assets/content/items/infosubject/item_info_note_folder/item_info_note_icebreaker_paradigm.bundle
[Info   :BundleManager] CACHE: Loading locally assets/bal27/mods/barrel_bal27_long.bundle
[Info   :BundleManager] CACHE: Loading locally assets/content/items/barter/item_barter_tarko_elvisvista/item_barter_tarko_elvisvista.bundle
[Info   :BundleManager] CACHE: Loading locally WeaponWagesOfSin/black/wos_stock_black.bundle
[Info   :BundleManager] CACHE: Loading locally WeaponX95/weapon_x95_od_container.bundle
[Info   :BundleManager] CACHE: Loading locally assets/isoh/mods/handguard_isoh_long.bundle
[Info   :BundleManager] CACHE: Loading locally p30barrelthr.bundle
[Info   :BundleManager] CACHE: Loading locally assets/ak_requiem/weapon_jak_requiem_ak103_762x39_container.bundle
[Info   :BundleManager] CACHE: Loading locally assets/content/items/infosubject/item_info_recorder/item_info_recorder_tape_courier_02.bundle
[Info   :BundleManager] CACHE: Loading locally cmcgoldbarrel.bundle
[Info   :BundleManager] CACHE: Loading locally Headwear/helmets/pasgt_bk3/helmet_cover_bk3_cadpat.bundle
[Info   :BundleManager] CACHE: Loading locally WeaponCZScorpion/cz_scorpion_barrel_14.bundle
[Info   :BundleManager] CACHE: Loading locally Hands/artem_hands_32.bundle
[Info   :BundleManager] CACHE: Loading locally bottoms/pants_usec_blackhawk_black.bundle
[Info   :BundleManager] CACHE: Loading locally assets/content/hands/hands_arena_usec_turtle/hands_arena_usec_turtle.skin.bundle
[Info   :BundleManager] CACHE: Loading locally tx22-mag-17rd.bundle
[Info   :BundleManager] CACHE: Loading locally backpacks/item_equipment_backpack_wartech_emr.bundle
[Info   :BundleManager] CACHE: Loading locally Headwear/helmets/rifletech/helmet_team_wendy_rifletech_black.bundle
[Info   :BundleManager] CACHE: Loading locally assets/content/items/infosubject/item_info_note/item_info_note_newspaper_cobalt.bundle
[Info   :BundleManager] CACHE: Loading locally Bodywear/armoredRigs/JPC/cr_crye_jpc_sharedmaps.bundle
[Info   :BundleManager] CACHE: Loading locally WeaponM249/mag_m249_lmg_100_rounder.bundle
[Info   :BundleManager] CACHE: Loading locally assets/content/items/mods/magazines/mag_ak308_izhmash_ak308_std_762x51_20.bundle
[Info   :BundleManager] CACHE: Loading locally assets/grau/animation.bundle
[Info   :BundleManager] CACHE: Loading locally assets/t725/mods/stock_t725_tactical.bundle
[Info   :BundleManager] CACHE: Loading locally cards/ttc_legendary_tarkov_hydration_fail.bundle
[Info   :BundleManager] CACHE: Loading locally WeaponCheytacM200/m200_handguard_fde.bundle
[Info   :BundleManager] CACHE: Loading locally headwear/item_equipment_helmet_lshz_emr.bundle
[Info   :BundleManager] CACHE: Loading locally assets/m14/textures.bundle
[Info   :BundleManager] CACHE: Loading locally Tops/artem_top_26.bundle
[Info   :BundleManager] CACHE: Loading locally ppshscope.bundle
[Info   :BundleManager] CACHE: Loading locally WeaponXM109/xm109_muzzle.bundle
[Info   :BundleManager] CACHE: Loading locally assets/content/items/mods/stocks/stock_ar15_lead_star_arms_ravage_ylw.bundle
[Info   :BundleManager] CACHE: Loading locally bottoms/pants_usec_deeprecon_urban.bundle
[Info   :BundleManager] CACHE: Loading locally assets/content/items/mods/sights rear/sight_rear_g36_kac_600_folding_sight_short_rail.bundle
[Info   :BundleManager] CACHE: Loading locally assets/isoh/mods/sight_rear_all_isoh.bundle
[Info   :BundleManager] CACHE: Loading locally bottoms/pants_usec_tier3_mc.bundle
[Info   :BundleManager] CACHE: Loading locally Headwear/masks/mask_gasmask_pmk4wht.bundle
[Info   :BundleManager] CACHE: Loading locally WeaponX95/x95_rail_bottom_blk.bundle
[Info   :BundleManager] CACHE: Loading locally Headwear/helmets/batlskin_cobra/helmet_batlskin_cobra_tan.bundle
[Info   :BundleManager] CACHE: Loading locally WeaponMSR/msr_grip_ergo.bundle
[Info   :BundleManager] CACHE: Loading locally artem_gasmask4.bundle
[Info   :BundleManager] CACHE: Loading locally chestrigs/item_equipment_rig_blackrock_ral7013.bundle
[Info   :BundleManager] CACHE: Loading locally ar18pic.bundle
[Info   :BundleManager] CACHE: Loading locally assaultvest6_tan.bundle
[Info   :BundleManager] CACHE: Loading locally artem_devroninalpine.bundle
[Info   :BundleManager] CACHE: Loading locally mods/stocks/b5_bravo_wood.bundle
[Info   :BundleManager] CACHE: Loading locally WeaponX95/x95_comb.bundle
[Info   :BundleManager] CACHE: Loading locally assets/tr76/mods/barrel_tr76_def.bundle
[Info   :BundleManager] CACHE: Loading locally mods/ar15_handguards/dd_risiii_handguards/ris_iii_13l_blk.bundle
[Info   :BundleManager] CACHE: Loading locally WeaponCarmel/carmel_railcoverleft.bundle
[Info   :BundleManager] CACHE: Loading locally assets/content/items/infosubject/item_info_note/item_info_note_laborant_labyrinth_05.bundle
[Info   :BundleManager] CACHE: Loading locally Item_SecureContainers/securecontainer_pistolcase.bundle
[Info   :BundleManager] CACHE: Loading locally assets/content/hands/hands_arena_rusguard_8/hands_arena_rusguard_8_bear.skin.bundle
[Info   :BundleManager] CACHE: Loading locally artem_helmet_mod_3.bundle
[Info   :BundleManager] CACHE: Loading locally aafs.bundle
[Info   :BundleManager] CACHE: Loading locally artemvest6.bundle
[Info   :BundleManager] CACHE: Loading locally WeaponGrizzly/grizzly_frontsight_red.bundle
[Info   :BundleManager] CACHE: Loading locally StaticSpawns/bodies.bundle
[Info   :BundleManager] CACHE: Loading locally assets/ghost_blue_raspberry.bundle
[Info   :BundleManager] CACHE: Loading locally assets/content/items/infosubject/item_info_note/item_info_note_mention_unknowns.bundle
[Info   :BundleManager] CACHE: Loading locally barrel_ar15_m16_18in.bundle
[Info   :BundleManager] CACHE: Loading locally wilcox_tactical_blk.bundle
[Info   :BundleManager] CACHE: Loading locally WeaponMK23/mk23_hammer.bundle
[Info   :BundleManager] CACHE: Loading locally mods/mounts/unity_comp_tan.bundle
[Info   :BundleManager] CACHE: Loading locally Mods/Handguards/mdt_ess_hg_15.bundle
[Info   :BundleManager] CACHE: Loading locally assets/isoh/mods/pistolgrip_isoh_tac.bundle
[Info   :BundleManager] CACHE: Loading locally mods/red_dots/acro_p2_fde.bundle
[Info   :BundleManager] CACHE: Loading locally WeaponC9/weapon_c9_container.bundle
[Info   :BundleManager] CACHE: Loading locally assets/content/items/mods/recievers/reciever_nl545_cgnl_nl545_di.bundle
[Info   :BundleManager] CACHE: Loading locally ModernWeaponMods/mwm_railscales_xosh_long.bundle
[Info   :BundleManager] CACHE: Loading locally assets/content/audio/phrases/black_division/black_division_01/help/needammo.bundle
[Info   :BundleManager] CACHE: Loading locally misc/item_equipment_helmet_gentex_slaap_gray.bundle
[Info   :BundleManager] CACHE: Loading locally assets/content/hands/alltheclothes/hands_scav_wildbody2.skin.bundle
[Info   :BundleManager] CACHE: Loading locally armor/item_equipment_armor_kora_kulon_ryzh.bundle
[Info   :BundleManager] CACHE: Loading locally assets/type64smg/audio.bundle
[Info   :BundleManager] CACHE: Loading locally bottoms/pants_bear_srvv_emr.bundle
[Info   :BundleManager] CACHE: Loading locally p3027rd.bundle
[Info   :BundleManager] CACHE: Loading locally Headwear/helmets/opscore_xp/helmet_fast_xp_cover_mcalp.bundle
[Info   :BundleManager] CACHE: Loading locally assets/content/items/equipment/helmet_crye_airframe/item_equipment_helmet_crye_airframe_mesh_green_bp03.bundle
[Info   :BundleManager] CACHE: Loading locally assets/mcw/mods/tactical_mcw_long_panel.bundle
[Info   :BundleManager] CACHE: Loading locally riserone.bundle
[Info   :BundleManager] CACHE: Loading locally chestrigs/item_equipment_armor_6b3_green.bundle
[Info   :BundleManager] CACHE: Loading locally cards/ttc_epic_scav_case.bundle
[Info   :BundleManager] CACHE: Loading locally Tops/artem_top_20.bundle
[Info   :BundleManager] CACHE: Loading locally WeaponUdav/udav_fs.bundle
[Info   :BundleManager] CACHE: Loading locally WeaponGrizzly/grizzly_catch.bundle
[Info   :BundleManager] CACHE: Loading locally mods/ar15_handguards/urx4_13_blk.bundle
[Info   :BundleManager] CACHE: Loading locally cs5_muzzle.bundle
[Info   :BundleManager] CACHE: Loading locally assets/content/items/equipment/helmet_galvion_mandible/item_equipment_helmet_galvion_mandible_arena_ny2025.bundle
[Info   :BundleManager] CACHE: Loading locally cards/ttc_uncommon_door_peeker.bundle
[Info   :BundleManager] CACHE: Loading locally dragonden/weaponparts/buttstocks/battlelink_minimalist_stock_green.dragonden
[Info   :BundleManager] CACHE: Loading locally assets/content/hands/alltheclothes/hands_boss_shturman.skin.bundle
[Info   :BundleManager] CACHE: Loading locally c11_shaders.bundle
[Info   :BundleManager] CACHE: Loading locally ModernWeaponMods/mwm_ak74_6l18_tti51.bundle
[Info   :BundleManager] CACHE: Loading locally assets/content/items/equipment/customizable/nvg_wilcox_l4g24_mount/nvg_wilcox_l4g24_mount_coy.bundle
[Info   :BundleManager] CACHE: Loading locally artemmedbox.bundle
[Info   :BundleManager] CACHE: Loading locally assets/content/items/mods/mounts/mount_m1895_ranger_point_precision_rhino_5_scope_rail.bundle
[Info   :BundleManager] CACHE: Loading locally assets/bal27/mods/pistolgrip_bal27_tac.bundle
[Info   :BundleManager] CACHE: Loading locally assets/content/items/containers/small_portable_fridge.bundle
[Info   :BundleManager] CACHE: Loading locally vz58threaded.bundle
[Info   :BundleManager] CACHE: Loading locally assets/tr76/mods/pistolgrip_tr76_hvy.bundle
[Info   :BundleManager] CACHE: Loading locally cartridges/gb_cartridge_transparent.bundle
[Info   :BundleManager] CACHE: Loading locally assets/grau/mods/handguard_grau_light.bundle
[Info   :BundleManager] CACHE: Loading locally WeaponSerbuSuperShorty/weapon_serbusupershorty_container.bundle
[Info   :BundleManager] CACHE: Loading locally assets/dg56/mods/pistolgrip_dg56_tac.bundle
[Info   :BundleManager] CACHE: Loading locally Headwear/helmets/crye_airframe/item_equipment_cover_crye_kryptek.bundle
[Info   :BundleManager] CACHE: Loading locally m700_meshes.bundle
[Info   :BundleManager] CACHE: Loading locally assets/type64smg/prefab.bundle
[Info   :BundleManager] CACHE: Loading locally WeaponM76/m76_rpkstock.bundle
[Info   :BundleManager] CACHE: Loading locally ppshtacstock.bundle
[Info   :BundleManager] CACHE: Loading locally artem_cpcmc.bundle
[Info   :BundleManager] CACHE: Loading locally Posters/poster_uzi_synthwave.bundle
[Info   :BundleManager] CACHE: Loading locally assets/m4_shared/m4_shared_texture.bundle
[Info   :BundleManager] CACHE: Loading locally cards/ttc_rare_head_eyes_classic.bundle
[Info   :BundleManager] CACHE: Loading locally assets/content/items/mods/mechanics/trigger_m1895_ranger_point_precision_trigger_x_gld.bundle
[Info   :BundleManager] CACHE: Loading locally clothing/raidenfortnite_hands.bundle
[Info   :BundleManager] CACHE: Loading locally assets/content/items/mods/barrels/barrel_ar15_centurion_arms_mk12_457mm.bundle
[Info   :BundleManager] CACHE: Loading locally cr920p-mag.bundle
[Info   :BundleManager] CACHE: Loading locally assets/qbz03/mount_qbz03.bundle
[Info   :BundleManager] CACHE: Loading locally WeaponMK23/mk23_barrel.bundle
[Info   :BundleManager] CACHE: Loading locally Headwear/helmets/opscore_xp/helmet_fast_xp_shared.bundle
[Info   :BundleManager] CACHE: Loading locally assets/content/hands/hands_arena_intermediate/hands_arena_intermediate_bear.skin.bundle
[Info   :BundleManager] CACHE: Loading locally comtaciv.bundle
[Info   :BundleManager] CACHE: Loading locally vlite-red.bundle
[Info   :BundleManager] CACHE: Loading locally 180fstock.bundle
[Info   :BundleManager] CACHE: Loading locally assets/isoh/mods/receiver_isoh_300.bundle
[Info   :BundleManager] CACHE: Loading locally artem_helmet_mod_5.bundle
[Info   :BundleManager] CACHE: Loading locally assets/content/audio/phrases/black_division/black_division_01/enemy/noise.bundle
[Info   :BundleManager] CACHE: Loading locally ModernWeaponMods/mwm_magpul_mlok_handstop_kit.bundle
[Info   :BundleManager] CACHE: Loading locally WeaponAuto5/auto5_barrel_boss.bundle
[Info   :BundleManager] CACHE: Loading locally assets/abmods/p90_advanced/handguard_p90_advanced.bundle
[Info   :BundleManager] CACHE: Loading locally mods/suppressors/gemtech_neutron_762.bundle
[Info   :BundleManager] CACHE: Loading locally assets/content/items/mods/barrels/barrel_mdr_dt_mdrx_508mm_762x51.bundle
[Info   :BundleManager] CACHE: Loading locally lbt-6094-aor2.bundle
[Info   :BundleManager] CACHE: Loading locally dragonden/clothing/headwear/dragon_den_helmet_x93_blue.dragonden
[Info   :BundleManager] CACHE: Loading locally assaultvest6_blk_od.bundle
[Info   :BundleManager] CACHE: Loading locally assets/content/items/barter/item_barter_electr_cryptocopro/item_barter_electr_cryptocopro1.bundle
[Info   :BundleManager] CACHE: Loading locally assets/mcw/mods/handguard_mcw_def_blk.bundle
[Info   :BundleManager] CACHE: Loading locally cards/ttc_rare_blueprint_terragroup_labs_level_3.bundle
[Info   :BundleManager] CACHE: Loading locally mods/mounts/rep_acro_cowitness_fde.bundle
[Info   :BundleManager] CACHE: Loading locally ModernWeaponMods/mwm_omm_center_micro_fde.bundle
[Info   :BundleManager] CACHE: Loading locally mods/ar10/midwest_ar10_15.bundle
[Info   :BundleManager] CACHE: Loading locally WeaponPSARock57/rock57_fs.bundle
[Info   :BundleManager] CACHE: Loading locally assets/v308/weapon_tdi_kriss_vector_gen_2_1143x23_container.bundle
[Info   :BundleManager] CACHE: Loading locally WeaponAEK/weapon_aek971_container.bundle
[Info   :BundleManager] CACHE: Loading locally vz58zhuk_hg.bundle
[Info   :BundleManager] CACHE: Loading locally assets/content/items/infosubject/item_info_recorder/item_info_recorder_tape_voevoda_02.bundle
[Info   :BundleManager] CACHE: Loading locally backpacks/item_equipment_backpack_paratus_wasp.bundle
[Info   :BundleManager] CACHE: Loading locally cards/ttc_common_rubberband_sprint.bundle
[Info   :BundleManager] CACHE: Loading locally assets/content/audio/phrases/black_division/black_division_01/health/hurtmedium.bundle
[Info   :BundleManager] CACHE: Loading locally tops/top_usec_beltstaff_m98.bundle
[Info   :BundleManager] CACHE: Loading locally assets/type64smg/mods/barrel_type64_lsg.bundle
[Info   :BundleManager] CACHE: Loading locally 10dollar.bundle
[Info   :BundleManager] CACHE: Loading locally WeaponKACPDW/kacpdw_muzzlebrake.bundle
[Info   :BundleManager] CACHE: Loading locally assets/ak_requiem/weapon_jak_requiem_ak101_556x45_container.bundle
[Info   :BundleManager] CACHE: Loading locally armor/item_equipment_armor_slick_ixarid.bundle
[Info   :BundleManager] CACHE: Loading locally mods/suppressors/huxwrks_flow_556k_tan.bundle
[Info   :BundleManager] CACHE: Loading locally headwear/item_equipment_helmet_mich2001_tropentarn.bundle
[Info   :BundleManager] CACHE: Loading locally dragonden/collectibles/statue_of_sin.dragonden
[Info   :BundleManager] CACHE: Loading locally assets/isoh/mods/pistolgrip_isoh.bundle
[Info   :BundleManager] CACHE: Loading locally assets/dg56/weapon_dg56_556x45_container.bundle
[Info   :BundleManager] CACHE: Loading locally mods/scopes/ta31_black_red_300.bundle
[Info   :BundleManager] CACHE: Loading locally assets/content/items/infosubject/item_info_note/item_info_note_newspaper_criminal_summary.bundle
[Info   :BundleManager] CACHE: Loading locally assets/mcw/mods/barrel_mcw_sil.bundle
[Info   :BundleManager] CACHE: Loading locally assets/content/characters/character/prefabs/top_usec_clawgear_olive_drab.bundle
[Info   :BundleManager] CACHE: Loading locally assets/content/items/quest/item_quest_key_room_card_programmer/item_quest_key_room_card_programmer.bundle
[Info   :BundleManager] CACHE: Loading locally assets/content/audio/phrases/black_division/black_division_01/contact/inthefront.bundle
[Info   :BundleManager] CACHE: Loading locally cards/ttc_secret_fence_the_collector.bundle
[Info   :BundleManager] CACHE: Loading locally mods/scopes/nightforce_atacr_4_20x_f1.bundle
[Info   :BundleManager] CACHE: Loading locally assets/mcw/mods/tactical_mcw_marksman_panel.bundle
[Info   :BundleManager] CACHE: Loading locally Tops/artem_top_28.bundle
[Info   :BundleManager] CACHE: Loading locally tops/top_usec_u2_badlands.bundle
[Info   :BundleManager] CACHE: Loading locally assets/abmods/p90_advanced/stock_p90_advanced.bundle
[Info   :BundleManager] CACHE: Loading locally assets/content/items/infosubject/item_info_recorder/item_info_recorder_tape_tgmeeting_02.bundle
[Info   :BundleManager] CACHE: Loading locally headwear/item_equipment_helmet_zsh_gray.bundle
[Info   :BundleManager] CACHE: Loading locally Headwear/helmets/crye_airframe/item_equipment_helmet_crye_airframe_black.bundle
[Info   :BundleManager] CACHE: Loading locally headwear/item_equipment_helmet_6b47covered_surpat.bundle
[Info   :BundleManager] CACHE: Loading locally t81zhuk.bundle
[Info   :BundleManager] CACHE: Loading locally artem_helmetcover5.bundle
[Info   :BundleManager] CACHE: Loading locally assets/ghost_peaches.bundle
[Info   :BundleManager] CACHE: Loading locally Weapon92fs/weapon_92fs_container.bundle
[Info   :BundleManager] CACHE: Loading locally WeaponM76/m76pistolgrip.bundle
[Info   :BundleManager] CACHE: Loading locally ModernWeaponMods/mwm_ctr_risr_stock.bundle
[Info   :BundleManager] CACHE: Loading locally assets/content/characters/character/prefabs/pants_usec_red_preppers.bundle
[Info   :BundleManager] CACHE: Loading locally assets/monster_strawberry_shot.bundle
[Info   :BundleManager] CACHE: Loading locally clothing/adawong_sweater_bottom.bundle
[Info   :BundleManager] CACHE: Loading locally assets/content/items/infosubject/item_info_note/item_info_note_bogatir_mention_general.bundle
[Info   :BundleManager] CACHE: Loading locally assets/isoh/mods/mag_stanag_iso_300.bundle
[Info   :BundleManager] CACHE: Loading locally assets/content/items/equipment/customizable/nvg_armasight_n15_194_swing_arm_mount/nvg_armasight_n15_194_swing_arm_mount.bundle
[Info   :BundleManager] CACHE: Loading locally mods/ak/sports_p1.bundle
[Info   :BundleManager] CACHE: Loading locally mods/magazines/lancer_mags/20/l20_urban.bundle
[Info   :BundleManager] CACHE: Loading locally tops/top_usec_u2_vegetato.bundle
[Info   :BundleManager] CACHE: Loading locally mods/pistol_grips/hogue_ar_pg_fde.bundle
[Info   :BundleManager] CACHE: Loading locally assets/isoh/mods/handguard_isoh_hvy.bundle
[Info   :BundleManager] CACHE: Loading locally p30comp.bundle
[Info   :BundleManager] CACHE: Loading locally cards/ttc_common_hatchling_wars.bundle
[Info   :BundleManager] CACHE: Loading locally ar_adapter_stock.bundle
[Info   :BundleManager] CACHE: Loading locally cards/ttc_uncommon_day_seven_chads.bundle
[Info   :BundleManager] CACHE: Loading locally mods/mounts/geissele_sp_l1_3_t1_blk.bundle
[Info   :BundleManager] CACHE: Loading locally Attachment_IronSights/mbus3rearfde.bundle
[Info   :BundleManager] CACHE: Loading locally headwear/item_equipment_helmet_mich2002_aor.bundle
[Info   :BundleManager] CACHE: Loading locally chestrigs/item_equipment_rig_m1_coyote.bundle
[Info   :BundleManager] CACHE: Loading locally WeaponMSR/msr_suppressor.bundle
[Info   :BundleManager] CACHE: Loading locally backpacks/item_equipment_backpack_beta_moha.bundle
[Info   :BundleManager] CACHE: Loading locally assets/content/audio/phrases/black_division/black_division_01/situationalreaction/weaponjammed.bundle
[Info   :BundleManager] CACHE: Loading locally heads/adawong_sweater_a_head.bundle
[Info   :BundleManager] CACHE: Loading locally backpacks/item_equipment_backpack_lbt1476a_slick_ucp.bundle
[Info   :BundleManager] CACHE: Loading locally assets/qbz97/weapon_qbz97_556x45_container.bundle
[Info   :BundleManager] CACHE: Loading locally assets/content/items/infosubject/item_info_note/item_info_note_icebreaker_opening_c1_report.bundle
[Info   :BundleManager] CACHE: Loading locally WeaponMasada/masada_handguard_rahg_angled_fde.bundle
[Info   :BundleManager] CACHE: Loading locally mods/glock_parts/receiver_glock_triarc_mos.bundle
[Info   :BundleManager] CACHE: Loading locally tops/top_usec_softshell_swedenyes.bundle
[Info   :BundleManager] CACHE: Loading locally WeaponAuto5/auto5_tacticalbarrel.bundle
[Info   :BundleManager] CACHE: Loading locally assets/content/weapons/usable_items/item_recorder/item_recorder_tape_loot.bundle
[Info   :BundleManager] CACHE: Loading locally misc/item_equipment_helmet_gentex_slaap_green.bundle
[Info   :BundleManager] CACHE: Loading locally assets/monster_pacific_punch_container.bundle
[Info   :BundleManager] CACHE: Loading locally ar10_135_barrel.bundle
[Info   :BundleManager] CACHE: Loading locally assets/content/items/mods/pistol grips/pistolgrip_ak_zenit_rk3_fde.bundle
[Info   :BundleManager] CACHE: Loading locally assets/v308/weapon_tdi_kriss_vector_gen_2_9x19_container.bundle
[Info   :BundleManager] CACHE: Loading locally Mods/Stocks/m700la_mcmillan_green.bundle
[Info   :BundleManager] CACHE: Loading locally assets/content/items/mods/barrels/barrel_m1895_marlin_610mm_784x49.bundle
[Info   :BundleManager] CACHE: Loading locally assets/content/items/barter/item_barter_tarko_jaeger/item_barter_tarko_jaeger.bundle
[Info   :BundleManager] CACHE: Loading locally WeaponXM8/xm8_stock_compact.bundle
[Info   :BundleManager] CACHE: Loading locally Gear_Belts/belt_bellforgetoolmaster.bundle
[Info   :BundleManager] CACHE: Loading locally tacticalvest3.bundle
[Info   :BundleManager] CACHE: Loading locally dragonden/clothing/headwear/dragon_den_helmet_x93_yellow.dragonden
[Info   :BundleManager] CACHE: Loading locally assets/grau/mods/pistolgrip_grau_light.bundle
[Info   :BundleManager] CACHE: Loading locally armor/item_equipment_armor_6b23_yagel.bundle
[Info   :BundleManager] CACHE: Loading locally coveraor2.bundle
[Info   :BundleManager] CACHE: Loading locally assets/dg56/audio.bundle
[Info   :BundleManager] CACHE: Loading locally dragonden/clothing/headwear/dragon_den_helmet_x37.dragonden
[Info   :BundleManager] CACHE: Loading locally dragonden/collectibles/cars/car_thunder.dragonden
[Info   :BundleManager] CACHE: Loading locally assets/dg56/client_assets.bundle
[Info   :BundleManager] CACHE: Loading locally mods/lasers/cqbl_1_fde.bundle
[Info   :BundleManager] CACHE: Loading locally artem_nvgpack2.bundle
[Info   :BundleManager] CACHE: Loading locally Bodywear/armoredRigs/rig_iotv_gen4_taps.bundle
[Info   :BundleManager] CACHE: Loading locally assets/type64smg/mods/barrel_typr64_default.bundle
[Info   :BundleManager] CACHE: Loading locally assets/tr76/tr76_prefabs.bundle
[Info   :BundleManager] CACHE: Loading locally assets/fssh/fssh_textures.bundle
[Info   :BundleManager] CACHE: Loading locally Ammo/ammo_792x57mm_fmj.bundle
[Info   :BundleManager] CACHE: Loading locally WeaponX95/x95_rail_l_fde.bundle
[Info   :BundleManager] CACHE: Loading locally Headwear/helmets/crye_airframe/item_equipment_cover_crye_shared.bundle
[Info   :BundleManager] CACHE: Loading locally Bottoms/Usec_Winter_UCON.bundle
[Info   :BundleManager] CACHE: Loading locally assets/content/items/containers/RopesContainer.bundle
[Info   :BundleManager] CACHE: Loading locally mods/lasers/perst_4_laser.bundle
[Info   :BundleManager] CACHE: Loading locally dragonden/container/dragons_pouch.dragonden
[Info   :BundleManager] CACHE: Loading locally assets/monster_strawberry_container.bundle
[Info   :BundleManager] CACHE: Loading locally dragonden/clothing/backpack/hello_kitty_bag_black.dragonden
[Info   :BundleManager] CACHE: Loading locally WeaponAK5C/ak5c_custommuzzlebrake_blk.bundle
[Info   :BundleManager] CACHE: Loading locally assets/content/audio/phrases/black_division/black_division_01/command/goloot.bundle
[Info   :BundleManager] CACHE: Loading locally assets/iso/weapon_iso_1143x23_container.bundle
[Info   :BundleManager] CACHE: Loading locally cards/ttc_legendary_lab_server_nexus.bundle
[Info   :BundleManager] CACHE: Loading locally WeaponCZScorpion/cz_scorpion_pistolgrip.bundle
[Info   :BundleManager] CACHE: Loading locally hands/hands_usec_beltstaff_m98.skin.bundle
[Info   :BundleManager] CACHE: Loading locally assets/content/items/mods/sights rear/sight_rear_all_magpul_mbus_gen2_fde_anime3v2.bundle
[Info   :BundleManager] CACHE: Loading locally mods/mcx/rattler_pg_tan.bundle
[Info   :BundleManager] CACHE: Loading locally mods/mounts/reptilia_34mm_acro_fde.bundle
[Info   :BundleManager] CACHE: Loading locally assets/rip_it_power.bundle
[Info   :BundleManager] CACHE: Loading locally assets/content/items/mods/silencers/silencer_val_mod4_nb_mod4_std_9x39.bundle
[Info   :BundleManager] CACHE: Loading locally mods/ar15_handguards/dd_mfr_handguards/mfr13_5_cbt.bundle
[Info   :BundleManager] CACHE: Loading locally Bottoms/BEAR_Slavianka_IX.bundle
[Info   :BundleManager] CACHE: Loading locally WeaponAK5C/ak5c_ergostock.bundle
[Info   :BundleManager] CACHE: Loading locally Clothing/Uppers/BEAR_CONTRACTOR/contractor_tshirt_lousy.bundle
[Info   :BundleManager] CACHE: Loading locally Headwear/TW_Exfil_EMR.bundle
[Info   :BundleManager] CACHE: Loading locally assets/content/items/equipment/glasses_oakley_x/item_equipment_glasses_oakley_x_bp2_blk.bundle
[Info   :BundleManager] CACHE: Loading locally cards/ttc_legendary_lightkeeper_live_negotiation.bundle
[Info   :BundleManager] CACHE: Loading locally dragonden/clothing/headwear/dragon_den_helmet_x93_green.dragonden
[Info   :BundleManager] CACHE: Loading locally assets/content/hands/alltheclothes/hands_scav_husky.skin.bundle
[Info   :BundleManager] CACHE: Loading locally tops/tshirt_bear_telnik_emercom.bundle
[Info   :BundleManager] CACHE: Loading locally cards/ttc_rare_birdeye_silent_overwatch.bundle
[Info   :BundleManager] CACHE: Loading locally tops/top_usec_carinthia_softshell_est.bundle
[Info   :BundleManager] CACHE: Loading locally Headwear/helmets/ibh/helmet_ilc_dover_ibh_black.bundle
[Info   :BundleManager] CACHE: Loading locally mods/ar15_handguards/dd_mfr_handguards/mfr10_blk.bundle
[Info   :BundleManager] CACHE: Loading locally assets/isoh/mods/mount_isoh_side_def.bundle
[Info   :BundleManager] CACHE: Loading locally WeaponProdigy/prodigy_frontsight_red.bundle
[Info   :BundleManager] CACHE: Loading locally ModernWeaponMods/mwm_magpul_xtm_handstop_kit.bundle
[Info   :BundleManager] CACHE: Loading locally WeaponM249/m249_parastock.bundle
[Info   :BundleManager] CACHE: Loading locally hands/hands_bear_sumrak_partizanm.skin.bundle
[Info   :BundleManager] CACHE: Loading locally cards/ttc_secret_accidental_discard.bundle
[Info   :BundleManager] CACHE: Loading locally assets/isoh/mods/receiver_isoh_556.bundle
[Info   :BundleManager] CACHE: Loading locally WeaponUdav/weapon_udav_container.bundle
[Info   :BundleManager] CACHE: Loading locally WeaponMK23/mk23_trigger.bundle
[Info   :BundleManager] CACHE: Loading locally WeaponMasada/masada_receiver_boss.bundle
[Info   :BundleManager] CACHE: Loading locally assets/katt_amr/mods/stock_katt_amr_tac.bundle
[Info   :BundleManager] CACHE: Loading locally assets/content/items/equipment/armband/item_equipment_armband_story_03_didnt_escape_from_yourself.bundle
[Info   :BundleManager] CACHE: Loading locally manimal/hovercraft.bundle
[Info   :BundleManager] CACHE: Loading locally assets/tr76/mods/comb_tr76_ergo.bundle
[Info   :BundleManager] CACHE: Loading locally ModernWeaponMods/mwm_railscales_xos_pic.bundle
[Info   :BundleManager] CACHE: Loading locally WeaponCheytacM200/a2_grip_taped.bundle
[Info   :BundleManager] CACHE: Loading locally chestrigs/item_equipment_rig_cryeavs_atacsarid.bundle
[Info   :BundleManager] CACHE: Loading locally dragonden/barter/metal_fuel_can_red.dragonden
[Info   :BundleManager] CACHE: Loading locally dragonden/clothing/headwear/dragon_den_helmet_x93_purple.dragonden
[Info   :BundleManager] CACHE: Loading locally mods/magazines/ar15_straight_mag_20.bundle
[Info   :BundleManager] CACHE: Loading locally Tops/artem_top_5.bundle
[Info   :BundleManager] CACHE: Loading locally WeaponWagesOfSin/black/wos_receiver_black.bundle
[Info   :BundleManager] CACHE: Loading locally textures/mcmillan_textures.bundle
[Info   :BundleManager] CACHE: Loading locally u100stock.bundle
[Info   :BundleManager] CACHE: Loading locally assets/content/audio/phrases/black_division/black_division_01/generic/ondeath.bundle
[Info   :BundleManager] CACHE: Loading locally assets/grau/audio.bundle
[Info   :BundleManager] CACHE: Loading locally WeaponMasada/masada_handguard_keymod_ext.bundle
[Info   :BundleManager] CACHE: Loading locally WeaponAXMC/foregrip_axmc_bk.bundle
[Info   :BundleManager] CACHE: Loading locally Tops/artem_tracksuitwhite.bundle
[Info   :BundleManager] CACHE: Loading locally mods/mounts/geissele_sp_cw_t1_blk.bundle
[Info   :BundleManager] CACHE: Loading locally ModernWeaponMods/mwm_ak47_6p2_tti45.bundle
[Info   :BundleManager] CACHE: Loading locally assets/content/hands/alltheclothes/hands_boss_big_pipe.skin.bundle
[Info   :BundleManager] CACHE: Loading locally WeaponX95/x95_rail_r_blk.bundle
[Info   :BundleManager] CACHE: Loading locally Headwear/helmets/tor-2/cover_tor_2_coyote_tan.bundle
[Info   :BundleManager] CACHE: Loading locally u100.bundle
[Info   :BundleManager] CACHE: Loading locally hands/hands_usec_carinthia_softshell_est.skin.bundle
[Info   :BundleManager] CACHE: Loading locally assets/content/hands/hands_arena_rusguard_3/hands_arena_rusguard_3_cuirass.skin.bundle
[Info   :BundleManager] CACHE: Loading locally artemtachelmet6.bundle
[Info   :BundleManager] CACHE: Loading locally assets/katt_amr/mods/charge_katt_amr_def.bundle
[Info   :BundleManager] CACHE: Loading locally ModernWeaponMods/mwm_cqgl_pistol_grip.bundle
[Info   :BundleManager] CACHE: Loading locally WeaponDragunov/dragunovflashhider.bundle
[Info   :BundleManager] CACHE: Loading locally backpacks/item_equipment_backpack_6sh118_pig.bundle
[Info   :BundleManager] CACHE: Loading locally WeaponProdigy/prodigy_rearsight.bundle
[Info   :BundleManager] CACHE: Loading locally cards/ttc_rare_chemical_sample_vials.bundle
[Info   :BundleManager] CACHE: Loading locally bottoms/pants_usec_special_ops_black.bundle
[Info   :BundleManager] CACHE: Loading locally mods/ak/hogue_ak_pgrip_tan.bundle
[Info   :BundleManager] CACHE: Loading locally assets/dg56/mods/comb_dg56_pouch.bundle
[Info   :BundleManager] CACHE: Loading locally textures/am180tex1.bundle
[Info   :BundleManager] CACHE: Loading locally WeaponStaccatoXC/xc_fs.bundle
[Info   :BundleManager] CACHE: Loading locally WeaponAuto5/auto5_stock_boss.bundle
[Info   :BundleManager] CACHE: Loading locally assets/content/items/equipment/facecover_strikeball_mask/item_equipment_facecover_strikeball_mask_grey_bp2.bundle
[Info   :BundleManager] CACHE: Loading locally assets/ol277/barrel_ol277_330mm_68x51.bundle
[Info   :BundleManager] CACHE: Loading locally Attachment_Scopes/cga5p_2x_scope.bundle
[Info   :BundleManager] CACHE: Loading locally cards/ttc_secret_flea_market_overhaul.bundle
[Info   :BundleManager] CACHE: Loading locally WeaponCZScorpion/cz_tactical.bundle
[Info   :BundleManager] CACHE: Loading locally assets/content/items/mods/recievers/reciever_saiga12_izhmash_champ.bundle
[Info   :BundleManager] CACHE: Loading locally cards/ttc_epic_no_footstep_audio.bundle
[Info   :BundleManager] CACHE: Loading locally WeaponF2000/f2000_barrel_small.bundle
[Info   :BundleManager] CACHE: Loading locally barter/fluke_87v.bundle
[Info   :BundleManager] CACHE: Loading locally WeaponX95/x95_rail_r_fde.bundle
[Info   :BundleManager] CACHE: Loading locally WeaponCZScorpion/cz_scorpion_irons_rs.bundle
[Info   :BundleManager] CACHE: Loading locally armor/item_equipment_armor_korundvm_emr.bundle
[Info   :BundleManager] CACHE: Loading locally assets/type64smg/client_assets.bundle
[Info   :BundleManager] CACHE: Loading locally mods/mounts/kac_high_forward.bundle
[Info   :BundleManager] CACHE: Loading locally assets/mcw/mods/handguard_mcw_hvyshort.bundle
[Info   :BundleManager] CACHE: Loading locally assets/iso/mods/stock_iso_fixed_hvy.bundle
[Info   :BundleManager] CACHE: Loading locally assets/abmods/mags/mag_stanag_windowed_drum_50.bundle
[Info   :BundleManager] CACHE: Loading locally cards/ttc_uncommon_bear_operator_vympel_vet.bundle
[Info   :BundleManager] CACHE: Loading locally assets/rpkn/mods/carry_handle_rpkn.bundle
[Info   :BundleManager] CACHE: Loading locally WeaponGrizzly/grizzly_rearsight_red.bundle
[Info   :BundleManager] CACHE: Loading locally backpacks/item_equipment_backpack_pilgrim_v1.bundle
[Info   :BundleManager] CACHE: Loading locally assets/content/items/mods/mounts/mount_base_di_optical_fc1_spacer.bundle
[Info   :BundleManager] CACHE: Loading locally bottoms/pants_bear_spna_granite.bundle
[Info   :BundleManager] CACHE: Loading locally WeaponPMM12/pmm_longslide.bundle
[Info   :BundleManager] CACHE: Loading locally mods/magazines/lancer_mags/30/l30_opaque_fde.bundle
[Info   :BundleManager] CACHE: Loading locally ModernWeaponMods/mwm_mi_mcx_virtus_105_mlok.bundle
[Info   :BundleManager] CACHE: Loading locally assets/stalker_green.bundle
[Info   :BundleManager] CACHE: Loading locally cards/ttc_uncommon_hideout_cat.bundle
[Info   :BundleManager] CACHE: Loading locally lmgbipod.bundle
[Info   :BundleManager] CACHE: Loading locally mods/ak/Pic_Adapter_for_AK.bundle
[Info   :BundleManager] CACHE: Loading locally assets/dg56/mods/pistolgrip_dg56_aim.bundle
[Info   :BundleManager] CACHE: Loading locally WeaponUCP/weapon_ucp_container.bundle
[Info   :BundleManager] CACHE: Loading locally artemtachelmet2.bundle
[Info   :BundleManager] CACHE: Loading locally WeaponCarmel/carmel_railbottom_fde.bundle
[Info   :BundleManager] CACHE: Loading locally assets/content/items/mods/gasblock/gas_block_ar15_slr_sentry_7_adjustable.bundle
[Info   :BundleManager] CACHE: Loading locally hands/hands_u2_fde.skin.bundle
[Info   :BundleManager] CACHE: Loading locally assets/content/items/mods/stocks/stock_ar15_john_masen_n1_recoil_pad.bundle
[Info   :BundleManager] CACHE: Loading locally assets/content/items/mods/muzzle/muzzle_rpd_ds_arms_belgian_style_muzzle_brake_762x51.bundle
[Info   :BundleManager] CACHE: Loading locally artem_patch6.bundle
[Info   :BundleManager] CACHE: Loading locally artem_veiltan.bundle
[Info   :BundleManager] CACHE: Loading locally assets/content/items/containers/item_container_arena_battlepass_s2/item_container_arena_battlepass_s2.bundle
[Info   :BundleManager] CACHE: Loading locally backpacks/item_equipment_backpack_beta_emrd.bundle
[Info   :BundleManager] CACHE: Loading locally WeaponCheytacM200/m200_grip_polymer.bundle
[Info   :BundleManager] CACHE: Loading locally assets/content/items/mods/mechanics/trigger_m1895_ranger_point_precision_trigger_x.bundle
[Info   :BundleManager] CACHE: Loading locally WeaponC9/c9_grips.bundle
[Info   :BundleManager] CACHE: Loading locally mods/mounts/g$_sp34mm_blk.bundle
[Info   :BundleManager] CACHE: Loading locally ModernWeaponMods/mwm_arisaka_finger_stop_pic_fde.bundle
[Info   :BundleManager] CACHE: Loading locally sprgrip.bundle
[Info   :BundleManager] CACHE: Loading locally Gear_Belts/belt_apothecary.bundle
[Info   :BundleManager] CACHE: Loading locally mods/ar15_handguards/dd_risiii_handguards/ris_iii_10_5u_fde.bundle
[Info   :BundleManager] CACHE: Loading locally staticcabinets.bundle
[Info   :BundleManager] CACHE: Loading locally WeaponStaccatoXC/xc_hammer_comp.bundle
[Info   :BundleManager] CACHE: Loading locally assets/content/items/equipment/rig_gladiator_s_light_multicam/item_equipment_armor_gladiator_s_light_mltcm.bundle
[Info   :BundleManager] CACHE: Loading locally artem_headcrabtrophy.bundle
[Info   :BundleManager] CACHE: Loading locally hands/hands_usec_cryeac_alpha_turk.bundle
[Info   :BundleManager] CACHE: Loading locally cards/ttc_common_april_fools_confetti_nades.bundle
[Info   :BundleManager] CACHE: Loading locally assets/qbz97/audio.bundle
[Info   :BundleManager] CACHE: Loading locally Hands/testhands.bundle
[Info   :BundleManager] CACHE: Loading locally WeaponPMM12/pmm_slide.bundle
[Info   :BundleManager] CACHE: Loading locally assets/content/items/mods/muzzle/muzzle_ak74_arsenal_4_piece_flash_hider_762x39.bundle
[Info   :BundleManager] CACHE: Loading locally clothing/adawong_sweater_b_top.bundle
[Info   :BundleManager] CACHE: Loading locally assets/content/characters/character/prefabs/top_ruaf_ballistic.bundle
[Info   :BundleManager] CACHE: Loading locally cards/ttc_rare_ambush_at_dorms_3_story.bundle
[Info   :BundleManager] CACHE: Loading locally WeaponF2000/f2000_frontsight.bundle
[Info   :BundleManager] CACHE: Loading locally assets/content/audio/phrases/boss_wedge_voice.bundle
[Info   :BundleManager] CACHE: Loading locally handguard_kpyk_crc_1u004b_mlok_fde.bundle
[Info   :BundleManager] CACHE: Loading locally ftx_tactical.bundle
[Info   :BundleManager] CACHE: Loading locally WeaponCZScorpion/cz_scorpion_handguard_railedpdw.bundle
[Info   :BundleManager] CACHE: Loading locally Headwear/helmets/crye_airframe/item_equipment_helmet_crye_airframe.bundle
[Info   :BundleManager] CACHE: Loading locally mods/ar10/fatman_hex_brake.bundle
[Info   :BundleManager] CACHE: Loading locally assets/iso/mods/barrel_iso_mini.bundle
[Info   :BundleManager] CACHE: Loading locally WeaponAEK/aek_lightmount.bundle
[Info   :BundleManager] CACHE: Loading locally hands/hands_usec_deadly_frog_cc.skin.bundle
[Info   :BundleManager] CACHE: Loading locally cards/ttc_common_gpu_spawns_exist.bundle
[Info   :BundleManager] CACHE: Loading locally assets/jakm4/mods/handguard_ar15_jak_ris.bundle
[Info   :BundleManager] CACHE: Loading locally assets/content/items/mods/mounts/mount_val_mod4_nb_top_cover.bundle
[Info   :BundleManager] CACHE: Loading locally Headwear/helmets/tc500/helmet_msa_gallet_tc500_blk.bundle
[Info   :BundleManager] CACHE: Loading locally WeaponRO991/ro991_mag.bundle
[Info   :BundleManager] CACHE: Loading locally Ammo/50_bmg_m2_ap.bundle
[Info   :BundleManager] CACHE: Loading locally assets/content/items/mods/scopes/scope_30mm_leupold_mark_4_mr_t_ts_30a2_25_8x36.bundle
[Info   :BundleManager] CACHE: Loading locally WeaponM1894DarkTracker/1894_barrel.bundle
[Info   :BundleManager] CACHE: Loading locally Item_Containers/container_magpouch.bundle
[Info   :BundleManager] CACHE: Loading locally assets/content/items/mods/mounts/mount_vpo215_molot_vpo_215_tactical_front_rail.bundle
[Info   :BundleManager] CACHE: Loading locally assets/content/items/mods/handguards/handguard_ar15_radian_model1_m_lok_14_inch.bundle
[Info   :BundleManager] CACHE: Loading locally assets/tr76/mods/stock_tr76_lgt.bundle
[Info   :BundleManager] CACHE: Loading locally assets/content/items/infosubject/item_info_quest_briefcase/item_info_quest_briefcase.bundle
[Info   :BundleManager] CACHE: Loading locally Headwear/helmets/batlskin_cobra/batlskin_cover_shared.bundle
[Info   :BundleManager] CACHE: Loading locally assets/content/characters/character/prefabs/top_arena_bear_turtle.bundle
[Info   :BundleManager] CACHE: Loading locally assets/content/items/equipment/armor_6b45/item_equipment_armor_6b45_02.bundle
[Info   :BundleManager] CACHE: Loading locally assets/content/items/mods/scopes/scope_base_di_optical_fc1.bundle
[Info   :BundleManager] CACHE: Loading locally Gear_Belts/citadelgeneralpurposeutilitybelt.bundle
[Info   :BundleManager] CACHE: Loading locally t81mag.bundle
[Info   :BundleManager] CACHE: Loading locally WeaponProdigy/prodigy_magazine.bundle
[Info   :BundleManager] CACHE: Loading locally WeaponM249/m249_fs.bundle
[Info   :BundleManager] CACHE: Loading locally mods/stocks/hogue_stock_pink.bundle
[Info   :BundleManager] CACHE: Loading locally rr-stock-camo.bundle
[Info   :BundleManager] CACHE: Loading locally assets/mags/mag_pp-19-01_9x19_big.bundle
[Info   :BundleManager] CACHE: Loading locally vz58threaded_308.bundle
[Info   :BundleManager] CACHE: Loading locally WeaponHK417/417_hg_mlok_long.bundle
[Info   :BundleManager] CACHE: Loading locally WeaponAEK/aek_stock_marksman.bundle
[Info   :BundleManager] CACHE: Loading locally ModernWeaponMods/mwm_fsriser_fde.bundle
[Info   :BundleManager] CACHE: Loading locally mods/magazines/lancer_mags/20/l20_blz_orng.bundle
[Info   :BundleManager] CACHE: Loading locally mods/pistol_grips/bcm_mod3_pgrip_blk.bundle
[Info   :BundleManager] CACHE: Loading locally Ammo/50_bmg_m17_tracer.bundle
[Info   :BundleManager] CACHE: Loading locally WeaponAEK/aek_rs.bundle
[Info   :BundleManager] CACHE: Loading locally assets/ol277/stock_ol277.bundle
[Info   :BundleManager] CACHE: Loading locally dusthd.bundle
[Info   :BundleManager] CACHE: Loading locally WeaponAGSeries/ag43stock.bundle
[Info   :BundleManager] CACHE: Loading locally assets/iso/iso_sound.bundle
[Info   :BundleManager] CACHE: Loading locally c11supershader.bundle
[Info   :BundleManager] CACHE: Loading locally assets/grau/mods/textures_heavy.bundle
[Info   :BundleManager] CACHE: Loading locally mods/ar15_handguards/geissele_mk8_handguards/mk8_9_5_blk.bundle
[Info   :BundleManager] CACHE: Loading locally hands/hands_usec_winterset_m90.skin.bundle
[Info   :BundleManager] CACHE: Loading locally assets/qbz03/stock_qbz03.bundle
[Info   :BundleManager] CACHE: Loading locally dragonden/container/kronos_secure_container.dragonden
[Info   :BundleManager] CACHE: Loading locally WeaponProdigy/prodigy_barrel_blk.bundle
[Info   :BundleManager] CACHE: Loading locally assets/content/audio/phrases/black_division/black_division_01/generic/onenemydown.bundle
[Info   :BundleManager] CACHE: Loading locally backpacks/item_equipment_backpack_wartech_yagel.bundle
[Info   :BundleManager] CACHE: Loading locally ModernWeaponMods/mwm_ak74_6l20_tti35.bundle
[Info   :BundleManager] CACHE: Loading locally WeaponCarmel/carmel_barrelext.bundle
[Info   :BundleManager] CACHE: Loading locally ModernWeaponMods/mwm_fsriser.bundle
[Info   :BundleManager] CACHE: Loading locally cards/ttc_legendary_realism_mod.bundle
[Info   :BundleManager] CACHE: Loading locally WeaponCZScorpion/cz_scorpion_charge_prostock.bundle
[Info   :BundleManager] CACHE: Loading locally cards/ttc_uncommon_prapor_no_rest_for_the_wicked.bundle
[Info   :BundleManager] CACHE: Loading locally mods/magazines/lancer_mags/20/l20_purple.bundle
[Info   :BundleManager] CACHE: Loading locally assets/content/items/equipment/helmet_galvion_mandible/item_equipment_helmet_galvion_mandible_multicam_bp2.bundle
[Info   :BundleManager] CACHE: Loading locally assets/content/items/mods/stocks/stock_all_magpul_ucs.bundle
[Info   :BundleManager] CACHE: Loading locally assets/katt_amr/katt_amr_textures.bundle
[Info   :BundleManager] CACHE: Loading locally Tops/BEAR_Winter_2_EMRA.bundle
[Info   :BundleManager] CACHE: Loading locally assets/content/items/mods/charges/charge_m1895_ranger_point_precision_medium_loop_lever.bundle
[Info   :BundleManager] CACHE: Loading locally Clothing/Uppers/bear_leaf/top_leaf_idpm.bundle
[Info   :BundleManager] CACHE: Loading locally assets/content/items/infosubject/item_info_recorder/item_info_recorder_tape_tgmeeting.bundle
[Info   :BundleManager] CACHE: Loading locally WeaponRuger57/ruger57_barrel.bundle
[Info   :BundleManager] CACHE: Loading locally assets/content/items/infosubject/item_info_note/item_info_note_letter_from_kozlov_03.bundle
[Info   :BundleManager] CACHE: Loading locally assets/content/items/mods/pistol grips/pistolgrip_ar15_tyrant_designs_chevron_grip_ylw.bundle
[Info   :BundleManager] CACHE: Loading locally assets/rpkn/rpkn_texture.bundle
[Info   :BundleManager] CACHE: Loading locally cards/ttc_rare_sanitar_mad_surgeon.bundle
[Info   :BundleManager] CACHE: Loading locally assets/content/items/equipment/helmet_vulkan_5/item_equipment_helmet_vulkan5_eightball_bp2.bundle
[Info   :BundleManager] CACHE: Loading locally assets/content/items/mods/muzzle/muzzle_ar10_potomac_armory_m110_flash_hider_762x51.bundle
[Info   :BundleManager] CACHE: Loading locally assets/content/weapons/animated_mods/bipods/bipod_alx_blk_lbl_alx_bipod_16_inch.bundle
[Info   :BundleManager] CACHE: Loading locally WeaponSerbuSuperShorty/serbu_magazine.bundle
[Info   :BundleManager] CACHE: Loading locally assets/content/items/mods/sights rear/sight_rear_all_magpul_mbus_anti.bundle
[Info   :BundleManager] CACHE: Loading locally skull-mcb.bundle
[Info   :BundleManager] CACHE: Loading locally Headwear/Tor_2_FG.bundle
[Info   :BundleManager] CACHE: Loading locally assets/content/items/infosubject/item_info_recorder/item_info_recorder_tape_witness.bundle
[Info   :BundleManager] CACHE: Loading locally assets/mcx_556/barrel_mcx_556x45.bundle
[Info   :BundleManager] CACHE: Loading locally assets/qbz03/texture.bundle
[Info   :BundleManager] CACHE: Loading locally assets/content/items/mods/handguards/handguard_ar15_kac_m5_ras.bundle
[Info   :BundleManager] CACHE: Loading locally textures/m203-tex.bundle
[Info   :BundleManager] CACHE: Loading locally assets/content/audio/phrases/black_division/black_division_01/teamstatus.bundle
[Info   :BundleManager] CACHE: Loading locally dragonden/collectibles/plushies/plushie_bear_teef.dragonden
[Info   :BundleManager] CACHE: Loading locally artem_circularpatch5.bundle
[Info   :BundleManager] CACHE: Loading locally assets/jak12/mods/handguard_jak12.bundle
[Info   :BundleManager] CACHE: Loading locally assets/content/items/mods/handguards/handguard_m1895_ranger_point_precision_costa_m_lok_grn.bundle
[Info   :BundleManager] CACHE: Loading locally Chestrigs/FG_tv110.bundle
[Info   :BundleManager] CACHE: Loading locally WeaponGrizzly/grizzly_compensator.bundle
[Info   :BundleManager] CACHE: Loading locally Ammo/patron_11x33r_sp.bundle
[Info   :BundleManager] CACHE: Loading locally Attachment_Magazines/magazine_scar_h_coffin.bundle
[Info   :BundleManager] CACHE: Loading locally WeaponF2000/f2000_trirail_handguard.bundle
[Info   :BundleManager] CACHE: Loading locally assets/content/items/infosubject/item_info_note/item_info_note_icebreaker_sailor_diary.bundle
[Info   :BundleManager] CACHE: Loading locally WeaponM78/m78_pistolgrip_ribbed.bundle
[Info   :BundleManager] CACHE: Loading locally bottoms/pants_bear_spna_vsk.bundle
[Info   :BundleManager] CACHE: Loading locally assets/mags/mag_stanag_kimura_drum_60.bundle
[Info   :BundleManager] CACHE: Loading locally headwear/item_equipment_helmet_diamond_age_bastion_m81.bundle
[Info   :BundleManager] CACHE: Loading locally assets/content/items/equipment/rig_bd4_firstspear/item_equipment_armor_bd4_firstspear.bundle
[Info   :BundleManager] CACHE: Loading locally assets/content/items/equipment/headset_peltor_tep_300/item_equipment_headset_peltor_tep_300.bundle
[Info   :BundleManager] CACHE: Loading locally assets/content/items/equipment/helmet_neosteel/item_equipment_helmet_neosteel_aces_bp2.bundle
[Info   :BundleManager] CACHE: Loading locally vzorremote.bundle
[Info   :BundleManager] CACHE: Loading locally backpacks/item_equipment_backpack_dragon_egg_ix.bundle
[Info   :BundleManager] CACHE: Loading locally assets/content/characters/character/alltheclothes/head_boss_tagilla.skin.bundle
[Info   :BundleManager] CACHE: Loading locally assets/content/items/mods/sights rear/sight_rear_all_sig_flip_up_anime3v2.bundle
[Info   :BundleManager] CACHE: Loading locally WeaponAK5C/ak5c_magazine.bundle
[Info   :BundleManager] CACHE: Loading locally backpacks/item_equipment_backpack_g2_gunslinger_ucon.bundle
[Info   :BundleManager] CACHE: Loading locally assets/type64smg/mods/pistol_grip_type64_lsg.bundle
[Info   :BundleManager] CACHE: Loading locally assets/content/items/mods/barrels/barrel_vpo215_360mm_366tkm.bundle
[Info   :BundleManager] CACHE: Loading locally assets/content/characters/character/prefabs/pants_bd_operator_03.bundle
[Info   :BundleManager] CACHE: Loading locally ModernWeaponMods/mwm_hrf_rcm_magwell_fde.bundle
[Info   :BundleManager] CACHE: Loading locally WeaponPM9/weapon_minebea_pm9_container.bundle
[Info   :BundleManager] CACHE: Loading locally textures/ar18texparts.bundle
[Info   :BundleManager] CACHE: Loading locally WeaponHenryBBS/henry_bbs_magazine.bundle
[Info   :BundleManager] CACHE: Loading locally WeaponCZScorpion/cz_scorpion_handguard_hb_midlength.bundle
[Info   :BundleManager] CACHE: Loading locally assets/tr76/mods/barrel_tr76_short.bundle
[Info   :BundleManager] CACHE: Loading locally Attachment_Magazines/magazine_akm_50.bundle
[Info   :BundleManager] CACHE: Loading locally comtaciv-dnc-black.bundle
[Info   :BundleManager] CACHE: Loading locally WeaponAXMC/mount_keyslot_medium.bundle
[Info   :BundleManager] CACHE: Loading locally assets/content/items/equipment/facecover_training_mask/item_equipment_facecover_training_mask_bp2_smile.bundle
[Info   :BundleManager] CACHE: Loading locally assets/content/items/equipment/backpack_bd_modular_pack_45/item_equipment_backpack_bd_modular_pack_45.bundle
[Info   :BundleManager] CACHE: Loading locally ratshot.bundle
[Info   :BundleManager] CACHE: Loading locally assets/content/characters/character/prefabs/top_arena_rusguard_4_usec.bundle
[Info   :BundleManager] CACHE: Loading locally assets/grau/mods/sight_front_grau_hg550.bundle
[Info   :BundleManager] CACHE: Loading locally p30mag.bundle
[Info   :BundleManager] CACHE: Loading locally WeaponM78/m78_handguard_polymer.bundle
[Info   :BundleManager] CACHE: Loading locally cards/ttc_rare_healing_in_the_open.bundle
[Info   :BundleManager] CACHE: Loading locally assets/mcw/mods/stock_mcw_lgt.bundle
[Info   :BundleManager] CACHE: Loading locally cards/ttc_legendary_the_final_wipe_extract.bundle
[Info   :BundleManager] CACHE: Loading locally WeaponWagesOfSin/black/wos_buffertube_black.bundle
[Info   :BundleManager] CACHE: Loading locally mods/ar15_handguards/geissele_mk4_handguards/mk4_95_ddc.bundle
[Info   :BundleManager] CACHE: Loading locally mods/scopes/vortex_eleanor_1_10_blk.bundle
[Info   :BundleManager] CACHE: Loading locally chestrigs/item_equipment_rig_bae_rbav_ucon.bundle
[Info   :BundleManager] CACHE: Loading locally ModernWeaponMods/mwm_testmag3.bundle
[Info   :BundleManager] CACHE: Loading locally assets/content/hands/hands_usec_winterset_2/hands_usec_winterset_2.skin.bundle
[Info   :BundleManager] CACHE: Loading locally chestrigs/item_equipment_rig_mmac_mm14.bundle
[Info   :BundleManager] CACHE: Loading locally t81drum.bundle
[Info   :BundleManager] CACHE: Loading locally WeaponAK5C/ak5g_barrelmount.bundle
[Info   :BundleManager] CACHE: Loading locally WeaponPMM12/pmm_magazine.bundle
[Info   :BundleManager] CACHE: Loading locally hands/hands_bear_ops_windshirt_flektarn.skin.bundle
[Info   :BundleManager] CACHE: Loading locally assets/v308/barrel_vector_185mm_762x51.bundle
[Info   :BundleManager] CACHE: Loading locally Headwear/helmets/mich_2000/mich2000_shared.bundle
[Info   :BundleManager] CACHE: Loading locally Mods/Pistol_Grips/ar_pgrip_mdt.bundle
[Info   :BundleManager] CACHE: Loading locally mods/ar10/sf3p_762.bundle
[Info   :BundleManager] CACHE: Loading locally cards/ttc_legendary_streamers_labs_keycard.bundle
[Info   :BundleManager] CACHE: Loading locally bottoms/pants_usec_special_ops_ucp.bundle
[Info   :BundleManager] CACHE: Loading locally WeaponMasada/masada_handguard_micro_tri.bundle
[Info   :BundleManager] CACHE: Loading locally assets/content/characters/character/prefabs/top_usec_crusader.bundle
[Info   :BundleManager] CACHE: Loading locally bottoms/pants_usec_gen2_brown.bundle
[Info   :BundleManager] CACHE: Loading locally WeaponCarmel/carmel_railcoverright_fde.bundle
[Info   :BundleManager] CACHE: Loading locally assets/content/items/infosubject/item_info_note/item_info_note_default_user.bundle
[Info   :BundleManager] CACHE: Loading locally assets/content/items/barter/item_barter_dogtags_story/item_barter_dogtags_story_04_for_humanity.bundle
[Info   :BundleManager] CACHE: Loading locally assets/iso/mods/sight_front_all_iso_gen2.bundle
[Info   :BundleManager] CACHE: Loading locally dragonden/clothing/headwear/rabbit_ears.dragonden
[Info   :BundleManager] CACHE: Loading locally assets/content/characters/character/prefabs/head_boss_wedge.bundle
[Info   :BundleManager] CACHE: Loading locally assets/content/audio/phrases/black_division/black_division_01/health/hurtheavy.bundle
[Info   :BundleManager] CACHE: Loading locally ModernWeaponMods/mwm_railscales_karve.bundle
[Info   :BundleManager] CACHE: Loading locally salco_stim_dinner_loot.bundle
[Info   :BundleManager] CACHE: Loading locally mods/ak/sag_mk3_plum.bundle
[Info   :BundleManager] CACHE: Loading locally WeaponUdav/udav_rs.bundle
[Info   :BundleManager] CACHE: Loading locally WeaponDragunov/weapon_dragunovgreen_container.bundle
[Info   :BundleManager] CACHE: Loading locally assets/content/items/mods/handguards/handguard_ar15_colt_car15_skinny.bundle
[Info   :BundleManager] CACHE: Loading locally hands/hands_usec_winterset_slocam.skin.bundle
[Info   :BundleManager] CACHE: Loading locally ar18.bundle
[Info   :BundleManager] CACHE: Loading locally assets/monster_doctor.bundle
[Info   :BundleManager] CACHE: Loading locally dragonden/collectibles/plushies/plushie_lsd_bunny.dragonden
[Info   :BundleManager] CACHE: Loading locally Pants/artem_pants_26.bundle
[Info   :BundleManager] CACHE: Loading locally assets/content/hands/hands_arena_rusguard_3/hands_arena_rusguard_3_icedragon.skin.bundle
[Info   :BundleManager] CACHE: Loading locally assets/content/items/equipment/rig_bd1_spiritus/item_equipment_armor_bd1_spiritus.bundle
[Info   :BundleManager] CACHE: Loading locally bottoms/pants_usec_gen2_atacs.bundle
[Info   :BundleManager] CACHE: Loading locally hands/hands_bear_polevoi_butan.bundle
[Info   :BundleManager] CACHE: Loading locally artem_ir_test.bundle
[Info   :BundleManager] CACHE: Loading locally acepic.bundle
[Info   :BundleManager] CACHE: Loading locally WeaponPSARock57/rock57_slide_fde.bundle
[Info   :BundleManager] CACHE: Loading locally Attachment_Magazines/ump_magazine_casket.bundle
[Info   :BundleManager] CACHE: Loading locally assets/content/hands/alltheclothes/hands_boss_partizan.skin.bundle
[Info   :BundleManager] CACHE: Loading locally ModernWeaponMods/mwm_arisaka_osm_reversed_fde.bundle
[Info   :BundleManager] CACHE: Loading locally tops/tshirt_bear_vsr.bundle
[Info   :BundleManager] CACHE: Loading locally assets/content/audio/phrases/black_division/black_division_01/situationalcommand.bundle
[Info   :BundleManager] CACHE: Loading locally tops/top_bear_zaslon_spring.bundle
[Info   :BundleManager] CACHE: Loading locally mods/ar15_muzzle_devices/procomp_223.bundle
[Info   :BundleManager] CACHE: Loading locally assets/longbow/mods/stock_ak74m_longbow.bundle
[Info   :BundleManager] CACHE: Loading locally assets/content/items/mods/handguards/handguard_m1895_ranger_point_precision_costa_m_lok.bundle
[Info   :BundleManager] CACHE: Loading locally assets/content/items/mods/handguards/handguard_ar15_precision_reflex_carbon_round_gen_3_12_inch.bundle
[Info   :BundleManager] CACHE: Loading locally t81acr.bundle
[Info   :BundleManager] CACHE: Loading locally mods/ar15_barrels/ar15_11_5.bundle
[Info   :BundleManager] CACHE: Loading locally WeaponXM8/xm8_stock_folder_fde.bundle
[Info   :BundleManager] CACHE: Loading locally WeaponMSBS/msbs_receiver.bundle
[Info   :BundleManager] CACHE: Loading locally artem_nvgpack1.bundle
[Info   :BundleManager] CACHE: Loading locally artem_helmetcover1.bundle
[Info   :BundleManager] CACHE: Loading locally assets/content/characters/character/prefabs/pants_arena_intermediate_bear.bundle
[Info   :BundleManager] CACHE: Loading locally WeaponXM8/xm8_barrel_lmg.bundle
[Info   :BundleManager] CACHE: Loading locally mods/pistol_grips/hogue_ar_pg_green.bundle
[Info   :BundleManager] CACHE: Loading locally Items_Quests/quest_immortal_poster.bundle
[Info   :BundleManager] CACHE: Loading locally assets/content/items/mods/handguards/handguard_ar15_strike_industries_gridlok_15_inch_m_lok.bundle
[Info   :BundleManager] CACHE: Loading locally assets/iso/mods/handguard_iso_f45.bundle
[Info   :BundleManager] CACHE: Loading locally Tops/artem_top_3.bundle
[Info   :BundleManager] CACHE: Loading locally WeaponMasada/masada_handguard_dmr.bundle
[Info   :BundleManager] CACHE: Loading locally chestrigs/item_equipment_rig_thunderbolt_au.bundle
[Info   :BundleManager] CACHE: Loading locally WeaponAK5C/weapon_ak5c_container.bundle
[Info   :BundleManager] CACHE: Loading locally dragonden/quest/propane_tank_long_blue.dragonden
[Info   :BundleManager] CACHE: Loading locally ModernWeaponMods/mwm_arisaka_ism.bundle
[Info   :BundleManager] CACHE: Loading locally Tops/USEC_Winter2_Grey.bundle
[Info   :BundleManager] CACHE: Loading locally Headwear/helmets/lshz/mount_lshz_cover_black.bundle
[Info   :BundleManager] CACHE: Loading locally assets/content/audio/phrases/vsrf_02_voice.bundle
[Info   :BundleManager] CACHE: Loading locally assets/content/items/equipment/rig_mk3/item_equipment_rig_mk3_moss_bp2.bundle
[Info   :BundleManager] CACHE: Loading locally assets/qbz03/sight_rear_qbz03.bundle
[Info   :BundleManager] CACHE: Loading locally assets/isoh/mods/stock_isoh_skel.bundle
[Info   :BundleManager] CACHE: Loading locally assets/content/items/mods/pistol grips/pistolgrip_ak_custom_arms_ags74_pro_stage_2_champ.bundle
[Info   :BundleManager] CACHE: Loading locally dragonden/clothing/backpack/dragon_den_sports_backpack_yellow.dragonden
[Info   :BundleManager] CACHE: Loading locally assets/content/items/infosubject/item_info_note/item_info_note_radiocode_bogatir_02.bundle
[Info   :BundleManager] CACHE: Loading locally assets/content/audio/phrases/black_division/black_division_01/command/goforward.bundle
[Info   :BundleManager] CACHE: Loading locally shorthandguardtop.bundle
[Info   :BundleManager] CACHE: Loading locally assets/dg56/mods/mount_dg56_def.bundle
[Info   :BundleManager] CACHE: Loading locally Hands/artem_hands_48.bundle
[Info   :BundleManager] CACHE: Loading locally assets/mcw/mods/handguard_mcw_def.bundle
[Info   :BundleManager] CACHE: Loading locally backpacks/item_equipment_backpack_6sh118_spring.bundle
[Info   :BundleManager] CACHE: Loading locally WeaponMasada/weapon_magpul_masada_boss_container.bundle
[Info   :BundleManager] CACHE: Loading locally assets/content/items/equipment/helmet_vulkan_5/item_equipment_helmet_vulkan5_camo_bp2.bundle
[Info   :BundleManager] CACHE: Loading locally assets/dbr/mods/handguard_dbr_tac.bundle
[Info   :BundleManager] CACHE: Loading locally Attachment_Suppressors/suppressor_osshxqd.bundle
[Info   :BundleManager] CACHE: Loading locally galilace.bundle
[Info   :BundleManager] CACHE: Loading locally cards/ttc_epic_scav_army_convergence.bundle
[Info   :BundleManager] CACHE: Loading locally assets/content/audio/phrases/civilian_02_voice.bundle
[Info   :BundleManager] CACHE: Loading locally backpanel2_blk.bundle
[Info   :BundleManager] CACHE: Loading locally ModernWeaponMods/mwm_ctr_risr_stock_fde.bundle
[Info   :BundleManager] CACHE: Loading locally dd_magazine_fde.bundle
[Info   :BundleManager] CACHE: Loading locally assets/content/audio/phrases/black_division/black_division_01/command/stop.bundle
[Info   :BundleManager] CACHE: Loading locally mods/mounts/34mm_rof_45_ddc.bundle
[Info   :BundleManager] CACHE: Loading locally assets/content/items/mods/handguards/handguard_mdr_blk_lbl_alx_16_inch_bipod_mlok_blk.bundle
[Info   :BundleManager] CACHE: Loading locally assets/mcw/mods/barrel_mcw_def.bundle
[Info   :BundleManager] CACHE: Loading locally mods/ar15_handguards/dd_mfr_handguards/mfr13_5_fde.bundle
[Info   :BundleManager] CACHE: Loading locally dragonden/container/dragon_den_cooler.dragonden
[Info   :BundleManager] CACHE: Loading locally mods/suppressors/socom338ti.bundle
[Info   :BundleManager] CACHE: Loading locally assets/content/items/mods/tactical/tactical_m1895_ranger_point_precision_hammer_spur_extension.bundle
[Info   :BundleManager] CACHE: Loading locally assets/content/items/barter/item_barter_dogtags_prestige_06/item_barter_dogtags_prestige_06.bundle
[Info   :BundleManager] CACHE: Loading locally assets/content/items/mods/handguards/handguard_mdr_blk_lbl_alx_16_inch_mlok_blk.bundle
[Info   :BundleManager] CACHE: Loading locally assets/content/items/mods/handguards/handguard_val_mod4_nb_std.bundle
[Info   :BundleManager] CACHE: Loading locally WeaponXM109/xm109_mag.bundle
[Info   :BundleManager] CACHE: Loading locally WeaponM1894DarkTracker/1894_handguard.bundle
[Info   :BundleManager] CACHE: Loading locally helmet_shapeshifter.bundle
[Info   :BundleManager] CACHE: Loading locally assets/content/items/equipment/facecover_devtac/item_equipment_facecover_devtac_gen2_venom_bp2.bundle
[Info   :BundleManager] CACHE: Loading locally mods/suppressors/putnik_no_logo.bundle
[Info   :BundleManager] CACHE: Loading locally Tops/artem_top_27.bundle
[Info   :BundleManager] CACHE: Loading locally assets/content/characters/character/prefabs/top_civilian_port_jacket_yellow.bundle
[Info   :BundleManager] CACHE: Loading locally assets/content/audio/phrases/usec_08_nikita_voice.bundle
[Info   :BundleManager] CACHE: Loading locally WeaponAN94/weapon_an94_container.bundle
[Info   :BundleManager] CACHE: Loading locally assets/content/location_objects/00_hideout/prefabs/customization/walls/wall_ending_03.bundle
[Info   :BundleManager] CACHE: Loading locally WeaponAN94/an94_marksmanstock.bundle
[Info   :BundleManager] CACHE: Loading locally Mods/PistolGrips/b5_p22_socom.bundle
[Info   :BundleManager] CACHE: Loading locally dragonden/quest/vape.dragonden
[Info   :BundleManager] CACHE: Loading locally assets/dg56/mods/comb_dg56_ergo.bundle
[Info   :BundleManager] CACHE: Loading locally comtac6-dnc-black.bundle
[Info   :BundleManager] CACHE: Loading locally cards/ttc_legendary_lightkeepers_sealed_ledger.bundle
[Info   :BundleManager] CACHE: Loading locally WeaponMasada/silencer_all_sig_srd_762_762x51_boss.bundle
[Info   :BundleManager] CACHE: Loading locally assets/rpkn/rpkn_prefab.bundle
[Info   :BundleManager] CACHE: Loading locally mods/mounts/unity_comp_wht.bundle
[Info   :BundleManager] CACHE: Loading locally Hands/Hands_BEAR_Parka_EMR.bundle
[Info   :BundleManager] CACHE: Loading locally assets/content/items/mods/scopes/scope_base_trijicon_sro.bundle
[Info   :BundleManager] CACHE: Loading locally Headwear/helmets/am95/helmet_am95.bundle
[Info   :BundleManager] CACHE: Loading locally usw-sightmount.bundle
[Info   :BundleManager] CACHE: Loading locally assets/isoh/mods/barrel_isoh_def.bundle
[Info   :BundleManager] CACHE: Loading locally mods/ar10/sr25_14_5.bundle
[Info   :BundleManager] CACHE: Loading locally WeaponCheytacM200/m200_stock.bundle
[Info   :BundleManager] CACHE: Loading locally assets/content/items/containers/item_container_smallitems/item_container_dogtagcase_twitch.bundle
[Info   :BundleManager] CACHE: Loading locally assets/iso/mods/barrel_iso_hvy.bundle
[Info   :BundleManager] CACHE: Loading locally assets/c4_starburst_container.bundle
[Info   :BundleManager] CACHE: Loading locally cards/ttc_rare_cheeki_breeki_shotgun.bundle
[Info   :BundleManager] CACHE: Loading locally assets/content/items/mods/recievers/reciever_nl545_cgnl_nl545_fde.bundle
[Info   :BundleManager] CACHE: Loading locally WeaponXM8/xm8_bipod.bundle
[Info   :BundleManager] CACHE: Loading locally Tops/artem_top_45.bundle
[Info   :BundleManager] CACHE: Loading locally cs5_pic_mount.bundle
[Info   :BundleManager] CACHE: Loading locally Chestrigs/MC_tv110.bundle
[Info   :BundleManager] CACHE: Loading locally fphands/top_operator_bd2_hands.bundle
[Info   :BundleManager] CACHE: Loading locally textures/jpc-1-textures.bundle
[Info   :BundleManager] CACHE: Loading locally assets/content/items/mods/handguards/handguard_mcx_lancer_oem_gen1_18_inch_mlok.bundle
[Info   :BundleManager] CACHE: Loading locally assets/mcw/mods/mag_stanag_mcw_drum.bundle
[Info   :BundleManager] CACHE: Loading locally Bodywear/backpacks/has_gunbag/backpack_gunpack_blk.bundle
[Info   :BundleManager] CACHE: Loading locally assets/content/items/mods/handguards/handguard_ar15_strike_industries_gridlok_base_yellow.bundle
[Info   :BundleManager] CACHE: Loading locally doomarcade.bundle
[Info   :BundleManager] CACHE: Loading locally Attachment_Magazines/ar15_mag_looped.bundle
[Info   :BundleManager] CACHE: Loading locally mods/magazines/lancer_mags/20/l20_blk.bundle
[Info   :BundleManager] CACHE: Loading locally WeaponStaccatoXC/xc_trigger_comp.bundle
[Info   :BundleManager] CACHE: Loading locally mods/red_dots/lepold_lco_fde.bundle
[Info   :BundleManager] CACHE: Loading locally WeaponAK5C/ak5d_handguard.bundle
[Info   :BundleManager] CACHE: Loading locally assets/content/characters/character/prefabs/top_arena_warrior_champion.bundle
[Info   :BundleManager] CACHE: Loading locally Hands/artem_atomhands.bundle
[Info   :BundleManager] CACHE: Loading locally Backpacks/FG_ScavBackpack.bundle
[Info   :BundleManager] CACHE: Loading locally WeaponPSARock57/suppressor_57_custom.bundle
[Info   :BundleManager] CACHE: Loading locally mods/scopes/leupold_d_evo_fde.bundle
[Info   :BundleManager] CACHE: Loading locally assets/content/audio/phrases/black_division/black_division_01/help.bundle
[Info   :BundleManager] CACHE: Loading locally WeaponUMP9/ump9_magazine_20.bundle
[Info   :BundleManager] CACHE: Loading locally assets/content/items/mods/muzzle/muzzle_vpo215_molot_vpo_215_thread_protector_tactical_366tkm.bundle
[Info   :BundleManager] CACHE: Loading locally mods/ar15_handguards/hogue_handguards/hogue_15_inch_hg_blue.bundle
[Info   :BundleManager] CACHE: Loading locally WeaponAK5C/ak5c_groovedergogrip.bundle
[Info   :BundleManager] CACHE: Loading locally ar18pgforegrip.bundle
[Info   :BundleManager] CACHE: Loading locally cards/ttc_uncommon_amands_graphics_preset.bundle
[Info   :BundleManager] CACHE: Loading locally WeaponRO991/ro991_upper.bundle
[Info   :BundleManager] CACHE: Loading locally WeaponAEK/suppressor_aek_545.bundle
[Info   :BundleManager] CACHE: Loading locally ppshchop.bundle
[Info   :BundleManager] CACHE: Loading locally assets/m4_shared/m4_shared_anim.bundle
[Info   :BundleManager] CACHE: Loading locally ace32.bundle
[Info   :BundleManager] CACHE: Loading locally WeaponUSC/usc_magazine.bundle
[Info   :BundleManager] CACHE: Loading locally assets/iso/mods/pistolgrip_iso_griergo.bundle
[Info   :BundleManager] CACHE: Loading locally assets/content/items/mods/sights rear/sight_rear_all_matech_buis.bundle
[Info   :BundleManager] CACHE: Loading locally assets/content/items/mods/barrels/barrel_mcx_406mm_762x35.bundle
[Info   :BundleManager] CACHE: Loading locally quest_arcade_mainboard.bundle
[Info   :BundleManager] CACHE: Loading locally assets/jak12/audio.bundle
[Info   :BundleManager] CACHE: Loading locally chestrigs/item_equipment_rig_1961_estpatd.bundle
[Info   :BundleManager] CACHE: Loading locally handguard_kpyk_crc_1u004b_mlok_od_green.bundle
[Info   :BundleManager] CACHE: Loading locally assets/content/audio/phrases/black_division/black_division_01/generic/ongrenade.bundle
[Info   :BundleManager] CACHE: Loading locally ModernWeaponMods/mwm_omm_micro_pic_adapter_fde.bundle
[Info   :BundleManager] CACHE: Loading locally mods/mounts/carry_handle_gooseneck.bundle
[Info   :BundleManager] CACHE: Loading locally cards/ttc_common_hatchling_diplomat.bundle
[Info   :BundleManager] CACHE: Loading locally Ammo/patron_1036x77_fmj.bundle
[Info   :BundleManager] CACHE: Loading locally armor/item_equipment_armor_otv_3c.bundle
[Info   :BundleManager] CACHE: Loading locally Tops/artem_top_41.bundle
[Info   :BundleManager] CACHE: Loading locally cards/ttc_rare_hideout_hermit.bundle
[Info   :BundleManager] CACHE: Loading locally mods/ar15_handguards/dd_risiii_handguards/ris_iii_9_5l_blk.bundle
[Info   :BundleManager] CACHE: Loading locally cards/ttc_rare_vodka_before_raid.bundle
[Info   :BundleManager] CACHE: Loading locally assets/jak12/mods/magazine_jak12_12ga_20.bundle
[Info   :BundleManager] CACHE: Loading locally WeaponX95/weapon_x95_fde_container.bundle
[Info   :BundleManager] CACHE: Loading locally textures/ace32tex.bundle
[Info   :BundleManager] CACHE: Loading locally Mods/Misc_Acc/aics_efr_side.bundle
[Info   :BundleManager] CACHE: Loading locally assets/bal27/mods/pistolgrip_bal27_tape.bundle
[Info   :BundleManager] CACHE: Loading locally mods/mounts/unity_ftc_riser_blk.bundle
[Info   :BundleManager] CACHE: Loading locally assets/content/audio/phrases/black_division/black_division_01/generic/onlostvisual.bundle
[Info   :BundleManager] CACHE: Loading locally dragonden/clothing/headwear/dragon_den_helmet_x93_pink.dragonden
[Info   :BundleManager] CACHE: Loading locally mods/suppressors/polo_762_blk.bundle
[Info   :BundleManager] CACHE: Loading locally Attachments/Foregrips/foregrip_all_dd_vfg_fde_socom.bundle
[Info   :BundleManager] CACHE: Loading locally mods/stocks/b5_bravo_grey.bundle
[Info   :BundleManager] CACHE: Loading locally buttstock_fab_defense_gl_core_cheekriser.bundle
[Info   :BundleManager] CACHE: Loading locally ModernWeaponMods/mwm_hrf_rcm_magwell_mcx_fde.bundle
[Info   :BundleManager] CACHE: Loading locally Headwear/FW_CapFGIX.bundle
[Info   :BundleManager] CACHE: Loading locally Item_Containers/container_safe.bundle
[Info   :BundleManager] CACHE: Loading locally assets/content/items/equipment/helmet_atlant_armor_titan/item_equipment_helmet_atlant_armor_titan_od_bp03.bundle
[Info   :BundleManager] CACHE: Loading locally chestrigs/item_equipment_rig_umka_f2.bundle
[Info   :BundleManager] CACHE: Loading locally dragonden/weaponparts/silencers/dragon_iv_cloth_silencer_blue.dragonden
[Info   :BundleManager] CACHE: Loading locally ModernWeaponMods/mwm_monolift_riser_fde.bundle
[Info   :BundleManager] CACHE: Loading locally assets/iso/mods/barrel_iso_s45.bundle
[Info   :BundleManager] CACHE: Loading locally fphands/top_ruaf_sergeant_base_lod0_hands.bundle
[Info   :BundleManager] CACHE: Loading locally ModernWeaponMods/mwm_magpul_xtm_handstop_kit_fde.bundle
[Info   :BundleManager] CACHE: Loading locally assets/content/hands/alltheclothes/hands_boss_zryachiy.skin.bundle
[Info   :BundleManager] CACHE: Loading locally assets/content/items/equipment/armband/item_equipment_armband_loot.bundle
[Info   :BundleManager] CACHE: Loading locally assets/tr76/mods/comb_tr76_tac.bundle
[Info   :BundleManager] CACHE: Loading locally assets/content/items/mods/recievers/reciever_tkpd_sniperarms_dynamics_tkpd_std.bundle
[Info   :BundleManager] CACHE: Loading locally assets/content/items/mods/tactical/tactical_m1895_ranger_point_precision_hammer_spur_extension_blk.bundle
[Info   :BundleManager] CACHE: Loading locally chestrigs/item_equipment_rig_boss_blackknight_bush.bundle
[Info   :BundleManager] CACHE: Loading locally mods/ak/sag_mk3_gry.bundle
[Info   :BundleManager] CACHE: Loading locally karambit_mcb.bundle
[Info   :BundleManager] CACHE: Loading locally assets/dbr/mods/sight_dbr_front.bundle
[Info   :BundleManager] CACHE: Loading locally headset-pad-camo.bundle
[Info   :BundleManager] CACHE: Loading locally mods/magnifiers/romeo8t_high_mag_combo.bundle
[Info   :BundleManager] CACHE: Loading locally cards/ttc_rare_quest_item_kek.bundle
[Info   :BundleManager] CACHE: Loading locally Headwear/helmets/lshz/mount_lshz_cover_atacs_au.bundle
[Info   :BundleManager] CACHE: Loading locally chestrigs/chestrig_tarzan_dym.bundle
[Info   :BundleManager] CACHE: Loading locally covermcalp.bundle
[Info   :BundleManager] CACHE: Loading locally tops/top_usec_u2_flektarn.bundle
[Info   :BundleManager] CACHE: Loading locally mods/suppressors/rotex-v_blk.bundle
[Info   :BundleManager] CACHE: Loading locally WeaponMasada/masada_receiver.bundle
[Info   :BundleManager] CACHE: Loading locally wearables/headsets/ops_amp_blk.bundle
[Info   :BundleManager] CACHE: Loading locally dragonden/collectibles/cars/car_caravan.dragonden
[Info   :BundleManager] CACHE: Loading locally assets/content/hands/hands_usec_red_preppers/hands_usec_red_preppers.skin.bundle
[Info   :BundleManager] CACHE: Loading locally assets/tr76/mods/sight_front_all_tr76.bundle
[Info   :BundleManager] CACHE: Loading locally assets/iso/mods/pistolgrip_iso_gripass.bundle
[Info   :BundleManager] CACHE: Loading locally Mods/Misc_Acc/aics_efr.bundle
[Info   :BundleManager] CACHE: Loading locally WeaponMK23/mk23_trigger_flat.bundle
[Info   :BundleManager] CACHE: Loading locally Mods/Bullets/338_norma_fmj.bundle
[Info   :BundleManager] CACHE: Loading locally assets/content/location_objects/00_hideout/prefabs/customization/ceilings/ceiling_story_01_and_survived.bundle
[Info   :BundleManager] CACHE: Loading locally artemvest16.bundle
[Info   :BundleManager] CACHE: Loading locally WeaponGrizzly/grizzly_barrel_stainless.bundle
[Info   :BundleManager] CACHE: Loading locally assets/content/items/mods/handguards/handguard_m1895_ranger_point_precision_costa_m_lok_fde.bundle
[Info   :BundleManager] CACHE: Loading locally assets/content/items/equipment/glasses_red_charm/item_equipment_glasses_red_charm_bp2_blu.bundle
[Info   :BundleManager] CACHE: Loading locally assets/content/items/infosubject/item_info_note/item_info_note_bogatir_gnezdo.bundle
[Info   :BundleManager] CACHE: Loading locally cards/ttc_common_sawmill_overwatch.bundle
[Info   :BundleManager] CACHE: Loading locally assets_new/content/items/ammo/patrons/patron_9x19AVB.bundle
[Info   :BundleManager] CACHE: Loading locally wearables/facemasks/m53a1_gas_mask.bundle
[Info   :BundleManager] CACHE: Loading locally assets/longbow/weapon_longbow_762x39_container.bundle
[Info   :BundleManager] CACHE: Loading locally assets/content/items/equipment/facecover_ballistic_mask/item_equipment_facecover_strikeball_mask_lp_bp2.bundle
[Info   :BundleManager] CACHE: Loading locally m16_stock.bundle
[Info   :BundleManager] CACHE: Loading locally WeaponMasada/magpul_masada_sight_back_fde.bundle
[Info   :BundleManager] CACHE: Loading locally WeaponPM9/pm9_mag_40.bundle
[Info   :BundleManager] CACHE: Loading locally Headwear/helmets/galvion_caiman/helmet_caiman_bump_grey.bundle
[Info   :BundleManager] CACHE: Loading locally lhgbeech.bundle
[Info   :BundleManager] CACHE: Loading locally assets/monster_pacific_punch.bundle
[Info   :BundleManager] CACHE: Loading locally Tops/USEC_DeadlyFrog_Black.bundle
[Info   :BundleManager] CACHE: Loading locally mods/suppressors/allen_m4_suppressor.bundle
[Info   :BundleManager] CACHE: Loading locally mods/bipods/harris_bp_railmount.bundle
[Info   :BundleManager] CACHE: Loading locally cards/ttc_epic_hideout_expansion.bundle
[Info   :BundleManager] CACHE: Loading locally headwear/item_equipment_helmet_6b47covered_ss.bundle
[Info   :BundleManager] CACHE: Loading locally csgas_fx.bundle
[Info   :BundleManager] CACHE: Loading locally short_knife.bundle
[Info   :BundleManager] CACHE: Loading locally Hands/artem_hands_9.bundle
[Info   :BundleManager] CACHE: Loading locally assets/jak12/mods/sight_front_jak12.bundle
[Info   :BundleManager] CACHE: Loading locally hands/hands_usec_clawgear_slocam.bundle
[Info   :BundleManager] CACHE: Loading locally dragonden/clothing/headwear/dragon_den_helmet_x93_red.dragonden
[Info   :BundleManager] CACHE: Loading locally bottoms/pants_security_gorka4_leaves.bundle
[Info   :BundleManager] CACHE: Loading locally WeaponM78/m78_mount_scope.bundle
[Info   :BundleManager] CACHE: Loading locally mods/ar15_muzzle_devices/rotex_d_fde.bundle
[Info   :BundleManager] CACHE: Loading locally assets/mcw/mods/handguard_mcw_hvyshort2_blk.bundle
[Info   :BundleManager] CACHE: Loading locally mods/suppressors/twi_supp.bundle
[Info   :BundleManager] CACHE: Loading locally backpacks/item_equipment_backpack_lbt1476a_slick_gray.bundle
[Info   :BundleManager] CACHE: Loading locally WeaponXM8/weapon_xm8_container.bundle
[Info   :BundleManager] CACHE: Loading locally assets/content/audio/phrases/black_division/black_division_01/enemy.bundle
[Info   :BundleManager] CACHE: Loading locally mods/ar15_handguards/dd_risii_handguards/ris_ii_12_5_fspl.bundle
[Info   :BundleManager] CACHE: Loading locally tacticalvest6.bundle
[Info   :BundleManager] CACHE: Loading locally assets/abmods/svtu/stock_avt40_svtu_wood.bundle
[Info   :BundleManager] CACHE: Loading locally WeaponWilsonCombatEDCX9/wilson_tacticalslide_cover.bundle
[Info   :BundleManager] CACHE: Loading locally Ammo/patron_11x33r_fmj.bundle
[Info   :BundleManager] CACHE: Loading locally dragonden/clothing/facewear/cat_mask_white.dragonden
[Info   :BundleManager] CACHE: Loading locally Posters/poster_733_commando.bundle
[Info   :BundleManager] CACHE: Loading locally assets/qbz97/mods/mount_qbz97_optic.bundle
[Info   :BundleManager] CACHE: Loading locally Tops/artem_top_49.bundle
[Info   :BundleManager] CACHE: Loading locally assets/monster_punch.bundle
[Info   :BundleManager] CACHE: Loading locally assets/content/items/equipment/rig_stich_profi_plate_carrier_v2/item_equipment_rig_stich_marpat_bp2.bundle
[Info   :BundleManager] CACHE: Loading locally mods/lapua/barrel_ax_accuracy_international_660mm_762x51_pb.bundle
[Info   :BundleManager] CACHE: Loading locally assets/grau/mods/barrel_grau_light.bundle
[Info   :BundleManager] CACHE: Loading locally zipline_ar15_pistolgrip.bundle
[Info   :BundleManager] CACHE: Loading locally mods/ar15_handguards/dd_risiii_handguards/ris_iii_9_5u_blk.bundle
[Info   :BundleManager] CACHE: Loading locally WeaponStaccatoXC/xc_trigger_stainless.bundle
[Info   :BundleManager] CACHE: Loading locally assets/content/items/mods/handguards/handguard_ar15_kac_rifle_lenght_free_float_ras_12_inch.bundle
[Info   :BundleManager] CACHE: Loading locally flechette_ammo.bundle
[Info   :BundleManager] CACHE: Loading locally mods/mounts/rep_acro_offset_fde.bundle
[Info   :BundleManager] CACHE: Loading locally chestrigs/item_equipment_rig_cryeavs_mm14.bundle
[Info   :BundleManager] CACHE: Loading locally WeaponMasada/magpul_masada_stock_fde.bundle
[Info   :BundleManager] CACHE: Loading locally rr-muzzle-device.bundle
[Info   :BundleManager] CACHE: Loading locally assets/content/weapons/miller/weapon_miller_bros_m-2_brown_container.bundle
[Info   :BundleManager] CACHE: Loading locally assets/iso/mods/reciever_iso_45.bundle
[Info   :BundleManager] CACHE: Loading locally assets/content/hands/hands_arena_intermediate/hands_arena_intermediate_usec.skin.bundle
[Info   :BundleManager] CACHE: Loading locally WeaponGrizzly/grizzly_grips_gold.bundle
[Info   :BundleManager] CACHE: Loading locally Posters/poster_galil.bundle
[Info   :BundleManager] CACHE: Loading locally chestrigs/item_equipment_rig_m1_gray.bundle
[Info   :BundleManager] CACHE: Loading locally ModernWeaponMods/mwm_anchor_foregrip_fde_reversed.bundle
[Info   :BundleManager] CACHE: Loading locally assets/content/items/equipment/facecover_extreme_cold_weather/item_equipment_facecover_extreme_cold_weather.bundle
[Info   :BundleManager] CACHE: Loading locally Headwear/helmets/tor-2/cover_tor_2_emr_winter.bundle
[Info   :BundleManager] CACHE: Loading locally ModernWeaponMods/mwm_kdg_acr_1913_fde.bundle
[Info   :BundleManager] CACHE: Loading locally assets/content/items/infosubject/item_info_note/item_info_notepad_a5_closed_01.bundle
[Info   :BundleManager] CACHE: Loading locally Tops/artem_top_9.bundle
[Info   :BundleManager] CACHE: Loading locally mods/scopes/mgo_556_ch.bundle
[Info   :BundleManager] CACHE: Loading locally Hands/artem_hands_25.bundle
[Info   :BundleManager] CACHE: Loading locally WeaponPMM12/pmm_suppressor.bundle
[Info   :BundleManager] CACHE: Loading locally Hands/artem_hands_5.bundle
[Info   :BundleManager] CACHE: Loading locally assets/content/items/infosubject/item_info_note/item_info_note_delegation_authority.bundle
[Info   :BundleManager] CACHE: Loading locally backpacks/item_equipment_backpack_blackjack_granite.bundle
[Info   :BundleManager] CACHE: Loading locally assets/content/location_objects/00_hideout/prefabs/customization/floors/floor_forgotten.bundle
[Info   :BundleManager] CACHE: Loading locally assets/content/items/infosubject/item_info_note/item_info_note_mention_keepers.bundle
[Info   :BundleManager] CACHE: Loading locally fscamo.bundle
[Info   :BundleManager] CACHE: Loading locally hands/hands_bear_zaslon_emr.skin.bundle
[Info   :BundleManager] CACHE: Loading locally WeaponUdav/udav_suppressor.bundle
[Info   :BundleManager] CACHE: Loading locally mods/hk/hk_smr_14_5_ddc.bundle
[Info   :BundleManager] CACHE: Loading locally assets/content/items/mods/silencers/silencer_base_kac_sr25_mk11_suppressor_762x51.bundle
[Info   :BundleManager] CACHE: Loading locally assets/content/items/equipment/glasses_wiley_spear/item_equipment_glasses_wiley_spear_tan_bp03.bundle
[Info   :BundleManager] CACHE: Loading locally bottoms/pants_usec_cryeac_alpha_fde.bundle
[Info   :BundleManager] CACHE: Loading locally assets/content/items/mods/handguards/handguard_ar15_strike_industries_gridlok_base_red.bundle
[Info   :BundleManager] CACHE: Loading locally assets/content/items/infosubject/item_info_secret_extraction/item_info_secret_extraction_map_interchange.bundle
[Info   :BundleManager] CACHE: Loading locally dustcamo.bundle
[Info   :BundleManager] CACHE: Loading locally cs5_suppressor.bundle
[Info   :BundleManager] CACHE: Loading locally cards/ttc_legendary_tarkov_alt_tab_crash.bundle
[Info   :BundleManager] CACHE: Loading locally assets/isoh/mods/silencer_isoh_sil.bundle
[Info   :BundleManager] CACHE: Loading locally WeaponPitViper/weapon_pitviper_container.bundle
[Info   :BundleManager] CACHE: Loading locally Mods/Stocks/m700la_aics_chassis.bundle
[Info   :BundleManager] CACHE: Loading locally Headwear/helmets/mich_2000/mich2000_blk.bundle
[Info   :BundleManager] CACHE: Loading locally assets/content/items/infosubject/item_info_note/item_info_note_terminal_portgates.bundle
[Info   :BundleManager] CACHE: Loading locally mods/magnifiers/romeo8t_low_mag_combo.bundle
[Info   :BundleManager] CACHE: Loading locally Ammo/patron_25x59_airburst.bundle
[Info   :BundleManager] CACHE: Loading locally bottoms/pants_security_gorka4_izlom.bundle
[Info   :BundleManager] CACHE: Loading locally WeaponX95/weapon_x95_9mm_container.bundle
[Info   :BundleManager] CACHE: Loading locally assets/content/items/mods/handguards/handguard_rpd_ds_arms_railed_handguard.bundle
[Info   :BundleManager] CACHE: Loading locally assets/isoh/mods/barrel_isoh_pstl.bundle
[Info   :BundleManager] CACHE: Loading locally ppshbuffer.bundle
[Info   :BundleManager] CACHE: Loading locally Chestrigs/FORT_S_EMR.bundle
[Info   :BundleManager] CACHE: Loading locally WeaponA545/a545_rear.bundle
[Info   :BundleManager] CACHE: Loading locally WeaponMasada/weapon_magpul_masada_fde_container.bundle
[Info   :BundleManager] CACHE: Loading locally assets/content/hands/hands_bear_hawaii_02/hands_bear_hawaii_02.skin.bundle
[Info   :BundleManager] CACHE: Loading locally assets/superi46/superi46_animations.bundle
[Info   :BundleManager] CACHE: Loading locally assets/katt_amr/weapon_katt_amr_127x99_container.bundle
[Info   :BundleManager] CACHE: Loading locally mods/mounts/unity_micro_226_fde.bundle
[Info   :BundleManager] CACHE: Loading locally assets/content/items/mods/barrels/barrel_ar15_ba_292mm.bundle
[Info   :BundleManager] CACHE: Loading locally artem_ferronvgpack3.bundle
[Info   :BundleManager] CACHE: Loading locally assets/monster_green.bundle
[Info   :BundleManager] CACHE: Loading locally Clothing/Hands/VKPO_EMR/top_ruaf_vkpo_emr_skin.bundle
[Info   :BundleManager] CACHE: Loading locally assets/mhg0/textures.bundle
[Info   :BundleManager] CACHE: Loading locally assets/content/items/mods/sights rear/sight_rear_all_sig_flip_up_anime.bundle
[Info   :BundleManager] CACHE: Loading locally assets/content/characters/character/alltheclothes/top_boss_tagilla.skin.bundle
[Info   :BundleManager] CACHE: Loading locally mods/ar15_handguards/geissele_mk8_handguards/mk8_15_blk.bundle
[Info   :BundleManager] CACHE: Loading locally tops/top_usec_winterset_slocam.bundle
[Info   :BundleManager] CACHE: Loading locally assets/content/items/barter/item_barter_tarko_btr/item_barter_tarko_btr.bundle
[Info   :BundleManager] CACHE: Loading locally Headwear/masks/mask_gasmask_pmk4.bundle
[Info   :BundleManager] CACHE: Loading locally Attachment_Magazines/ar15_40roundstanag.bundle
[Info   :BundleManager] CACHE: Loading locally Hands/Hands_BEAR_Lynx_EMR.bundle
[Info   :BundleManager] CACHE: Loading locally mods/ar15_muzzle_devices/aem_brake_collar.bundle
[Info   :BundleManager] CACHE: Loading locally assets/content/items/equipment/facecover_gasmask_avon_m53a1/item_equipment_facecover_gasmask_avon_m53a1.bundle
[Info   :BundleManager] CACHE: Loading locally mods/ar15_handguards/dd_risiii_handguards/ris_iii_9_5u_fde.bundle
[Info   :BundleManager] CACHE: Loading locally cards/ttc_legendary_recoil_rework.bundle
[Info   :BundleManager] CACHE: Loading locally cards/ttc_epic_tetriz_portable_game_console.bundle
[Info   :BundleManager] CACHE: Loading locally artem_circularpatch1.bundle
[Info   :BundleManager] CACHE: Loading locally Hands/artem_hands_1.bundle
[Info   :BundleManager] CACHE: Loading locally dragonden/collectibles/plushies/plushie_voodoo_bunny.dragonden
[Info   :BundleManager] CACHE: Loading locally assets/isoh/mods/muzzle_isoh.bundle
[Info   :BundleManager] CACHE: Loading locally assets/jakm4/jakm4_textures.bundle
[Info   :BundleManager] CACHE: Loading locally assets/tr76/mods/pistolgrip_tr76_ergo.bundle
[Info   :BundleManager] CACHE: Loading locally WeaponKACPDW/kacpdw_container.bundle
[Info   :BundleManager] CACHE: Loading locally ModernWeaponMods/mwm_hrf_rcm_magwell.bundle
[Info   :BundleManager] CACHE: Loading locally WeaponMSBS/msbs_receiver_fde.bundle
[Info   :BundleManager] CACHE: Loading locally cards/ttc_uncommon_rpk_16_squad_support.bundle
[Info   :BundleManager] CACHE: Loading locally WeaponMK23/mk23_slide.bundle
[Info   :BundleManager] CACHE: Loading locally mods/mounts/unity_scope_high.bundle
[Info   :BundleManager] CACHE: Loading locally assets/content/hands/hands_arena_warrior_champion/hands_warrior_champion.skin.bundle
[Info   :BundleManager] CACHE: Loading locally sprcheek.bundle
[Info   :BundleManager] CACHE: Loading locally textures/galilparts.bundle
[Info   :BundleManager] CACHE: Loading locally WeaponPM9/pm9_wirestock.bundle
[Info   :BundleManager] CACHE: Loading locally assets/content/items/equipment/glasses_revision_shadowstrike/item_equipment_glasses_revision_shadowstrike_grey_bp03.bundle
[Info   :BundleManager] CACHE: Loading locally Hands/artem_hands_3.bundle
[Info   :BundleManager] CACHE: Loading locally assets/content/characters/character/prefabs/top_arena_champion.bundle
[Info   :BundleManager] CACHE: Loading locally Bodywear/unarmoredRigs/peacekeeper/item_equipment_rig_peacekeeper_coyote.bundle
[Info   :BundleManager] CACHE: Loading locally assets/content/items/equipment/helmet_crye_airframe_chops/item_equipment_helmet_crye_airframe_chops_olive_drab_green.bundle
[Info   :BundleManager] CACHE: Loading locally assets/mcw/mods/handguard_mcw_sil.bundle
[Info   :BundleManager] CACHE: Loading locally artem_zryachiygreen.bundle
[Info   :BundleManager] CACHE: Loading locally assets/content/items/mods/stocks/stock_ar15_kac_m110_sass_tau.bundle
[Info   :BundleManager] CACHE: Loading locally mods/ar15_handguards/urx4_10_blk.bundle
[Info   :BundleManager] CACHE: Loading locally textures/bt300texbase.bundle
[Info   :BundleManager] CACHE: Loading locally backpanel1.bundle
[Info   :BundleManager] CACHE: Loading locally mods/ar15_handguards/dd_risii_handguards/ris_ii_9_5_fspl_black.bundle
[Info   :BundleManager] CACHE: Loading locally cards/ttc_uncommon_reagent_bottle_3.bundle
[Info   :BundleManager] CACHE: Loading locally dragonden/clothing/headwear/dragon_den_helmet_x93_cyan.dragonden
[Info   :BundleManager] CACHE: Loading locally assets/content/items/equipment/glasses_wiley_spear/item_equipment_glasses_wiley_spear_black_bp03.bundle
[Info   :BundleManager] CACHE: Loading locally assets/ol277/ol277_anim.bundle
[Info   :BundleManager] CACHE: Loading locally mods/mounts/hydra-mid-fde.bundle
[Info   :BundleManager] CACHE: Loading locally cards/ttc_rare_pistol_only_heroes.bundle
[Info   :BundleManager] CACHE: Loading locally cards/ttc_legendary_wipe_when_you_want.bundle
[Info   :BundleManager] CACHE: Loading locally Hands/artem_hands_46.bundle
[Info   :BundleManager] CACHE: Loading locally 119tropic.bundle
[Info   :BundleManager] CACHE: Loading locally chestrigs/item_equipment_rig_triton_flora.bundle
[Info   :BundleManager] CACHE: Loading locally c11bb.bundle
[Info   :BundleManager] CACHE: Loading locally mods/magazines/lancer_mags/30/l30_alien_grn.bundle
[Info   :BundleManager] CACHE: Loading locally assets/content/location_objects/00_hideout/prefabs/customization/ceilings/ceiling_story_02_in_the_darkness.bundle
[Info   :BundleManager] CACHE: Loading locally dragonden/clothing/backpack/dragon_den_sports_backpack_blue.dragonden
[Info   :BundleManager] CACHE: Loading locally mods/ar15_muzzle_devices/sfmb_556.bundle
[Info   :BundleManager] CACHE: Loading locally usw-slide.bundle
[Info   :BundleManager] CACHE: Loading locally cards/ttc_rare_glukhar_trainyard_warlord.bundle
[Info   :BundleManager] CACHE: Loading locally assets/jak12/mods/mount_jak12_side_2.bundle
[Info   :BundleManager] CACHE: Loading locally amparms.bundle
[Info   :BundleManager] CACHE: Loading locally Ammo/ammo_792x57mm_sp.bundle
[Info   :BundleManager] CACHE: Loading locally WeaponHenryBBS/henry_bbs_rail.bundle
[Info   :BundleManager] CACHE: Loading locally WeaponAGSeries/weapon_ag43_container.bundle
[Info   :BundleManager] CACHE: Loading locally WeaponCheytacM200/m200_bipod.bundle
[Info   :BundleManager] CACHE: Loading locally rr-10rd-mag.bundle
[Info   :BundleManager] CACHE: Loading locally Bodywear/unarmoredRigs/spiritus_34a/rig_spiritus_34a_od.bundle
[Info   :BundleManager] CACHE: Loading locally assets/content/hands/hands_bear_sso/hands_bear_sso.skin.bundle
[Info   :BundleManager] CACHE: Loading locally Weapon92fs/92fs_threadedbarrel.bundle
[Info   :BundleManager] CACHE: Loading locally assets/content/items/equipment/rig_gladiator_s_light_black/item_equipment_armor_gladiator_s_light_blk.bundle
[Info   :BundleManager] CACHE: Loading locally tops/tshirt_bear_moha.bundle
[Info   :BundleManager] CACHE: Loading locally assets/content/items/equipment/helmet_neosteel/item_equipment_helmet_neosteel_orange_stains_bp2.bundle
[Info   :BundleManager] CACHE: Loading locally mods/mounts/rep_acro_cowitness_blk.bundle
[Info   :BundleManager] CACHE: Loading locally dragonden/clothing/headwear/dragon_den_helmet_x93_orange.dragonden
[Info   :BundleManager] CACHE: Loading locally hkp30l.bundle
[Info   :BundleManager] CACHE: Loading locally assets/mcw/mods/handguard_mcw_hvylong.bundle
[Info   :BundleManager] CACHE: Loading locally mods/ak/bulgarian_krink_fh.bundle
[Info   :BundleManager] CACHE: Loading locally WeaponF2000/f2000_scope.bundle
[Info   :BundleManager] CACHE: Loading locally cards/ttc_legendary_bitcoin_farm.bundle
[Info   :BundleManager] CACHE: Loading locally assets_new/content/items/ammo/patrons/patron_9x19_sharedassets.bundle
[Info   :BundleManager] CACHE: Loading locally cards/ttc_rare_scav_mosin_from_mars.bundle
[Info   :BundleManager] CACHE: Loading locally vlite-ir.bundle
[Info   :BundleManager] CACHE: Loading locally WeaponCZScorpion/cz_scorpion_magazine_drum.bundle
[Info   :BundleManager] CACHE: Loading locally mods/mcx/rattler_base_hg.bundle
[Info   :BundleManager] CACHE: Loading locally assets/content/weapons/m8230/client_assets.bundle
[Info   :BundleManager] CACHE: Loading locally mp7_magazine_1.bundle
[Info   :BundleManager] CACHE: Loading locally assets/stalker.bundle
[Info   :BundleManager] CACHE: Loading locally WeaponAGSeries/ag042_rs.bundle
[Info   :BundleManager] CACHE: Loading locally WeaponGrizzly/weapon_grizzly_blk_container.bundle
[Info   :BundleManager] CACHE: Loading locally assets/content/audio/phrases/black_division/black_division_01/help/needmedkit.bundle
[Info   :BundleManager] CACHE: Loading locally covercadpat.bundle
[Info   :BundleManager] CACHE: Loading locally opscorecadpattw.bundle
[Info   :BundleManager] CACHE: Loading locally mods/ar15_muzzle_devices/cgs_sci_fh.bundle
[Info   :BundleManager] CACHE: Loading locally assaultvest1.bundle
[Info   :BundleManager] CACHE: Loading locally assets/content/characters/character/prefabs/pants_bd_operator_04.bundle
[Info   :BundleManager] CACHE: Loading locally WeaponAK5C/weapon_ak5g_container.bundle
[Info   :BundleManager] CACHE: Loading locally vzstockfold.bundle
[Info   :BundleManager] CACHE: Loading locally Hands/Hands_BEAR_Parka_IX.bundle
[Info   :BundleManager] CACHE: Loading locally assets/fal/fal_textures.bundle
[Info   :BundleManager] CACHE: Loading locally cards/ttc_epic_optimized_netcode.bundle
[Info   :BundleManager] CACHE: Loading locally mods/ar10/sfmb_762.bundle
[Info   :BundleManager] CACHE: Loading locally assets_new/content/items/ammo/patrons/patron_762x51_m198.bundle
[Info   :BundleManager] CACHE: Loading locally assets/content/items/infosubject/item_info_note/item_info_note_newspaper_photo_anastasia.bundle
[Info   :BundleManager] CACHE: Loading locally armor/item_equipment_armor_un_wineleaf.bundle
[Info   :BundleManager] CACHE: Loading locally chestrigs/item_equipment_rig_triton_dpm.bundle
[Info   :BundleManager] CACHE: Loading locally assets/t725/mods/mount_t725_hg_def.bundle
[Info   :BundleManager] CACHE: Loading locally mods/suppressors/surefire_762rc2fde.bundle
[Info   :BundleManager] CACHE: Loading locally backpacks/item_equipment_backpack_trizip_ucp.bundle
[Info   :BundleManager] CACHE: Loading locally WeaponProdigy/prodigy_slide_fde.bundle
[Info   :BundleManager] CACHE: Loading locally WeaponHenryBBS/weapon_henry_bbs_container.bundle
[Info   :BundleManager] CACHE: Loading locally mods/ar10/kac_ff_ras_sr25_hg.bundle
[Info   :BundleManager] CACHE: Loading locally WeaponPM9/pm9_lightmount.bundle
[Info   :BundleManager] CACHE: Loading locally assets/content/weapons/nl545/weapon_cgnl_nl545_545x39_container.bundle
[Info   :BundleManager] CACHE: Loading locally assets/content/items/containers/item_container_tube/item_container_tube.bundle
[Info   :BundleManager] CACHE: Loading locally assets/mcw/mods/handguard_mcw_hvymarksman.bundle
[Info   :BundleManager] CACHE: Loading locally dragonden/quest/landmine.dragonden
[Info   :BundleManager] CACHE: Loading locally assets/qbz03/weapon_qbz03_container.bundle
[Info   :BundleManager] CACHE: Loading locally assets/tr76/mods/barrel_tr76_base.bundle
[Info   :BundleManager] CACHE: Loading locally assets/content/location_objects/00_hideout/prefabs/customization/ceilings/ceiling_ending_03.bundle
[Info   :BundleManager] CACHE: Loading locally assets/content/items/ammo/patrons/patron_762x25tt_timbs_856a1.bundle
[Info   :BundleManager] CACHE: Loading locally chestrigs/item_equipment_rig_1961_winter.bundle
[Info   :BundleManager] CACHE: Loading locally armor/item_equipment_armor_kora_kulon_93.bundle
[Info   :BundleManager] CACHE: Loading locally mods/ar15_handguards/midwest_nf_10_5.bundle
[Info   :BundleManager] CACHE: Loading locally alfaforegrip.bundle
[Info   :BundleManager] CACHE: Loading locally WeaponCZScorpion/cz_scorpion_charge_delta_red.bundle
[Info   :BundleManager] CACHE: Loading locally Attachment_Magazines/p90_magazine_ergo.bundle
[Info   :BundleManager] CACHE: Loading locally assets/content/characters/character/prefabs/top_usec_red_preppers.bundle
[Info   :BundleManager] CACHE: Loading locally assets/content/items/mods/recievers/reciever_ar15_colt_m16a2_std.bundle
[Info   :BundleManager] CACHE: Loading locally hands/hands_u2_marpat.skin.bundle
[Info   :BundleManager] CACHE: Loading locally assets/dg56/mods/mount_dg56_bott_def.bundle
[Info   :BundleManager] CACHE: Loading locally rugerbolts.bundle
[Info   :BundleManager] CACHE: Loading locally WeaponMasada/masada_handguard_mlok_mid.bundle
[Info   :BundleManager] CACHE: Loading locally assets/content/items/infosubject/item_info_note_folder/item_info_note_folder_closed_cardboard_personal.bundle
[Info   :BundleManager] CACHE: Loading locally ModernWeaponMods/mwm_lmt_pdw_buffer_tube.bundle
[Info   :BundleManager] CACHE: Loading locally assets/tr76/mods/mount_tr76_def.bundle
[Info   :BundleManager] CACHE: Loading locally Headwear/helmets/pasgt_bk3/helmet_cover_bk3_jigsaw.bundle
[Info   :BundleManager] CACHE: Loading locally ModernWeaponMods/mwm_magpul_mlok_handstop_kit_fde.bundle
[Info   :BundleManager] CACHE: Loading locally chestrigs/item_equipment_rig_patrol_multicam.bundle
[Info   :BundleManager] CACHE: Loading locally mods/magazines/lancer_mags/20/l20_dfde.bundle
[Info   :BundleManager] CACHE: Loading locally rugerupper.bundle
[Info   :BundleManager] CACHE: Loading locally cards/ttc_epic_alt_f4_hero.bundle
[Info   :BundleManager] CACHE: Loading locally ar18buff.bundle
[Info   :BundleManager] CACHE: Loading locally saker_762_camo.bundle
[Info   :BundleManager] CACHE: Loading locally WeaponAGSeries/ag042_muzzle.bundle
[Info   :BundleManager] CACHE: Loading locally mods/suppressors/aac-m4-2000tan.bundle
[Info   :BundleManager] CACHE: Loading locally Posters/poster_pulp_fiction_2.bundle
[Info   :BundleManager] CACHE: Loading locally cough_animation.bundle
[Info   :BundleManager] CACHE: Loading locally WeaponCZScorpion/cz_scorpion_magazine_magpul35_tape.bundle
[Info   :BundleManager] CACHE: Loading locally kislide.bundle
[Info   :BundleManager] CACHE: Loading locally cards/ttc_rare_patch_day_salt.bundle
[Info   :BundleManager] CACHE: Loading locally belt3.bundle
[Info   :BundleManager] CACHE: Loading locally mods/mounts/kac_high_reverse.bundle
[Info   :BundleManager] CACHE: Loading locally vzbayonet.bundle
[Info   :BundleManager] CACHE: Loading locally WeaponCZScorpion/cz_scorpion_charge.bundle
[Info   :BundleManager] CACHE: Loading locally WeaponCheytacM200/m200_barrel.bundle
[Info   :BundleManager] CACHE: Loading locally WeaponF2000/weapon_f2000_container.bundle
[Info   :BundleManager] CACHE: Loading locally Tops/artem_top_16.bundle
[Info   :BundleManager] CACHE: Loading locally Chestrigs/ARSCPC_FGIX.bundle
[Info   :BundleManager] CACHE: Loading locally cards/ttc_rare_rat_king.bundle
[Info   :BundleManager] CACHE: Loading locally assets/content/items/equipment/facecover_devtac_samurai/item_equipment_facecover_devtac_samurai_bp2_white.bundle
[Info   :BundleManager] CACHE: Loading locally WeaponM76/m76muzzledevice.bundle
[Info   :BundleManager] CACHE: Loading locally artem_scrim1.bundle
[Info   :BundleManager] CACHE: Loading locally Backpacks/EMR_ScavBackpack.bundle
[Info   :BundleManager] CACHE: Loading locally tops/top_bear_ops_windshirt_china.bundle
[Info   :BundleManager] CACHE: Loading locally dragonden/quest/egg_4.dragonden
[Info   :BundleManager] CACHE: Loading locally mods/magazines/lancer_mags/30/l30_red.bundle
[Info   :BundleManager] CACHE: Loading locally WeaponAN94/an94_kirov_magazine.bundle
[Info   :BundleManager] CACHE: Loading locally cards/ttc_uncommon_audio_accessibility_indicators.bundle
[Info   :BundleManager] CACHE: Loading locally assets/content/characters/character/prefabs/top_civilian_port_yellowcoat_yellow.bundle
[Info   :BundleManager] CACHE: Loading locally mods/ar15_handguards/geissele_mk4_handguards/mk4_15_odg.bundle
[Info   :BundleManager] CACHE: Loading locally container_first_aid.bundle
[Info   :BundleManager] CACHE: Loading locally assets/content/characters/character/prefabs/top_arena_intermediate_usec.bundle
[Info   :BundleManager] CACHE: Loading locally Tops/artem_top_14.bundle
[Info   :BundleManager] CACHE: Loading locally chestrigs/item_equipment_rig_mmac_aor.bundle
[Info   :BundleManager] CACHE: Loading locally ModernWeaponMods/mwm_dd_ris_ii_1225_black.bundle
[Info   :BundleManager] CACHE: Loading locally ar18receiver.bundle
[Info   :BundleManager] CACHE: Loading locally ModernWeaponMods/mwm_pmag_20_gen_m2.bundle
[Info   :BundleManager] CACHE: Loading locally mods/mounts/reptilia_34mm_acro_blk.bundle
[Info   :BundleManager] CACHE: Loading locally backpacks/item_equipment_backpack_wartech_emrd.bundle
[Info   :BundleManager] CACHE: Loading locally textures/hkp30tex.bundle
[Info   :BundleManager] CACHE: Loading locally assets/isoh/mods/stock_isoh_hvy.bundle
[Info   :BundleManager] CACHE: Loading locally cards/ttc_legendary_killa_mall_marauder.bundle
[Info   :BundleManager] CACHE: Loading locally WeaponAEK/aek_stock_pkm.bundle
[Info   :BundleManager] CACHE: Loading locally WeaponX95/x95_rail_l_od.bundle
[Info   :BundleManager] CACHE: Loading locally cards/ttc_uncommon_santa_scav_surprise.bundle
[Info   :BundleManager] CACHE: Loading locally assets/content/items/mods/stocks/stock_ar15_phase5_ums_ylw.bundle
[Info   :BundleManager] CACHE: Loading locally assets/content/items/barter/item_barter_valuable_bitcoin_part/item_barter_valuable_bitcoin_part_right.bundle
[Info   :BundleManager] CACHE: Loading locally assets/content/items/mods/barrels/barrel_tkpd_sniperarms_dynamics_464mm_93x64.bundle
[Info   :BundleManager] CACHE: Loading locally Bottoms/Usec_Birdeye_UCON.bundle
[Info   :BundleManager] CACHE: Loading locally assets/rockstar.bundle
[Info   :BundleManager] CACHE: Loading locally mods/m700/m700_16.bundle
[Info   :BundleManager] CACHE: Loading locally assets/isoh/mods/mount_isoh_fg_def.bundle
[Info   :BundleManager] CACHE: Loading locally assets/content/items/infosubject/item_info_note/item_info_note_newspaper_investigation.bundle
[Info   :BundleManager] CACHE: Loading locally WeaponAEK/aek_pistolgrip.bundle
[Info   :BundleManager] CACHE: Loading locally backpacks/item_equipment_backpack_f5_badlands.bundle
[Info   :BundleManager] CACHE: Loading locally ModernWeaponMods/mwm_badger_jarm45.bundle
[Info   :BundleManager] CACHE: Loading locally assets/content/characters/character/prefabs/pants_arena_warrior_champion.bundle
[Info   :BundleManager] CACHE: Loading locally Tops/artem_top_12.bundle
[Info   :BundleManager] CACHE: Loading locally mods/suppressors/prt_supp_blk.bundle
[Info   :BundleManager] CACHE: Loading locally cards/ttc_uncommon_floating_loot_crate.bundle
[Info   :BundleManager] CACHE: Loading locally fphands/top_ruaf_ballistic_base_lod0_hands.bundle
[Info   :BundleManager] CACHE: Loading locally assets/content/items/equipment/rig_stich_profi_plate_carrier_v2/item_equipment_rig_stich_profi_plate_carrier_v2_coyote_bp03.bundle
[Info   :BundleManager] CACHE: Loading locally assets/qbz03_sek/handguard_qbz03_sek_hmmlok01.bundle
[Info   :BundleManager] CACHE: Loading locally Bottoms/Usec_Birdeye_MM14.bundle
[Info   :BundleManager] CACHE: Loading locally assets/content/audio/phrases/black_division/black_division_01/teamstatus/hit.bundle
[Info   :BundleManager] CACHE: Loading locally tops/top_bear_hawaii_tiger.bundle
[Info   :BundleManager] CACHE: Loading locally assets/iso/mods/barrel_iso_long.bundle
[Info   :BundleManager] CACHE: Loading locally mods/pistol_grips/hogue_ar_pg_grey.bundle
[Info   :BundleManager] CACHE: Loading locally WeaponDragunov/svdgreencamodustcover.bundle
[Info   :BundleManager] CACHE: Loading locally WeaponProdigy/prodigy_frontsight_yellow.bundle
[Info   :BundleManager] CACHE: Loading locally assets/content/characters/character/prefabs/top_usec_kit_upper_hawaii_miami.bundle
[Info   :BundleManager] CACHE: Loading locally Bodywear/armoredRigs/JPC/cr_crye_jpc_mct_saw.bundle
[Info   :BundleManager] CACHE: Loading locally WeaponUCP/ucp_rail.bundle
[Info   :BundleManager] CACHE: Loading locally opscoredncblack.bundle
[Info   :BundleManager] CACHE: Loading locally Hands/artem_tracksuitred_hands.bundle
[Info   :BundleManager] CACHE: Loading locally Attachment_Foregrips/foregrip_ak5c_tangodown.bundle
[Info   :BundleManager] CACHE: Loading locally assets_new/content/items/ammo/patrons/patron_762x51_tvfm.bundle
[Info   :BundleManager] CACHE: Loading locally ap_box_5.bundle
[Info   :BundleManager] CACHE: Loading locally mods/ar15_handguards/mcmr10_fde.bundle
[Info   :BundleManager] CACHE: Loading locally assets/content/items/infosubject/item_info_note/item_info_note_bluefire_witness.bundle
[Info   :BundleManager] CACHE: Loading locally Tops/artem_top_10.bundle
[Info   :BundleManager] CACHE: Loading locally opticmount_kpyk_crc_2u073_fde.bundle
[Info   :BundleManager] CACHE: Loading locally Hands/Hands_USEC_Winter2_Grey.bundle
[Info   :BundleManager] CACHE: Loading locally assets/content/audio/phrases/black_division/black_division_01/contact/onsix.bundle
[Info   :BundleManager] CACHE: Loading locally WeaponPSARock57/rock57_rs.bundle
[Info   :BundleManager] CACHE: Loading locally assets/content/items/equipment/armband/item_equipment_armband_sbeukomar.bundle
[Info   :BundleManager] CACHE: Loading locally clothing/oldsnakefortnite_bottom.bundle
[Info   :BundleManager] CACHE: Loading locally assets/content/characters/character/prefabs/top_boss_wedge.bundle
[Info   :BundleManager] CACHE: Loading locally WeaponM107/m107_muzzle.bundle
[Info   :BundleManager] CACHE: Loading locally WeaponF2000/f2000_scope_cover.bundle
[Info   :BundleManager] CACHE: Loading locally WeaponRO991/colt_silenced_handguard.bundle
[Info   :BundleManager] CACHE: Loading locally mods/scopes/mgo_50_ch.bundle
[Info   :BundleManager] CACHE: Loading locally Clothing/Uppers/USEC_GRYPHON/top_usec_gryphon_textures.bundle
[Info   :BundleManager] CACHE: Loading locally WeaponHK417/muzzle_hk417.bundle
[Info   :BundleManager] CACHE: Loading locally dragonden/clothing/backpack/hello_kitty_bag_white.dragonden
[Info   :BundleManager] CACHE: Loading locally assets/t725/mods/stock_t725_stable.bundle
[Info   :BundleManager] CACHE: Loading locally cards/ttc_secret_anniversary_free_labs_access.bundle
[Info   :BundleManager] CACHE: Loading locally assets/monster_orange_creamsicle_container.bundle
[Info   :BundleManager] CACHE: Loading locally mods/magazines/lancer_mags/10/l10_white.bundle
[Info   :BundleManager] CACHE: Loading locally Headwear/helmets/galvion_viperp2/helmet_galvion_viper_p2_black.bundle
[Info   :BundleManager] CACHE: Loading locally tops/top_usec_orc_pcu_ral.bundle
[Info   :BundleManager] CACHE: Loading locally dragonden/clothing/backpack/dragon_den_sports_backpack_green.dragonden
[Info   :BundleManager] CACHE: Loading locally assets/iso/weapon_iso_gen2_9x19_container.bundle
[Info   :BundleManager] CACHE: Loading locally assets/content/items/mods/sights rear/sight_rear_all_magpul_mbus_gen2_fde_std.bundle
[Info   :BundleManager] CACHE: Loading locally WeaponXM8/xm8_stock_slider.bundle
[Info   :BundleManager] CACHE: Loading locally bcm_handguard_blk.bundle
[Info   :BundleManager] CACHE: Loading locally assets/dg56/mods/mount_dg56_light.bundle
[Info   :BundleManager] CACHE: Loading locally Headwear/helmets/pasgt_bk3/item_equipment_helmet_sb_bk3.bundle
[Info   :BundleManager] CACHE: Loading locally Hands/artem_hands_18.bundle
[Info   :BundleManager] CACHE: Loading locally cards/ttc_epic_klean_night_labs_run.bundle
[Info   :BundleManager] CACHE: Loading locally assets/content/characters/character/prefabs/top_arena_rusguard_8_bear.bundle
[Info   :BundleManager] CACHE: Loading locally mods/stocks/maxim_cqb_gen7_stock_fde.bundle
[Info   :BundleManager] CACHE: Loading locally backpacks/item_equipment_backpack_6sh118_mc.bundle
[Info   :BundleManager] CACHE: Loading locally assets_new/content/items/ammo/boxes/item_ammo_box_gen.bundle
[Info   :BundleManager] CACHE: Loading locally Headwear/helmets/opscore_xp/helmet_opscore_fast_xp_mc.bundle
[Info   :BundleManager] CACHE: Loading locally tgc_mlok.bundle
[Info   :BundleManager] CACHE: Loading locally WeaponUCP/ucp_rs.bundle
[Info   :BundleManager] CACHE: Loading locally mods/suppressors/suppressor_hesychia_green.bundle
[Info   :BundleManager] CACHE: Loading locally assets/ol277/weapon_ol277_68x51_container.bundle
[Info   :BundleManager] CACHE: Loading locally assets/dbr/mods/stock_dbr_def.bundle
[Info   :BundleManager] CACHE: Loading locally assets/content/characters/character/prefabs/top_arena_rusguard_3_cuirass.bundle
[Info   :BundleManager] CACHE: Loading locally assets/fssh/mods/barrel_fssh_long.bundle
[Info   :BundleManager] CACHE: Loading locally lbt-6094-cadpat-tw.bundle
[Info   :BundleManager] CACHE: Loading locally assets/content/items/equipment/facecover_coldgear/item_equipment_facecover_coldgear_skull_bp2.bundle
[Info   :BundleManager] CACHE: Loading locally cards/ttc_common_hatchling_hero.bundle
[Info   :BundleManager] CACHE: Loading locally tops/top_usec_aggressor_parka_m81.bundle
[Info   :BundleManager] CACHE: Loading locally assets/bang_container.bundle
[Info   :BundleManager] CACHE: Loading locally Tops/BEAR_Parka_IX.bundle
[Info   :BundleManager] CACHE: Loading locally Headwear/masks/gas_mask_m50_green.bundle
[Info   :BundleManager] CACHE: Loading locally chestrigs/item_equipment_rig_1961_mtp.bundle
[Info   :BundleManager] CACHE: Loading locally Bodywear/bodyArmor/tv119/armor_vest_tv119_od.bundle
[Info   :BundleManager] CACHE: Loading locally mods/ar15_handguards/dd_risiii_handguards/ris_iii_12_5l_blk.bundle
[Info   :BundleManager] CACHE: Loading locally WeaponWilsonCombatEDCX9/wilson_magwell.bundle
[Info   :BundleManager] CACHE: Loading locally headwear/item_equipment_helmet_hops_mm14.bundle
[Info   :BundleManager] CACHE: Loading locally assets/item_ammo_box_726x51_duds_20.bundle
[Info   :BundleManager] CACHE: Loading locally WeaponHK417/417_hg_mlok.bundle
[Info   :BundleManager] CACHE: Loading locally assets/content/items/mods/barrels/barrel_tkpd_sniperarms_dynamics_570mm_93x64.bundle
[Info   :BundleManager] CACHE: Loading locally epic_aio_shaders.bundle
[Info   :BundleManager] CACHE: Loading locally WeaponAuto5/auto5_barrel.bundle
[Info   :BundleManager] CACHE: Loading locally mods/magazines/magpul_emag_30.bundle
[Info   :BundleManager] CACHE: Loading locally assets/t725/mods/barrel_t725_long.bundle
[Info   :BundleManager] CACHE: Loading locally WeaponCheytacM200/m200_windtalker_suppressor_ti.bundle
[Info   :BundleManager] CACHE: Loading locally backpacks/item_equipment_backpack_6sh118_atacsa.bundle
[Info   :BundleManager] CACHE: Loading locally WeaponMSBS/weapon_msbs_fde_container.bundle
[Info   :BundleManager] CACHE: Loading locally raidops/uav_uplink_container.bundle
[Info   :BundleManager] CACHE: Loading locally assets/content/items/ammo/patrons/patron_93x64_7n33.bundle
[Info   :BundleManager] CACHE: Loading locally assets/dbr/mods/stock_dbr_cheek.bundle
[Info   :BundleManager] CACHE: Loading locally mods/magazines/lancer_mags/20/l20_clear.bundle
[Info   :BundleManager] CACHE: Loading locally assets/mcw/mods/handguard_mcw_lgtlong.bundle
[Info   :BundleManager] CACHE: Loading locally assets/abmods/p90_advanced/reciever_p90_advanced.bundle
[Info   :BundleManager] CACHE: Loading locally Headwear/FW_CapMC.bundle
[Info   :BundleManager] CACHE: Loading locally WeaponA545/weapon_a545_container.bundle
[Info   :BundleManager] CACHE: Loading locally Hands/Hands_BEAR_Lynx_FG.bundle
[Info   :BundleManager] CACHE: Loading locally bcm_mod_3_reversed.bundle
[Info   :BundleManager] CACHE: Loading locally mods/magazines/lancer_common_assets.bundle
[Info   :BundleManager] CACHE: Loading locally Weapons/weapon_m700la.bundle
[Info   :BundleManager] CACHE: Loading locally hb_stock.bundle
[Info   :BundleManager] CACHE: Loading locally ModernWeaponMods/mwm_omm_shortboard_front_fde.bundle
[Info   :BundleManager] CACHE: Loading locally coolerstims_graft_loot.bundle
[Info   :BundleManager] CACHE: Loading locally dragonden/clothing/backpack/tiger_backpack_white.dragonden
[Info   :BundleManager] CACHE: Loading locally mods/ar15_handguards/geissele_mk8_handguards/mk8_7_odg.bundle
[Info   :BundleManager] CACHE: Loading locally assets/content/items/equipment/helmet_atlant_armor_titan/item_equipment_helmet_atlant_armor_titan_multicam_bp03.bundle
[Info   :BundleManager] CACHE: Loading locally lights/gb_light_cool.bundle
[Info   :BundleManager] CACHE: Loading locally hands/hands_usec_softshell_swedenyes.skin.bundle
[Info   :BundleManager] CACHE: Loading locally assets/content/items/mods/muzzle/muzzle_ar15_allen_engineering_spr_thread_protector_556x45.bundle
[Info   :BundleManager] CACHE: Loading locally textures/lbt-6094-textures.bundle
[Info   :BundleManager] CACHE: Loading locally WeaponWagesOfSin/fde/wos_pistolgrip_fde.bundle
[Info   :BundleManager] CACHE: Loading locally WeaponDragunov/svdwoodenstock.bundle
[Info   :BundleManager] CACHE: Loading locally mods/ar15_handguards/geissele_mk8_handguards/mk8_7_blk.bundle
[Info   :BundleManager] CACHE: Loading locally ModernWeaponMods/mwm_testmag4.bundle
[Info   :BundleManager] CACHE: Loading locally cards/ttc_epic_cultist_relic_obelisk_shard.bundle
[Info   :BundleManager] CACHE: Loading locally Tops/artem_top_18.bundle
[Info   :BundleManager] CACHE: Loading locally assets/content/items/spec/keys/item_key_quest_lyzhnik_friend.bundle
[Info   :BundleManager] CACHE: Loading locally quest_arcade_audio_board.bundle
[Info   :BundleManager] CACHE: Loading locally Bottoms/Usec_SpecOps_BL.bundle
[Info   :BundleManager] CACHE: Loading locally belt3_black.bundle
[Info   :BundleManager] CACHE: Loading locally cards/ttc_uncommon_jaeger_huntsman_frugality.bundle
[Info   :BundleManager] CACHE: Loading locally assets/arizona_green_tea_container.bundle
[Info   :BundleManager] CACHE: Loading locally Tops/BEAR_Gorka5_MC.bundle
[Info   :BundleManager] CACHE: Loading locally WeaponMasada/masada_barrel_260_boss.bundle
[Info   :BundleManager] CACHE: Loading locally artem_grooveysflashdrive.bundle
[Info   :BundleManager] CACHE: Loading locally artem_custom_helmet4.bundle
[Info   :BundleManager] CACHE: Loading locally ace32dust.bundle
[Info   :BundleManager] CACHE: Loading locally Item_Containers/container_medpouch.bundle
[Info   :BundleManager] CACHE: Loading locally mods/ak/hogue_ak_pgrip_red.bundle
[Info   :BundleManager] CACHE: Loading locally combatbelt1.bundle
[Info   :BundleManager] CACHE: Loading locally lmgbipodtest.bundle
[Info   :BundleManager] CACHE: Loading locally mods/mounts/g$_sp34mm_ddc.bundle
[Info   :BundleManager] CACHE: Loading locally ModernWeaponMods/mwm_magpul_mlok_railcover_t2_short_fde.bundle
[Info   :BundleManager] CACHE: Loading locally m3_handguard_custom.bundle
[Info   :BundleManager] CACHE: Loading locally artemgpnvgod.bundle
[Info   :BundleManager] CACHE: Loading locally ModernWeaponMods/mwm_monolift_riser_reversed.bundle
[Info   :BundleManager] CACHE: Loading locally assets/bang_purple_haze_container.bundle
[Info   :BundleManager] CACHE: Loading locally mods/suppressors/mcq_cover_blk.bundle
[Info   :BundleManager] CACHE: Loading locally assets/longbow/mods/barrel_longbow_sil.bundle
[Info   :BundleManager] CACHE: Loading locally t81stock.bundle
[Info   :BundleManager] CACHE: Loading locally assets/dg56/mods/muzzle_dg56_short.bundle
[Info   :BundleManager] CACHE: Loading locally dragonden/clothing/headwear/dragon_den_helmet_x93_white.dragonden
[Info   :BundleManager] CACHE: Loading locally assets/content/hands/hands_bear_slavianka/hands_bear_slavianka.skin.bundle
[Info   :BundleManager] CACHE: Loading locally assets/mcw/mods/barrel_mcw_hvy2.bundle
[Info   :BundleManager] CACHE: Loading locally mods/suppressors/surefire_rc2_556_blk.bundle
[Info   :BundleManager] CACHE: Loading locally assets/content/location_objects/00_hideout/prefabs/customization/walls/wall_story_01_and_survived.bundle
[Info   :BundleManager] CACHE: Loading locally Pants/artem_tracksuitwhite_pants.bundle
[Info   :BundleManager] CACHE: Loading locally assets/content/items/infosubject/item_info_note/item_info_note_scheme_ground0_exits.bundle
[Info   :BundleManager] CACHE: Loading locally mods/ar15_handguards/geissele_mk8_handguards/mk8_9_5_odg.bundle
[Info   :BundleManager] CACHE: Loading locally assets/ghost_raspberry_cream_container.bundle
[Info   :BundleManager] CACHE: Loading locally assets/arizona_watermelon.bundle
[Info   :BundleManager] CACHE: Loading locally facecover/item_equipment_facecover_momex_atacs.bundle
[Info   :BundleManager] CACHE: Loading locally assets/content/items/equipment/glasses_red_charm/item_equipment_glasses_red_charm_bp2_red.bundle
[Info   :BundleManager] CACHE: Loading locally mods/mounts/rof2_5mm_spacer_blk.bundle
[Info   :BundleManager] CACHE: Loading locally wearables/headsets/ops_amp_blk_camo.bundle
[Info   :BundleManager] CACHE: Loading locally Mods/Stocks/m700la_mcmillan_fde.bundle
[Info   :BundleManager] CACHE: Loading locally bottoms/pants_usec_special_ops_lizard.bundle
[Info   :BundleManager] CACHE: Loading locally artem_pvs31.bundle
[Info   :BundleManager] CACHE: Loading locally mods/scopes/ta31_black_amber_300.bundle
[Info   :BundleManager] CACHE: Loading locally sight2.bundle
[Info   :BundleManager] CACHE: Loading locally mods/pistol_grips/bcm_mod3_pgrip_fde.bundle
[Info   :BundleManager] CACHE: Loading locally hands/hands_usec_aggressor_parka_ix.skin.bundle
[Info   :BundleManager] CACHE: Loading locally chestrigs/item_equipment_rig_carriertactec_au.bundle
[Info   :BundleManager] CACHE: Loading locally dd_magazine_fde_socom.bundle
[Info   :BundleManager] CACHE: Loading locally assets/content/hands/alltheclothes/hands_boss_blackknight.skin.bundle
[Info   :BundleManager] CACHE: Loading locally cards/ttc_common_budget_warrior.bundle
[Info   :BundleManager] CACHE: Loading locally WeaponAEK/aek_frontassembly_tactical.bundle
[Info   :BundleManager] CACHE: Loading locally WeaponHK417/417stock.bundle
[Info   :BundleManager] CACHE: Loading locally Mods/Magazines/m700la_338_8rd.bundle
[Info   :BundleManager] CACHE: Loading locally assets/content/items/mods/muzzle/muzzle_val_mod4_nb_std_9x39.bundle
[Info   :BundleManager] CACHE: Loading locally assets/qbz97/mods/muzzle_qbz97_default.bundle
[Info   :BundleManager] CACHE: Loading locally handstop_foregrip_1_fde.bundle
[Info   :BundleManager] CACHE: Loading locally WeaponAK5C/ak5c_handguard_ak5.bundle
[Info   :BundleManager] CACHE: Loading locally armor/item_equipment_armor_slick_atacs.bundle
[Info   :BundleManager] CACHE: Loading locally mods/ar10/warcomp_762.bundle
[Info   :BundleManager] CACHE: Loading locally cards/ttc_common_tracksuit_pride.bundle
[Info   :BundleManager] CACHE: Loading locally assets/content/items/mods/handguards/handguard_ar15_colt_car15_skinny_lower.bundle
[Info   :BundleManager] CACHE: Loading locally ppshthread.bundle
[Info   :BundleManager] CACHE: Loading locally WeaponGrizzly/weapon_grizzly_gold_container.bundle
[Info   :BundleManager] CACHE: Loading locally Tops/USEC_Winter2_MM14.bundle
[Info   :BundleManager] CACHE: Loading locally ModernWeaponMods/mwm_magpul_mlok_railcover_t2_long.bundle
[Info   :BundleManager] CACHE: Loading locally assets/content/items/mods/mechanics/hammer_m1895_marlin_mxlr_std.bundle
[Info   :BundleManager] CACHE: Loading locally WeaponWilsonCombatEDCX9/weapon_wilson_edcx9_container.bundle
[Info   :BundleManager] CACHE: Loading locally cards/ttc_uncommon_therapist_restock.bundle
[Info   :BundleManager] CACHE: Loading locally assets/bal27/mods/pistolgrip_bal27_aim.bundle
[Info   :BundleManager] CACHE: Loading locally assets/grau/weapon_grau_762x39_container.bundle
[Info   :BundleManager] CACHE: Loading locally assets/content/items/quest/item_quest_electr_card_programmer/item_quest_electr_card_programmer.bundle
[Info   :BundleManager] CACHE: Loading locally assets/ghost_grape.bundle
[Info   :BundleManager] CACHE: Loading locally WeaponAXMC/reciever_axmc_upper_blk.bundle
[Info   :BundleManager] CACHE: Loading locally assets/mcw/audio.bundle
[Info   :BundleManager] CACHE: Loading locally assets/content/items/infosubject/item_info_note/item_info_note_cargo_instruction.bundle
[Info   :BundleManager] CACHE: Loading locally WeaponCZScorpion/cz_scorpion_irons_fs.bundle
[Info   :BundleManager] CACHE: Loading locally assets/content/items/equipment/helmet_crye_airframe_chops/item_equipment_helmet_crye_airframe_ears_snake_skin_bp03.bundle
[Info   :BundleManager] CACHE: Loading locally WeaponM78/m78_magazine_20.bundle
[Info   :BundleManager] CACHE: Loading locally cards/ttc_rare_classified_uhf_scanner.bundle
[Info   :BundleManager] CACHE: Loading locally assets/mcw/weapon_mcw_556x45_container.bundle
[Info   :BundleManager] CACHE: Loading locally assets/content/items/mods/muzzle/muzzle_ar15_colt_usgi_a1_3_prong_flash_hider_556x45.bundle
[Info   :BundleManager] CACHE: Loading locally assets/grau/mods/textures_short.bundle
[Info   :BundleManager] CACHE: Loading locally Headwear/helmets/ate_hhv_helmet/helmet_hhv_common.bundle
[Info   :BundleManager] CACHE: Loading locally 13barrel.bundle
[Info   :BundleManager] CACHE: Loading locally Attachments/Foregrips/foregrip_all_dd_vfg_gry_socom.bundle
[Info   :BundleManager] CACHE: Loading locally WeaponMasada/magpul_masada_stock.bundle
[Info   :BundleManager] CACHE: Loading locally mods/ar15_handguards/dd_risiii_handguards/ris_iii_13u_dfde.bundle
[Info   :BundleManager] CACHE: Loading locally Mods/Barrels/m700la_barrel_twolf.bundle
[Info   :BundleManager] CACHE: Loading locally WeaponUdav/udav_barrel_threaded.bundle
[Info   :BundleManager] CACHE: Loading locally assets/katana_26/katana_prefab.bundle
[Info   :BundleManager] CACHE: Loading locally mods/ar15_handguards/geissele_mk16_handguards/geissele_smr_mk16_10_5_ddc.bundle
[Info   :BundleManager] CACHE: Loading locally assets/content/weapons/ar15_radian/weapon_radian_ar15_model1_fa_556x45_container.bundle
[Info   :BundleManager] CACHE: Loading locally assets/content/items/infosubject/item_info_recorder/item_info_recorder_tape_startmission_forbears.bundle
[Info   :BundleManager] CACHE: Loading locally WeaponMSBS/msbs_stock_fde.bundle
[Info   :BundleManager] CACHE: Loading locally hands/hands_bear_zaslon_musor.skin.bundle
[Info   :BundleManager] CACHE: Loading locally armor/item_equipment_armor_otv_cce.bundle
[Info   :BundleManager] CACHE: Loading locally dragonden/weaponparts/sights/dragon_den_red_dot.dragonden
[Info   :BundleManager] CACHE: Loading locally mods/scopes/vortex_golden_eagle.bundle
[Info   :BundleManager] CACHE: Loading locally artemtachelmet13.bundle
[Info   :BundleManager] CACHE: Loading locally Mods/Foregrips/kac_finger_socom.bundle
[Info   :BundleManager] CACHE: Loading locally WeaponAK5C/ak5c_railcover_tactical.bundle
[Info   :BundleManager] CACHE: Loading locally WeaponWagesOfSin/fde/wos_muzzle_fde.bundle
[Info   :BundleManager] CACHE: Loading locally maskfix.bundle
[Info   :BundleManager] CACHE: Loading locally WeaponPitViper/viper_slide_chrome.bundle
[Info   :BundleManager] CACHE: Loading locally assets/jak12/sound.bundle
[Info   :BundleManager] CACHE: Loading locally mods/stocks/stock_car15.bundle
[Info   :BundleManager] CACHE: Loading locally assets/content/hands/hands_arena_bear_turtle/hands_arena_bear_turtle.skin.bundle
[Info   :BundleManager] CACHE: Loading locally cards/ttc_legendary_last_bullet_hero.bundle
[Info   :BundleManager] CACHE: Loading locally assets/content/items/quest/item_quest_key_postcourier_car/item_quest_key_postcourier_car.bundle
[Info   :BundleManager] CACHE: Loading locally cards/ttc_uncommon_grenade_from_nowhere.bundle
[Info   :BundleManager] CACHE: Loading locally tops/top_bear_ops_windshirt_spektre.bundle
[Info   :BundleManager] CACHE: Loading locally p30lregslide.bundle
[Info   :BundleManager] CACHE: Loading locally mods/mounts/34mm_rof_90_blk.bundle
[Info   :BundleManager] CACHE: Loading locally bottoms/pants_bear_srvv_black.bundle
[Info   :BundleManager] CACHE: Loading locally artem_lowerhalfmask2.bundle
[Info   :BundleManager] CACHE: Loading locally assets/content/items/mods/handguards/handguard_mdr_blk_lbl_alx_20_inch_bipod_mlok.bundle
[Info   :BundleManager] CACHE: Loading locally WeaponM249/m249_muzzle.bundle
[Info   :BundleManager] CACHE: Loading locally facecover/item_equipment_facecover_balaclava_fde.bundle
[Info   :BundleManager] CACHE: Loading locally bottoms/pants_usec_crayfish.bundle
[Info   :BundleManager] CACHE: Loading locally Clothing/Lowers/Gorka/trousers_gorka_norm.bundle
[Info   :BundleManager] CACHE: Loading locally assets/content/items/mods/mounts/mount_ar15_allen_engineering_spr_colar.bundle
[Info   :BundleManager] CACHE: Loading locally ModernWeaponMods/mwm_omm_center_pic.bundle
[Info   :BundleManager] CACHE: Loading locally backpacks/item_equipment_backpack_trooper_35_urban.bundle
[Info   :BundleManager] CACHE: Loading locally skullmiami.bundle
[Info   :BundleManager] CACHE: Loading locally WeaponAEK/aek_pistolgrip_boss.bundle
[Info   :BundleManager] CACHE: Loading locally mods/ar15_handguards/dd_mfr_handguards/mfr9_blk.bundle
[Info   :BundleManager] CACHE: Loading locally assets/content/items/mods/tactical/tactical_m1895_marlin_mxlr_hammer_spur_extension.bundle
[Info   :BundleManager] CACHE: Loading locally mods/ak/ak100_hg_top.bundle
[Info   :BundleManager] CACHE: Loading locally assets/superi46/mods/mount_superi_default.bundle
[Info   :BundleManager] CACHE: Loading locally cards/ttc_epic_ledx_skin_transilluminator.bundle
[Info   :BundleManager] CACHE: Loading locally WeaponM76/m76dustcoverrailed.bundle
[Info   :BundleManager] CACHE: Loading locally WeaponMSBS/msbs_foregrip_fde.bundle
[Info   :BundleManager] CACHE: Loading locally Attachment_Scopes/mars_red_dot.bundle
[Info   :BundleManager] CACHE: Loading locally WeaponX95/x95_sight_rear.bundle
[Info   :BundleManager] CACHE: Loading locally gbrs_g10.bundle
[Info   :BundleManager] CACHE: Loading locally assets/content/items/mods/handguards/handguard_m1895_marlin_mxlr_std.bundle
[Info   :BundleManager] CACHE: Loading locally assets/iso/mods/handguard_iso_sil.bundle
[Info   :BundleManager] CACHE: Loading locally gasmask2.bundle
[Info   :BundleManager] CACHE: Loading locally assets/content/items/infosubject/item_info_quest_biohazard_case/item_info_quest_biohazard_case.bundle
[Info   :BundleManager] CACHE: Loading locally assets/t725/t725_prefab.bundle
[Info   :BundleManager] CACHE: Loading locally assets/superi46/mods/magazine_superi_40_46x30.bundle
[Info   :BundleManager] CACHE: Loading locally cards/ttc_legendary_head_eyes_through_concrete.bundle
[Info   :BundleManager] CACHE: Loading locally assets/ghost_swedish_fish_container.bundle
[Info   :BundleManager] CACHE: Loading locally chestrigs/item_equipment_rig_azimut_emrp.bundle
[Info   :BundleManager] CACHE: Loading locally Bodywear/backpacks/arcteryx_leaf30/bag_arcteryx_assault_30l_blk.bundle
[Info   :BundleManager] CACHE: Loading locally hands/hands_usec_softshell_mcgreen.skin.bundle
[Info   :BundleManager] CACHE: Loading locally assets/mcw/mods/muzzle_mcw_300.bundle
[Info   :BundleManager] CACHE: Loading locally assets/bal27/bal27_sound.bundle
[Info   :BundleManager] CACHE: Loading locally dragonden/weaponparts/foregrips/sunda_mk2_foregrip.dragonden
[Info   :BundleManager] CACHE: Loading locally WeaponCZScorpion/cz_scorpion_barrel_12.bundle
[Info   :BundleManager] CACHE: Loading locally WeaponM1894DarkTracker/1894_rear.bundle
[Info   :BundleManager] CACHE: Loading locally assets/mcw/mods/silencer_mcw_sil450.bundle
[Info   :BundleManager] CACHE: Loading locally lbarrel.bundle
[Info   :BundleManager] CACHE: Loading locally Bodywear/unarmoredRigs/spiritus_thing3/item_equipment_rig_ss_thing3_rg.bundle
[Info   :BundleManager] CACHE: Loading locally bottoms/pants_usec_special_ops_multicam.bundle
[Info   :BundleManager] CACHE: Loading locally assets/t725/mods/stock_t725_black.bundle
[Info   :BundleManager] CACHE: Loading locally tops/top_usec_carinthia_softshell_au.bundle
[Info   :BundleManager] CACHE: Loading locally hands/hands_bear_ops_windshirt_spektre.skin.bundle
[Info   :BundleManager] CACHE: Loading locally mods/ak/dtk2_mb.bundle
[Info   :BundleManager] CACHE: Loading locally assets/grau/mods/stock_grau_std.bundle
[Info   :BundleManager] CACHE: Loading locally mods/magazines/lancer_mags/10/l10_fde.bundle
[Info   :BundleManager] CACHE: Loading locally assets/fssh/mods/barrel_fssh_def.bundle
[Info   :BundleManager] CACHE: Loading locally mods/scopes/ta31_tan_red_horseshoe.bundle
[Info   :BundleManager] CACHE: Loading locally mods/lasers/l3_ngal_fp_la23_peq.bundle
[Info   :BundleManager] CACHE: Loading locally headwear/item_equipment_helmet_mich2001_flektarn.bundle
[Info   :BundleManager] CACHE: Loading locally mods/suppressors/polo_556k_blk.bundle
[Info   :BundleManager] CACHE: Loading locally assets/grau/mods/pistolgrip_grau_hvy.bundle
[Info   :BundleManager] CACHE: Loading locally Clothing/Uppers/NPC_UNTAR_PANTERA/untar_pol_top.bundle
[Info   :BundleManager] CACHE: Loading locally assets/dg56/mods/stock_dg56_def.bundle
[Info   :BundleManager] CACHE: Loading locally Clothing/Uppers/USEC_GRYPHON/top_usec_gryphon_partizan.bundle
[Info   :BundleManager] CACHE: Loading locally assets/content/items/equipment/facecover_devtac_samurai/item_equipment_facecover_devtac_samurai_bp2_black.bundle
[Info   :BundleManager] CACHE: Loading locally WeaponCarmel/carmel_railcoverleft_fde.bundle
[Info   :BundleManager] CACHE: Loading locally bison.bundle
[Info   :BundleManager] CACHE: Loading locally WeaponCZScorpion/cz_scorpion_pistolgrip_magpul.bundle
[Info   :BundleManager] CACHE: Loading locally assets/content/items/mods/stocks/stock_ar15_lead_star_arms_ravage.bundle
[Info   :BundleManager] CACHE: Loading locally assets/content/items/spec/item_keycard_lab/item_keycard_icebreaker_lab.bundle
[Info   :BundleManager] CACHE: Loading locally assets/content/items/infosubject/item_info_note/item_info_note_copy_report_tg_headoffice.bundle
[Info   :BundleManager] CACHE: Loading locally mods/iron_sights/sw_peak_fr.bundle
[Info   :BundleManager] CACHE: Loading locally WeaponAK107/weapon_ak107_container.bundle
[Info   :BundleManager] CACHE: Loading locally textures/t81lmgcamotex.bundle
[Info   :BundleManager] CACHE: Loading locally assets/content/items/barter/item_equipment_headset_comtac_6_black_bp03/item_equipment_headset_comtac_6_black_bp03_d.bundle
[Info   :BundleManager] CACHE: Loading locally chestrigs/item_equipment_rig_carriertactec_greenzone.bundle
[Info   :BundleManager] CACHE: Loading locally assets/content/items/equipment/backpack_bd_mystery_ranch_nice_load_sling/item_equipment_backpack_bd_mystery_ranch_nice_load.bundle
[Info   :BundleManager] CACHE: Loading locally cards/ttc_epic_stream_sniper_outplayed.bundle
[Info   :BundleManager] CACHE: Loading locally WeaponUMP9/ump9_container.bundle
[Info   :BundleManager] CACHE: Loading locally headwear/item_equipment_helmet_hops_mct.bundle
[Info   :BundleManager] CACHE: Loading locally assets/content/hands/hands_arena_rusguard_5/hands_arena_rusguard_5_black.skin.bundle
[Info   :BundleManager] CACHE: Loading locally ar18woodhandguard.bundle
[Info   :BundleManager] CACHE: Loading locally mods/suppressors/twi_supp_thin.bundle
[Info   :BundleManager] CACHE: Loading locally dragonden/collectibles/cars/car_stranger.dragonden
[Info   :BundleManager] CACHE: Loading locally Tops/artem_top_4.bundle
[Info   :BundleManager] CACHE: Loading locally mods/magazines/lancer_mags/30/l30_blz_orng.bundle
[Info   :BundleManager] CACHE: Loading locally Ammo/patron_11x33r_pen.bundle
[Info   :BundleManager] CACHE: Loading locally ModernWeaponMods/mwm_railscales_xosh_short.bundle
[Info   :BundleManager] CACHE: Loading locally artem_circularpatch6.bundle
[Info   :BundleManager] CACHE: Loading locally WeaponCarmel/carmel_muzzle.bundle
[Info   :BundleManager] CACHE: Loading locally cards/ttc_uncommon_christmas_tree_stash.bundle
[Info   :BundleManager] CACHE: Loading locally mods/magazines/lancer_mags/30/l30_blk.bundle
[Info   :BundleManager] CACHE: Loading locally textures/vz58acctex.bundle
[Info   :BundleManager] CACHE: Loading locally assets/type64smg/mods/reciever_type64_default
[Info   :BundleManager] CACHE: Loading locally Headwear/LShz_SnakeSpray.bundle
[Info   :BundleManager] CACHE: Loading locally Bodywear/armoredRigs/JPC/cr_crye_jpc_blackdiv.bundle
[Info   :BundleManager] CACHE: Loading locally tops/top_bear_hawaii_green.bundle
[Info   :BundleManager] CACHE: Loading locally cards/ttc_rare_generator.bundle
[Info   :BundleManager] CACHE: Loading locally hands/hands_usec_cryeac_alpha_mad.bundle
[Info   :BundleManager] CACHE: Loading locally assets/content/items/equipment/facecover_training_mask/item_equipment_facecover_training_mask_bp2_black.bundle
[Info   :BundleManager] CACHE: Loading locally cards/ttc_epic_king_building_rooftop.bundle
[Info   :BundleManager] CACHE: Loading locally WeaponAN94/an94_kirov_pistolgrip.bundle
[Info   :BundleManager] CACHE: Loading locally assets/mags/mag_ar10_drum_762x51_50.bundle
[Info   :BundleManager] CACHE: Loading locally dam22.bundle
[Info   :BundleManager] CACHE: Loading locally cards/ttc_rare_flashlight_fix.bundle
[Info   :BundleManager] CACHE: Loading locally u100rec.bundle
[Info   :BundleManager] CACHE: Loading locally assets/content/items/mods/handguards/handguard_ak12_tactical_ideas_n4_ak12_mlok.bundle
[Info   :BundleManager] CACHE: Loading locally assets/jak12/mods/muzzle_jak12_long_12g.bundle
[Info   :BundleManager] CACHE: Loading locally artem_helmet_mod_6.bundle
[Info   :BundleManager] CACHE: Loading locally assets/mcw/mods/tactical_mcw_sil450_panel.bundle
[Info   :BundleManager] CACHE: Loading locally assets/v308/v308.bundle
[Info   :BundleManager] CACHE: Loading locally assets/content/items/mods/sights rear/sight_rear_m1895_xs_marlin_ghost_ring.bundle
[Info   :BundleManager] CACHE: Loading locally mods/pistol_grips/hogue_ar_pg_pink.bundle
[Info   :BundleManager] CACHE: Loading locally WeaponAK5C/ak5c_custommuzzlebrake.bundle
[Info   :BundleManager] CACHE: Loading locally cards/ttc_uncommon_mosin_no_scope_no_fear.bundle
[Info   :BundleManager] CACHE: Loading locally assets/content/weapons/animated_mods/bipods/bipod_alx_blk_lbl_alx_bipod_20_inch.bundle
[Info   :BundleManager] CACHE: Loading locally Ammo/patron_11x33r_jhp.bundle
[Info   :BundleManager] CACHE: Loading locally Hands/artem_tracksuitwhite_hands.bundle
[Info   :BundleManager] CACHE: Loading locally assets/abmods/mags/mag_ak_ab_umag_762x39_80.bundle
[Info   :BundleManager] CACHE: Loading locally assets/content/hands/alltheclothes/hands_scav_cultist2.skin.bundle
[Info   :BundleManager] CACHE: Loading locally mods/ar15_handguards/dd_risii_handguards/ris_ii_12_5_fsp_black.bundle
[Info   :BundleManager] CACHE: Loading locally assets/iso/mods/mount_iso_sil.bundle
[Info   :BundleManager] CACHE: Loading locally WeaponXM8/xm8_barrel_pdw.bundle
[Info   :BundleManager] CACHE: Loading locally tops/top_usec_deadly_frog_cc.bundle
[Info   :BundleManager] CACHE: Loading locally assets/qbz97/mods/sight_rear_qbz97_default.bundle
[Info   :BundleManager] CACHE: Loading locally WeaponXM109/xm109_brake.bundle
[Info   :BundleManager] CACHE: Loading locally mods/stocks/hogue_stock_green.bundle
[Info   :BundleManager] CACHE: Loading locally artem_scrim2.bundle
[Info   :BundleManager] CACHE: Loading locally assets/isoh/mods/barrel_isoh_shrt.bundle
[Info   :BundleManager] CACHE: Loading locally assets/content/items/barter/item_barter_tarko_prestige_06/item_barter_tarko_prestige_06.bundle
[Info   :BundleManager] CACHE: Loading locally assets/jak12/mods/sight_rear_jak12.bundle
[Info   :BundleManager] CACHE: Loading locally assets/content/audio/phrases/black_division/black_division_01/enemy/enemyhit.bundle
[Info   :BundleManager] CACHE: Loading locally assets/isoh/mods/mount_isoh_bt_def.bundle
[Info   :BundleManager] CACHE: Loading locally aars.bundle
[Info   :BundleManager] CACHE: Loading locally armor/item_equipment_armor_slick_ucp.bundle
[Info   :BundleManager] CACHE: Loading locally assets/content/items/infosubject/item_info_note_folder/item_info_note_folder_closed_terragrouplabs.bundle
[Info   :BundleManager] CACHE: Loading locally Headwear/helmets/galvion_caiman/helmet_caiman_ballistic_odg.bundle
[Info   :BundleManager] CACHE: Loading locally cards/ttc_rare_cultist_acolyte_midnight_blade.bundle
[Info   :BundleManager] CACHE: Loading locally assets/content/items/mods/handguards/handguard_m1895_ranger_point_precision_m_lok_fde.bundle
[Info   :BundleManager] CACHE: Loading locally WeaponMasada/masada_handguard.bundle
[Info   :BundleManager] CACHE: Loading locally Bodywear/armoredRigs/CGPC3/cr_customgear_cgpc3_blk.bundle
[Info   :BundleManager] CACHE: Loading locally mods/mounts/geissele_sp_l1_3_t1_fde.bundle
[Info   :BundleManager] CACHE: Loading locally assets/monster_strawberry.bundle
[Info   :BundleManager] CACHE: Loading locally assets/rip_it_power_container.bundle
[Info   :BundleManager] CACHE: Loading locally assets/mcw/client_assets.bundle
[Info   :BundleManager] CACHE: Loading locally assets/content/items/equipment/helmet_wedge_boss_cover/item_equipment_helmet_wedge_boss_cover.bundle
[Info   :BundleManager] CACHE: Loading locally am180.bundle
[Info   :BundleManager] CACHE: Loading locally Item_Containers/container_ammopouch.bundle
[Info   :BundleManager] CACHE: Loading locally Hands/artem_hands_16.bundle
[Info   :BundleManager] CACHE: Loading locally backpacks/item_equipment_backpack_trooper_35_ucp.bundle
[Info   :BundleManager] CACHE: Loading locally assets/iso/mods/textures_s45.bundle
[Info   :BundleManager] CACHE: Loading locally assets_new/content/items/ammo/patrons/patron_12x70_FLASHAMMO.bundle
[Info   :BundleManager] CACHE: Loading locally Hands/artem_hands_8.bundle
[Info   :BundleManager] CACHE: Loading locally assets/iso/mods/silencer_iso_s45.bundle
[Info   :BundleManager] CACHE: Loading locally vlite-blue.bundle
[Info   :BundleManager] CACHE: Loading locally assets/katana_26/weapon_katana_26_container.bundle
[Info   :BundleManager] CACHE: Loading locally Chestrigs/FORT_S_FG.bundle
[Info   :BundleManager] CACHE: Loading locally assets/grau/mods/handguard_grau_archangel.bundle
[Info   :BundleManager] CACHE: Loading locally cards/ttc_epic_reserve_queen_bunker.bundle
[Info   :BundleManager] CACHE: Loading locally assets/content/audio/phrases/black_division/black_division_01/reaction.bundle
[Info   :BundleManager] CACHE: Loading locally WeaponGrizzly/grizzly_frontsight_green.bundle
[Info   :BundleManager] CACHE: Loading locally WeaponXM8/weapon_xm8_fde_container.bundle
[Info   :BundleManager] CACHE: Loading locally assets/content/audio/phrases/black_division/black_division_01/command.bundle
[Info   :BundleManager] CACHE: Loading locally tops/tshirt_usec_cryeac_alpha_turk.bundle
[Info   :BundleManager] CACHE: Loading locally assets/iso/mods/muzzle_iso_9x19.bundle
[Info   :BundleManager] CACHE: Loading locally bottoms/pants_usec_beltstaff_flektarn.bundle
[Info   :BundleManager] CACHE: Loading locally WeaponAXMC/mount_keyslot_small.bundle
[Info   :BundleManager] CACHE: Loading locally assets/iso/iso_textures_45.bundle
[Info   :BundleManager] CACHE: Loading locally mods/magazines/lancer_mags/10/l10_purple.bundle
[Info   :BundleManager] CACHE: Loading locally WeaponMK23/mk23_rs_t.bundle
[Info   :BundleManager] CACHE: Loading locally bottoms/pants_bear_spna_klmk.bundle
[Info   :BundleManager] CACHE: Loading locally WeaponMSBS/weapon_msbs_container.bundle
[Info   :BundleManager] CACHE: Loading locally WeaponCarmel/weapon_carmel_container.bundle
[Info   :BundleManager] CACHE: Loading locally WeaponM249/m249_barrelshort.bundle
[Info   :BundleManager] CACHE: Loading locally assets/content/audio/phrases/black_division/black_division_01/situationalreaction/weaponbroken.bundle
[Info   :BundleManager] CACHE: Loading locally assets/content/items/mods/sights rear/sight_rear_all_magpul_mbus_gen2_anime3v2.bundle
[Info   :BundleManager] CACHE: Loading locally cartridges/gb_cartridge_red.bundle
[Info   :BundleManager] CACHE: Loading locally assets/content/items/containers/item_container_food/item_container_food_hot_rod.bundle
[Info   :BundleManager] CACHE: Loading locally cards/ttc_secret_lightkeepers_island_jetty.bundle
[Info   :BundleManager] CACHE: Loading locally cards/ttc_uncommon_partisan_ghost_of_the_pines.bundle
[Info   :BundleManager] CACHE: Loading locally acestock.bundle
[Info   :BundleManager] CACHE: Loading locally Attachment_IronSights/mbus3frontfde.bundle
[Info   :BundleManager] CACHE: Loading locally WeaponProdigy/prodigy_slide.bundle
[Info   :BundleManager] CACHE: Loading locally assets/mcw/mods/tactical_mcw_long_side.bundle
[Info   :BundleManager] CACHE: Loading locally mods/magazines/lancer_mags/20/l20_fde.bundle
[Info   :BundleManager] CACHE: Loading locally textures/slickloadtex.bundle
[Info   :BundleManager] CACHE: Loading locally mods/lasers/raid_xe_fde.bundle
[Info   :BundleManager] CACHE: Loading locally bope_beret.bundle
[Info   :BundleManager] CACHE: Loading locally assets/content/hands/alltheclothes/hands_scav_tatu1.skin.bundle
[Info   :BundleManager] CACHE: Loading locally assets/content/audio/phrases/black_division_1_voice.bundle
[Info   :BundleManager] CACHE: Loading locally Bodywear/bodyArmor/armor_vest_fort_goplit_slick.bundle
[Info   :BundleManager] CACHE: Loading locally opscore-carbon-grey.bundle
[Info   :BundleManager] CACHE: Loading locally mods/mounts/unity_comp_grn.bundle
[Info   :BundleManager] CACHE: Loading locally mods/suppressors/rotex-v_gry.bundle
[Info   :BundleManager] CACHE: Loading locally assets/qbz03/handguard/handguard_qbz03.bundle
[Info   :BundleManager] CACHE: Loading locally assets/content/items/equipment/facecover_coldgear/item_equipment_facecover_coldgear_m90_bp_03.bundle
[Info   :BundleManager] CACHE: Loading locally sbarrel.bundle
[Info   :BundleManager] CACHE: Loading locally assets/content/items/containers/ruined_wooden_box.bundle
[Info   :BundleManager] CACHE: Loading locally assets/content/items/equipment/glasses_pixel/item_equipment_glasses_pixel_bp2.bundle
[Info   :BundleManager] CACHE: Loading locally cards/ttc_legendary_terragroup_security_blacksite_guard.bundle
[Info   :BundleManager] CACHE: Loading locally assets/content/items/equipment/rig_gladiator_s_mltcm/item_equipment_armor_gladiator_s_mltcm.bundle
[Info   :BundleManager] CACHE: Loading locally Hands/artem_hands_4.bundle
[Info   :BundleManager] CACHE: Loading locally WeaponPSARock57/rock57_magazine.bundle
[Info   :BundleManager] CACHE: Loading locally mods/suppressors/polo_556k_worn.bundle
[Info   :BundleManager] CACHE: Loading locally Gear_Belts/mrblmga.bundle
[Info   :BundleManager] CACHE: Loading locally WeaponWilsonCombatEDCX9/wilson_longslide.bundle
[Info   :BundleManager] CACHE: Loading locally chestrigs/item_equipment_rig_thunderbolt_slocam.bundle
[Info   :BundleManager] CACHE: Loading locally mods/suppressors/polo_556_worn.bundle
[Info   :BundleManager] CACHE: Loading locally cards/ttc_rare_water_treatment_plant.bundle
[Info   :BundleManager] CACHE: Loading locally assets/iso/iso_animations.bundle
[Info   :BundleManager] CACHE: Loading locally Headwear/helmets/ate_hhv_helmet/helmet_hhv_wraith.bundle
[Info   :BundleManager] CACHE: Loading locally backpack_boss_birdeye_m90.bundle
[Info   :BundleManager] CACHE: Loading locally headwear/item_equipment_helmet_mich2002_fca.bundle
[Info   :BundleManager] CACHE: Loading locally WeaponKACPDW/kacpdw_magazine_banded.bundle
[Info   :BundleManager] CACHE: Loading locally dragonden/clothing/backpack/tiger_backpack_orange.dragonden
[Info   :BundleManager] CACHE: Loading locally manimal/torch_container.bundle
[Info   :BundleManager] CACHE: Loading locally WeaponCheytacM200/m200_bipod_camo.bundle
[Info   :BundleManager] CACHE: Loading locally assets/content/characters/character/prefabs/top_arena_usec_vintage.bundle
[Info   :BundleManager] CACHE: Loading locally assets/content/items/mods/handguards/handguard_ar10_kac_sr25_urx_2_125_inch.bundle
[Info   :BundleManager] CACHE: Loading locally assets/content/items/equipment/item_equipment_helmet_achhc_coyote_bp03/item_equipment_helmet_achhc_coyote_bp03.bundle
[Info   :BundleManager] CACHE: Loading locally headwear/item_equipment_helmet_6b47covered_atacs.bundle
[Info   :BundleManager] CACHE: Loading locally assets/tr76/mods/stock_tr76_hvy.bundle
[Info   :BundleManager] CACHE: Loading locally Headwear/helmets/6b7-1m/cover_tape_6b7_yellow.bundle
[Info   :BundleManager] CACHE: Loading locally artem_clutistmask2.bundle
[Info   :BundleManager] CACHE: Loading locally Hands/Hands_BEAR_Parka_MC.bundle
[Info   :BundleManager] CACHE: Loading locally tops/top_usec_u2_french.bundle
[Info   :BundleManager] CACHE: Loading locally assets/content/items/infosubject/item_info_note/item_info_note_correspondence_himcombinat.bundle
[Info   :BundleManager] CACHE: Loading locally assets/content/items/mods/magazines/mag_57_promag_five_seven_57x28_30.bundle
[Info   :BundleManager] CACHE: Loading locally Headwear/helmets/pasgt_bk3/helmet_cover_bk3_dcu.bundle
[Info   :BundleManager] CACHE: Loading locally assets/content/audio/phrases/civilian_04_voice.bundle
[Info   :BundleManager] CACHE: Loading locally mods/scopes/elcan_1_5-6.bundle
[Info   :BundleManager] CACHE: Loading locally assets/content/characters/character/prefabs/pants_ruaf_solider_1.bundle
[Info   :BundleManager] CACHE: Loading locally assets/iso/mods/barrel_iso_sil.bundle
[Info   :BundleManager] CACHE: Loading locally dragonden/clothing/facewear/cat_mask_blue.dragonden
[Info   :BundleManager] CACHE: Loading locally mods/ar15_handguards/geissele_mk8_handguards/mk8_15_odg.bundle
[Info   :BundleManager] CACHE: Loading locally armor/item_equipment_armor_def2_moh.bundle
[Info   :BundleManager] CACHE: Loading locally assets/cqa/cqa_textures.bundle
[Info   :BundleManager] CACHE: Loading locally ar18frontsight.bundle
[Info   :BundleManager] CACHE: Loading locally clothing/raidenfortnite_bottom.bundle
[Info   :BundleManager] CACHE: Loading locally ModernWeaponMods/mwm_axon_switch.bundle
[Info   :BundleManager] CACHE: Loading locally fphands/top_operator_bd3_hands.bundle
[Info   :BundleManager] CACHE: Loading locally assets/mcw/mods/receiver_mcw_prt.bundle
[Info   :BundleManager] CACHE: Loading locally assets/c4_skittles_container.bundle
[Info   :BundleManager] CACHE: Loading locally Hands/Hands_BEAR_SPN_SS.bundle
[Info   :BundleManager] CACHE: Loading locally assets/content/items/ammo/patrons/patron_784x49.bundle
[Info   :BundleManager] CACHE: Loading locally assets/qbz97/mods/mount_qbz97_foregrip.bundle
[Info   :BundleManager] CACHE: Loading locally assets/qbz03/client_assets.bundle
[Info   :BundleManager] CACHE: Loading locally WeaponPitViper/viper_magazine.bundle
[Info   :BundleManager] CACHE: Loading locally dragonden/collectibles/cars/car_fury.dragonden
[Info   :BundleManager] CACHE: Loading locally mfmdfde.bundle
[Info   :BundleManager] CACHE: Loading locally assets/content/items/mods/pistol grips/pistolgrip_val_nb_custom_rk3.bundle
[Info   :BundleManager] CACHE: Loading locally Clothing/Hands/bear_leaf/hands_leaf_idpm.bundle
[Info   :BundleManager] CACHE: Loading locally mods/mounts/geissele_sp_cw_t1_fde.bundle
[Info   :BundleManager] CACHE: Loading locally bottoms/pants_usec_tier3_m05w.bundle
[Info   :BundleManager] CACHE: Loading locally headwear/item_equipment_helmet_hops_atacs.bundle
[Info   :BundleManager] CACHE: Loading locally assets/content/hands/hands_arena_rusguard_4/hands_arena_rusguard_4_bear.skin.bundle
[Info   :BundleManager] CACHE: Loading locally cards/ttc_rare_halloween_cult_hunt.bundle
[Info   :BundleManager] CACHE: Loading locally assets/katt_amr/mods/mag_katt_amr_127x99_7.bundle
[Info   :BundleManager] CACHE: Loading locally armor/item_equipment_armor_6b23_emrpig.bundle
[Info   :BundleManager] CACHE: Loading locally WeaponPMM12/pmm_weightedcomp.bundle
[Info   :BundleManager] CACHE: Loading locally assets/content/location_objects/00_hideout/prefabs/customization/walls/wall_story_04_for_humanity.bundle
[Info   :BundleManager] CACHE: Loading locally headwear/item_equipment_helmet_6b47covered_pig.bundle
[Info   :BundleManager] CACHE: Loading locally Bodywear/armoredRigs/CGPC3/cr_customgear_cgpc3_normals.bundle
[Info   :BundleManager] CACHE: Loading locally assets/content/weapons/mxlr/textures/client_assets.bundle
[Info   :BundleManager] CACHE: Loading locally WeaponWilsonCombatEDCX9/wilson_compensator.bundle
[Info   :BundleManager] CACHE: Loading locally WeaponProdigy/prodigy_barrel_chrome.bundle
[Info   :BundleManager] CACHE: Loading locally assets/content/items/equipment/rig_tv115/item_equipment_rig_tv115_black_bp03.bundle
[Info   :BundleManager] CACHE: Loading locally clothing/adawong_sweater_a_top.bundle
[Info   :BundleManager] CACHE: Loading locally handstop_foregrip_1.bundle
[Info   :BundleManager] CACHE: Loading locally ModernWeaponMods/mwm_moe_slk_riser_stock.bundle
[Info   :BundleManager] CACHE: Loading locally cards/ttc_rare_halloween.bundle
[Info   :BundleManager] CACHE: Loading locally tops/top_usec_carinthia_softshell_rg.bundle
[Info   :BundleManager] CACHE: Loading locally Gear_Belts/mrbgrenadierc.bundle
[Info   :BundleManager] CACHE: Loading locally chestrigs/item_equipment_rig_beltab_berezka.bundle
[Info   :BundleManager] CACHE: Loading locally WeaponPMM12/pmm_rail.bundle
[Info   :BundleManager] CACHE: Loading locally cards/ttc_uncommon_golden_zibbo_lighter.bundle
[Info   :BundleManager] CACHE: Loading locally cards/ttc_epic_raider_labs_crusher.bundle
[Info   :BundleManager] CACHE: Loading locally assets/longbow/client_assets.bundle
[Info   :BundleManager] CACHE: Loading locally assets/content/weapons/usable_items/item_recorder/item_recorder_container.bundle
[Info   :BundleManager] CACHE: Loading locally cards/ttc_epic_tagilla_factory_executioner.bundle
[Info   :BundleManager] CACHE: Loading locally WeaponMSR/msr_stock_heavy.bundle
[Info   :BundleManager] CACHE: Loading locally mods/iron_sights/sw_peak_r.bundle
[Info   :BundleManager] CACHE: Loading locally tgc_silencer_fde.bundle
[Info   :BundleManager] CACHE: Loading locally WeaponM76/weapon_m76_container.bundle
[Info   :BundleManager] CACHE: Loading locally vz58556.bundle
[Info   :BundleManager] CACHE: Loading locally Mods/PistolGrips/b5_p22_fde_socom.bundle
[Info   :BundleManager] CACHE: Loading locally WeaponAN94/weapon_an94_kirov_container.bundle
[Info   :BundleManager] CACHE: Loading locally WeaponHK417/hk417magazine10.bundle
[Info   :BundleManager] CACHE: Loading locally assets/isoh/mods/barrel_isoh_long.bundle
[Info   :BundleManager] CACHE: Loading locally comtacmulticam.bundle
[Info   :BundleManager] CACHE: Loading locally cards/ttc_legendary_lightkeeper_make_amends.bundle
[Info   :BundleManager] CACHE: Loading locally t81pg.bundle
[Info   :BundleManager] CACHE: Loading locally assets/monster_orange_creamsicle.bundle
[Info   :BundleManager] CACHE: Loading locally backpacks/item_equipment_backpack_blackjack_ix.bundle
[Info   :BundleManager] CACHE: Loading locally WeaponAXMC/pistolgrip_axmc_blk.bundle
[Info   :BundleManager] CACHE: Loading locally assets/content/characters/soppo/soppo_head.bundle
[Info   :BundleManager] CACHE: Loading locally bottoms/pants_usec_beltstaff_mc.bundle
[Info   :BundleManager] CACHE: Loading locally WeaponPMM12/pmm_singleport.bundle
[Info   :BundleManager] CACHE: Loading locally Item_Containers/container_cashbox.bundle
[Info   :BundleManager] CACHE: Loading locally assets/content/weapons/usable_items/item_recorder/item_recorder_loot.bundle
[Info   :BundleManager] CACHE: Loading locally cards/ttc_uncommon_voice_comedian.bundle
[Info   :BundleManager] CACHE: Loading locally dragonden/weaponparts/buttstocks/strike_industries_modular_viper_black.dragonden
[Info   :BundleManager] CACHE: Loading locally mods/iron_sights/matech_rear_sight.bundle
[Info   :BundleManager] CACHE: Loading locally WeaponX95/x95_magazine_9mm.bundle
[Info   :BundleManager] CACHE: Loading locally sprstock.bundle
[Info   :BundleManager] CACHE: Loading locally artem_cpcalp.bundle
[Info   :BundleManager] CACHE: Loading locally WeaponM1894DarkTracker/1894_front.bundle
[Info   :BundleManager] CACHE: Loading locally ar_charging_handle_1.bundle
[Info   :BundleManager] CACHE: Loading locally fphands/top_civilian_port_sweater_lod0_hands.bundle
[Info   :BundleManager] CACHE: Loading locally trans_mag.bundle
[Info   :BundleManager] CACHE: Loading locally WeaponAN94/an94_kirov_stock.bundle
[Info   :BundleManager] CACHE: Loading locally mp7_silencer_1.bundle
[Info   :BundleManager] CACHE: Loading locally barrel_ar15_m16_20in.bundle
[Info   :BundleManager] CACHE: Loading locally WeaponRuger57/ruger57_mount.bundle
[Info   :BundleManager] CACHE: Loading locally tops/top_bear_lynx_tibet.bundle
[Info   :BundleManager] CACHE: Loading locally belt2.bundle
[Info   :BundleManager] CACHE: Loading locally mods/stocks/maxim_cqb_buttpad_fde.bundle
[Info   :BundleManager] CACHE: Loading locally cards/ttc_rare_mysterious_blood_stained_letter.bundle
[Info   :BundleManager] CACHE: Loading locally assets/t725/mods/handguard_t725_def.bundle
[Info   :BundleManager] CACHE: Loading locally 22lr_ar15.bundle
[Info   :BundleManager] CACHE: Loading locally assets/mcw/mods/mag_stanag_mcw_big_drum.bundle
[Info   :BundleManager] CACHE: Loading locally dragonden/quest/egg_1.dragonden
[Info   :BundleManager] CACHE: Loading locally ModernWeaponMods/mwm_ak47_6l10_tti35.bundle
[Info   :BundleManager] CACHE: Loading locally assets/content/items/mods/muzzle/muzzle_tkpd_sniperarms_dynamics_tkpd_std_93x64.bundle
[Info   :BundleManager] CACHE: Loading locally cards/ttc_uncommon_factory_gate_3.bundle
[Info   :BundleManager] CACHE: Loading locally amparms-tan.bundle
[Info   :BundleManager] CACHE: Loading locally tops/top_usec_nightpatrol_overgrown.bundle
[Info   :BundleManager] CACHE: Loading locally assets/content/hands/hands_bear_green_preppers/hands_bear_green_preppers.skin.bundle
[Info   :BundleManager] CACHE: Loading locally cards/ttc_secret_first_kappa_chaser.bundle
[Info   :BundleManager] CACHE: Loading locally Headwear/helmets/ihps/item_equipment_helmet_ihps.bundle
[Info   :BundleManager] CACHE: Loading locally cards/ttc_epic_loot_rate_multiplier.bundle
[Info   :BundleManager] CACHE: Loading locally Bottoms/BEAR_Slavianka_MC.bundle
[Info   :BundleManager] CACHE: Loading locally armor/item_equipment_armor_custom_thorintcar_beige.bundle
[Info   :BundleManager] CACHE: Loading locally bottoms/pants_usec_deeprecon_overgrown.bundle
[Info   :BundleManager] CACHE: Loading locally assets/content/audio/phrases/vsrf_01_voice.bundle
[Info   :BundleManager] CACHE: Loading locally cards/ttc_common_lucky_tushonka.bundle
[Info   :BundleManager] CACHE: Loading locally backpacks/item_equipment_backpack_f5_lizard.bundle
[Info   :BundleManager] CACHE: Loading locally assets/m14/weapon_m14_762x51_container.bundle
[Info   :BundleManager] CACHE: Loading locally WeaponCheytacM200/m200_handguard_boss.bundle
[Info   :BundleManager] CACHE: Loading locally mods/stocks/hogue_stock_blue.bundle
[Info   :BundleManager] CACHE: Loading locally Pants/artem_pants_25.bundle
[Info   :BundleManager] CACHE: Loading locally assets/content/weapons/m16/weapon_colt_m16a1_556x45_container.bundle
[Info   :BundleManager] CACHE: Loading locally vzmuzzle.bundle
[Info   :BundleManager] CACHE: Loading locally mp7_stock_2.bundle
[Info   :BundleManager] CACHE: Loading locally Headwear/helmets/lshz/item_equipment_helmet_lshz_highcut.bundle
[Info   :BundleManager] CACHE: Loading locally assets/content/items/equipment/helmet_galvion_caiman/item_equipment_helmet_galvion_caiman_multicam_bp2.bundle
[Info   :BundleManager] CACHE: Loading locally assets_new/content/items/ammo/patrons/patron_12x70_rubber_slug.bundle
[Info   :BundleManager] CACHE: Loading locally assets/superi46/mods/magazine_superi_15_46x30.bundle
[Info   :BundleManager] CACHE: Loading locally assets/content/items/mods/recievers/reciever_ar10_kac_sr25_upper_std_tau.bundle
[Info   :BundleManager] CACHE: Loading locally headset-pad-camo-abu.bundle
[Info   :BundleManager] CACHE: Loading locally dragonden/quest/egg_5.dragonden
[Info   :BundleManager] CACHE: Loading locally mods/lasers/otal_c_blk_vis_red.bundle
[Info   :BundleManager] CACHE: Loading locally Clothing/Lowers/Helikon/pants_helikon_outback.bundle
[Info   :BundleManager] CACHE: Loading locally WeaponUSC/usc_barrel.bundle
[Info   :BundleManager] CACHE: Loading locally assets/content/items/equipment/facecover_devtac_samurai/item_equipment_facecover_devtac_samurai_bp2_silver.bundle
[Info   :BundleManager] CACHE: Loading locally mods/ar15_handguards/dd_mfr_handguards/mfr15_blk.bundle
[Info   :BundleManager] CACHE: Loading locally Bottoms/Usec_Legionnaire_MM14.bundle
[Info   :BundleManager] CACHE: Loading locally Headwear/helmets/opscore_xp/helmet_fast_xp_cover_aor2.bundle
[Info   :BundleManager] CACHE: Loading locally cards/ttc_rare_grenade_kobe_clip.bundle
[Info   :BundleManager] CACHE: Loading locally assets/content/items/equipment/helmet_galvion_caiman/item_equipment_helmet_galvion_caiman_venom_bp2.bundle
[Info   :BundleManager] CACHE: Loading locally artem_patch5.bundle
[Info   :BundleManager] CACHE: Loading locally assets/tr76/mods/muzzle_ak74_izhmash_tr76_762x39.bundle
[Info   :BundleManager] CACHE: Loading locally assets/content/items/mods/handguards/handguard_ak12_zenit_sport_12_cover.bundle
[Info   :BundleManager] CACHE: Loading locally Ammo/50_bmg_m20_apit.bundle
[Info   :BundleManager] CACHE: Loading locally assets/content/items/mods/handguards/handguard_ak308_izhmash_ak308_std.bundle
[Info   :BundleManager] CACHE: Loading locally artemtachelmet10.bundle
[Info   :BundleManager] CACHE: Loading locally kifs.bundle
[Info   :BundleManager] CACHE: Loading locally mods/suppressors/aac-m4-2000blk.bundle
[Info   :BundleManager] CACHE: Loading locally mods/scopes/scope_trijicon_accupower_1_8x.bundle
[Info   :BundleManager] CACHE: Loading locally assets/content/items/barter/item_barter_flyers/item_barter_flyers_story_03_didnt_escape_from_yourself.bundle
[Info   :BundleManager] CACHE: Loading locally Mods/Handguards/mdt_ess_hg_12.bundle
[Info   :BundleManager] CACHE: Loading locally clothes/top_usec_hoody.bundle
[Info   :BundleManager] CACHE: Loading locally WeaponAK5C/ak5c_wirestock.bundle
[Info   :BundleManager] CACHE: Loading locally facecover/item_equipment_facecover_momex_mc.bundle
[Info   :BundleManager] CACHE: Loading locally textures/galil31tex.bundle
[Info   :BundleManager] CACHE: Loading locally ModernWeaponMods/mwm_moe_k2_pistol_grip_od.bundle
[Info   :BundleManager] CACHE: Loading locally pgcamo.bundle
[Info   :BundleManager] CACHE: Loading locally Attachment_Magazines/svd_magazine_drum.bundle
[Info   :BundleManager] CACHE: Loading locally WeaponCZScorpion/cz_zhukov.bundle
[Info   :BundleManager] CACHE: Loading locally Mods/Stocks/mdt_btube.bundle
[Info   :BundleManager] CACHE: Loading locally dd_magazine_extended.bundle
[Info   :BundleManager] CACHE: Loading locally Headwear/helmets/crye_airframe/item_equipment_cover_crye_aor1.bundle
[Info   :BundleManager] CACHE: Loading locally WeaponM1894DarkTracker/marlin1894_container.bundle
[Info   :BundleManager] CACHE: Loading locally manimal/icebreaker_keypad.bundle
[Info   :BundleManager] CACHE: Loading locally assets/content/audio/phrases/black_division/black_division_01/command/getincover.bundle
[Info   :BundleManager] CACHE: Loading locally assets/iso/mods/reciever_iso_gen2.bundle
[Info   :BundleManager] CACHE: Loading locally assets/content/items/equipment/rig_sprofi_mk2_smg/item_equipment_rig_sprofi_mk2_smg_emr_bp03_01.bundle
[Info   :BundleManager] CACHE: Loading locally WeaponWagesOfSin/wos_buffertube.bundle
[Info   :BundleManager] CACHE: Loading locally cards/ttc_secret_folder_with_intelligence.bundle
[Info   :BundleManager] CACHE: Loading locally ModernWeaponMods/mwm_omm_shortboard_rear_fde.bundle
[Info   :BundleManager] CACHE: Loading locally assets/content/items/equipment/item_equipment_headset_liberator_black_red_bp03/item_equipment_headset_liberator_black_red_bp03.bundle
[Info   :BundleManager] CACHE: Loading locally ModernWeaponMods/mwm_ak47_pmag30_tti35.bundle
[Info   :BundleManager] CACHE: Loading locally mods/ar15_handguards/dd_risii_handguards/ris_ii_9_5_fsp_black.bundle
[Info   :BundleManager] CACHE: Loading locally mods/ar15_muzzle_devices/huxwrks_556k_fh.bundle
[Info   :BundleManager] CACHE: Loading locally backpacks/item_equipment_backpack_paratus_kr.bundle
[Info   :BundleManager] CACHE: Loading locally assets/iso/mods/textures_mini.bundle
[Info   :BundleManager] CACHE: Loading locally backpacks/item_equipment_backpack_pilgrim_green.bundle
[Info   :BundleManager] CACHE: Loading locally WeaponPM9/pm9_barrel_flashhider.bundle
[Info   :BundleManager] CACHE: Loading locally artem_wolfhat1.bundle
[Info   :BundleManager] CACHE: Loading locally assets/content/items/equipment/helmet_crye_airframe_chops/item_equipment_helmet_crye_airframe_ears_multicam_bp03.bundle
[Info   :BundleManager] CACHE: Loading locally assets/content/characters/character/prefabs/pants_civilian_jeans.bundle
[Info   :BundleManager] CACHE: Loading locally assets/content/characters/character/prefabs/pants_civilian_slim.bundle
[Info   :BundleManager] CACHE: Loading locally assets_new/content/items/ammo/boxes/item_ammo_box_545x39_textures.bundle
[Info   :BundleManager] CACHE: Loading locally WeaponPitViper/viper_trigger_chrome.bundle
[Info   :BundleManager] CACHE: Loading locally fphands/top_ruaf_corporal_base_lod0_hands.bundle
[Info   :BundleManager] CACHE: Loading locally mods/ar15_handguards/midwest_ss_9_25.bundle
[Info   :BundleManager] CACHE: Loading locally assets/content/audio/phrases/black_division/black_division_01/command/suppress.bundle
[Info   :BundleManager] CACHE: Loading locally Gear_Belts/belt_assaulter.bundle
[Info   :BundleManager] CACHE: Loading locally 40rdnormie.bundle
[Info   :BundleManager] CACHE: Loading locally assets/grau/mods/textures_v2.bundle
[Info   :BundleManager] CACHE: Loading locally assets/longbow/mods/mount_longbow_def.bundle
[Info   :BundleManager] CACHE: Loading locally Attachment_PistolGrips/ar15_b5pg23blk.bundle
[Info   :BundleManager] CACHE: Loading locally ghostmask1.bundle
[Info   :BundleManager] CACHE: Loading locally backpacks/item_equipment_backpack_mech_green.bundle
[Info   :BundleManager] CACHE: Loading locally assets/content/items/infosubject/item_info_flash_card_hash_kerman.bundle
[Info   :BundleManager] CACHE: Loading locally WeaponMSBS/msbs_mag_fde.bundle
[Info   :BundleManager] CACHE: Loading locally WeaponA545/a545_stock.bundle
[Info   :BundleManager] CACHE: Loading locally WeaponCZ75/cz75b_omega_slide.bundle
[Info   :BundleManager] CACHE: Loading locally Ammo/patron_1036x77_match.bundle
[Info   :BundleManager] CACHE: Loading locally assets/longbow/mods/barrel_longbow_def.bundle
[Info   :BundleManager] CACHE: Loading locally assets/content/items/barter/item_barter_info_icebreaker_nuclear_prop/item_barter_info_icebreaker_nuclear_prop.bundle
[Info   :BundleManager] CACHE: Loading locally mods/red_dots/acro_p2_blk.bundle
[Info   :BundleManager] CACHE: Loading locally assets/grau/mods/textures_archangel.bundle
[Info   :BundleManager] CACHE: Loading locally WeaponGrizzly/grizzly_rearsight_green.bundle
[Info   :BundleManager] CACHE: Loading locally ModernWeaponMods/mwm_scalarworks_leap.bundle
[Info   :BundleManager] CACHE: Loading locally mods/suppressors/polo_556_blk.bundle
[Info   :BundleManager] CACHE: Loading locally Headwear/helmets/crye_airframe/item_equipment_cover_crye_choc.bundle
[Info   :BundleManager] CACHE: Loading locally assets/tr76/mods/barrel_tr76_long.bundle
[Info   :BundleManager] CACHE: Loading locally hands/hands_usec_carinthia_softshell_ucon.skin.bundle
[Info   :BundleManager] CACHE: Loading locally mods/ar15_handguards/dd_risiii_handguards/ris_iii_12_5l_dfde.bundle
[Info   :BundleManager] CACHE: Loading locally assets/content/characters/character/prefabs/top_arena_rusguard_6_v1.bundle
[Info   :BundleManager] CACHE: Loading locally WeaponStaccatoXC/xc_rs.bundle
[Info   :BundleManager] CACHE: Loading locally vegmcb.bundle
[Info   :BundleManager] CACHE: Loading locally mods/glock_parts/sight_rear_glock_suppressor_height_triarc.bundle
[Info   :BundleManager] CACHE: Loading locally assets/qbz03/handguard/handguard_qbz03_rail.bundle
[Info   :BundleManager] CACHE: Loading locally assets/content/items/barter/item_barter_flyers/item_barter_flyers_art_03.bundle
[Info   :BundleManager] CACHE: Loading locally assets/mcw/mods/barrel_mcw_long.bundle
[Info   :BundleManager] CACHE: Loading locally assets/content/weapons/nl545/weapon_cgnl_nl545_di_545x39_container.bundle
[Info   :BundleManager] CACHE: Loading locally wilcox_tactical.bundle
[Info   :BundleManager] CACHE: Loading locally salco_stim_ptg_loot.bundle
[Info   :BundleManager] CACHE: Loading locally artem_patch3.bundle
[Info   :BundleManager] CACHE: Loading locally Clothing/Hands/hands_usec_std.bundle
[Info   :BundleManager] CACHE: Loading locally WeaponF2000/weapon_f2000_fde_container.bundle
[Info   :BundleManager] CACHE: Loading locally Pants/artem_tracksuityellow_pants.bundle
[Info   :BundleManager] CACHE: Loading locally assets/content/items/mods/gasblock/gas_block_mcx_sig_mcx_mid_piston.bundle
[Info   :BundleManager] CACHE: Loading locally WeaponCZScorpion/cz_scorpion_magazine_20.bundle
[Info   :BundleManager] CACHE: Loading locally Headwear/masks/gas_mask_m50_textures.bundle
[Info   :BundleManager] CACHE: Loading locally Hands/artem_hands_23.bundle
[Info   :BundleManager] CACHE: Loading locally bottoms/pants_rt_gray.bundle
[Info   :BundleManager] CACHE: Loading locally WeaponWilsonCombatEDCX9/wilson_slide.bundle
[Info   :BundleManager] CACHE: Loading locally Chestrigs/SS_StichProfi.bundle
[Info   :BundleManager] CACHE: Loading locally assets/content/items/barter/item_barter_tarko_scav_06/item_barter_tarko_scav_06.bundle
[Info   :BundleManager] CACHE: Loading locally Tops/artem_top_13.bundle
[Info   :BundleManager] CACHE: Loading locally assets/katt_amr/mods/mount_katt_amr_bipod.bundle
[Info   :BundleManager] CACHE: Loading locally WeaponPitViper/viper_rs.bundle
[Info   :BundleManager] CACHE: Loading locally WeaponXM8/xm8_hg_carbine_fde.bundle
[Info   :BundleManager] CACHE: Loading locally Bottoms/Usec_Winter_BL.bundle
[Info   :BundleManager] CACHE: Loading locally cards/ttc_common_duffle_bag_dragon.bundle
[Info   :BundleManager] CACHE: Loading locally mods/scopes/nightforce_atacr_1_8x_f1.bundle
[Info   :BundleManager] CACHE: Loading locally WeaponM107/m107_magazine_drum.bundle
[Info   :BundleManager] CACHE: Loading locally assets/content/items/equipment/facecover_ballistic_mask/item_equipment_facecover_ballistic_mask_blasted_ice.bundle
[Info   :BundleManager] CACHE: Loading locally assets/t725/mods/handguard_t725_tactical.bundle
[Info   :BundleManager] CACHE: Loading locally Bottoms/Usec_Birdeye_MT.bundle
[Info   :BundleManager] CACHE: Loading locally WeaponAuto5/weapon_auto5_boss_container.bundle
[Info   :BundleManager] CACHE: Loading locally WeaponUCP/ucp_suppressor.bundle
[Info   :BundleManager] CACHE: Loading locally ModernWeaponMods/mwm_hrf_rcm_magwell_hk416_fde.bundle
[Info   :BundleManager] CACHE: Loading locally mods/mounts/ta31_ard.bundle
[Info   :BundleManager] CACHE: Loading locally Headwear/helmets/batlskin_cobra/helmet_cover_batlskin_irishdpm.bundle
[Info   :BundleManager] CACHE: Loading locally assets/content/items/mods/mounts/mount_ar15_strike_industries_gridlok_extention_blk.bundle
[Info   :BundleManager] CACHE: Loading locally tops/top_usec_softshell_mcgreen.bundle
[Info   :BundleManager] CACHE: Loading locally buttstock_fab_defense_gl_core_cheekriser_fde.bundle
[Info   :BundleManager] CACHE: Loading locally ModernWeaponMods/mwm_ctr_risr_stock_od.bundle
[Info   :BundleManager] CACHE: Loading locally assets/content/items/containers/small_toolbox.bundle
[Info   :BundleManager] CACHE: Loading locally mods/mounts/reptilia_34mm_mount_fde.bundle
[Info   :BundleManager] CACHE: Loading locally ModernWeaponMods/mwm_cqgl_pistol_grip_fde.bundle
[Info   :BundleManager] CACHE: Loading locally assets/content/items/barter/item_equipment_headset_comtac_6_black_bp03/item_equipment_headset_comtac_6_green_bp03.bundle
[Info   :BundleManager] CACHE: Loading locally chestrigs/item_equipment_rig_micro_m98.bundle
[Info   :BundleManager] CACHE: Loading locally WeaponAK5C/ak5c_20roundmag.bundle
[Info   :BundleManager] CACHE: Loading locally assets/content/items/containers/recycled_ammo_bag.bundle
[Info   :BundleManager] CACHE: Loading locally mods/mounts/g$_34mm_cap_blk.bundle
[Info   :BundleManager] CACHE: Loading locally dragonden/clothing/backpack/hello_kitty_bag_pink.dragonden
[Info   :BundleManager] CACHE: Loading locally coolerstims_iron_loot.bundle
[Info   :BundleManager] CACHE: Loading locally hands/hands_usec_chameleon_softshell_nfp.skin.bundle
[Info   :BundleManager] CACHE: Loading locally covermcb.bundle
[Info   :BundleManager] CACHE: Loading locally mods/suppressors/dd_sguard_556.bundle
[Info   :BundleManager] CACHE: Loading locally assets/content/audio/phrases/black_division_2_voice.bundle
[Info   :BundleManager] CACHE: Loading locally artemballisticmask.bundle
[Info   :BundleManager] CACHE: Loading locally WeaponMasada/masada_handguard_rahg_fde.bundle
[Info   :BundleManager] CACHE: Loading locally mods/magazines/lancer_mags/30/l30_robins_egg_blue.bundle
[Info   :BundleManager] CACHE: Loading locally ModernWeaponMods/mwm_dfco_kungfu_grip.bundle
[Info   :BundleManager] CACHE: Loading locally bottoms/pants_bear_g99_ral7013.bundle
[Info   :BundleManager] CACHE: Loading locally WeaponPM9/pm9_magazine_25.bundle
[Info   :BundleManager] CACHE: Loading locally WeaponXM8/xm8_foregrip_rail.bundle
[Info   :BundleManager] CACHE: Loading locally WeaponStaccatoXC/xc_longbarrel.bundle
[Info   :BundleManager] CACHE: Loading locally cards/ttc_uncommon_mosin_nagant_obrez_sawed_off.bundle
[Info   :BundleManager] CACHE: Loading locally Clothing/Lowers/NPC_UNTAR_PANTERA/untar_pol_bottom.bundle
[Info   :BundleManager] CACHE: Loading locally ModernWeaponMods/mwm_omm_longboard_rear_fde.bundle
[Info   :BundleManager] CACHE: Loading locally assets/content/items/mods/sights rear/sight_rear_all_magpul_mbus_gen2_fde_anti.bundle
[Info   :BundleManager] CACHE: Loading locally Headwear/helmets/6b7-1m/cover_6b7-1m_emr.bundle
[Info   :BundleManager] CACHE: Loading locally WeaponMasada/masada_barrel_260.bundle
[Info   :BundleManager] CACHE: Loading locally assets/content/items/equipment/head_inverted_cap/item_equipment_head_inverted_cap_multicam_black_bp03.bundle
[Info   :BundleManager] CACHE: Loading locally bottoms/pants_usec_cereum_marpat.bundle
[Info   :BundleManager] CACHE: Loading locally cards/ttc_secret_server_disconnect_doom.bundle
[Info   :BundleManager] CACHE: Loading locally ModernWeaponMods/mwm_arisaka_osm_mlok_reversed.bundle
[Info   :BundleManager] CACHE: Loading locally assets/jak12/animations.bundle
[Info   :BundleManager] CACHE: Loading locally Hands/Hands_USEC_Aggressor_Black.bundle
[Info   :BundleManager] CACHE: Loading locally mods/ar15_handguards/dd_mfr_handguards/mfr15_fde.bundle
[Info   :BundleManager] CACHE: Loading locally textures/bt300texacc.bundle
[Info   :BundleManager] CACHE: Loading locally covermiami.bundle
[Info   :BundleManager] CACHE: Loading locally assets/content/audio/phrases/black_division/black_division_01/generic/onfriendlydown.bundle
[Info   :BundleManager] CACHE: Loading locally comtaciv-dnc.bundle
[Info   :BundleManager] CACHE: Loading locally artem_circularpatch2.bundle
[Info   :BundleManager] CACHE: Loading locally dragonden/quest/c4_bomb.dragonden
[Info   :BundleManager] CACHE: Loading locally WeaponHK417/hk417frontsight.bundle
[Info   :BundleManager] CACHE: Loading locally assets_new/content/items/ammo/boxes/item_ammo_box_556x45_avb.bundle
[Info   :BundleManager] CACHE: Loading locally Headwear/helmets/lshz/item_equipment_helmet_lshz_lowcut.bundle
[Info   :BundleManager] CACHE: Loading locally assets/content/items/mods/stocks/stock_m1895_ranger_point_precision_m_lok_aluminum_stock.bundle
[Info   :BundleManager] CACHE: Loading locally ap.bundle
[Info   :BundleManager] CACHE: Loading locally WeaponAEK/aek_frontassembly_boss.bundle
[Info   :BundleManager] CACHE: Loading locally textures/t81parts1tex.bundle
[Info   :BundleManager] CACHE: Loading locally cards/ttc_uncommon_niceguy_dev_tracker.bundle
[Info   :BundleManager] CACHE: Loading locally chimera.bundle
[Info   :BundleManager] CACHE: Loading locally backpacks/item_equipment_backpack_daypack_aor.bundle
[Info   :BundleManager] CACHE: Loading locally assets/dg56/mods/barrel_dg56_long.bundle
[Info   :BundleManager] CACHE: Loading locally WeaponCheytacM200/m200_grip_skele.bundle
[Info   :BundleManager] CACHE: Loading locally assets/content/hands/hands_arena_rusguard_7/hands_arena_rusguard_7_bear.skin.bundle
[Info   :BundleManager] CACHE: Loading locally WeaponF2000/f2000_barrel_standard.bundle
[Info   :BundleManager] CACHE: Loading locally WeaponAuto5/auto5_magcap_boss.bundle
[Info   :BundleManager] CACHE: Loading locally container_toolbox.bundle
[Info   :BundleManager] CACHE: Loading locally WeaponM249/m249_foregrip_saw.bundle
[Info   :BundleManager] CACHE: Loading locally headwear/item_equipment_helmet_hops_mc.bundle
[Info   :BundleManager] CACHE: Loading locally mods/ar15_handguards/mcmr13_blk.bundle
[Info   :BundleManager] CACHE: Loading locally WeaponM107/m107_barrel_short.bundle
[Info   :BundleManager] CACHE: Loading locally mods/ar15_handguards/dd_risiii_handguards/ris_iii_9_5l_dfde.bundle
[Info   :BundleManager] CACHE: Loading locally headwear/item_equipment_helmet_mich2002_m05.bundle
[Info   :BundleManager] CACHE: Loading locally WeaponCZ75/weapon_cz75b_container.bundle
[Info   :BundleManager] CACHE: Loading locally clothing/raidenfortnite_top.bundle
[Info   :BundleManager] CACHE: Loading locally ModernWeaponMods/mwm_railscales_xos_short.bundle
[Info   :BundleManager] CACHE: Loading locally assets/content/items/equipment/armor_korundvm/item_equipment_armor_korundvm_reed_bp2.bundle
[Info   :BundleManager] CACHE: Loading locally mods/stocks/maxim_cqb_gen7_stock_blk.bundle
[Info   :BundleManager] CACHE: Loading locally mfmdblk.bundle
[Info   :BundleManager] CACHE: Loading locally assets/content/items/mods/mounts/mount_all_di_optical_fc1_mount.bundle
[Info   :BundleManager] CACHE: Loading locally anpvs5a.bundle
[Info   :BundleManager] CACHE: Loading locally cards/ttc_cards_shared.bundle
[Info   :BundleManager] CACHE: Loading locally cards/ttc_common_prapor_debut_contract.bundle
[Info   :BundleManager] CACHE: Loading locally WeaponKACPDW/kacpdw_charginghandle.bundle
[Info   :BundleManager] CACHE: Loading locally mods/mounts/34mm_rof_90_ddc.bundle
[Info   :BundleManager] CACHE: Loading locally ModernWeaponMods/mwm_railscales_karve_fde.bundle
[Info   :BundleManager] CACHE: Loading locally WeaponM78/m78_stock_wood.bundle
[Info   :BundleManager] CACHE: Loading locally hockeyskate.bundle
[Info   :BundleManager] CACHE: Loading locally headwear/item_equipment_helmet_6b47covered_spring.bundle
[Info   :BundleManager] CACHE: Loading locally cards/ttc_uncommon_factory_nightmares.bundle
[Info   :BundleManager] CACHE: Loading locally assets/content/hands/hands_bear_goptac_2/hands_bear_goptac_2.skin.bundle
[Info   :BundleManager] CACHE: Loading locally ModernWeaponMods/mwm_axon_sl_switch.bundle
[Info   :BundleManager] CACHE: Loading locally assets/content/items/equipment/rig_bearing/item_equipment_rig_bearing_multicam_bp03.bundle
[Info   :BundleManager] CACHE: Loading locally Item_Containers/container_thermaster.bundle
[Info   :BundleManager] CACHE: Loading locally WeaponM107/m107_rs.bundle
[Info   :BundleManager] CACHE: Loading locally rcmpcar.bundle
[Info   :BundleManager] CACHE: Loading locally cards/ttc_uncommon_rogue_commander_dog_tag_zero_three.bundle
[Info   :BundleManager] CACHE: Loading locally WeaponXM8/xm8_hg_lmg.bundle
[Info   :BundleManager] CACHE: Loading locally assets/iso/mods/mount_iso_mini.bundle
[Info   :BundleManager] CACHE: Loading locally assets/content/hands/alltheclothes/hands_scav_scavelite.skin.bundle
[Info   :BundleManager] CACHE: Loading locally chestrigs/item_equipment_rig_triton_omon.bundle
[Info   :BundleManager] CACHE: Loading locally Headwear/helmets/tor-2/item_equipment_helmet_tor_2.bundle
[Info   :BundleManager] CACHE: Loading locally cards/ttc_uncommon_ammo_accountant.bundle
[Info   :BundleManager] CACHE: Loading locally WeaponCZScorpion/cz_scorpion_handstoppic.bundle
[Info   :BundleManager] CACHE: Loading locally ar18aimp.bundle
[Info   :BundleManager] CACHE: Loading locally mods/ar15_handguards/urx4_85_tan.bundle
[Info   :BundleManager] CACHE: Loading locally WeaponCZScorpion/cz_scorpion_foregrip_magpul_handstop.bundle
[Info   :BundleManager] CACHE: Loading locally mods/magnifiers/exps3_low_mag_combo.bundle
[Info   :BundleManager] CACHE: Loading locally artem_rangerpatch.bundle
[Info   :BundleManager] CACHE: Loading locally assets/mags/mag_stanag_cod_100.bundle
[Info   :BundleManager] CACHE: Loading locally mods/mounts/rep_acro_193_fde.bundle
[Info   :BundleManager] CACHE: Loading locally assets/content/items/infosubject/item_info_note/item_info_note_product1156_prototype.bundle
[Info   :BundleManager] CACHE: Loading locally WeaponRO991/lafrance_handguard.bundle
[Info   :BundleManager] CACHE: Loading locally assets/content/items/equipment/helmet_galvion_applique/item_equipment_helmet_galvion_applique_arena_ny2025.bundle
[Info   :BundleManager] CACHE: Loading locally assets/jak12/mods/mount_jak12_side.bundle
[Info   :BundleManager] CACHE: Loading locally Bodywear/armoredRigs/SLICKSTER/cr_ferro_slickster_multicam.bundle
[Info   :BundleManager] CACHE: Loading locally mods/suppressors/polo_556k_fde.bundle
[Info   :BundleManager] CACHE: Loading locally frontgrip_imi_defense_fsg2.bundle
[Info   :BundleManager] CACHE: Loading locally WeaponWagesOfSin/black/wos_charginghandle_black.bundle
[Info   :BundleManager] CACHE: Loading locally textures/ar18magstex.bundle
[Info   :BundleManager] CACHE: Loading locally t81lmgbeech.bundle
[Info   :BundleManager] CACHE: Loading locally armor/item_equipment_armor_un_marpat.bundle
[Info   :BundleManager] CACHE: Loading locally WeaponXM8/xm8_rail_carbine.bundle
[Info   :BundleManager] CACHE: Loading locally assets/iso/mods/handguard_iso_s45.bundle
[Info   :BundleManager] CACHE: Loading locally WeaponAEK/aek_frontassembly.bundle
[Info   :BundleManager] CACHE: Loading locally mods/ak/tube_hg.bundle
[Info   :BundleManager] CACHE: Loading locally coveraor1.bundle
[Info   :BundleManager] CACHE: Loading locally WeaponMSBS/msbs_pistolgrip_fde.bundle
[Info   :BundleManager] CACHE: Loading locally m5uppercamo.bundle
[Info   :BundleManager] CACHE: Loading locally Misc/armorPlates/plate_dfndr_iiia.bundle
[Info   :BundleManager] CACHE: Loading locally mods/pistol_grips/bcm_mod3_wilson_pgrip_fde.bundle
[Info   :BundleManager] CACHE: Loading locally assets/content/items/equipment/helmet_crye_airframe/item_equipment_helmet_crye_airframe_shark_bp03.bundle
[Info   :BundleManager] CACHE: Loading locally bcm_mod_3_reversed_tape_fde.bundle
[Info   :BundleManager] CACHE: Loading locally mods/stocks/b5_bravo_odg.bundle
[Info   :BundleManager] CACHE: Loading locally bottoms/pants_bear_zaslon_emr.bundle
[Info   :BundleManager] CACHE: Loading locally assets/content/items/mods/sights rear/sight_rear_all_izhmash_ak308_rear_sight_base.bundle
[Info   :BundleManager] CACHE: Loading locally assets/iso/mods/stock_iso_fixed_light.bundle
[Info   :BundleManager] CACHE: Loading locally WeaponX95/x95_magazine_9mm_45.bundle
[Info   :BundleManager] CACHE: Loading locally cards/ttc_common_illumination.bundle
[Info   :BundleManager] CACHE: Loading locally mods/magazines/lancer_mags/10/l10_red.bundle
[Info   :BundleManager] CACHE: Loading locally assets/content/items/infosubject/item_info_note/item_info_note_comand_from_leshiy.bundle
[Info   :BundleManager] CACHE: Loading locally cards/ttc_epic_dorms_marked_room_ritual.bundle
[Info   :BundleManager] CACHE: Loading locally mods/magazines/lancer_mags/20/l20_robins_egg_blue.bundle
[Info   :BundleManager] CACHE: Loading locally Bodywear/bodyArmor/cqc_rhino/armor_all_cqc_rhino_dpm.bundle
[Info   :BundleManager] CACHE: Loading locally WeaponM76/m76dustcover.bundle
[Info   :BundleManager] CACHE: Loading locally mods/mounts/dbal_i2_docter.bundle
[Info   :BundleManager] CACHE: Loading locally assets/content/items/equipment/customizable/nvg_usgi_an_avs_69_adapter/nvg_usgi_an_avs_69_adapter.bundle
[Info   :BundleManager] CACHE: Loading locally assets/content/characters/character/prefabs/pants_bear_goptac_2.bundle
[Info   :BundleManager] CACHE: Loading locally coolerstims_aegis_loot.bundle
[Info   :BundleManager] CACHE: Loading locally mods/magazines/lancer_mags/30/l30_trnsp_tan.bundle
[Info   :BundleManager] CACHE: Loading locally assets/content/characters/character/prefabs/usec_head_sean_tattoo.bundle
[Info   :BundleManager] CACHE: Loading locally artemgpnvgblack.bundle
[Info   :BundleManager] CACHE: Loading locally t81thg.bundle
[Info   :BundleManager] CACHE: Loading locally assets/content/items/equipment/helmet_galvion_caiman/item_equipment_helmet_galvion_caiman_arena_ny2025.bundle
[Info   :BundleManager] CACHE: Loading locally assets/content/items/equipment/facecover_balaclava/item_equipment_facecover_balaclava_zaebtsa_bp2.bundle
[Info   :BundleManager] CACHE: Loading locally WeaponCheytacM200/m200_barrel_short_camo.bundle
[Info   :BundleManager] CACHE: Loading locally assets/vpo-209a/textures.bundle
[Info   :BundleManager] CACHE: Loading locally assets/content/items/mods/stocks/stock_val_nb_adapter_tube.bundle
[Info   :BundleManager] CACHE: Loading locally items/gb_container.bundle
[Info   :BundleManager] CACHE: Loading locally mods/magazines/lancer_mags/10/l10_robins_egg_blue.bundle
[Info   :BundleManager] CACHE: Loading locally WeaponGrizzly/grizzly_grips_rosewood.bundle
[Info   :BundleManager] CACHE: Loading locally assets/dbr/dbr_sound.bundle
[Info   :BundleManager] CACHE: Loading locally mods/ar15_handguards/dd_risiii_handguards/ris_iii_12_5u_blk.bundle
[Info   :BundleManager] CACHE: Loading locally assets/bal27/mods/stock_bal27_tac.bundle
[Info   :BundleManager] CACHE: Loading locally mods/suppressors/suppressor_hesychia_black.bundle
[Info   :BundleManager] CACHE: Loading locally p30fs.bundle
[Info   :BundleManager] CACHE: Loading locally assaultvest6.bundle
[Info   :BundleManager] CACHE: Loading locally Ammo/300win_fmj.bundle
[Info   :BundleManager] CACHE: Loading locally cards/ttc_uncommon_bear_saboteur_emblem.bundle
[Info   :BundleManager] CACHE: Loading locally mods/stocks/b5_bravo_blk.bundle
[Info   :BundleManager] CACHE: Loading locally assets/content/items/equipment/armband/item_equipment_armband_headeyes.bundle
[Info   :BundleManager] CACHE: Loading locally cards/ttc_epic_flea_freedom.bundle
[Info   :BundleManager] CACHE: Loading locally mods/magnifiers/t1_high_mag_combo.bundle
[Info   :BundleManager] CACHE: Loading locally mods/ar15_handguards/geissele_mk8_handguards/mk8_9_5_ddc.bundle
[Info   :BundleManager] CACHE: Loading locally assets/grau/mods/stock_grau_light.bundle
[Info   :BundleManager] CACHE: Loading locally mods/red_dots/cmore_railway_red_dot.bundle
[Info   :BundleManager] CACHE: Loading locally hands/hands_bear_zaslon_spring.skin.bundle
[Info   :BundleManager] CACHE: Loading locally assets/isoh/mods/mag_stanag_iso.bundle
[Info   :BundleManager] CACHE: Loading locally chestrigs/item_equipment_rig_mmac_ucp.bundle
[Info   :BundleManager] CACHE: Loading locally assets/content/items/equipment/armband/item_equipment_armband_beta.bundle
[Info   :BundleManager] CACHE: Loading locally ar18mag30.bundle
[Info   :BundleManager] CACHE: Loading locally assets/qbz03_sek/pistol_qbz03_sek_wb02.bundle
[Info   :BundleManager] CACHE: Loading locally bottoms/pants_usec_special_ops_flektarn.bundle
[Info   :BundleManager] CACHE: Loading locally mods/lasers/dbal_a3_black.bundle
[Info   :BundleManager] CACHE: Loading locally Hands/Hands_BEAR_SPN_MC.bundle
[Info   :BundleManager] CACHE: Loading locally tops/top_usec_nightpatrol_atacs.bundle
[Info   :BundleManager] CACHE: Loading locally tracer.bundle
[Info   :BundleManager] CACHE: Loading locally assets/iso/mods/sight_rear_all_iso_gen2.bundle
[Info   :BundleManager] CACHE: Loading locally assets/ghost_strawbango.bundle
[Info   :BundleManager] CACHE: Loading locally dragonden/clothing/backpack/gengar_backpack.dragonden
[Info   :BundleManager] CACHE: Loading locally armor/item_equipment_armor_korundvm_blue.bundle
[Info   :BundleManager] CACHE: Loading locally assets/content/items/mods/stocks/stock_ar15_magpul_acs_carbine_fde.bundle
[Info   :BundleManager] CACHE: Loading locally mods/mounts/rof2_5mm_spacer_ddc.bundle
[Info   :BundleManager] CACHE: Loading locally Chestrigs/S3D_StichProfi.bundle
[Info   :BundleManager] CACHE: Loading locally assets/c4_starburst.bundle
[Info   :BundleManager] CACHE: Loading locally Ammo/ammo_9x18_ht.bundle
[Info   :BundleManager] CACHE: Loading locally WeaponUCP/ucp_magazine.bundle
[Info   :BundleManager] CACHE: Loading locally WeaponCheytacM200/m200_magazine_lrg_fde.bundle
[Info   :BundleManager] CACHE: Loading locally assets/content/weapons/usable_items/item_recorder/client_assets.bundle
[Info   :BundleManager] CACHE: Loading locally artemtachelmet5.bundle
[Info   :BundleManager] CACHE: Loading locally ar18mag.bundle
[Info   :BundleManager] CACHE: Loading locally dragonden/clothing/facewear/cat_mask_cyan.dragonden
[Info   :BundleManager] CACHE: Loading locally flashlight4_fde.bundle
[Info   :BundleManager] CACHE: Loading locally tops/top_usec_orc_pcu_m05s.bundle
[Info   :BundleManager] CACHE: Loading locally mods/mounts/reptilia_34mm_rmr_fde.bundle
[Info   :BundleManager] CACHE: Loading locally assets/content/items/mods/stocks/stock_ar15_cgnl_stock_tube.bundle
[Info   :BundleManager] CACHE: Loading locally Tops/artem_top_51.bundle
[Info   :BundleManager] CACHE: Loading locally assets/type64smg/weapon_type64_762x25_container.bundle
[Info   :BundleManager] CACHE: Loading locally Headwear/Tor_2_MC.bundle
[Info   :BundleManager] CACHE: Loading locally assets/katt_amr/mods/stock_katt_amr_def.bundle
[Info   :BundleManager] CACHE: Loading locally mods/ar15_handguards/urx4_145_tan.bundle
[Info   :BundleManager] CACHE: Loading locally chestrigs/item_equipment_rig_boss_blackknight_abu.bundle
[Info   :BundleManager] CACHE: Loading locally backpacks/item_equipment_backpack_pilgrim_blueorange.bundle
[Info   :BundleManager] CACHE: Loading locally assets/content/items/equipment/armor_otv_ucp/item_equipment_armor_otv_woodland_bp2.bundle
[Info   :BundleManager] CACHE: Loading locally WeaponAXMC/stock_axmc_blk.bundle
[Info   :BundleManager] CACHE: Loading locally chestrigs/item_equipment_rig_cryeavs_ucp.bundle
[Info   :BundleManager] CACHE: Loading locally mods/pistol_grips/dd_pistol_grip_brown.bundle
[Info   :BundleManager] CACHE: Loading locally flatgrip2.bundle
[Info   :BundleManager] CACHE: Loading locally assets/superi46/superi_textures.bundle
[Info   :BundleManager] CACHE: Loading locally cards/ttc_rare_grenading_yourself.bundle
[Info   :BundleManager] CACHE: Loading locally assets/content/characters/character/prefabs/top_arena_usec_turtle.bundle
[Info   :BundleManager] CACHE: Loading locally assets/content/items/equipment/facecover_coldgear/item_equipment_facecover_coldgear_multicam_alpine.bundle
[Info   :BundleManager] CACHE: Loading locally karambit.bundle
[Info   :BundleManager] CACHE: Loading locally cards/ttc_epic_economy_reset_millionaire.bundle
[Info   :BundleManager] CACHE: Loading locally dragonden/collectibles/cars/car_diesel.dragonden
[Info   :BundleManager] CACHE: Loading locally assets/v308/mag_vector_mag.bundle
[Info   :BundleManager] CACHE: Loading locally 545rat.bundle
[Info   :BundleManager] CACHE: Loading locally WeaponAEK/aek_stock_proto.bundle
[Info   :BundleManager] CACHE: Loading locally opscoremcb.bundle
[Info   :BundleManager] CACHE: Loading locally dragonden/collectibles/cars/car_megan.dragonden
[Info   :BundleManager] CACHE: Loading locally assets/bal27/mods/pistolgrip_bal27_ass.bundle
[Info   :BundleManager] CACHE: Loading locally assets/content/items/infosubject/item_info_note_folder/item_info_note_folder_closed_terragroup.bundle
[Info   :BundleManager] CACHE: Loading locally assets/content/items/barter/item_barter_electr_aceso_xpress/item_barter_electr_aceso_xpress.bundle
[Info   :BundleManager] CACHE: Loading locally Tops/BEAR_Gorka5_S3D.bundle
[Info   :BundleManager] CACHE: Loading locally WeaponCZScorpion/cz_slider.bundle
[Info   :BundleManager] CACHE: Loading locally sprsup.bundle
[Info   :BundleManager] CACHE: Loading locally mods/mounts/spectre_1_5_6_rmr_mount.bundle
[Info   :BundleManager] CACHE: Loading locally WeaponMSBS/msbs_buffer_stock.bundle
[Info   :BundleManager] CACHE: Loading locally assets/content/items/mods/handguards/handguard_tkpd_sniperarms_dynamics_tkpd_std.bundle
[Info   :BundleManager] CACHE: Loading locally assets/type64smg/mods/handguard_type64_m_lok_l.bundle
[Info   :BundleManager] CACHE: Loading locally WeaponMasada/magpul_masada_slider.bundle
[Info   :BundleManager] CACHE: Loading locally cards/ttc_common_bush_knife_surprise.bundle
[Info   :BundleManager] CACHE: Loading locally chestrigs/item_equipment_rig_cryeavs_flektarn.bundle
[Info   :BundleManager] CACHE: Loading locally chestrigs/item_equipment_rig_azimut_atacsa.bundle
[Info   :BundleManager] CACHE: Loading locally assets/content/audio/phrases/black_division/black_division_01/reaction/negative.bundle
[Info   :BundleManager] CACHE: Loading locally assets/content/items/mods/stocks/stock_ar15_cgnl_stock_tube_fde.bundle
[Info   :BundleManager] CACHE: Loading locally WeaponGrizzly/grizzly_receiver_stainless.bundle
[Info   :BundleManager] CACHE: Loading locally mods/stocks/prs_lite_fde.bundle
[Info   :BundleManager] CACHE: Loading locally WeaponMasada/masada_handguard_keymod_mid.bundle
[Info   :BundleManager] CACHE: Loading locally cards/ttc_common_factory_balance_patch.bundle
[Info   :BundleManager] CACHE: Loading locally WeaponMSR/msr_stock_ergo.bundle
[Info   :BundleManager] CACHE: Loading locally cards/ttc_legendary_sain.bundle
[Info   :BundleManager] CACHE: Loading locally mods/suppressors/putnik_blk.bundle
[Info   :BundleManager] CACHE: Loading locally headband-peltor.bundle
[Info   :BundleManager] CACHE: Loading locally textures/chimera_tex.bundle
[Info   :BundleManager] CACHE: Loading locally mods/magazines/lancer_mags/30/l30_dfde.bundle
[Info   :BundleManager] CACHE: Loading locally armor/item_equipment_armor_slick_vegetato.bundle
[Info   :BundleManager] CACHE: Loading locally vlite-green.bundle
[Info   :BundleManager] CACHE: Loading locally vietnamhelmet.bundle
[Info   :BundleManager] CACHE: Loading locally assets/dg56/mods/barrel_dg56_def.bundle
[Info   :BundleManager] CACHE: Loading locally Headwear/headsets/headset_atlanticsig_revx_coyote.bundle
[Info   :BundleManager] CACHE: Loading locally Bodywear/unarmoredRigs/rig_poyas_a.bundle
[Info   :BundleManager] CACHE: Loading locally assets/content/items/equipment/armband/item_equipment_armband_prestige_6.bundle
[Info   :BundleManager] CACHE: Loading locally assets/bal27/mods/silencer_bal27_57x28.bundle
[Info   :BundleManager] CACHE: Loading locally WeaponPMM12/pmm_magazine_ext.bundle
[Info   :BundleManager] CACHE: Loading locally hands/hands_bear_polevoi_vsk.bundle
[Info   :BundleManager] CACHE: Loading locally mods/lasers/eotech_ogl_black.bundle
[Info   :BundleManager] CACHE: Loading locally amparms-fg.bundle
[Info   :BundleManager] CACHE: Loading locally assets/content/location_objects/00_hideout/prefabs/customization/walls/wall_story_02_in_the_darkness.bundle
[Info   :BundleManager] CACHE: Loading locally WeaponAEK/aek_pistolgrip_ergo.bundle
[Info   :BundleManager] CACHE: Loading locally saiga12_30rounds.bundle
[Info   :BundleManager] CACHE: Loading locally mods/ar15_handguards/dd_risiii_handguards/ris_iii_13l_dfde.bundle
[Info   :BundleManager] CACHE: Loading locally WeaponWilsonCombatEDCX9/wilson_magazine.bundle
[Info   :BundleManager] CACHE: Loading locally mods/mounts/hydra-mid-blk.bundle
[Info   :BundleManager] CACHE: Loading locally Mods/Stocks/m700la_mcmillan.bundle
[Info   :BundleManager] CACHE: Loading locally assets/content/items/mods/sights rear/sight_rear_all_magpul_mbus_gen2_ramrem.bundle
[Info   :BundleManager] CACHE: Loading locally assets/jak12/mods/sight_textures_jak12.bundle
[Info   :BundleManager] CACHE: Loading locally bottoms/pants_usec_blackhawk_mtarn.bundle
[Info   :BundleManager] CACHE: Loading locally assets/bal27/bal27_staticdata.bundle
[Info   :BundleManager] CACHE: Loading locally frontgrip_imi_defense_fsg2_fde.bundle
[Info   :BundleManager] CACHE: Loading locally Hands/Hands_USEC_Winter2_MM14.bundle
[Info   :BundleManager] CACHE: Loading locally assets/fal/mods/sight_rear_fal.bundle
[Info   :BundleManager] CACHE: Loading locally cards/ttc_secret_friendly_betrayer.bundle
[Info   :BundleManager] CACHE: Loading locally headwear/item_equipment_helmet_diamond_age_bastion_mtp.bundle
[Info   :BundleManager] CACHE: Loading locally mods/magazines/pufgun_556_30rd_fde.bundle
[Info   :BundleManager] CACHE: Loading locally artem_patch9.bundle
[Info   :BundleManager] CACHE: Loading locally ar18rearsight.bundle
[Info   :BundleManager] CACHE: Loading locally Hands/artem_hands_36.bundle
[Info   :BundleManager] CACHE: Loading locally assets/content/items/mods/handguards/handguard_9a91_tts_tactical_handguard.bundle
[Info   :BundleManager] CACHE: Loading locally mods/ar15_handguards/dd_risii_handguards/ris_ii_12_5_fspl_black.bundle
[Info   :BundleManager] CACHE: Loading locally assets/grau/textures.bundle
[Info   :BundleManager] CACHE: Loading locally assets/content/items/equipment/glasses_revision_shadowstrike/item_equipment_glasses_revision_shadowstrike_tan_bp03.bundle
[Info   :BundleManager] CACHE: Loading locally Attachment_Muzzles/muzzle_oss762qd.bundle
[Info   :BundleManager] CACHE: Loading locally WeaponAEK/suppressor_aek_762.bundle
[Info   :BundleManager] CACHE: Loading locally assets/content/characters/character/prefabs/pants_ruaf_officer.bundle
[Info   :BundleManager] CACHE: Loading locally opscoremcalp.bundle
[Info   :BundleManager] CACHE: Loading locally Headwear/BW_CapFG.bundle
[Info   :BundleManager] CACHE: Loading locally 22lr.bundle
[Info   :BundleManager] CACHE: Loading locally assets/dbr/mods/barrel_dbr_def.bundle
[Info   :BundleManager] CACHE: Loading locally assets/content/characters/character/prefabs/top_arena_rusguard_5_black.bundle
[Info   :BundleManager] CACHE: Loading locally mods/scopes/ta31_tan_red_cross.bundle
[Info   :BundleManager] CACHE: Loading locally assets/grau/mods/stock_grau_spec.bundle
[Info   :BundleManager] CACHE: Loading locally assets/content/items/ammo/boxes/item_ammo_box_127x99.bundle
[Info   :BundleManager] CACHE: Loading locally Gear_Belts/belt_kodiak.bundle
[Info   :BundleManager] CACHE: Loading locally assets/rpkn/mods/sight_rear_ak_rpkn.bundle
[Info   :BundleManager] CACHE: Loading locally Hands/Hands_USEC_PCU_UCON.bundle
[Info   :BundleManager] CACHE: Loading locally assets/content/items/mods/barrels/barrel_mp155_vent_rib_750mm_12g.bundle
[Info   :BundleManager] CACHE: Loading locally assets/content/items/mods/handguards/handguard_ak12_zenit_sport_12.bundle
[Info   :BundleManager] CACHE: Loading locally mods/rail_covers/dd_rail_cover_7.bundle
[Info   :BundleManager] CACHE: Loading locally assets/cqa/weapon_cqa_556x45_container.bundle
[Info   :BundleManager] CACHE: Loading locally acehg.bundle
[Info   :BundleManager] CACHE: Loading locally mods/stocks/b5_bravo_fde.bundle
[Info   :BundleManager] CACHE: Loading locally Clothing/Hands/bear_leaf/hands_leaf_aor1.bundle
[Info   :BundleManager] CACHE: Loading locally cards/ttc_secret_red_keycard_prototype.bundle
[Info   :BundleManager] CACHE: Loading locally WeaponAuto5/auto5_magcap.bundle
[Info   :BundleManager] CACHE: Loading locally artemitembox.bundle
[Info   :BundleManager] CACHE: Loading locally mods/ar15_handguards/mcmr10_blk.bundle
[Info   :BundleManager] CACHE: Loading locally Tops/BEAR_Winter_2_FG.bundle
[Info   :BundleManager] CACHE: Loading locally devtac.bundle
[Info   :BundleManager] CACHE: Loading locally assets/content/items/equipment/glasses_oakley_x/item_equipment_glasses_oakley_x_bp2_grn.bundle
[Info   :BundleManager] CACHE: Loading locally mods/ar15_muzzle_devices/strike_cookie_cutter.bundle
[Info   :BundleManager] CACHE: Loading locally assets/content/hands/alltheclothes/hands_scav_tatu2.skin.bundle
[Info   :BundleManager] CACHE: Loading locally cards/ttc_uncommon_therapist_supply_plans.bundle
[Info   :BundleManager] CACHE: Loading locally Hands/artem_hands_20.bundle
[Info   :BundleManager] CACHE: Loading locally containers/ttc_booster_pack.bundle
[Info   :BundleManager] CACHE: Loading locally mods/ar15_handguards/dd_risiii_handguards/ris_iii_10_5l_dfde.bundle
[Info   :BundleManager] CACHE: Loading locally cards/ttc_rare_blood_sample_kit.bundle
[Info   :BundleManager] CACHE: Loading locally WeaponMasada/masada_handguard_mlok_camo.bundle
[Info   :BundleManager] CACHE: Loading locally buttstock_fab_defense_gl_core_cheekriser_od.bundle
[Info   :BundleManager] CACHE: Loading locally Bodywear/unarmoredRigs/cr_rothco_tap_ucp.bundle
[Info   :BundleManager] CACHE: Loading locally m5_charging_camo.bundle
[Info   :BundleManager] CACHE: Loading locally Hands/Hands_BEAR_Gorka5_MC.bundle
[Info   :BundleManager] CACHE: Loading locally assets/content/hands/hands_bear_sumrak/hands_bear_sumrak_reverse_side.skin.bundle
[Info   :BundleManager] CACHE: Loading locally mods/ar15_handguards/dd_mfr_handguards/mfr15_cbt.bundle
[Info   :BundleManager] CACHE: Loading locally Bottoms/BEAR_Instructor_EMR.bundle
[Info   :BundleManager] CACHE: Loading locally Headwear/helmets/6b27/helmet_6b27_shared_textures.bundle
[Info   :BundleManager] CACHE: Loading locally Bottoms/BEAR_Gladiator_SS.bundle
[Info   :BundleManager] CACHE: Loading locally pistolgrip1_blk.bundle
[Info   :BundleManager] CACHE: Loading locally Ammo/300win_ap.bundle
[Info   :BundleManager] CACHE: Loading locally assets/content/items/barter/item_barter_dogtags_melted/item_barter_dogtags_melted.bundle
[Info   :BundleManager] CACHE: Loading locally mods/ar10/eliminator_762.bundle
[Info   :BundleManager] CACHE: Loading locally Headwear/helmets/opscore_sfhc/helmet_ops_core_fast_sfhc_mc.bundle
[Info   :BundleManager] CACHE: Loading locally assets/content/items/equipment/armband/item_equipment_armband_discord.bundle
[Info   :BundleManager] CACHE: Loading locally ar_magazine.bundle
[Info   :BundleManager] CACHE: Loading locally assets/content/items/equipment/armor_6b45/item_equipment_armor_6b45_01.bundle
[Info   :BundleManager] CACHE: Loading locally Item_Containers/container_fuel.bundle
[Info   :BundleManager] CACHE: Loading locally assets/content/items/mods/charges/charge_m1895_marlin_mxlr_std.bundle
[Info   :BundleManager] CACHE: Loading locally assets/content/items/quest/item_quest_mysterious_device/item_quest_mysterious_device.bundle
[Info   :BundleManager] CACHE: Loading locally Hands/artem_tracksuityellow_hands.bundle
[Info   :BundleManager] CACHE: Loading locally assets/content/items/equipment/head_ushanka_dmnt/item_equipment_head_ushanka_dmnt.bundle
[Info   :BundleManager] CACHE: Loading locally assets/content/items/equipment/glasses_perforated/item_equipment_glasses_perforated_bp2_grn.bundle
[Info   :BundleManager] CACHE: Loading locally ModernWeaponMods/mwm_omm_center_micro.bundle
[Info   :BundleManager] CACHE: Loading locally assets/content/hands/hands_arena_rusguard_8/hands_arena_rusguard_8_usec.skin.bundle
[Info   :BundleManager] CACHE: Loading locally assets/content/audio/phrases/black_division/black_division_01/teamstatus/down.bundle
[Info   :BundleManager] CACHE: Loading locally cards/ttc_uncommon_extract_in_wrong_direction.bundle
[Info   :BundleManager] CACHE: Loading locally Hands/Hands_USEC_G4_MM14.bundle
[Info   :BundleManager] CACHE: Loading locally assets/jak12/mods/stock_jak12.bundle
[Info   :BundleManager] CACHE: Loading locally assets/tr76/mods/sight_rear_all_tr76.bundle
[Info   :BundleManager] CACHE: Loading locally assets/grau/mods/textures_hg550.bundle
[Info   :BundleManager] CACHE: Loading locally textures/tx22-textures.bundle
[Info   :BundleManager] CACHE: Loading locally assets/content/items/barter/item_barter_valuable_tarcoin/item_barter_valuable_tarcoin.bundle
[Info   :BundleManager] CACHE: Loading locally assets/iso/mods/pistolgrip_iso_griptac.bundle
[Info   :BundleManager] CACHE: Loading locally m16_handguard_blk.bundle
[Info   :BundleManager] CACHE: Loading locally assets/content/hands/hands_arena_rusguard_7/hands_arena_rusguard_7_usec.skin.bundle
[Info   :BundleManager] CACHE: Loading locally Gear_Belts/riflemanbeltbison.bundle
[Info   :BundleManager] CACHE: Loading locally Pants/artem_pants_6.bundle
[Info   :BundleManager] CACHE: Loading locally WeaponAK5C/ak5c_railcover_foregrip.bundle
[Info   :BundleManager] CACHE: Loading locally assets/content/hands/hands_usec_kit_upper_hawaii_miami/hands_usec_kit_upper_hawaii_miami.bundle
[Info   :BundleManager] CACHE: Loading locally assets/monster_doctor_container.bundle
[Info   :BundleManager] CACHE: Loading locally assets/content/items/mods/handguards/handguard_mdr_blk_lbl_alx_20_inch_bipod_mlok_blk.bundle
[Info   :BundleManager] CACHE: Loading locally cards/ttc_epic_ragman_the_stylish_one.bundle
[Info   :BundleManager] CACHE: Loading locally raclink.bundle
[Info   :BundleManager] CACHE: Loading locally chestrigs/item_equipment_rig_triton_berezka.bundle
[Info   :BundleManager] CACHE: Loading locally backpacks/item_equipment_backpack_mystery_ranch_coyote.bundle
[Info   :BundleManager] CACHE: Loading locally Headwear/helmets/ihps/helmet_ihps_common.bundle
[Info   :BundleManager] CACHE: Loading locally assets/content/items/mods/stocks/stock_ar15_phase5_ums.bundle
[Info   :BundleManager] CACHE: Loading locally cards/ttc_rare_cultist_relic_mask.bundle
[Info   :BundleManager] CACHE: Loading locally dragonden/quest/egg_2.dragonden
[Info   :BundleManager] CACHE: Loading locally aabarrel.bundle
[Info   :BundleManager] CACHE: Loading locally assets/longbow/mods/charge_longbow_bolt_heavy.bundle
[Info   :BundleManager] CACHE: Loading locally assets/content/items/barter/item_barter_flyers/item_barter_flyers_icebreaker_paradigm.bundle
[Info   :BundleManager] CACHE: Loading locally 700NITRO_FMJ.bundle
[Info   :BundleManager] CACHE: Loading locally mods/suppressors/surefire_762rc2blk.bundle
[Info   :BundleManager] CACHE: Loading locally bottoms/pants_bear_zaslon_moha.bundle
[Info   :BundleManager] CACHE: Loading locally assets/content/items/infosubject/item_info_note/item_info_note_rfid_instruction.bundle
[Info   :BundleManager] CACHE: Loading locally Tops/BEAR_Winter_2_EMR.bundle
[Info   :BundleManager] CACHE: Loading locally WeaponMSR/msr_magazine.bundle
[Info   :BundleManager] CACHE: Loading locally backpacks/item_equipment_backpack_trooper_35_mm14.bundle
[Info   :BundleManager] CACHE: Loading locally WeaponMSBS/msbs_long_handguard_fde.bundle
[Info   :BundleManager] CACHE: Loading locally tops/top_usec_softshell_blue.bundle
[Info   :BundleManager] CACHE: Loading locally WeaponM76/m76_svdstock.bundle
[Info   :BundleManager] CACHE: Loading locally Headwear/helmets/crye_airframe/item_equipment_cover_crye_t_block.bundle
[Info   :BundleManager] CACHE: Loading locally assets/longbow/animations.bundle
[Info   :BundleManager] CACHE: Loading locally mods/glock_parts/zev_optic_plate.bundle
[Info   :BundleManager] CACHE: Loading locally mods/scopes/ta31_black_green_cross.bundle
[Info   :BundleManager] CACHE: Loading locally mods/mcx/rattler_300_3pr.bundle
[Info   :BundleManager] CACHE: Loading locally WeaponStaccatoXC/xc_barrel.bundle
[Info   :BundleManager] CACHE: Loading locally WeaponDragunov/svdshortenedbarrel.bundle
[Info   :BundleManager] CACHE: Loading locally assets/content/characters/character/prefabs/top_bear_sso.bundle
[Info   :BundleManager] CACHE: Loading locally mp7_silencer_1_spec.bundle
[Info   :BundleManager] CACHE: Loading locally ammo/9mm_export_900_can.bundle
[Info   :BundleManager] CACHE: Loading locally assets/t725/mods/handguard_t725_stable.bundle
[Info   :BundleManager] CACHE: Loading locally cards/ttc_epic_looting_bots.bundle
[Info   :BundleManager] CACHE: Loading locally tx22-slide.bundle
[Info   :BundleManager] CACHE: Loading locally 34slidereg.bundle
[Info   :BundleManager] CACHE: Loading locally assets/content/characters/character/prefabs/top_arena_rusguard_7_usec.bundle
[Info   :BundleManager] CACHE: Loading locally artem_veilwhite.bundle
[Info   :BundleManager] CACHE: Loading locally mods/magazines/lancer_mags/30/l30_pnk.bundle
[Info   :BundleManager] CACHE: Loading locally 40mm_bee.bundle
[Info   :BundleManager] CACHE: Loading locally ruger2245.bundle
[Info   :BundleManager] CACHE: Loading locally mods/suppressors/prt_mcq_blk.bundle
[Info   :BundleManager] CACHE: Loading locally mods/scopes/leupold_d_evo.bundle
[Info   :BundleManager] CACHE: Loading locally assets/content/items/containers/item_container_arena_battlepass_s1/item_container_arena_battlepass_s1_02.bundle
[Info   :BundleManager] CACHE: Loading locally acepicstock.bundle
[Info   :BundleManager] CACHE: Loading locally Pants/artem_pants_2.bundle
[Info   :BundleManager] CACHE: Loading locally 177magfixed.bundle
[Info   :BundleManager] CACHE: Loading locally mods/mounts/unity_comp_brn.bundle
[Info   :BundleManager] CACHE: Loading locally assets/content/audio/phrases/black_division/black_division_01/generic.bundle
[Info   :BundleManager] CACHE: Loading locally assets/content/audio/phrases/black_division/black_division_01/enemy/scavdown.bundle
[Info   :BundleManager] CACHE: Loading locally mods/ar15_muzzle_devices/eliminator_556.bundle
[Info   :BundleManager] CACHE: Loading locally ruger-rimfire-22.bundle
[Info   :BundleManager] CACHE: Loading locally cartridges/gb_cartridge_blue.bundle
[Info   :BundleManager] CACHE: Loading locally artemballisticmask2.bundle
[Info   :BundleManager] CACHE: Loading locally chestrigs/item_equipment_armor_a18_gray.bundle
[Info   :BundleManager] CACHE: Loading locally assets/content/items/equipment/helmet_ulach/item_equipment_helmet_ulach_bp2_green_dot.bundle
[Info   :BundleManager] CACHE: Loading locally WeaponMSR/msr_stock.bundle
[Info   :BundleManager] CACHE: Loading locally Attachment_Magazines/krissvector45_magazine_drum.bundle
[Info   :BundleManager] CACHE: Loading locally assets/content/items/barter/item_barter_tarko_prestige_09/item_barter_tarko_prestige_09.bundle
[Info   :BundleManager] CACHE: Loading locally Items_Quests/quest_immortal_movie.bundle
[Info   :BundleManager] CACHE: Loading locally assets/isoh/mods/handguard_isoh_shrt.bundle
[Info   :BundleManager] CACHE: Loading locally Headwear/helmets/tor-2/cover_tor_2_atacs_fg.bundle
[Info   :BundleManager] CACHE: Loading locally mods/ar15_handguards/dd_risiii_handguards/ris_iii_12_5l_fde.bundle
[Info   :BundleManager] CACHE: Loading locally mods/suppressors/polo_762_fde.bundle
[Info   :BundleManager] CACHE: Loading locally mods/ar15_handguards/geissele_mk4_handguards/mk4_95_odg.bundle
[Info   :BundleManager] CACHE: Loading locally assets/superi46/superi_sounds.bundle
[Info   :BundleManager] CACHE: Loading locally WeaponM78/m78_stock_tube.bundle
[Info   :BundleManager] CACHE: Loading locally WeaponUMP9/ump9_mag.bundle
[Info   :BundleManager] CACHE: Loading locally ModernWeaponMods/mwm_dfco_kungfu_grip_od.bundle
[Info   :BundleManager] CACHE: Loading locally mods/magazines/lancer_mags/10/l10_blk.bundle
[Info   :BundleManager] CACHE: Loading locally mods/mounts/unity_micro_226_blk.bundle
[Info   :BundleManager] CACHE: Loading locally WeaponCZScorpion/cz_standard.bundle
[Info   :BundleManager] CACHE: Loading locally WeaponXM8/xm8_hg_pdw.bundle
[Info   :BundleManager] CACHE: Loading locally assets/content/items/barter/item_mapbook/mapbook.bundle
[Info   :BundleManager] CACHE: Loading locally p30rmr.bundle
[Info   :BundleManager] CACHE: Loading locally WeaponCarmel/carmel_barrel.bundle
[Info   :BundleManager] CACHE: Loading locally mods/stocks/mft_minimalist_blk.bundle
[Info   :BundleManager] CACHE: Loading locally Attachment_Foregrips/foregrip_sturmgriff_blk.bundle
[Info   :BundleManager] CACHE: Loading locally cards/ttc_rare_rogue_ex_usec_gas_station_gunner.bundle
[Info   :BundleManager] CACHE: Loading locally Item_Containers/container_violin.bundle
[Info   :BundleManager] CACHE: Loading locally chestrigs/item_equipment_armor_a18_emr1.bundle
[Info   :BundleManager] CACHE: Loading locally WeaponCheytacM200/m200_muzzle.bundle
[Info   :BundleManager] CACHE: Loading locally quest_arcade_power_module.bundle
[Info   :BundleManager] CACHE: Loading locally backpacks/item_equipment_backpack_mystery_ranch_penncott.bundle
[Info   :BundleManager] CACHE: Loading locally assets/content/items/barter/item_barter_tarko_ref/item_barter_tarko_ref.bundle
[Info   :BundleManager] CACHE: Loading locally assets/content/items/mods/sights rear/sight_rear_all_weebshit_textures.bundle
[Info   :BundleManager] CACHE: Loading locally assets/ol277/ol277_prefab.bundle
[Info   :BundleManager] CACHE: Loading locally assets/qbz03/muzzle_qbz03.bundle
[Info   :BundleManager] CACHE: Loading locally assets/content/items/mods/handguards/handguard_ar10_kac_sr25_urx_31_135_inch_tau.bundle
[Info   :BundleManager] CACHE: Loading locally textures/m5_camo_tex.bundle
[Info   :BundleManager] CACHE: Loading locally assets/qbz03_sek/shared_assets.bundle
[Info   :BundleManager] CACHE: Loading locally WeaponStaccatoXC/xc_magazine.bundle
[Info   :BundleManager] CACHE: Loading locally assets/mcw/mods/receiver_mcw_300blk.bundle
[Info   :BundleManager] CACHE: Loading locally container_ammo_pouch.bundle
[Info   :BundleManager] CACHE: Loading locally mods/suppressors/prt_cover_blk.bundle
[Info   :BundleManager] CACHE: Loading locally 30rdnormie.bundle
[Info   :BundleManager] CACHE: Loading locally assets/content/items/mods/barrels/barrel_ar15_centurion_arms_mk12_406mm.bundle
[Info   :BundleManager] CACHE: Loading locally assets/content/items/mods/mounts/mount_ar15_promag_delta_style.bundle
[Info   :BundleManager] CACHE: Loading locally WeaponXM8/xm8_stock_slider_fde.bundle
[Info   :BundleManager] CACHE: Loading locally WeaponXM8/xm8_hg_pdw_fde.bundle
[Info   :BundleManager] CACHE: Loading locally chestrigs/item_equipment_rig_6h112_arctic.bundle
[Info   :BundleManager] CACHE: Loading locally assets/rip_it_gforce.bundle
[Info   :BundleManager] CACHE: Loading locally assets/type64smg/texture.bundle
[Info   :BundleManager] CACHE: Loading locally mods/ar15_handguards/dd_risii_handguards/ris_ii_12_25_l_black.bundle
[Info   :BundleManager] CACHE: Loading locally jpc1-aor2.bundle
[Info   :BundleManager] CACHE: Loading locally Headwear/helmets/tor-2/cover_tor_2_emr.bundle
[Info   :BundleManager] CACHE: Loading locally cards/ttc_epic_misfire_in_labs.bundle
[Info   :BundleManager] CACHE: Loading locally WeaponCZ75/cz75_barrel.bundle
[Info   :BundleManager] CACHE: Loading locally mods/scopes/ta31_tan_green_horseshoe.bundle
[Info   :BundleManager] CACHE: Loading locally raidops/uav_uplink_loot.bundle
[Info   :BundleManager] CACHE: Loading locally cards/ttc_uncommon_extract_camper.bundle
[Info   :BundleManager] CACHE: Loading locally mods/ak/sharkfin_dong_hg.bundle
[Info   :BundleManager] CACHE: Loading locally assets/content/items/equipment/helmet_crye_airframe_mlok/item_equipment_helmet_crye_airframe_mlok_coyote_sof_bp03.bundle
[Info   :BundleManager] CACHE: Loading locally WeaponMSBS/msbs_standard_barrel.bundle
[Info   :BundleManager] CACHE: Loading locally Headwear/helmets/rifletech/helmet_team_wendy_rifletech_mc.bundle
[Info   :BundleManager] CACHE: Loading locally cards/ttc_rare_medstation.bundle
[Info   :BundleManager] CACHE: Loading locally assets/content/items/equipment/glasses_red_charm/item_equipment_glasses_red_charm_bp2_grn.bundle
[Info   :BundleManager] CACHE: Loading locally Ammo/patron_25x59_apincen.bundle
[Info   :BundleManager] CACHE: Loading locally opscoreaor2.bundle
[Info   :BundleManager] CACHE: Loading locally WeaponCheytacM200/m200_stock_fde.bundle
[Info   :BundleManager] CACHE: Loading locally assets/ak_requiem/muzzle_ak74_jak_requiem.bundle
[Info   :BundleManager] CACHE: Loading locally ModernWeaponMods/mwm_fast_riser_laser_fde.bundle
[Info   :BundleManager] CACHE: Loading locally headwear/item_equipment_helmet_mich2002_mm14.bundle
[Info   :BundleManager] CACHE: Loading locally chimera_mca.bundle
[Info   :BundleManager] CACHE: Loading locally mp7_stock_1.bundle
[Info   :BundleManager] CACHE: Loading locally assets/isoh/weapon_iso_hemlock_556x45_container.bundle
[Info   :BundleManager] CACHE: Loading locally WeaponCZScorpion/cz_scorpion_shroud.bundle
[Info   :BundleManager] CACHE: Loading locally assets/content/items/equipment/facecover_strikeball_mask/item_equipment_facecover_strikeball_mask_gold_bp2.bundle
[Info   :BundleManager] CACHE: Loading locally dtnvs.bundle
[Info   :BundleManager] CACHE: Loading locally aero-m5-lower.bundle
[Info   :BundleManager] CACHE: Loading locally WeaponPMM12/pmm_grip.bundle
[Info   :BundleManager] CACHE: Loading locally bottoms/pants_usec_gen2_green.bundle
[Info   :BundleManager] CACHE: Loading locally WeaponM249/m249_handguardminimalist.bundle
[Info   :BundleManager] CACHE: Loading locally assets/content/hands/alltheclothes/hands_boss_kaban.skin.bundle
[Info   :BundleManager] CACHE: Loading locally backpacks/item_equipment_backpack_f4terminator_c.bundle
[Info   :BundleManager] CACHE: Loading locally bx-25-camo.bundle
[Info   :BundleManager] CACHE: Loading locally WeaponWagesOfSin/weapon_wages_of_sin_red_container.bundle
[Info   :BundleManager] CACHE: Loading locally mods/stocks/stock_m16a1.bundle
[Info   :BundleManager] CACHE: Loading locally backpacks/item_equipment_backpack_pilgrim_terra2.bundle
[Info   :BundleManager] CACHE: Loading locally assets/arizona_mucho_mango.bundle
[Info   :BundleManager] CACHE: Loading locally assets/content/items/barter/item_barter_flyers/item_barter_flyers_story_02_in_the_darkness.bundle
[Info   :BundleManager] CACHE: Loading locally WeaponXM109/xm109_suppressor.bundle
[Info   :BundleManager] CACHE: Loading locally cartridges/gb_cartridge_purple.bundle
[Info   :BundleManager] CACHE: Loading locally WeaponStaccatoXC/xc_trigger.bundle
[Info   :BundleManager] CACHE: Loading locally assets/content/items/equipment/helmet_neosteel_mandible/item_equipment_helmet_neosteel_mandible_aces_bp2.bundle
[Info   :BundleManager] CACHE: Loading locally vertgrip2_blk.bundle
[Info   :BundleManager] CACHE: Loading locally WeaponGrizzly/grizzly_rearsight_white.bundle
[Info   :BundleManager] CACHE: Loading locally assets/content/items/meds/item_meds_alusplint/item_meds_alusplint_tigzresq.bundle
[Info   :BundleManager] CACHE: Loading locally cards/ttc_rare_skier_golden_swag_exchange.bundle
[Info   :BundleManager] CACHE: Loading locally assets/mcx_556/gas_block_mcx_556x45_std.bundle
[Info   :BundleManager] CACHE: Loading locally assets/mcw/mods/barrel_mcw_hvyshort.bundle
[Info   :BundleManager] CACHE: Loading locally textures/fcpc-lite-textures.bundle
[Info   :BundleManager] CACHE: Loading locally cards/ttc_uncommon_wrong_ammo_type.bundle
[Info   :BundleManager] CACHE: Loading locally tops/tshirt_usec_cryeac_alpha_mad.bundle
[Info   :BundleManager] CACHE: Loading locally Headwear/helmets/6b7-1m/cover_tape_6b7_green.bundle
[Info   :BundleManager] CACHE: Loading locally riser4.bundle
[Info   :BundleManager] CACHE: Loading locally rr-barrel.bundle
[Info   :BundleManager] CACHE: Loading locally assets/content/items/mods/stocks/stock_m1895_magpul_elg_m_lok_fde.bundle
[Info   :BundleManager] CACHE: Loading locally assets/content/items/equipment/helmet_maska_1sh_shield/item_equipment_helmet_maska_1sh_shield_vida.bundle
[Info   :BundleManager] CACHE: Loading locally mods/magnifiers/exps3_high_mag_combo.bundle
[Info   :BundleManager] CACHE: Loading locally Clothing/Uppers/USEC_GRYPHON/top_usec_gryphon_mc.bundle
[Info   :BundleManager] CACHE: Loading locally mods/ar15_handguards/dd_mfr_handguards/mfr9_fde.bundle
[Info   :BundleManager] CACHE: Loading locally cards/ttc_uncommon_jessekazam_budget_warrior.bundle
[Info   :BundleManager] CACHE: Loading locally mods/ak/hand_stop.bundle
[Info   :BundleManager] CACHE: Loading locally assets/content/items/ammo/boxes/item_ammo_box_308_marlin_express.bundle
[Info   :BundleManager] CACHE: Loading locally mods/mounts/34mm_rof_45_blk.bundle
[Info   :BundleManager] CACHE: Loading locally mods/ar15_muzzle_devices/surefire_wardenqdblk.bundle
[Info   :BundleManager] CACHE: Loading locally railskin1.bundle
[Info   :BundleManager] CACHE: Loading locally WeaponCheytacM200/m200_handguard.bundle
[Info   :BundleManager] CACHE: Loading locally WeaponCheytacM200/m200_grip.bundle
[Info   :BundleManager] CACHE: Loading locally Chestrigs/ARSCPC_MC.bundle
[Info   :BundleManager] CACHE: Loading locally Headwear/helmets/crye_airframe/item_equipment_cover_crye_aor2.bundle
[Info   :BundleManager] CACHE: Loading locally WeaponDragunov/svd_magazinepoly25.bundle
[Info   :BundleManager] CACHE: Loading locally assets/content/items/barter/item_barter_dogtags_preorder_01/item_barter_dogtags_preorder_01.bundle
[Info   :BundleManager] CACHE: Loading locally cards/ttc_rare_the_tarkov_we_deserve.bundle
[Info   :BundleManager] CACHE: Loading locally ModernWeaponMods/mwm_moe_k2_pistol_grip.bundle
[Info   :BundleManager] CACHE: Loading locally assets/content/items/mods/magazines/mag_stanag_colt_ar15_std_556x45_20.bundle
[Info   :BundleManager] CACHE: Loading locally ModernWeaponMods/mwm_ak74_6l26_tti51.bundle
[Info   :BundleManager] CACHE: Loading locally assets/content/items/equipment/helmet_crye_airframe_chops/item_equipment_helmet_crye_airframe_ears_olive_drab_green.bundle
[Info   :BundleManager] CACHE: Loading locally WeaponPSARock57/rock57_tp.bundle
[Info   :BundleManager] CACHE: Loading locally cards/ttc_rare_stattrack.bundle
[Info   :BundleManager] CACHE: Loading locally assets/content/characters/character/prefabs/top_bd_operator_02.bundle
[Info   :BundleManager] CACHE: Loading locally assets/content/weapons/usable_items/item_food_saladbox/item_food_saladbox_container.bundle
[Info   :BundleManager] CACHE: Loading locally Headwear/helmets/6b27/helmet_6b27_emr.bundle
[Info   :BundleManager] CACHE: Loading locally assets/mcw/mods/charge_mcw_recip.bundle
[Info   :BundleManager] CACHE: Loading locally assets/content/items/equipment/helmet_crye_airframe_chops/item_equipment_helmet_crye_airframe_chops_multicam_bp03.bundle
[Info   :BundleManager] CACHE: Loading locally Posters/poster_m16a2.bundle
[Info   :BundleManager] CACHE: Loading locally assets/content/items/mods/mounts/mount_ar15_precision_reflex_spr_peq_rifle_lenght_top_rail_gen_3.bundle
[Info   :BundleManager] CACHE: Loading locally pistolgrip1.bundle
[Info   :BundleManager] CACHE: Loading locally assets/content/audio/phrases/black_division/black_division_01/enemy/enemydown.bundle
[Info   :BundleManager] CACHE: Loading locally assets/content/items/mods/handguards/handguard_saiga12_custom_guns_hedon_s_saiga12_champ.bundle
[Info   :BundleManager] CACHE: Loading locally p30regslide.bundle
[Info   :BundleManager] CACHE: Loading locally mp153_13shell.bundle
[Info   :BundleManager] CACHE: Loading locally assets/mcw/weapon_mcw_300blk_container.bundle
[Info   :BundleManager] CACHE: Loading locally WeaponM107/m107_fs.bundle
[Info   :BundleManager] CACHE: Loading locally cards/ttc_uncommon_bush_wookie_tradition.bundle
[Info   :BundleManager] CACHE: Loading locally tops/top_bear_sumrak_moh.bundle
[Info   :BundleManager] CACHE: Loading locally Weapon92fs/92fs_magazine.bundle
[Info   :BundleManager] CACHE: Loading locally assets/content/items/barter/item_equipment_headset_comtac_6_black_bp03/item_equipment_headset_comtac_6_green_bp03_d.bundle
[Info   :BundleManager] CACHE: Loading locally assets/content/items/mods/handguards/handguard_mcx_lancer_oem_gen1_105_inch_mlok.bundle
[Info   :BundleManager] CACHE: Loading locally cards/ttc_epic_sv98_ghost_needle.bundle
[Info   :BundleManager] CACHE: Loading locally ModernWeaponMods/mwm_arisaka_osm_fde.bundle
[Info   :BundleManager] CACHE: Loading locally assets_new/content/items/ammo/boxes/item_ammo_box_12g_EXP.bundle
[Info   :BundleManager] CACHE: Loading locally cards/ttc_rare_scav_boss_first_kill.bundle
[Info   :BundleManager] CACHE: Loading locally chestrigs/item_equipment_rig_d3crx_multicamtropic.bundle
[Info   :BundleManager] CACHE: Loading locally assets/content/audio/phrases/black_division/black_division_01/contact/leftflank.bundle
[Info   :BundleManager] CACHE: Loading locally WeaponMSBS/msbs_pistolgrip.bundle
[Info   :BundleManager] CACHE: Loading locally assets/content/characters/character/prefabs/pants_arena_champion.bundle
[Info   :BundleManager] CACHE: Loading locally assets/content/items/infosubject/item_info_note/item_info_note_laborant_labyrinth_03.bundle
[Info   :BundleManager] CACHE: Loading locally WeaponStaccatoXC/xc_longslide.bundle
[Info   :BundleManager] CACHE: Loading locally Tops/artem_top_46.bundle
[Info   :BundleManager] CACHE: Loading locally assets/superi46/mods/handguard_superi_long.bundle
[Info   :BundleManager] CACHE: Loading locally mods/stocks/b5_bravo_cb.bundle
[Info   :BundleManager] CACHE: Loading locally artem_customcap.bundle
[Info   :BundleManager] CACHE: Loading locally assets/content/items/infosubject/item_info_note_folder/item_envelope_closed_kozlov_01.bundle
[Info   :BundleManager] CACHE: Loading locally comtac5mounted.bundle
[Info   :BundleManager] CACHE: Loading locally assets/vpo-209a/client_assets.bundle
[Info   :BundleManager] CACHE: Loading locally WeaponXM8/xm8_hg_carbine.bundle
[Info   :BundleManager] CACHE: Loading locally assets/content/items/equipment/facecover_coldgear/item_equipment_facecover_coldgear_alien_bp2.bundle
[Info   :BundleManager] CACHE: Loading locally 180slstock.bundle
[Info   :BundleManager] CACHE: Loading locally assaultvest2_v2_fde.bundle
[Info   :BundleManager] CACHE: Loading locally WeaponAXMC/reciever_axmc_std_blk.bundle
[Info   :BundleManager] CACHE: Loading locally assets/content/items/equipment/facecover_ballistic_mask/item_equipment_facecover_ballistic_mask_white_lp.bundle
[Info   :BundleManager] CACHE: Loading locally Headwear/eyewear/oakley_holbrook/holbrook_prpl.bundle
[Info   :BundleManager] CACHE: Loading locally dpx/dpx_melee_case.bundle
[Info   :BundleManager] CACHE: Loading locally Headwear/helmets/crye_airframe/item_equipment_cover_crye_multicam.bundle
[Info   :BundleManager] CACHE: Loading locally WeaponRuger57/ruger57_rear.bundle
[Info   :BundleManager] CACHE: Loading locally Tops/artem_top_44.bundle
[Info   :BundleManager] CACHE: Loading locally artemtachelmet21.bundle
[Info   :BundleManager] CACHE: Loading locally mods/mounts/ta31_rmr_mount.bundle
[Info   :BundleManager] CACHE: Loading locally Headwear/helmets/opscore_xp/helmet_fast_xp_cover_mc.bundle
[Info   :BundleManager] CACHE: Loading locally assets/content/characters/character/prefabs/top_ruaf_sergeant.bundle
[Info   :BundleManager] CACHE: Loading locally assets/superi46/mods/handguard_superi_default.bundle
[Info   :BundleManager] CACHE: Loading locally mods/mcx/rattler_base_hg_fde.bundle
[Info   :BundleManager] CACHE: Loading locally mods/ar15_handguards/geissele_mk4_handguards/mk4_10f_blk.bundle
[Info   :BundleManager] CACHE: Loading locally assets/grau/mods/stock_grau_hvy.bundle
[Info   :BundleManager] CACHE: Loading locally cards/ttc_common_saiga_12_room_clearer.bundle
[Info   :BundleManager] CACHE: Loading locally cards/ttc_uncommon_new_year_gift_case.bundle
[Info   :BundleManager] CACHE: Loading locally assets/jak12/mods/barrel_heavy_textures.bundle
[Info   :BundleManager] CACHE: Loading locally chestrigs/item_equipment_armor_6b3_berezka.bundle
[Info   :BundleManager] CACHE: Loading locally cards/ttc_common_scav_syndicate_signal.bundle
[Info   :BundleManager] CACHE: Loading locally assets/longbow/mods/sight_longbow_rear.bundle
[Info   :BundleManager] CACHE: Loading locally cartridges/gb_cartridge_gray.bundle
[Info   :BundleManager] CACHE: Loading locally assets/content/items/equipment/facecover_coldgear/item_equipment_facecover_coldgear_blue_moss_bp_03.bundle
[Info   :BundleManager] CACHE: Loading locally Backpacks/SS_Berkut.bundle
[Info   :BundleManager] CACHE: Loading locally bottoms/pants_usec_special_ops_m81.bundle
[Info   :BundleManager] CACHE: Loading locally assets/longbow/textures.bundle
[Info   :BundleManager] CACHE: Loading locally WeaponM1894DarkTracker/1894_hammer.bundle
[Info   :BundleManager] CACHE: Loading locally mods/ar15_handguards/hogue_handguards/hogue_15_inch_hg_red.bundle
[Info   :BundleManager] CACHE: Loading locally artem_helmetcover4.bundle
[Info   :BundleManager] CACHE: Loading locally WeaponWagesOfSin/fde/wos_charginghandle_fde.bundle
[Info   :BundleManager] CACHE: Loading locally assets/content/characters/soppo/soppo_body.bundle
[Info   :BundleManager] CACHE: Loading locally assets/iso/weapon_iso_9x19_container.bundle
[Info   :BundleManager] CACHE: Loading locally tops/top_usec_carinthia_softshell_ucon.bundle
[Info   :BundleManager] CACHE: Loading locally t81gas.bundle
[Info   :BundleManager] CACHE: Loading locally tops/top_bear_ops_windshirt_emrm.bundle
[Info   :BundleManager] CACHE: Loading locally cr920p-muzzle.bundle
[Info   :BundleManager] CACHE: Loading locally mods/lasers/raid_xe_black.bundle
[Info   :BundleManager] CACHE: Loading locally Tops/artem_top_42.bundle
[Info   :BundleManager] CACHE: Loading locally WeaponAK5C/ak5c_stock.bundle
[Info   :BundleManager] CACHE: Loading locally assets/dg56/textures.bundle
[Info   :BundleManager] CACHE: Loading locally WeaponCheytacM200/m200_grip_fde.bundle
[Info   :BundleManager] CACHE: Loading locally vzpistolgrip.bundle
[Info   :BundleManager] CACHE: Loading locally cards/ttc_uncommon_quest_slave.bundle
[Info   :BundleManager] CACHE: Loading locally assets/content/characters/character/prefabs/top_arena_rusguard_5_green.bundle
[Info   :BundleManager] CACHE: Loading locally assets/dg56/animations.bundle
[Info   :BundleManager] CACHE: Loading locally assets/mcw/mods/receiver_mcw_snp.bundle
[Info   :BundleManager] CACHE: Loading locally WeaponHK417/receiver_hk417.bundle
[Info   :BundleManager] CACHE: Loading locally Attachment_Magazines/mp5_magazine_casket.bundle
[Info   :BundleManager] CACHE: Loading locally tops/top_bear_polevoi_vsk.bundle
[Info   :BundleManager] CACHE: Loading locally artem_cpcbmc.bundle
[Info   :BundleManager] CACHE: Loading locally assets/superi46/mods/pistolgrip_ar15_superi.bundle
[Info   :BundleManager] CACHE: Loading locally tops/top_usec_softshell_hunter.bundle
[Info   :BundleManager] CACHE: Loading locally assets/content/items/mods/sights front/sight_front_g36_kac_folding_sight.bundle
[Info   :BundleManager] CACHE: Loading locally Hands/artem_hands_49.bundle
[Info   :BundleManager] CACHE: Loading locally textures/t81poly.bundle
[Info   :BundleManager] CACHE: Loading locally cs5_308_container.bundle
[Info   :BundleManager] CACHE: Loading locally assets/content/items/equipment/helmet_vulkan_5/item_equipment_helmet_vulkan5_flame_bp2.bundle
[Info   :BundleManager] CACHE: Loading locally mount_canted_aim.bundle
[Info   :BundleManager] CACHE: Loading locally Tops/artem_top_40.bundle
[Info   :BundleManager] CACHE: Loading locally WeaponGrizzly/grizzly_trigger.bundle
[Info   :BundleManager] CACHE: Loading locally WeaponGrizzly/grizzly_magazine_blk.bundle
[Info   :BundleManager] CACHE: Loading locally Bodywear/unarmoredRigs/microfight/item_equipment_chestrig_ss_microfight_m81.bundle
[Info   :BundleManager] CACHE: Loading locally assets_new/content/items/ammo/patrons/patron_556x45new.bundle
[Info   :BundleManager] CACHE: Loading locally dd_magazine_fde_extended_socom.bundle
[Info   :BundleManager] CACHE: Loading locally fphands/wedgehands.bundle
[Info   :BundleManager] CACHE: Loading locally WeaponM107/m107_bipod.bundle
[Info   :BundleManager] CACHE: Loading locally cards/ttc_rare_peacekeeper_wet_job.bundle
[Info   :BundleManager] CACHE: Loading locally assets/content/weapons/ak308/weapon_izhmash_ak308_762x51_container.bundle
[Info   :BundleManager] CACHE: Loading locally ModernWeaponMods/mwm_monolift_riser_fde_reversed.bundle
[Info   :BundleManager] CACHE: Loading locally vietnamhelmet2.bundle
[Info   :BundleManager] CACHE: Loading locally lapua_sk.bundle
[Info   :BundleManager] CACHE: Loading locally WeaponCZScorpion/cz_scorpion_magazine_transparent.bundle
[Info   :BundleManager] CACHE: Loading locally mods/suppressors/suppressor_hesychia_grey.bundle
[Info   :BundleManager] CACHE: Loading locally cards/ttc_epic_pinewood_hotel_lobby.bundle
[Info   :BundleManager] CACHE: Loading locally WeaponXM8/xm8_foregrip_rail_pdw.bundle
[Info   :BundleManager] CACHE: Loading locally ModernWeaponMods/mwm_kdg_acr_1913.bundle
[Info   :BundleManager] CACHE: Loading locally mods/magazines/lancer_mags/20/l20_alien_grn.bundle
[Info   :BundleManager] CACHE: Loading locally assets/dg56/mods/muzzle_dg56.bundle
[Info   :BundleManager] CACHE: Loading locally chestrigs/item_equipment_rig_patrol_green.bundle
[Info   :BundleManager] CACHE: Loading locally assets/fal/mods/reciever_sa58_ed_cut.bundle
[Info   :BundleManager] CACHE: Loading locally backpacks/item_equipment_backpack_mech_coyote.bundle
[Info   :BundleManager] CACHE: Loading locally assets/bang.bundle
[Info   :BundleManager] CACHE: Loading locally WeaponStaccatoXC/xc_magwell.bundle
[Info   :BundleManager] CACHE: Loading locally tops/top_usec_nightpatrol_korea.bundle
[Info   :BundleManager] CACHE: Loading locally assets/grau/mods/handguard_grau_hg550.bundle
[Info   :BundleManager] CACHE: Loading locally assets/grau/mods/pistolgrip_grau_std.bundle
[Info   :BundleManager] CACHE: Loading locally assets/c4_jolly_rancher_container.bundle
[Info   :BundleManager] CACHE: Loading locally Attachment_Magazines/ar15_mag_taped.bundle
[Info   :BundleManager] CACHE: Loading locally mods/suppressors/surefire_556mini2blk.bundle
[Info   :BundleManager] CACHE: Loading locally artem_helmet23.bundle
[Info   :BundleManager] CACHE: Loading locally WeaponPMM12/pmm_grip_ergo_plum.bundle
[Info   :BundleManager] CACHE: Loading locally cards/ttc_uncommon_door_breaching_feature.bundle
[Info   :BundleManager] CACHE: Loading locally Hands/Hands_USEC_Winter2_OD.bundle
[Info   :BundleManager] CACHE: Loading locally assets/content/items/mods/handguards/handguard_ar15_strike_industries_gridlok_17_inch_m_lok.bundle
[Info   :BundleManager] CACHE: Loading locally mods/ar15_handguards/dd_mfr_handguards/mfr10_fde.bundle
[Info   :BundleManager] CACHE: Loading locally assets/t725/mods/mount_t725_hg_rail.bundle
[Info   :BundleManager] CACHE: Loading locally mods/stocks/b5_bravo_tiger.bundle
[Info   :BundleManager] CACHE: Loading locally assets/content/items/mods/sights rear/sight_rear_all_magpul_mbus_gen2_anti2.bundle
[Info   :BundleManager] CACHE: Loading locally WeaponAK5C/weapon_ak5c_boss_container.bundle
[Info   :BundleManager] CACHE: Loading locally WeaponProdigy/prodigy_trigger.bundle
[Info   :BundleManager] CACHE: Loading locally assets/content/items/mods/stocks/stock_m1895_ranger_point_precision_m_lok_aluminum_stock_fde.bundle
[Info   :BundleManager] CACHE: Loading locally cards/ttc_common_the_friendly_wiggle.bundle
[Info   :BundleManager] CACHE: Loading locally mods/stocks/mft_minimalist_fde.bundle
[Info   :BundleManager] CACHE: Loading locally mods/lapua/cadex_mx1.bundle
[Info   :BundleManager] CACHE: Loading locally ModernWeaponMods/mwm_arisaka_finger_stop_fde.bundle
[Info   :BundleManager] CACHE: Loading locally WeaponUCP/ucp_barrel_threaded.bundle
[Info   :BundleManager] CACHE: Loading locally assets/grau/client_assets.bundle
[Info   :BundleManager] CACHE: Loading locally assets/content/items/equipment/helmet_crye_airframe/item_equipment_helmet_crye_airframe_oldschool_bp03.bundle
[Info   :BundleManager] CACHE: Loading locally acehgpic.bundle
[Info   :BundleManager] CACHE: Loading locally mods/lasers/dbal_d2_fde.bundle
[Info   :BundleManager] CACHE: Loading locally assets/content/items/mods/scopes/scope_base_swampfox_justice.bundle
[Info   :BundleManager] CACHE: Loading locally Hands/Hands_BEAR_SPN_S3D.bundle
[Info   :BundleManager] CACHE: Loading locally t81fhg.bundle
[Info   :BundleManager] CACHE: Loading locally hands/hands_usec_orc_pcu_ral.skin.bundle
[Info   :BundleManager] CACHE: Loading locally cards/ttc_uncommon_first_week_meta_shift.bundle
[Info   :BundleManager] CACHE: Loading locally assets/content/items/mods/mounts/mount_keymod_arisaka_inline_scout_mount.bundle
[Info   :BundleManager] CACHE: Loading locally WeaponAEK/aek_pistolgrip_grooved.bundle
[Info   :BundleManager] CACHE: Loading locally WeaponMSR/msr_dualport.bundle
[Info   :BundleManager] CACHE: Loading locally mods/scopes/ta31_tan_amber_horseshoe.bundle
[Info   :BundleManager] CACHE: Loading locally WeaponAXMC/mount_keyslot_forend.bundle
[Info   :BundleManager] CACHE: Loading locally ar_moe_stock.bundle
[Info   :BundleManager] CACHE: Loading locally ModernWeaponMods/mwm_testmag3_fde.bundle
[Info   :BundleManager] CACHE: Loading locally assets/iso/mods/sight_iso_textures.bundle
[Info   :BundleManager] CACHE: Loading locally assets/tr76/mods/comb_tr76_hvy.bundle
[Info   :BundleManager] CACHE: Loading locally backpacks/item_equipment_backpack_sso_emr.bundle
[Info   :BundleManager] CACHE: Loading locally assets/content/items/barter/item_barter_dogtags_story/item_barter_dogtags_story_01_and_survived.bundle
[Info   :BundleManager] CACHE: Loading locally bottoms/pants_usec_gen2_estdcu.bundle
[Info   :BundleManager] CACHE: Loading locally WeaponAK5C/ak5c_groovedgrip.bundle
[Info   :BundleManager] CACHE: Loading locally mods/ar15_handguards/dd_risiii_handguards/ris_iii_12_5u_dfde.bundle
[Info   :BundleManager] CACHE: Loading locally assets/dg56/mods/barrel_dg56_light.bundle
[Info   :BundleManager] CACHE: Loading locally assets/content/items/ammo/patrons/patron_762x25tt_timbs_995.bundle
[Info   :BundleManager] CACHE: Loading locally assets/dg56/mods/barrel_dg56_short.bundle
[Info   :BundleManager] CACHE: Loading locally mods/ak/sports_p3.bundle
[Info   :BundleManager] CACHE: Loading locally cards/ttc_rare_unisg_saboteur_shadow_cell.bundle
[Info   :BundleManager] CACHE: Loading locally assets/content/audio/phrases/black_division/black_division_01/reaction/covering.bundle
[Info   :BundleManager] CACHE: Loading locally assets/mcw/mods/handguard_mcw_sil450.bundle
[Info   :BundleManager] CACHE: Loading locally WeaponAuto5/auto5_mag_ext.bundle
[Info   :BundleManager] CACHE: Loading locally cards/ttc_common_falling_two_floors.bundle
[Info   :BundleManager] CACHE: Loading locally Tops/artem_top_48.bundle
[Info   :BundleManager] CACHE: Loading locally facecover/item_equipment_facecover_balaclava_musor.bundle
[Info   :BundleManager] CACHE: Loading locally cards/ttc_secret_0_hp_thorax_survivor.bundle
[Info   :BundleManager] CACHE: Loading locally assets/content/location_objects/00_hideout/prefabs/customization/walls/wall_forgotten.bundle
[Info   :BundleManager] CACHE: Loading locally mods/suppressors/surefire_762mini2blk.bundle
[Info   :BundleManager] CACHE: Loading locally assets/v308/client_assets.bundle
[Info   :BundleManager] CACHE: Loading locally amp-headset-tan.bundle
[Info   :BundleManager] CACHE: Loading locally jpc1-cadpat-tw.bundle
[Info   :BundleManager] CACHE: Loading locally assets/monster_blue.bundle
[Info   :BundleManager] CACHE: Loading locally Hands/artem_hands_15.bundle
[Info   :BundleManager] CACHE: Loading locally ModernWeaponMods/mwm_monolift_riser.bundle
[Info   :BundleManager] CACHE: Loading locally Bottoms/BEAR_Instructor_S3D.bundle
[Info   :BundleManager] CACHE: Loading locally salco_stim_bone_loot.bundle
[Info   :BundleManager] CACHE: Loading locally mods/ak/hogue_ak_pgrip_green.bundle
[Info   :BundleManager] CACHE: Loading locally mods/mcx/rattler_canebrake.bundle
[Info   :BundleManager] CACHE: Loading locally assets/fal/mods/reciever_fal_fn_fal_dust_cover_fal.bundle
[Info   :BundleManager] CACHE: Loading locally WeaponDragunov/dragunov2portmuzzlebrake.bundle
[Info   :BundleManager] CACHE: Loading locally assets/iso/mods/magazine_iso_45acp_smag.bundle
[Info   :BundleManager] CACHE: Loading locally ModernWeaponMods/mwm_testmag2_fde.bundle
[Info   :BundleManager] CACHE: Loading locally WeaponCZScorpion/cz_scorpion_handguard_hb_angled.bundle
[Info   :BundleManager] CACHE: Loading locally mods/mounts/spectre_1_5_6_killflash.bundle
[Info   :BundleManager] CACHE: Loading locally Hands/Hands_USEC_DeadlyFrogCoyote.bundle
[Info   :BundleManager] CACHE: Loading locally assets/ak_requiem/akq_prefab.bundle
[Info   :BundleManager] CACHE: Loading locally Hands/artem_hands_24.bundle
[Info   :BundleManager] CACHE: Loading locally am180fs.bundle
[Info   :BundleManager] CACHE: Loading locally Pants/artem_pants_23.bundle
[Info   :BundleManager] CACHE: Loading locally ModernWeaponMods/mwm_omm_cover_pic_front.bundle
[Info   :BundleManager] CACHE: Loading locally assets/iso/mods/sight_textures_iso_gen2.bundle
[Info   :BundleManager] CACHE: Loading locally assets/content/items/infosubject/item_info_note_folder/item_info_note_folder_closed_cardboard.bundle
[Info   :BundleManager] CACHE: Loading locally assets/grau/mods/barrel_grau_heavy.bundle
[Info   :BundleManager] CACHE: Loading locally assets_new/content/items/ammo/patrons/patron_556x45avb.bundle
[Info   :BundleManager] CACHE: Loading locally mods/pistol_grips/b5_pgrip.bundle
[Info   :BundleManager] CACHE: Loading locally assets/content/items/barter/item_barter_flyers/item_barter_flyers_ducks.bundle
[Info   :BundleManager] CACHE: Loading locally WeaponPM9/pm9_integralsystem.bundle
[Info   :BundleManager] CACHE: Loading locally amparms-rg.bundle
[Info   :BundleManager] CACHE: Loading locally mods/ar15_handguards/geissele_mk4_handguards/mk4_15_blk.bundle
[Info   :BundleManager] CACHE: Loading locally Mods/Muzzle_Devices/twolf_mbrake.bundle
[Info   :BundleManager] CACHE: Loading locally mods/ak/sag_mk3_blk.bundle
[Info   :BundleManager] CACHE: Loading locally WeaponKACPDW/kacpdw_ambicharginghandle.bundle
[Info   :BundleManager] CACHE: Loading locally WeaponProdigy/prodigy_catch.bundle
[Info   :BundleManager] CACHE: Loading locally WeaponGrizzly/grizzly_rail.bundle
[Info   :BundleManager] CACHE: Loading locally mods/scopes/ta31_tan_green_chev.bundle
[Info   :BundleManager] CACHE: Loading locally assets/content/audio/phrases/black_division/black_division_01/generic/onenemyconversation.bundle
[Info   :BundleManager] CACHE: Loading locally artem_nvgpack4.bundle
[Info   :BundleManager] CACHE: Loading locally assets/jak12/mods/magazine_jak12_12ga_32.bundle
[Info   :BundleManager] CACHE: Loading locally Headwear/helmets/lshz/mount_lshz_cover_emr.bundle
[Info   :BundleManager] CACHE: Loading locally assets/fssh/mods/muzzle_fssh_def_57x28.bundle
[Info   :BundleManager] CACHE: Loading locally backpacks/item_equipment_backpack_g2_gunslinger_slocam.bundle
[Info   :BundleManager] CACHE: Loading locally hands/hands_bear_ops_windshirt_china.skin.bundle
[Info   :BundleManager] CACHE: Loading locally cards/ttc_epic_rsh12_thunder_revolver.bundle
[Info   :BundleManager] CACHE: Loading locally artem_lowerhalfmask3.bundle
[Info   :BundleManager] CACHE: Loading locally artemtachelmet16.bundle
[Info   :BundleManager] CACHE: Loading locally WeaponC9/c9_magazine.bundle
[Info   :BundleManager] CACHE: Loading locally dragonden/clothing/backpack/tiger_backpack_green.dragonden
[Info   :BundleManager] CACHE: Loading locally assets/content/items/barter/item_barter_tarko_ragman/item_barter_tarko_ragman.bundle
[Info   :BundleManager] CACHE: Loading locally goldcomp.bundle
[Info   :BundleManager] CACHE: Loading locally dd_magazine_fde_extended.bundle
[Info   :BundleManager] CACHE: Loading locally lmgstockcamo.bundle
[Info   :BundleManager] CACHE: Loading locally assets/content/items/quest/item_quest_electr_signal_jammer/item_quest_electr_signal_jammer.bundle
[Info   :BundleManager] CACHE: Loading locally WeaponM76/m76magazine.bundle
[Info   :BundleManager] CACHE: Loading locally cards/ttc_uncommon_wrong_key.bundle
[Info   :BundleManager] CACHE: Loading locally tops/top_bear_ghostmarksman_winter.bundle
[Info   :BundleManager] CACHE: Loading locally artem_vest_jpc1.bundle
[Info   :BundleManager] CACHE: Loading locally Pants/artem_tracksuitred_pants.bundle
[Info   :BundleManager] CACHE: Loading locally assets/content/items/quest/item_quest_taran_postcard/item_quest_taran_postcard.bundle
[Info   :BundleManager] CACHE: Loading locally WeaponM78/bipod_m78.bundle
[Info   :BundleManager] CACHE: Loading locally vzfoldingstock.bundle
[Info   :BundleManager] CACHE: Loading locally WeaponPM9/pm9_muzzlebrake.bundle
[Info   :BundleManager] CACHE: Loading locally dragonden/barter/fake_bitcoin.dragonden
[Info   :BundleManager] CACHE: Loading locally ModernWeaponMods/mwm_hrf_rcm_magwell_hk416.bundle
[Info   :BundleManager] CACHE: Loading locally clothes/top_bear_borey_m90.bundle
[Info   :BundleManager] CACHE: Loading locally backpanel1_blk.bundle
[Info   :BundleManager] CACHE: Loading locally assets/content/items/equipment/glasses_perforated/item_equipment_glasses_perforated_bp2_red.bundle
[Info   :BundleManager] CACHE: Loading locally bottoms/pants_shorts_blue.bundle
[Info   :BundleManager] CACHE: Loading locally assets/content/items/mods/pistol grips/pistolgrip_ar15_sierra_precision_spr_handgrip.bundle
[Info   :BundleManager] CACHE: Loading locally assets/content/items/mods/handguards/handguard_mdr_blk_lbl_alx_20_inch_mlok.bundle
[Info   :BundleManager] CACHE: Loading locally artemtachelmet8.bundle
[Info   :BundleManager] CACHE: Loading locally combatbelt1_blk.bundle
[Info   :BundleManager] CACHE: Loading locally ghostmaskb.bundle
[Info   :BundleManager] CACHE: Loading locally ar18mag40.bundle
[Info   :BundleManager] CACHE: Loading locally Bodywear/bodyArmor/cqc_rhino/armor_all_cqc_rhino_mtp.bundle
[Info   :BundleManager] CACHE: Loading locally cartridges/cartridge_dependencies_shared.bundle
[Info   :BundleManager] CACHE: Loading locally cards/ttc_secret_lvndmarks_10_man_wipe.bundle
[Info   :BundleManager] CACHE: Loading locally Headwear/helmets/opscore_xp/helmet_fast_xp_cover_odrab.bundle
[Info   :BundleManager] CACHE: Loading locally p3015rd.bundle
[Info   :BundleManager] CACHE: Loading locally WeaponUdav/udav_barrel.bundle
[Info   :BundleManager] CACHE: Loading locally t81sigm.bundle
[Info   :BundleManager] CACHE: Loading locally assets/content/items/infosubject/item_info_note/item_info_note_photo_voevoda.bundle
[Info   :BundleManager] CACHE: Loading locally cards/ttc_rare_bad_rng_blues.bundle
[Info   :BundleManager] CACHE: Loading locally hands/hand_bear_lynx_moh.skin.bundle
[Info   :BundleManager] CACHE: Loading locally assets/content/characters/character/prefabs/top_ruaf_corporal.bundle
[Info   :BundleManager] CACHE: Loading locally assets/rockstar_container.bundle
[Info   :BundleManager] CACHE: Loading locally assets/dbr/dbr_prefab.bundle
[Info   :BundleManager] CACHE: Loading locally assets/content/items/mods/sights rear/sight_rear_all_magpul_mbus_gen2_fde_anime3.bundle
[Info   :BundleManager] CACHE: Loading locally artem_headphones5.bundle
[Info   :BundleManager] CACHE: Loading locally WeaponMSR/msr_barrel.bundle
[Info   :BundleManager] CACHE: Loading locally assets/content/weapons/svdk/textures/client_assets.bundle
[Info   :BundleManager] CACHE: Loading locally WeaponWilsonCombatEDCX9/wilson_trigger_skele.bundle
[Info   :BundleManager] CACHE: Loading locally assets/stalker_orange_container.bundle
[Info   :BundleManager] CACHE: Loading locally bottoms/pants_security_gorka4_emr.bundle
[Info   :BundleManager] CACHE: Loading locally cards/ttc_rare_secure_flash_drive.bundle
[Info   :BundleManager] CACHE: Loading locally assets/content/items/ammo/patrons/patron_93x64_sp.bundle
[Info   :BundleManager] CACHE: Loading locally cards/ttc_legendary_encrypted_red_drive.bundle
[Info   :BundleManager] CACHE: Loading locally bottoms/pants_usec_cereum_nfpm.bundle
[Info   :BundleManager] CACHE: Loading locally tops/top_bear_sumrak_partizanm.bundle
[Info   :BundleManager] CACHE: Loading locally assets/monster_white_container.bundle
[Info   :BundleManager] CACHE: Loading locally Tops/USEC_G4_UCON.bundle
[Info   :BundleManager] CACHE: Loading locally assets/content/location_objects/00_hideout/prefabs/customization/floors/floor_story_01_and_survived.bundle
[Info   :BundleManager] CACHE: Loading locally mods/ar15_handguards/dd_mfr_handguards/mfr9_dw.bundle
[Info   :BundleManager] CACHE: Loading locally ModernWeaponMods/mwm_magpul_xtm_railcover_long_fde.bundle
[Info   :BundleManager] CACHE: Loading locally artemtachelmet4.bundle
[Info   :BundleManager] CACHE: Loading locally mods/mounts/unity_comp_blk.bundle
[Info   :BundleManager] CACHE: Loading locally WeaponStaccatoXC/xc_hammer_stainless.bundle
[Info   :BundleManager] CACHE: Loading locally zipline_ar15_stock.bundle
[Info   :BundleManager] CACHE: Loading locally assets/content/items/barter/item_barter_flyers/item_barter_flyers_art_05.bundle
[Info   :BundleManager] CACHE: Loading locally mods/suppressors/cgs_sci_supp_fde.bundle
[Info   :BundleManager] CACHE: Loading locally backpacks/item_equipment_backpack_trizip_vegetato.bundle
[Info   :BundleManager] CACHE: Loading locally WeaponPSARock57/rock57_rms.bundle
[Info   :BundleManager] CACHE: Loading locally assets/content/items/equipment/glasses_oakley_x/item_equipment_glasses_oakley_x_bp2_red.bundle
[Info   :BundleManager] CACHE: Loading locally Tops/artem_voxshirt.bundle
[Info   :BundleManager] CACHE: Loading locally assets/content/characters/character/prefabs/top_bd_operator_04.bundle
[Info   :BundleManager] CACHE: Loading locally artem_circularpatch7.bundle
[Info   :BundleManager] CACHE: Loading locally assets/mcw/mods/receiver_mcw_556_fde.bundle
[Info   :BundleManager] CACHE: Loading locally assets/content/items/equipment/head_inverted_cap/item_equipment_head_inverted_cap_boston_bp03.bundle
[Info   :BundleManager] CACHE: Loading locally mods/ar15_handguards/hogue_handguards/hogue_15_inch_hg_olive_drab.bundle
[Info   :BundleManager] CACHE: Loading locally dragonden/clothing/facewear/cat_mask_green.dragonden
[Info   :BundleManager] CACHE: Loading locally assets/content/characters/character/prefabs/pants_bear_slavianka.bundle
[Info   :BundleManager] CACHE: Loading locally assets/content/location_objects/00_hideout/prefabs/customization/floors/floor_story_02_in_the_darkness.bundle
[Info   :BundleManager] CACHE: Loading locally WeaponMasada/masada_handguard_micro_tri_fde.bundle
[Info   :BundleManager] CACHE: Loading locally WeaponMSR/msr_barrel_short.bundle
[Info   :BundleManager] CACHE: Loading locally assets/content/items/infosubject/item_info_note/item_info_note_sectant_corpse.bundle
[Info   :BundleManager] CACHE: Loading locally mods/hk/hk_smr_14_5_blk.bundle
[Info   :BundleManager] CACHE: Loading locally mods/mounts/reptilia_34mm_mount_blk.bundle
[Info   :BundleManager] CACHE: Loading locally textures/t81basetex.bundle
[Info   :BundleManager] CACHE: Loading locally mods/ar15_handguards/midwest_ss_7_5.bundle
[Info   :BundleManager] CACHE: Loading locally assets/dg56/mods/comb_dg56_tac.bundle
[Info   :BundleManager] CACHE: Loading locally ModernWeaponMods/mwm_magpul_xtm_railcover_short_fde.bundle
[Info   :BundleManager] CACHE: Loading locally WeaponMSBS/msbs_buffer_stock_fde.bundle
[Info   :BundleManager] CACHE: Loading locally Attachment_IronSights/mbus3frontblk.bundle
[Info   :BundleManager] CACHE: Loading locally assets/content/items/equipment/backpack_beltbag/item_container_lp_beltbag.bundle
[Info   :BundleManager] CACHE: Loading locally cs5_barrel.bundle
[Info   :BundleManager] CACHE: Loading locally artem_headphones1.bundle
[Info   :BundleManager] CACHE: Loading locally dragonden/clothing/backpack/leopard_backpack_red.dragonden
[Info   :BundleManager] CACHE: Loading locally assets/content/characters/character/prefabs/top_arena_rusguard_7_bear.bundle
[Info   :BundleManager] CACHE: Loading locally assets/dg56/mods/barrel_dg56_hvyshort.bundle
[Info   :BundleManager] CACHE: Loading locally Headwear/helmets/opscore_sfhc/helmet_ops_core_fast_sfhc_black.bundle
[Info   :BundleManager] CACHE: Loading locally wrappedsilencer.bundle
[Info   :BundleManager] CACHE: Loading locally opticmount_kpyk_crc_2u073.bundle
[Info   :BundleManager] CACHE: Loading locally Headwear/helmets/opscore_xp/helmet_fast_xp_cover_desert_night.bundle
[Info   :BundleManager] CACHE: Loading locally WeaponWagesOfSin/black/wos_pistolgrip_black.bundle
[Info   :BundleManager] CACHE: Loading locally assets/content/items/equipment/helmet_galvion_mandible/item_equipment_helmet_galvion_mandible_venom_bp2.bundle
[Info   :BundleManager] CACHE: Loading locally assets/content/hands/hands_usec_hawaii_02/hands_usec_hawaii_02.skin.bundle
[Info   :BundleManager] CACHE: Loading locally cards/ttc_rare_mia_by_extraction_bug.bundle
[Info   :BundleManager] CACHE: Loading locally mods/ar15_handguards/mcmr9_fde.bundle
[Info   :BundleManager] CACHE: Loading locally hands/hands_usec_deadly_frog_tigerstripe.skin.bundle
[Info   :BundleManager] CACHE: Loading locally WeaponPSARock57/rock57_slide.bundle
[Info   :BundleManager] CACHE: Loading locally WeaponGrizzly/grizzly_receiver_gold.bundle
[Info   :BundleManager] CACHE: Loading locally cs5_handguard.bundle
[Info   :BundleManager] CACHE: Loading locally assets/iso/mods/magazine_iso_45acp_drum.bundle
[Info   :BundleManager] CACHE: Loading locally assets/content/items/mods/mounts/mount_590_precision_reflex_scope_mount.bundle
[Info   :BundleManager] CACHE: Loading locally 34barrelstandard.bundle
[Info   :BundleManager] CACHE: Loading locally tops/tshirt_usec_cryeac_alpha_erdl.bundle
[Info   :BundleManager] CACHE: Loading locally ModernWeaponMods/mwm_arisaka_finger_stop.bundle
[Info   :BundleManager] CACHE: Loading locally WeaponAK5C/ak5c_pistolgrip.bundle
[Info   :BundleManager] CACHE: Loading locally WeaponCZScorpion/cz_scorpion_magazine_30.bundle
[Info   :BundleManager] CACHE: Loading locally WeaponHK417/hk417buffertube.bundle
[Info   :BundleManager] CACHE: Loading locally WeaponGrizzly/grizzly_grips_blk.bundle
[Info   :BundleManager] CACHE: Loading locally cards/ttc_rare_ai_smarter.bundle
[Info   :BundleManager] CACHE: Loading locally 6shellks23.bundle
[Info   :BundleManager] CACHE: Loading locally Tops/USEC_Mission_MM14.bundle
[Info   :BundleManager] CACHE: Loading locally WeaponPatriot/weapon_patriot_container.bundle
[Info   :BundleManager] CACHE: Loading locally bottoms/pants_usec_deeprecon_korea.bundle
[Info   :BundleManager] CACHE: Loading locally ModernWeaponMods/mwm_magpul_xtm_railcover_long_od.bundle
[Info   :BundleManager] CACHE: Loading locally cards/ttc_uncommon_faster_queue_times.bundle
[Info   :BundleManager] CACHE: Loading locally mods/ar15_handguards/dd_mfr_handguards/mfr13_5_blk.bundle
[Info   :BundleManager] CACHE: Loading locally WeaponMK23/mk23_grip_tape.bundle
[Info   :BundleManager] CACHE: Loading locally assets/v308/mount_vector_kriss_bottom_rail_long.bundle
[Info   :BundleManager] CACHE: Loading locally patron_6mm_arc.bundle
[Info   :BundleManager] CACHE: Loading locally WeaponRuger57/ruger57_slide.bundle
[Info   :BundleManager] CACHE: Loading locally assets/content/items/infosubject/item_info_note/item_info_note_terminal_pumpstation_scheme.bundle
[Info   :BundleManager] CACHE: Loading locally ModernWeaponMods/mwm_omm_shortboard_rear.bundle
[Info   :BundleManager] CACHE: Loading locally assets/superi46/mods/reciever_superi.bundle
[Info   :BundleManager] CACHE: Loading locally twunity.bundle
[Info   :BundleManager] CACHE: Loading locally assets/jak12/mods/handguard_jak12_heavy.bundle
[Info   :BundleManager] CACHE: Loading locally assets/content/items/mods/barrels/barrel_nl545_cgnl_di_415mm_545x39.bundle
[Info   :BundleManager] CACHE: Loading locally assets/content/items/mods/muzzle/muzzle_val_mod4_nb_silencer_cap_9x39.bundle
[Info   :BundleManager] CACHE: Loading locally mods/mounts/reptilia_ring_blk.bundle
[Info   :BundleManager] CACHE: Loading locally mods/magazines/x_15_ar15_50rd_drum.bundle
[Info   :BundleManager] CACHE: Loading locally mods/glock_parts/sight_front_glock_triarc.bundle
[Info   :BundleManager] CACHE: Loading locally assets/content/characters/character/prefabs/top_civilian_port_sweater_yellow.bundle
[Info   :BundleManager] CACHE: Loading locally assets/content/items/mods/stocks/stock_svt40_pflevsha_svd_type_beechwood.bundle
[Info   :BundleManager] CACHE: Loading locally cards/ttc_common_factory_friday.bundle
[Info   :BundleManager] CACHE: Loading locally assets/content/items/infosubject/item_info_note/item_info_note_quest_kord_mechanic.bundle
[Info   :BundleManager] CACHE: Loading locally assets/content/items/equipment/item_equipment_headset_liberator_black_red_bp03/item_equipment_headset_liberator_multicam_black_bp03.bundle
[Info   :BundleManager] CACHE: Loading locally assets/content/hands/alltheclothes/hands_boss_kolontai.skin.bundle
[Info   :BundleManager] CACHE: Loading locally WeaponMasada/masada_stock_dmr.bundle
[Info   :BundleManager] CACHE: Loading locally handguard_kpyk_crc_1u004b_mlok.bundle
[Info   :BundleManager] CACHE: Loading locally assets/content/characters/character/prefabs/top_civilian_port_jacket_orange.bundle
[Info   :BundleManager] CACHE: Loading locally WeaponMK23/mk23_mrds_mount.bundle
[Info   :BundleManager] CACHE: Loading locally assets/content/hands/hands_arena_rusguard_1/hands_arena_rusguard_1_whitevoron.skin.bundle
[Info   :BundleManager] CACHE: Loading locally mods/red_dots/triji_mro.bundle
[Info   :BundleManager] CACHE: Loading locally assets/longbow/audio.bundle
[Info   :BundleManager] CACHE: Loading locally cards/ttc_secret_jacket_lottery_winner.bundle
[Info   :BundleManager] CACHE: Loading locally mods/scopes/ta31_black_green_300.bundle
[Info   :BundleManager] CACHE: Loading locally assets/dg56/mods/pistolgrip_dg56_ass.bundle
[Info   :BundleManager] CACHE: Loading locally assets/rpkn/rpkn_mat.bundle
[Info   :BundleManager] CACHE: Loading locally WeaponPMM12/pmm_opticmount.bundle
[Info   :BundleManager] CACHE: Loading locally cards/ttc_epic_intelligence_center.bundle
[Info   :BundleManager] CACHE: Loading locally cards/ttc_uncommon_vepr_hunter_recoil_therapy.bundle
[Info   :BundleManager] CACHE: Loading locally assets/content/items/barter/item_barter_dogtags_story/item_barter_dogtags_story_02_in_the_darkness.bundle
[Info   :BundleManager] CACHE: Loading locally assets/content/items/mods/scopes/scope_all_steiner_r1x.bundle
[Info   :BundleManager] CACHE: Loading locally artem_hecutrophy.bundle
[Info   :BundleManager] CACHE: Loading locally assets/ghost_blue_raspberry_container.bundle
[Info   :BundleManager] CACHE: Loading locally Headwear/helmets/tor-2/cover_tor_2_black.bundle
[Info   :BundleManager] CACHE: Loading locally mods/suppressors/dd_sguard_762.bundle
[Info   :BundleManager] CACHE: Loading locally bottoms/pants_bear_zaslon_fde.bundle
[Info   :BundleManager] CACHE: Loading locally fixed_cod.bundle
[Info   :BundleManager] CACHE: Loading locally assets/grau/mods/mag_grau_556x45_30.bundle
[Info   :BundleManager] CACHE: Loading locally WeaponGrizzly/weapon_grizzly_stainless_container.bundle
[Info   :BundleManager] CACHE: Loading locally cards/ttc_uncommon_mp153_factory_farmer.bundle
[Info   :BundleManager] CACHE: Loading locally Headwear/helmets/crye_airframe/item_equipment_cover_crye_desert_night_camo.bundle
[Info   :BundleManager] CACHE: Loading locally WeaponAEK/weapon_aek973_container.bundle
[Info   :BundleManager] CACHE: Loading locally assets/content/items/mods/gasblock/gas_block_ar10_kac_m110_double_high_picatinny_tau.bundle
[Info   :BundleManager] CACHE: Loading locally WeaponHK417/handguard_hk417.bundle
[Info   :BundleManager] CACHE: Loading locally assets/content/items/mods/charges/charge_ar10_kac_charging_handle_std_tau.bundle
[Info   :BundleManager] CACHE: Loading locally WeaponUdav/udav_mag.bundle
[Info   :BundleManager] CACHE: Loading locally artem_patch4.bundle
[Info   :BundleManager] CACHE: Loading locally WeaponM78/m78_magazine_30.bundle
[Info   :BundleManager] CACHE: Loading locally chestrigs/item_equipment_armor_a18_dym.bundle
[Info   :BundleManager] CACHE: Loading locally assets/grau/mods/stock_grau_rail.bundle
[Info   :BundleManager] CACHE: Loading locally cards/ttc_legendary_community_overlords.bundle
[Info   :BundleManager] CACHE: Loading locally assets/mhg0/weapon_grenade_mhg0_container.bundle
[Info   :BundleManager] CACHE: Loading locally assets/content/items/infosubject/item_info_recorder/item_info_recorder_tape_moreman_01.bundle
[Info   :BundleManager] CACHE: Loading locally ModernWeaponMods/mwm_magpul_xtm_railcover_short_od.bundle
[Info   :BundleManager] CACHE: Loading locally assets/type64smg/mods/stock_qtum.bundle
[Info   :BundleManager] CACHE: Loading locally assets/content/items/infosubject/item_info_note/item_info_note_sectantpriest_eye.bundle
[Info   :BundleManager] CACHE: Loading locally assets/content/characters/character/prefabs/head_civilian_4.bundle
[Info   :BundleManager] CACHE: Loading locally barter/boston_record.bundle
[Info   :BundleManager] CACHE: Loading locally assets/content/items/barter/item_equipment_headset_comtac_6_black_bp03/item_equipment_headset_comtac_6_green_bp03_exfil.bundle
[Info   :BundleManager] CACHE: Loading locally assets/content/items/spec/item_spec_sz_1/item_spec_sz_1.bundle
[Info   :BundleManager] CACHE: Loading locally ModernWeaponMods/mwm_moe_slk_riser_stock_od.bundle
[Info   :BundleManager] CACHE: Loading locally Bottoms/Usec_G4_MM14.bundle
[Info   :BundleManager] CACHE: Loading locally ModernWeaponMods/mwm_testmag4_fde.bundle
[Info   :BundleManager] CACHE: Loading locally mods/ar15_handguards/geissele_mk8_handguards/mk8_13_blk.bundle
[Info   :BundleManager] CACHE: Loading locally dragonden/weaponparts/muzzles/dead_air_pyro_blast_cup.dragonden
[Info   :BundleManager] CACHE: Loading locally assets/content/items/mods/pistol grips/pistolgrip_ar15_dlg_138_fde.bundle
[Info   :BundleManager] CACHE: Loading locally mods/lasers/dbal_i2_black.bundle
[Info   :BundleManager] CACHE: Loading locally WeaponGrizzly/grizzly_grips_oak.bundle
[Info   :BundleManager] CACHE: Loading locally mods/suppressors/kac_uspt_suppressor.bundle
[Info   :BundleManager] CACHE: Loading locally WeaponF2000/f2000_long_muzzle.bundle
[Info   :BundleManager] CACHE: Loading locally dragonden/clothing/facewear/cat_mask_red.dragonden
[Info   :BundleManager] CACHE: Loading locally cards/ttc_rare_skier_chemical_part_4.bundle
[Info   :BundleManager] CACHE: Loading locally assets/content/items/mods/stocks/stock_ar15_lead_star_arms_ravage_red.bundle
[Info   :BundleManager] CACHE: Loading locally mods/magazines/lancer_mags/10/l10_clear.bundle
[Info   :BundleManager] CACHE: Loading locally assets/iso/mods/stock_iso_adapter.bundle
[Info   :BundleManager] CACHE: Loading locally cards/ttc_uncommon_scav_on_scav_etiquette.bundle
[Info   :BundleManager] CACHE: Loading locally WeaponWagesOfSin/wos_muzzle.bundle
[Info   :BundleManager] CACHE: Loading locally assets/dg56/mods/handguard_dg56_def.bundle
[Info   :BundleManager] CACHE: Loading locally hglong.bundle
[Info   :BundleManager] CACHE: Loading locally assets/content/characters/character/alltheclothes/top_boss_zryachiy_hooddown.skin.bundle
[Info   :BundleManager] CACHE: Loading locally WeaponAK5C/ak5c_wirestock_cheekpad.bundle
[Info   :BundleManager] CACHE: Loading locally dragonden/quest/egg_3.dragonden
[Info   :BundleManager] CACHE: Loading locally assets/mcw/mods/barrel_mcw_hvy.bundle
[Info   :BundleManager] CACHE: Loading locally assets/content/items/equipment/helmet_ulach/item_equipment_helmet_ulach_arena_ny2025.bundle
[Info   :BundleManager] CACHE: Loading locally WeaponM78/m78_stock_thumbhole_wood.bundle
[Info   :BundleManager] CACHE: Loading locally cards/ttc_rare_booze_generator.bundle
[Info   :BundleManager] CACHE: Loading locally assets/content/items/mods/mounts/mount_m1895_ranger_point_precision_costa_top_rail.bundle
[Info   :BundleManager] CACHE: Loading locally mods/ar15_handguards/dd_risiii_handguards/ris_iii_12_5u_fde.bundle
[Info   :BundleManager] CACHE: Loading locally Bottoms/BEAR_Slavianka_EMR.bundle
[Info   :BundleManager] CACHE: Loading locally assets/content/items/mods/stocks/stock_ar15_colt_n1.bundle
[Info   :BundleManager] CACHE: Loading locally WeaponCarmel/weapon_carmel_fde_container.bundle
[Info   :BundleManager] CACHE: Loading locally assets/content/items/containers/item_container_moderator_toolbox/item_container_moderator_toolbox.bundle
[Info   :BundleManager] CACHE: Loading locally mods/stocks/magpul_dt_carbine_stock_blk.bundle
[Info   :BundleManager] CACHE: Loading locally assets/content/items/mods/sights rear/sight_rear_all_sig_flip_up_anime2.bundle
[Info   :BundleManager] CACHE: Loading locally assets/qbz97/mods/mount_qbz97_side.bundle
[Info   :BundleManager] CACHE: Loading locally assets/mcw/mods/stock_mcw_tub_blk.bundle
[Info   :BundleManager] CACHE: Loading locally cards/ttc_uncommon_improved_voip.bundle
[Info   :BundleManager] CACHE: Loading locally assets/grau/mods/mag_grau_556x45_double.bundle
[Info   :BundleManager] CACHE: Loading locally mods/magazines/lancer_mags/10/l10_alien_grn.bundle
[Info   :BundleManager] CACHE: Loading locally assets/qbz03/tube_qbz03.bundle
[Info   :BundleManager] CACHE: Loading locally WeaponM76/m76stock.bundle
[Info   :BundleManager] CACHE: Loading locally mods/magazines/lancer_mags/30/l30_urban.bundle
[Info   :BundleManager] CACHE: Loading locally dd_magazine.bundle
[Info   :BundleManager] CACHE: Loading locally assets/content/characters/character/prefabs/pants_arena_usec_vintage.bundle
[Info   :BundleManager] CACHE: Loading locally mods/ar15_barrels/ar15_12_5_mid.bundle
[Info   :BundleManager] CACHE: Loading locally clothing/oldsnakefortnite_top.bundle
[Info   :BundleManager] CACHE: Loading locally backpack_boss_birdeye_blk.bundle
[Info   :BundleManager] CACHE: Loading locally Item_Containers/container_smallscavcase.bundle
[Info   :BundleManager] CACHE: Loading locally bottoms/pants_usec_beltstaff_m90.bundle
[Info   :BundleManager] CACHE: Loading locally Headwear/helmets/b826/helmet_b826.bundle
[Info   :BundleManager] CACHE: Loading locally assets/longbow/mods/handguard_longbow_def.bundle
[Info   :BundleManager] CACHE: Loading locally assets/content/audio/phrases/black_division/black_division_01/enemy/lostvisual.bundle
[Info   :BundleManager] CACHE: Loading locally mods/magazines/lancer_mags/30/l30_clear.bundle
[Info   :BundleManager] CACHE: Loading locally bottoms/pants_usec_cryeac_alpha_french.bundle
[Info   :BundleManager] CACHE: Loading locally Headwear/helmets/galvion_caiman/helmet_caiman_ballistic_black.bundle
[Info   :BundleManager] CACHE: Loading locally Headwear/helmets/opscore_xp/helmet_opscore_fast_xp_blk.bundle
[Info   :BundleManager] CACHE: Loading locally mods/stocks/magpul_dt_pr_fde.bundle
[Info   :BundleManager] CACHE: Loading locally mods/scopes/leupold_mk5_3_6_18x_black.bundle
[Info   :BundleManager] CACHE: Loading locally tops/tshirt_usec_cryeac_alpha_greek.bundle
[Info   :BundleManager] CACHE: Loading locally hands/hands_usec_cereum_white.bundle
[Info   :BundleManager] CACHE: Loading locally WeaponM107/m107_recoilpad.bundle
[Info   :BundleManager] CACHE: Loading locally chestrigs/item_equipment_rig_azimut_emrs.bundle
[Info   :BundleManager] CACHE: Loading locally Attachments/Foregrips/foregrip_all_dd_vfg_blk_socom.bundle
[Info   :BundleManager] CACHE: Loading locally backpacks/item_equipment_backpack_gr99t30_moh.bundle
[Info   :BundleManager] CACHE: Loading locally dragonden/quest/weeb_tablet.dragonden
[Info   :BundleManager] CACHE: Loading locally assets/ak_requiem/akq_mat.bundle
[Info   :BundleManager] CACHE: Loading locally Hands/artem_hands_50.bundle
[Info   :BundleManager] CACHE: Loading locally assets/content/hands/alltheclothes/hands_scav_security1.skin.bundle
[Info   :BundleManager] CACHE: Loading locally illpromag.bundle
[Info   :BundleManager] CACHE: Loading locally assets/qbz03_sek/stock_qbz03_sek.bundle
[Info   :BundleManager] CACHE: Loading locally textures/knive_tex.bundle
[Info   :BundleManager] CACHE: Loading locally shortbarrel_ar.bundle
[Info   :BundleManager] CACHE: Loading locally Ammo/50_bmg_mk211_raufoss.bundle
[Info   :BundleManager] CACHE: Loading locally assaultvest6_blk.bundle
[Info   :BundleManager] CACHE: Loading locally WeaponXM8/xm8_barrel_std.bundle
[Info   :BundleManager] CACHE: Loading locally assets/content/items/infosubject/item_info_note/item_info_note_newspaper_9th_krug_19_circle.bundle
[Info   :BundleManager] CACHE: Loading locally coolerstims_apex_loot.bundle
[Info   :BundleManager] CACHE: Loading locally cards/ttc_rare_the_infinite_grenade.bundle
[Info   :BundleManager] CACHE: Loading locally WeaponWagesOfSin/wos_handguard.bundle
[Info   :BundleManager] CACHE: Loading locally assets/mcw/mods/handguard_mcw_marksman.bundle
[Info   :BundleManager] CACHE: Loading locally assets/content/items/mods/stocks/stock_ar15_colt_a2_std.bundle
[Info   :BundleManager] CACHE: Loading locally tx22-rmrplate.bundle
[Info   :BundleManager] CACHE: Loading locally assets/content/audio/phrases/civilian_01_voice.bundle
[Info   :BundleManager] CACHE: Loading locally jpc1-aor1.bundle
[Info   :BundleManager] CACHE: Loading locally assets/jak12/mods/magazine_jak12_12ga_10.bundle
[Info   :BundleManager] CACHE: Loading locally assets/content/items/equipment/facecover_coldgear/item_equipment_facecover_coldgear_dnc_green_bp03.bundle
[Info   :BundleManager] CACHE: Loading locally ModernWeaponMods/mwm_moe_slk_riser_stock_fde.bundle
[Info   :BundleManager] CACHE: Loading locally bottoms/pants_usec_blackhawk_greek.bundle
[Info   :BundleManager] CACHE: Loading locally assets/katt_amr/mods/charge_katt_amr_hvy.bundle
[Info   :BundleManager] CACHE: Loading locally WeaponAN94/an94_buffertube.bundle
[Info   :BundleManager] CACHE: Loading locally WeaponM78/m78_pistolgrip_polymer.bundle
[Info   :BundleManager] CACHE: Loading locally assets/t725/mods/stock_t725_def.bundle
[Info   :BundleManager] CACHE: Loading locally tops/tshirt_bear_emrs.bundle
[Info   :BundleManager] CACHE: Loading locally mods/magazines/lancer_mags/10/l10_smoke.bundle
[Info   :BundleManager] CACHE: Loading locally tops/top_bear_polevoi_klmk.bundle
[Info   :BundleManager] CACHE: Loading locally chestrigs/item_equipment_rig_carriertactec_m05.bundle
[Info   :BundleManager] CACHE: Loading locally acers.bundle
[Info   :BundleManager] CACHE: Loading locally assets/mcw/mods/barrel_mcw_sil450.bundle
[Info   :BundleManager] CACHE: Loading locally assets/superi46/mods/charge_superi.bundle
[Info   :BundleManager] CACHE: Loading locally cards/ttc_common_pockets_full_of_screws.bundle
[Info   :BundleManager] CACHE: Loading locally hkp30.bundle
[Info   :BundleManager] CACHE: Loading locally WeaponMK23/mk23_tp.bundle
[Info   :BundleManager] CACHE: Loading locally WeaponCZScorpion/cz_scorpion_handguard_carbine.bundle
[Info   :BundleManager] CACHE: Loading locally assets/content/hands/hands_arena_champion/hands_arena_champion.skin.bundle
[Info   :BundleManager] CACHE: Loading locally chestrigs/item_equipment_rig_patrol_m05c.bundle
[Info   :BundleManager] CACHE: Loading locally assets/starbucks_container.bundle
[Info   :BundleManager] CACHE: Loading locally assets/content/items/barter/item_barter_tarko_peacekeeper/item_barter_tarko_peacekeeper.bundle
[Info   :BundleManager] CACHE: Loading locally WeaponMasada/masada_handguard_fde.bundle
[Info   :BundleManager] CACHE: Loading locally assets/content/items/mods/stocks/stock_ak_jmac_rsa_1913_adapter.bundle
[Info   :BundleManager] CACHE: Loading locally assets/content/items/equipment/rig_strandhogg/item_equipment_rig_strandhogg_abu_bp2.bundle
[Info   :BundleManager] CACHE: Loading locally Attachment_Magazines/magazine_akm_40_rpk.bundle
[Info   :BundleManager] CACHE: Loading locally cards/ttc_epic_reshala_golden_tzar.bundle
[Info   :BundleManager] CACHE: Loading locally cards/ttc_common_april_fools_golden_gun_day.bundle
[Info   :BundleManager] CACHE: Loading locally Headwear/helmets/batlskin_cobra/helmet_batlskin_cover_nfp.bundle
[Info   :BundleManager] CACHE: Loading locally assets/content/hands/alltheclothes/hands_boss_sanitar.skin.bundle
[Info   :BundleManager] CACHE: Loading locally bottoms/pants_bear_zaslon_musor.bundle
[Info   :BundleManager] CACHE: Loading locally Headwear/helmets/lshz/mount_lshz_cover_atacs_fg.bundle
[Info   :BundleManager] CACHE: Loading locally t81gl.bundle
[Info   :BundleManager] CACHE: Loading locally WeaponX95/x95_recoilpad.bundle
[Info   :BundleManager] CACHE: Loading locally assets/content/items/mods/mounts/mount_9a91_tts_handguard_short_rail.bundle
[Info   :BundleManager] CACHE: Loading locally mods/stocks/maxim_cqb_buttpad_blk.bundle
[Info   :BundleManager] CACHE: Loading locally WeaponDragunov/svdwoodenhandguardgreenghillie.bundle
[Info   :BundleManager] CACHE: Loading locally WeaponXM8/xm8_stock_compact_fde.bundle
[Info   :BundleManager] CACHE: Loading locally assets/content/items/equipment/mustache_horseshoe/item_equipment_mustache_horseshoe_bp2.bundle
[Info   :BundleManager] CACHE: Loading locally mods/magazines/lancer_mags/10/l10_dfde.bundle
[Info   :BundleManager] CACHE: Loading locally WeaponCheytacM200/weapon_cheytacm200_boss_container.bundle
[Info   :BundleManager] CACHE: Loading locally assets/content/items/barter/item_barter_dogtags_story/item_barter_dogtags_story_03_didnt_escape_from_yourself.bundle
[Info   :BundleManager] CACHE: Loading locally dragonden/clothing/headwear/dragon_den_helmet_x93_lime.dragonden
[Info   :BundleManager] CACHE: Loading locally WeaponPM9/pm9_magazine_32.bundle
[Info   :BundleManager] CACHE: Loading locally WeaponMSBS/msbs_muzzle.bundle
[Info   :BundleManager] CACHE: Loading locally mods/ar15_handguards/dd_risiii_handguards/ris_iii_10_5u_dfde.bundle
[Info   :BundleManager] CACHE: Loading locally assets/content/characters/character/prefabs/top_bear_green_preppers.bundle
[Info   :BundleManager] CACHE: Loading locally assets/longbow/mods/receiver_longbow_jak.bundle
[Info   :BundleManager] CACHE: Loading locally WeaponF2000/f2000_monolith_handguard.bundle
[Info   :BundleManager] CACHE: Loading locally Hands/artem_hands_43.bundle
[Info   :BundleManager] CACHE: Loading locally mods/magazines/lancer_mags/30/l30_smoke.bundle
[Info   :BundleManager] CACHE: Loading locally assets/content/items/mods/stocks/stock_base_fab_defense_fx_kpos_ars.bundle
[Info   :BundleManager] CACHE: Loading locally assets/content/items/containers/item_container_gamma_damaged/item_container_gamma_damaged.bundle
[Info   :BundleManager] CACHE: Loading locally assets/content/items/equipment/helmet_crye_airframe_chops/item_equipment_helmet_crye_airframe_ears_black_bp03.bundle
[Info   :BundleManager] CACHE: Loading locally dragonden/weaponparts/buttstocks/battlelink_minimalist_stock_black.dragonden
[Info   :BundleManager] CACHE: Loading locally assets/iso/weapon_iso_g_1143x23_container.bundle
[Info   :BundleManager] CACHE: Loading locally assets/content/items/mods/silencers/silencer_ae_allen_engineering_aem_5_556x45.bundle
[Info   :BundleManager] CACHE: Loading locally WeaponAEK/aek_973_muzzle.bundle
[Info   :BundleManager] CACHE: Loading locally assets/content/items/infosubject/item_info_note/item_info_note_quest_sectantpriest_victim.bundle
[Info   :BundleManager] CACHE: Loading locally WeaponWilsonCombatEDCX9/wilson_tacticalslide.bundle
[Info   :BundleManager] CACHE: Loading locally WeaponMK23/mk23_muzzlebrake.bundle
[Info   :BundleManager] CACHE: Loading locally assets/mcw/mods/handguard_mcw_hvy2.bundle
[Info   :BundleManager] CACHE: Loading locally vz58short.bundle
[Info   :BundleManager] CACHE: Loading locally Bodywear/bodyArmor/tv119/armor_vest_tv119_mc.bundle
[Info   :BundleManager] CACHE: Loading locally opscoreaor1.bundle
[Info   :BundleManager] CACHE: Loading locally assets/ak_requiem/weapon_jak_requiem_ak74m_545x39_container.bundle
[Info   :BundleManager] CACHE: Loading locally assets/starbucks.bundle
[Info   :BundleManager] CACHE: Loading locally deltapointmicroglock.bundle
[Info   :BundleManager] CACHE: Loading locally WeaponMasada/masada_handguard_micro_camo.bundle
[Info   :BundleManager] CACHE: Loading locally Headwear/helmets/6b7-1m/helmet_6b7-1m.bundle
[Info   :BundleManager] CACHE: Loading locally assets/katana_26/katana_textures.bundle
[Info   :BundleManager] CACHE: Loading locally assets/fal/weapon_fn_fal_762x51_container.bundle
[Info   :BundleManager] CACHE: Loading locally assets/mags/mag_mp9_fjk_drum_9x19_60.bundle
[Info   :BundleManager] CACHE: Loading locally p30rs.bundle
[Info   :BundleManager] CACHE: Loading locally assets/content/items/barter/item_barter_flyers/item_barter_flyers_story_04_for_humanity.bundle
[Info   :BundleManager] CACHE: Loading locally assets/tr76/weapon_tr77_556x45_container.bundle
[Info   :BundleManager] CACHE: Loading locally backpacks/item_equipment_backpack_f5_multitarn.bundle
[Info   :BundleManager] CACHE: Loading locally Headwear/helmets/pasgt_bk3/helmet_cover_bk3_m81.bundle
[Info   :BundleManager] CACHE: Loading locally cards/ttc_uncommon_ghost_flashbang.bundle
[Info   :BundleManager] CACHE: Loading locally WeaponMasada/magpul_masada_slider_boss.bundle
[Info   :BundleManager] CACHE: Loading locally Clothing/Hands/OPS_MGS_TTsKO/ttsko_bear_ops_hands.bundle
[Info   :BundleManager] CACHE: Loading locally mods/bipods/bipod_stud_mlok.bundle
[Info   :BundleManager] CACHE: Loading locally mods/stocks/stock_m16a2.bundle
[Info   :BundleManager] CACHE: Loading locally assets/content/characters/character/prefabs/pants_usec_raider_multicam.bundle
[Info   :BundleManager] CACHE: Loading locally WeaponProdigy/weapon_prodigy_container.bundle
[Info   :BundleManager] CACHE: Loading locally assets/isoh/client_assets.bundle
[Info   :BundleManager] CACHE: Loading locally Gear_Belts/belt_tyr_gunfighter_od.bundle
[Info   :BundleManager] CACHE: Loading locally cards/ttc_uncommon_heating_unit.bundle
[Info   :BundleManager] CACHE: Loading locally mods/scopes/mgo_308_hs.bundle
[Info   :BundleManager] CACHE: Loading locally Tops/artem_top_22_alpineghillie.bundle
[Info   :BundleManager] CACHE: Loading locally mods/pistol_grips/hogue_ar_pg_black.bundle
[Info   :BundleManager] CACHE: Loading locally assets/katt_amr/katt_amr_sounds.bundle
[Info   :BundleManager] CACHE: Loading locally cards/ttc_rare_twitch_drops_frenzy.bundle
[Info   :BundleManager] CACHE: Loading locally mods/mounts/ta44_mount.bundle
[Info   :BundleManager] CACHE: Loading locally WeaponM249/m249_handguardod.bundle
[Info   :BundleManager] CACHE: Loading locally artem_veilod.bundle
[Info   :BundleManager] CACHE: Loading locally bottoms/pants_usec_tier3_ucon.bundle
[Info   :BundleManager] CACHE: Loading locally Bodywear/unarmoredRigs/spiritus_thing3/item_equipment_rig_ss_thing3_tan.bundle
[Info   :BundleManager] CACHE: Loading locally dragonden/quest/propane_tank_big.dragonden
[Info   :BundleManager] CACHE: Loading locally backpacks/item_equipment_backpack_trizip_flektarn.bundle
[Info   :BundleManager] CACHE: Loading locally WeaponM249/m249_bipod.bundle
[Info   :BundleManager] CACHE: Loading locally WeaponMK23/mk23_magazine_ext.bundle
[Info   :BundleManager] CACHE: Loading locally Hands/Hands_USEC_Mission_MT.bundle
[Info   :BundleManager] CACHE: Loading locally assets/v308/textures.bundle
[Info   :BundleManager] CACHE: Loading locally assets/content/items/equipment/facecover_balaclava/item_equipment_facecover_balaclava_pink_bp2.bundle
[Info   :BundleManager] CACHE: Loading locally ruger10rd.bundle
[Info   :BundleManager] CACHE: Loading locally Hands/artem_hands_19.bundle
[Info   :BundleManager] CACHE: Loading locally assets/isoh/mods/stock_isoh_rail.bundle
[Info   :BundleManager] CACHE: Loading locally assets/content/items/mods/mounts/mount_m1895_xs_marlin_optic_mount.bundle
[Info   :BundleManager] CACHE: Loading locally assets/monster_green_container.bundle
[Info   :BundleManager] CACHE: Loading locally WeaponM78/weapon_m78_container.bundle
[Info   :BundleManager] CACHE: Loading locally assets/content/items/quest/item_quest_bogatir_patch/item_quest_bogatir_patch.bundle
[Info   :BundleManager] CACHE: Loading locally assets/content/characters/character/prefabs/pants_ruaf_ballistic.bundle
[Info   :BundleManager] CACHE: Loading locally Gear_Belts/belt_wartech_vector.bundle
[Info   :BundleManager] CACHE: Loading locally backpacks/item_equipment_backpack_dragon_egg_fde.bundle
[Info   :BundleManager] CACHE: Loading locally Pants/artem_pants_27.bundle
[Info   :BundleManager] CACHE: Loading locally cards/ttc_secret_wheres_the_kappa.bundle
[Info   :BundleManager] CACHE: Loading locally assets/content/items/equipment/helmet_atlant_armor_titan_champion_bp03/item_equipment_helmet_atlant_armor_titan_champion_bp03.bundle
[Info   :BundleManager] CACHE: Loading locally tops/top_bear_lynx_vsru.bundle
[Info   :BundleManager] CACHE: Loading locally tops/top_usec_carinthia_softshell_m84.bundle
[Info   :BundleManager] CACHE: Loading locally t81buffer.bundle
[Info   :BundleManager] CACHE: Loading locally assets/longbow/mods/barrel_longbow_shrt.bundle
[Info   :BundleManager] CACHE: Loading locally assets/content/items/mods/handguards/handguard_ar15_cgnl_ar15_14_inch.bundle
[Info   :BundleManager] CACHE: Loading locally assets/content/items/mods/handguards/handguard_ar15_colt_m16a2_std.bundle
[Info   :BundleManager] CACHE: Loading locally assets/dg56/mods/handguard_dg56_long.bundle
[Info   :BundleManager] CACHE: Loading locally WeaponGrizzly/grizzly_frontsight_white.bundle
[Info   :BundleManager] CACHE: Loading locally assets/content/audio/phrases/black_division/black_division_01/generic/onbreath.bundle
[Info   :BundleManager] CACHE: Loading locally Tops/BEAR_Lynx_MC.bundle
[Info   :BundleManager] CACHE: Loading locally assets/iso/mods/barrel_iso_f45.bundle
[Info   :BundleManager] CACHE: Loading locally WeaponAK5C/ak5c_tacticalgrip.bundle
[Info   :BundleManager] CACHE: Loading locally assets/longbow/mods/receiver_longbow_def.bundle
[Info   :BundleManager] CACHE: Loading locally mods/lasers/dbal_a2_black.bundle
[Info   :BundleManager] CACHE: Loading locally assets/content/characters/character/prefabs/tshirt_bear_slavianka.bundle
[Info   :BundleManager] CACHE: Loading locally assets/content/items/spec/item_keycard_terminal_bd/item_keycard_terminal_bd.bundle
[Info   :BundleManager] CACHE: Loading locally cards/ttc_uncommon_lavatory.bundle
[Info   :BundleManager] CACHE: Loading locally Mods/Stocks/mdt_btube_adapter.bundle
[Info   :BundleManager] CACHE: Loading locally mods/glock_parts/thread_prot_triarc.bundle
[Info   :BundleManager] CACHE: Loading locally WeaponAuto5/auto5_stock.bundle
[Info   :BundleManager] CACHE: Loading locally assets/c4_jolly_rancher.bundle
[Info   :BundleManager] CACHE: Loading locally assets/content/items/mods/magazines/mag_m1895_marlin_mxlr_784x49_5.bundle
[Info   :BundleManager] CACHE: Loading locally assets/content/location_objects/00_hideout/prefabs/customization/walls/wall_echo_of_battle.bundle
[Info   :BundleManager] CACHE: Loading locally mods/ar15_muzzle_devices/rotex_d_blk.bundle
[Info   :BundleManager] CACHE: Loading locally cards/ttc_rare_military_power_filter.bundle
[Info   :BundleManager] CACHE: Loading locally assets/mcw/mods/muzzle_mcw_450.bundle
[Info   :BundleManager] CACHE: Loading locally rugerpolymergrips.bundle
[Info   :BundleManager] CACHE: Loading locally assets/content/items/equipment/glasses_perforated/item_equipment_glasses_perforated_bp2_blc.bundle
[Info   :BundleManager] CACHE: Loading locally assets/content/audio/phrases/black_division/black_division_01/generic/onbeinghurt.bundle
[Info   :BundleManager] CACHE: Loading locally cards/ttc_uncommon_dynamic_maps.bundle
[Info   :BundleManager] CACHE: Loading locally assets/content/items/mods/muzzle/muzzle_ak12_brt_m24_thread_adapter.bundle
[Info   :BundleManager] CACHE: Loading locally WeaponMasada/masada_handguard_keymod_ext_fde.bundle
[Info   :BundleManager] CACHE: Loading locally WeaponX95/weapon_x95_blk_container.bundle
[Info   :BundleManager] CACHE: Loading locally assets/content/items/barter/item_barter_tarko_tank/item_barter_tarko_tank.bundle
[Info   :BundleManager] CACHE: Loading locally assets/content/items/barter/item_barter_flyers/item_barter_flyers_art_06.bundle
[Info   :BundleManager] CACHE: Loading locally tops/top_usec_u2_marpat.bundle
[Info   :BundleManager] CACHE: Loading locally m16_handguard.bundle
[Info   :BundleManager] CACHE: Loading locally WeaponMasada/masada_stock_dmr_fde.bundle
[Info   :BundleManager] CACHE: Loading locally assets/content/items/equipment/helmet_crye_airframe_chops/item_equipment_helmet_crye_airframe_chops_mesh_green_bp03.bundle
[Info   :BundleManager] CACHE: Loading locally assets/mhg0/weapon_grenade_mhg1_container.bundle
[Info   :BundleManager] CACHE: Loading locally assets/katt_amr/mods/stock_katt_amr_lgt.bundle
[Info   :BundleManager] CACHE: Loading locally assets/content/items/equipment/armor_gladiator_s/item_equipment_armor_gladiator_s.bundle
[Info   :BundleManager] CACHE: Loading locally ModernWeaponMods/mwm_arisaka_finger_stop_fwd_mlok_fde.bundle
[Info   :BundleManager] CACHE: Loading locally assets/content/items/equipment/item_equipment_headset_liberator_multicam_bp03/item_equipment_headset_liberator_multicam_bp03.bundle
[Info   :BundleManager] CACHE: Loading locally assets/content/audio/phrases/black_division/black_division_01/situationalreaction/lootbody.bundle
[Info   :BundleManager] CACHE: Loading locally Attachment_Magazines/magazine_akm_20.bundle
[Info   :BundleManager] CACHE: Loading locally Tops/artem_top_47.bundle
[Info   :BundleManager] CACHE: Loading locally assets/grau/mods/sight_front_archangel.bundle
[Info   :BundleManager] CACHE: Loading locally assets/iso/mods/handguard_iso_hvy.bundle
[Info   :BundleManager] CACHE: Loading locally t81lmg.bundle
[Info   :BundleManager] CACHE: Loading locally mods/magazines/lancer_mags/10/l10_pnk.bundle
[Info   :BundleManager] CACHE: Loading locally cards/ttc_common_solo_peace.bundle
[Info   :BundleManager] CACHE: Loading locally cards/ttc_common_factory_hatchet_runner.bundle
[Info   :BundleManager] CACHE: Loading locally WeaponXM8/xm8_siderails.bundle
[Info   :BundleManager] CACHE: Loading locally Tops/artem_top_35.bundle
[Info   :BundleManager] CACHE: Loading locally covermct.bundle
[Info   :BundleManager] CACHE: Loading locally lbt-6094-aor1.bundle
[Info   :BundleManager] CACHE: Loading locally assets/tr76/mods/barrel_tr76_hvylong.bundle
[Info   :BundleManager] CACHE: Loading locally WeaponMK23/mk23_peq_6_lam.bundle
[Info   :BundleManager] CACHE: Loading locally m203.bundle
[Info   :BundleManager] CACHE: Loading locally assets_new/content/items/ammo/boxes/item_ammo_box_9x19_avb.bundle
[Info   :BundleManager] CACHE: Loading locally Tops/BEAR_Parka_EMR.bundle
[Info   :BundleManager] CACHE: Loading locally assets/content/items/barter/item_barter_valuable_cdcase/item_barter_valuable_cdcase.bundle
[Info   :BundleManager] CACHE: Loading locally Headwear/helmets/6b7-1m/cover_tape_6b7_orange.bundle
[Info   :BundleManager] CACHE: Loading locally WeaponWilsonCombatEDCX9/wilson_longslide_barrel.bundle
[Info   :BundleManager] CACHE: Loading locally ModernWeaponMods/mwm_hrf_rcm_magwell_mcx.bundle
[Info   :BundleManager] CACHE: Loading locally vzultimak.bundle
[Info   :BundleManager] CACHE: Loading locally headset-pad-camo-fleck.bundle
[Info   :BundleManager] CACHE: Loading locally WeaponMasada/magpul_masada_sight_front.bundle
[Info   :BundleManager] CACHE: Loading locally Gear_Belts/grenadierbelt.bundle
[Info   :BundleManager] CACHE: Loading locally backpacks/item_equipment_backpack_blackjack_lizard.bundle
[Info   :BundleManager] CACHE: Loading locally Gear_Belts/belt_bison_breacher.bundle
[Info   :BundleManager] CACHE: Loading locally opticmount_kpyk_crc_2u073_od.bundle
[Info   :BundleManager] CACHE: Loading locally assets/content/items/infosubject/item_info_recorder/item_info_recorder_tape_startmission_forusec.bundle
[Info   :BundleManager] CACHE: Loading locally assets/content/items/mods/flashlights/flashlight_surefire_m600_ultra_scout.bundle
[Info   :BundleManager] CACHE: Loading locally mods/ar15_barrels/16in_riflegas_diss.bundle
[Info   :BundleManager] CACHE: Loading locally assets/content/characters/character/prefabs/top_civilian_port_sweater_orange.bundle
[Info   :BundleManager] CACHE: Loading locally cards/ttc_epic_kaban_street_enforcer.bundle
[Info   :BundleManager] CACHE: Loading locally backpacks/item_equipment_backpack_takedown_sling_1.bundle
[Info   :BundleManager] CACHE: Loading locally assets/mcw/mods/silencer_mcw_sil.bundle
[Info   :BundleManager] CACHE: Loading locally assets/mags/mag_mk17_xrk_drum_762x51_50.bundle
[Info   :BundleManager] CACHE: Loading locally barrel_m700.bundle
[Info   :BundleManager] CACHE: Loading locally dragonden/collectibles/cars/car_lagoon.dragonden
[Info   :BundleManager] CACHE: Loading locally mods/scopes/ta31_black_red_chev.bundle
[Info   :BundleManager] CACHE: Loading locally chestrigs/item_equipment_rig_thunderbolt_flektarn.bundle
[Info   :BundleManager] CACHE: Loading locally dragonden/barter/metal_fuel_can_green.dragonden
[Info   :BundleManager] CACHE: Loading locally assets/mcw/mods/tactical_mcw_sil450_side.bundle
[Info   :BundleManager] CACHE: Loading locally Tops/artem_top_43.bundle
[Info   :BundleManager] CACHE: Loading locally assets/content/items/containers/item_container_gearbox.bundle
[Info   :BundleManager] CACHE: Loading locally assets/content/audio/phrases/black_division/black_division_01/situationalreaction.bundle
[Info   :BundleManager] CACHE: Loading locally assets/content/items/quest/item_quest_bogatir_moreman_tag/item_quest_moreman_tag.bundle
[Info   :BundleManager] CACHE: Loading locally assets/content/hands/alltheclothes/hands_scav_bratva2.skin.bundle
[Info   :BundleManager] CACHE: Loading locally Bodywear/unarmoredRigs/item_equipment_eberlestock_recon_bino.bundle
[Info   :BundleManager] CACHE: Loading locally artem_circularpatch3.bundle
[Info   :BundleManager] CACHE: Loading locally WeaponM249/m249_stdhandguard.bundle
[Info   :BundleManager] CACHE: Loading locally ar18stockconnect.bundle
[Info   :BundleManager] CACHE: Loading locally assaultvest5.bundle
[Info   :BundleManager] CACHE: Loading locally mods/magnifiers/leupold_lco_high_mag_combo.bundle
[Info   :BundleManager] CACHE: Loading locally ModernWeaponMods/mwm_jmac_mp5_buffer.bundle
[Info   :BundleManager] CACHE: Loading locally assets/tr76/tr76_animations.bundle
[Info   :BundleManager] CACHE: Loading locally mods/ak/ak74_upper_hg.bundle
[Info   :BundleManager] CACHE: Loading locally headwear/item_equipment_helmet_mich2002_vegetato.bundle
[Info   :BundleManager] CACHE: Loading locally dragonden/weaponparts/buttstocks/strike_industries_modular_viper_tan.dragonden
[Info   :BundleManager] CACHE: Loading locally cards/ttc_secret_shadow_of_tagilla_phantom_sledge.bundle
[Info   :BundleManager] CACHE: Loading locally Tops/artem_top_31.bundle
[Info   :BundleManager] CACHE: Loading locally assets/rpkn/mods/stock_ak_rpkn.bundle
[Info   :BundleManager] CACHE: Loading locally backpacks/item_equipment_backpack_gr99t30_emrd.bundle
[Info   :BundleManager] CACHE: Loading locally assets/content/audio/phrases/black_division/black_division_01/generic/onagony.bundle
[Info   :BundleManager] CACHE: Loading locally assets/t725/weapon_t725_12g_container.bundle
[Info   :BundleManager] CACHE: Loading locally assets/fssh/fssh_anims.bundle
[Info   :BundleManager] CACHE: Loading locally assets/content/items/mods/mechanics/trigger_m1895_ranger_point_precision_trigger_x_blk.bundle
[Info   :BundleManager] CACHE: Loading locally mods/suppressors/prt_cover_fde.bundle
[Info   :BundleManager] CACHE: Loading locally vegaor2.bundle
[Info   :BundleManager] CACHE: Loading locally Attachment_PistolGrips/ar15_b5pg23fde.bundle
[Info   :BundleManager] CACHE: Loading locally assets/content/items/barter/item_barter_tarko_duck/item_barter_tarko_duck.bundle
[Info   :BundleManager] CACHE: Loading locally assets/mags/mag_mp7_xrk_46x30_100.bundle
[Info   :BundleManager] CACHE: Loading locally u100foregrip.bundle
[Info   :BundleManager] CACHE: Loading locally kirs.bundle
[Info   :BundleManager] CACHE: Loading locally assets/content/items/equipment/head_zaebtsa_cap/item_equipment_head_zaebtsa_cap_berezka_white_bp03.bundle
[Info   :BundleManager] CACHE: Loading locally mods/ak/sports_p2.bundle
[Info   :BundleManager] CACHE: Loading locally Attachment_Magazines/pm_magazine_extended.bundle
[Info   :BundleManager] CACHE: Loading locally assets/content/items/containers/item_container_moneybox_sheefgg/item_container_moneybox_sheefgg.bundle
[Info   :BundleManager] CACHE: Loading locally assets/bal27/mods/barrel_bal27_burst.bundle
[Info   :BundleManager] CACHE: Loading locally assets/fssh/mods/charge_fssh.bundle
[Info   :BundleManager] CACHE: Loading locally textures/helmet-master-tex.bundle
[Info   :BundleManager] CACHE: Loading locally assets/content/weapons/saiga12/weapon_kiba_saiga12k_10_champ_12g_container.bundle
[Info   :BundleManager] CACHE: Loading locally assets/content/items/infosubject/item_info_note/item_info_note_laborant_labyrinth_01.bundle
[Info   :BundleManager] CACHE: Loading locally mods/lapua/sfmb338.bundle
[Info   :BundleManager] CACHE: Loading locally Tops/USEC_Aggressor_Black.bundle
[Info   :BundleManager] CACHE: Loading locally artem_helmet_mod_7.bundle
[Info   :BundleManager] CACHE: Loading locally WeaponProdigy/prodigy_hammer.bundle
[Info   :BundleManager] CACHE: Loading locally assets/content/items/equipment/helmet_galvion_applique/item_equipment_helmet_galvion_applique_multicam_bp2.bundle
[Info   :BundleManager] CACHE: Loading locally eley_tenex_box.bundle
[Info   :BundleManager] CACHE: Loading locally assets/type64smg/ammo/patron_762x25tt_apds.bundle
[Info   :BundleManager] CACHE: Loading locally comtac6-ucp.bundle
[Info   :BundleManager] CACHE: Loading locally Gear_Belts/mrbvogb.bundle
[Info   :BundleManager] CACHE: Loading locally cards/ttc_uncommon_homing_sense_to_gunshots.bundle
[Info   :BundleManager] CACHE: Loading locally artemvest14.bundle
[Info   :BundleManager] CACHE: Loading locally assets/t725/mods/handguard_t725_light.bundle
[Info   :BundleManager] CACHE: Loading locally assets/content/items/infosubject/item_info_flash_card_hash_prapor.bundle
[Info   :BundleManager] CACHE: Loading locally assets/content/items/mods/stocks/stock_ar15_phase5_hexone_buffer_tube.bundle
[Info   :BundleManager] CACHE: Loading locally ar10_troy_hg_camo.bundle
[Info   :BundleManager] CACHE: Loading locally assets/content/items/mods/stocks/stock_vpo215_molot_vpo_215_tactical_chassis.bundle
[Info   :BundleManager] CACHE: Loading locally mods/lapua/barrel_ax_accuracy_international_508mm_762x51_pb.bundle
[Info   :BundleManager] CACHE: Loading locally assets/content/characters/character/prefabs/top_ruaf_lieutenant.bundle
[Info   :BundleManager] CACHE: Loading locally WeaponWagesOfSin/black/weapon_wages_of_sin_blk_container.bundle
[Info   :BundleManager] CACHE: Loading locally Attachment_VSSM/silencer_vssm_bastard.bundle
[Info   :BundleManager] CACHE: Loading locally cards/ttc_legendary_kappa_completionist.bundle
[Info   :BundleManager] CACHE: Loading locally assets/content/items/mods/charges/charge_ar15_radian_raptor_sd_ambidextrous_charging_handle.bundle
[Info   :BundleManager] CACHE: Loading locally comtac6-mcb.bundle
[Info   :BundleManager] CACHE: Loading locally artem_veilblack.bundle
[Info   :BundleManager] CACHE: Loading locally assets/content/audio/phrases/black_division/black_division_01/generic/ongoodwork.bundle
[Info   :BundleManager] CACHE: Loading locally assets/mcw/mods/stock_mcw_tub.bundle
[Info   :BundleManager] CACHE: Loading locally hands/hands_usec_softshell_orange.skin.bundle
[Info   :BundleManager] CACHE: Loading locally assets/content/items/mods/muzzle/muzzle_ak308_izhmash_ak308_flash_hider_std_762x51.bundle
[Info   :BundleManager] CACHE: Loading locally assets/content/characters/character/alltheclothes/top_boss_shturman.skin.bundle
[Info   :BundleManager] CACHE: Loading locally p30lbarrel.bundle
[Info   :BundleManager] CACHE: Loading locally bcm_mod_3_reversed_tape.bundle
[Info   :BundleManager] CACHE: Loading locally Item_Containers/container_suitcase.bundle
[Info   :BundleManager] CACHE: Loading locally 10barrel.bundle
[Info   :BundleManager] CACHE: Loading locally cards/ttc_common_ak_74n_dust_cover_classic.bundle
[Info   :BundleManager] CACHE: Loading locally assets/content/audio/phrases/black_division/black_division_01/help/needweapon.bundle
[Info   :BundleManager] CACHE: Loading locally mods/scopes/ta31_tan_amber_300.bundle
[Info   :BundleManager] CACHE: Loading locally assets/monster_lemonade_container.bundle
[Info   :BundleManager] CACHE: Loading locally assets/content/items/containers/item_container_coffee_can/item_container_coffee_can.bundle
[Info   :BundleManager] CACHE: Loading locally assets/isoh/mods/handguard_isoh_def.bundle
[Info   :BundleManager] CACHE: Loading locally dd_handguard_long.bundle
[Info   :BundleManager] CACHE: Loading locally assets/content/items/mods/stocks/stock_ar15_phase5_ums_red.bundle
[Info   :BundleManager] CACHE: Loading locally Hands/artem_hands_35.bundle
[Info   :BundleManager] CACHE: Loading locally mods/ak/b22_mount.bundle
[Info   :BundleManager] CACHE: Loading locally tx22-barrel.bundle
[Info   :BundleManager] CACHE: Loading locally mods/ar15_handguards/dd_mfr_handguards/mfr9_cbt.bundle
[Info   :BundleManager] CACHE: Loading locally assets/monster_guava.bundle
[Info   :BundleManager] CACHE: Loading locally WeaponGrizzly/grizzly_suppressor.bundle
[Info   :BundleManager] CACHE: Loading locally cards/ttc_common_offline_tourist.bundle
[Info   :BundleManager] CACHE: Loading locally chestrigs/item_equipment_rig_shellback_tactical_banshee_ghost.bundle
[Info   :BundleManager] CACHE: Loading locally mods/ar15_handguards/geissele_mk4_handguards/mk4_10f_ddc.bundle
[Info   :BundleManager] CACHE: Loading locally backpacks/item_equipment_backpack_trooper_35_mc.bundle
[Info   :BundleManager] CACHE: Loading locally artemvest10.bundle
[Info   :BundleManager] CACHE: Loading locally WeaponCZ75/cz75b_slide.bundle
[Info   :BundleManager] CACHE: Loading locally Headwear/helmets/6b7-1m/cover_tape_6b7_blue.bundle
[Info   :BundleManager] CACHE: Loading locally Gear_Belts/belt_tyr_gunfighter.bundle
[Info   :BundleManager] CACHE: Loading locally mods/stocks/b5_bravo_mc.bundle
[Info   :BundleManager] CACHE: Loading locally ModernWeaponMods/mwm_hrf_rcm_magwell_scarl_fde.bundle
[Info   :BundleManager] CACHE: Loading locally Bodywear/unarmoredRigs/smersh/item_equipment_rig_smersh_newgen.bundle
[Info   :BundleManager] CACHE: Loading locally cards/ttc_uncommon_offline_zen.bundle
[Info   :BundleManager] CACHE: Loading locally assets/content/items/quest/item_quest_icebreaker_docbag/item_quest_icebreaker_docbag.bundle
[Info   :BundleManager] CACHE: Loading locally mods/suppressors/rotex_c_blk.bundle
[Info   :BundleManager] CACHE: Loading locally ModernWeaponMods/mwm_testmag4_fakelite.bundle
[Info   :BundleManager] CACHE: Loading locally bottoms/pants_usec_blackhawk_mct.bundle
[Info   :BundleManager] CACHE: Loading locally Headwear/helmets/f1000h/helmet_ulbrichts_f1000h_ranger_green.bundle
[Info   :BundleManager] CACHE: Loading locally usw-rds.bundle
[Info   :BundleManager] CACHE: Loading locally assets/arizona_arnold_palmer_container.bundle
[Info   :BundleManager] CACHE: Loading locally WeaponPMM12/pmm_grip_ergo.bundle
[Info   :BundleManager] CACHE: Loading locally assets/content/items/mods/mounts/mount_all_surefire_scout_thumbscrew_mount.bundle
[Info   :BundleManager] CACHE: Loading locally mods/glock_parts/sight_rear_glock_triarc.bundle
[Info   :BundleManager] CACHE: Loading locally Bodywear/backpacks/has_gunbag/backpack_gunpack_tan.bundle
[Info   :BundleManager] CACHE: Loading locally assets/t725/t725_anim.bundle
[Info   :BundleManager] CACHE: Loading locally cards/ttc_rare_strange_signal_amplifier.bundle
[Info   :BundleManager] CACHE: Loading locally assets/content/items/ammo/boxes/item_ammo_box_93x64_brenneke.bundle
[Info   :BundleManager] CACHE: Loading locally manimal/icebreaker_keypad_ui.bundle
[Info   :BundleManager] CACHE: Loading locally mods/stocks/b5_bravo_mcb.bundle
[Info   :BundleManager] CACHE: Loading locally artem_patch8.bundle
[Info   :BundleManager] CACHE: Loading locally assets/content/items/equipment/facecover_ballistic_mask/item_equipment_facecover_strikeball_mask_maneken_bp2.bundle
[Info   :BundleManager] CACHE: Loading locally WeaponMSBS/msbs_standard_handguard.bundle
[Info   :BundleManager] CACHE: Loading locally assets/content/items/mods/mounts/mount_svt40_addley_precision_steel_scope_mount.bundle
[Info   :BundleManager] CACHE: Loading locally assets/t725/mods/barrel_t725_mid.bundle
[Info   :BundleManager] CACHE: Loading locally mods/lasers/dbal_i2_fde.bundle
[Info   :BundleManager] CACHE: Loading locally flashlight3.bundle
[Info   :BundleManager] CACHE: Loading locally assets/iso/iso_textures_gen.bundle
[Info   :BundleManager] CACHE: Loading locally WeaponPSARock57/rock57_slide_green.bundle
[Info   :BundleManager] CACHE: Loading locally Bodywear/armoredRigs/CGPC3/cr_customgear_cgpc3_vz95.bundle
[Info   :BundleManager] CACHE: Loading locally Hands/Hands_BEAR_Winter_2_EMR.bundle
[Info   :BundleManager] CACHE: Loading locally assets/nos_container.bundle
[Info   :BundleManager] CACHE: Loading locally assets/katt_amr/mods/muzzle_katt_amr_def.bundle
[Info   :BundleManager] CACHE: Loading locally assets/mcw/mods/tactical_mcw_hvy2_side.bundle
[Info   :BundleManager] CACHE: Loading locally assets/content/audio/phrases/black_division/black_division_01/generic/onenemygrenade.bundle
[Info   :BundleManager] CACHE: Loading locally 556mag.bundle
[Info   :BundleManager] CACHE: Loading locally assets/jak12/mods/handguard_jak12_short.bundle
[Info   :BundleManager] CACHE: Loading locally assets/content/items/equipment/rig_thunderbolt/item_equipment_rig_thunderbolt_ranger_green_bp03.bundle
[Info   :BundleManager] CACHE: Loading locally textures/vz58shorttex.bundle
[Info   :BundleManager] CACHE: Loading locally flashlight1.bundle
[Info   :BundleManager] CACHE: Loading locally carryhandlebeech.bundle
[Info   :BundleManager] CACHE: Loading locally ModernWeaponMods/mwm_arisaka_osm_mlok_reversed_fde.bundle
[Info   :BundleManager] CACHE: Loading locally Clothing/Uppers/VKPO_EMR/top_ruaf_vkpo_emr.bundle
[Info   :BundleManager] CACHE: Loading locally cards/ttc_epic_mechanic_gunsmith_mastery.bundle
[Info   :BundleManager] CACHE: Loading locally assets/content/items/equipment/mustache_curled_handlebar/item_equipment_mustache_curled_handlebar_bp2.bundle
[Info   :BundleManager] CACHE: Loading locally WeaponMK23/mk23_suppressor.bundle
[Info   :BundleManager] CACHE: Loading locally mods/scopes/ta31_black_red_crosshair.bundle
[Info   :BundleManager] CACHE: Loading locally usw-barrel.bundle
[Info   :BundleManager] CACHE: Loading locally mods/magazines/lancer_mags/20/l20_pnk.bundle
[Info   :BundleManager] CACHE: Loading locally magpul_sls_camo.bundle
[Info   :BundleManager] CACHE: Loading locally assets/iso/mods/handguard_iso_long.bundle
[Info   :BundleManager] CACHE: Loading locally WeaponPitViper/viper_trigger.bundle
[Info   :BundleManager] CACHE: Loading locally WeaponWagesOfSin/fde/wos_stock_fde.bundle
[Info   :BundleManager] CACHE: Loading locally cards/ttc_secret_pmc_coalition_fragile_truce.bundle
[Info   :BundleManager] CACHE: Loading locally assets/bang_purple_haze.bundle
[Info   :BundleManager] CACHE: Loading locally mods/mounts/trijicon_rx01_gooseneck.bundle
[Info   :BundleManager] CACHE: Loading locally mods/mcx/rattler_rec_blk.bundle
[Info   :BundleManager] CACHE: Loading locally ppsh-weapon.bundle
[Info   :BundleManager] CACHE: Loading locally assets/content/weapons/usable_items/item_food_pate/client_assets.bundle
[Info   :BundleManager] CACHE: Loading locally Attachment_Magazines/magazine_ak103_plum.bundle
[Info   :BundleManager] CACHE: Loading locally headwear/item_equipment_helmet_lshz_yagel.bundle
[Info   :BundleManager] CACHE: Loading locally mods/ar15_handguards/geissele_mk4_handguards/mk4_13_ddc.bundle
[Info   :BundleManager] CACHE: Loading locally Hands/Hands_BEAR_Lynx_MC.bundle
[Info   :BundleManager] CACHE: Loading locally ModernWeaponMods/mwm_dd_ris_ii_1225_lower_black.bundle
[Info   :BundleManager] CACHE: Loading locally assets/content/hands/hands_usec_clawgear/hands_usec_clawgear_olive_drab.skin.bundle
[Info   :BundleManager] CACHE: Loading locally assets/fssh/mods/reciever_fssh.bundle
[Info   :BundleManager] CACHE: Loading locally assets/content/weapons/usable_items/item_alusplint/item_alusplint_tigzresq.generated.bundle
[Info   :BundleManager] CACHE: Loading locally ghost_mask.bundle
[Info   :BundleManager] CACHE: Loading locally Headwear/helmets/kiver_rsp/item_equipment_helmet_fort_kiver_rsp.bundle
[Info   :BundleManager] CACHE: Loading locally assets/content/items/mods/handguards/handguard_mcx_lancer_oem_gen1_12_inch_mlok.bundle
[Info   :BundleManager] CACHE: Loading locally assets/content/items/mods/handguards/handguard_ar10_kac_sr25_urx_2_125_inch_tau.bundle
[Info   :BundleManager] CACHE: Loading locally tops/top_tshirt_u_lizard.bundle
[Info   :BundleManager] CACHE: Loading locally WeaponAK5C/ak5c_tacticalstock.bundle
[Info   :BundleManager] CACHE: Loading locally assets/tr76/tr76_materials.bundle
[Info   :BundleManager] CACHE: Loading locally hollowp.bundle
[Info   :BundleManager] CACHE: Loading locally assets/content/items/equipment/item_equipment_headset_walkers_razor_molon_labe_bp03/item_equipment_headset_walkers_razor_molon_labe_bp03.bundle
[Info   :BundleManager] CACHE: Loading locally tx22-rearsight.bundle
[Info   :BundleManager] CACHE: Loading locally Bottoms/BEAR_Instructor_SS.bundle
[Info   :BundleManager] CACHE: Loading locally assets/monster_blue_container.bundle
[Info   :BundleManager] CACHE: Loading locally assets/content/items/mods/pistol grips/pistolgrip_ar15_dlg_138.bundle
[Info   :BundleManager] CACHE: Loading locally WeaponProdigy/prodigy_barrel_threaded.bundle
[Info   :BundleManager] CACHE: Loading locally assets/isoh/mods/pistolgrip_isoh_ass.bundle
[Info   :BundleManager] CACHE: Loading locally WeaponMSBS/msbs_foregrip.bundle
[Info   :BundleManager] CACHE: Loading locally 20rdmossy.bundle
[Info   :BundleManager] CACHE: Loading locally mods/ar15_handguards/dd_risiii_handguards/ris_iii_13u_fde.bundle
[Info   :BundleManager] CACHE: Loading locally flashlight5.bundle
[Info   :BundleManager] CACHE: Loading locally clothes/tshirt_usec_combatshirt_black.bundle
[Info   :BundleManager] CACHE: Loading locally assets/content/items/mods/sights rear/sight_rear_all_magpul_mbus_gen2_fde_anime.bundle
[Info   :BundleManager] CACHE: Loading locally assets/content/items/mods/stocks/stock_ar15_fab_defense_gl_core_s_champ.bundle
[Info   :BundleManager] CACHE: Loading locally hands/hands_bear_polevoi_granite.bundle
[Info   :BundleManager] CACHE: Loading locally mods/mounts/rof_10mm_spacer_ddc.bundle
[Info   :BundleManager] CACHE: Loading locally assets/content/items/mods/gasblock/gas_block_ar15_precision_reflex_mk12_gen_1_folding_gas_block.bundle
[Info   :BundleManager] CACHE: Loading locally mods/mcx/mcx_droop_stock.bundle
[Info   :BundleManager] CACHE: Loading locally assets/iso/mods/textures_sil.bundle
[Info   :BundleManager] CACHE: Loading locally msa-sordins-mcb.bundle
[Info   :BundleManager] CACHE: Loading locally assets/content/items/mods/barrels/barrel_rpd_ds_arms_370mm_762x39.bundle
[Info   :BundleManager] CACHE: Loading locally WeaponWilsonCombatEDCX9/wilson_trigger.bundle
[Info   :BundleManager] CACHE: Loading locally cards/ttc_uncommon_stash_tetris_world_record.bundle
[Info   :BundleManager] CACHE: Loading locally armor/item_equipment_armor_def2_moha.bundle
[Info   :BundleManager] CACHE: Loading locally Hands/artem_hands_40.bundle
[Info   :BundleManager] CACHE: Loading locally assets/content/items/containers/item_container_arena_battlepass_s1/item_container_arena_battlepass_s1_01.bundle
[Info   :BundleManager] CACHE: Loading locally assets/content/audio/phrases/black_division/black_division_01/generic/fight.bundle
[Info   :BundleManager] CACHE: Loading locally assets/dg56/mods/comb_dg56_ammo.bundle
[Info   :BundleManager] CACHE: Loading locally assets/content/items/infosubject/item_info_recorder/item_info_recorder_tape_cultists.bundle
[Info   :BundleManager] CACHE: Loading locally armor/item_equipment_armor_6b23_klmk.bundle
[Info   :BundleManager] CACHE: Loading locally assets/content/items/spec/item_keycard_lab/item_keycard_icebreaker_crew.bundle
[Info   :BundleManager] CACHE: Loading locally assets/isoh/mods/muzzle_isoh_shrt.bundle
[Info   :BundleManager] CACHE: Loading locally assets/content/weapons/mxlr/weapon_marlin_m1895_mxlr_784x49_container.bundle
[Info   :BundleManager] CACHE: Loading locally assets/katt_amr/mods/barrel_katt_amr_long.bundle
[Info   :BundleManager] CACHE: Loading locally dragonden/weaponparts/charging_handle/armacon_charging_handle.dragonden
[Info   :BundleManager] CACHE: Loading locally backpacks/item_equipment_backpack_beta_moh.bundle
[Info   :BundleManager] CACHE: Loading locally assets/content/hands/hands_arena_rusguard_6/hands_arena_rusguard_6_v2.skin.bundle
[Info   :BundleManager] CACHE: Loading locally WeaponMSBS/msbs_long_handguard.bundle
[Info   :BundleManager] CACHE: Loading locally tops/top_bear_polevoi_granite.bundle
[Info   :BundleManager] CACHE: Loading locally assets/m14/m14_handguard.bundle
[Info   :BundleManager] CACHE: Loading locally hands/hands_bear_sumrak_moh.skin.bundle
[Info   :BundleManager] CACHE: Loading locally assets/content/items/mods/handguards/handguard_m1895_magpul_elg_m_lok_fde.bundle
[Info   :BundleManager] CACHE: Loading locally assets/content/hands/alltheclothes/hands_scav_cultist1.skin.bundle
[Info   :BundleManager] CACHE: Loading locally facecover/item_equipment_facecover_balaclava_emr.bundle
[Info   :BundleManager] CACHE: Loading locally mods/mounts/g$_34mm_cap_ddc.bundle
[Info   :BundleManager] CACHE: Loading locally Headwear/helmets/galvion_viperp2/helmet_galvion_viper_p2_tan.bundle
[Info   :BundleManager] CACHE: Loading locally assets/iso/mods/reciever_iso.bundle
[Info   :BundleManager] CACHE: Loading locally Attachment_Magazines/ar15_mag_ak5c_boss.bundle
[Info   :BundleManager] CACHE: Loading locally assets/content/audio/phrases/black_division/black_division_01/command/attention.bundle
[Info   :BundleManager] CACHE: Loading locally assets/content/items/equipment/rig_bd3_spiritus/item_equipment_armor_bd3_spiritus.bundle
[Info   :BundleManager] CACHE: Loading locally mods/mcx/rattler_rec_fde.bundle
[Info   :BundleManager] CACHE: Loading locally frontgrip_imi_defense_fsg2_od.bundle
[Info   :BundleManager] CACHE: Loading locally dragonden/quest/detonator_clicker.dragonden
[Info   :BundleManager] CACHE: Loading locally assets/content/items/mods/sights rear/sight_rear_m1895_marlin_mxlr_std.bundle
[Info   :BundleManager] CACHE: Loading locally assets/content/items/mods/mounts/mount_tkpd_sniperarms_dynamics_tkpd_lower_band_std.bundle
[Info   :BundleManager] CACHE: Loading locally Headwear/helmets/mich_2000/mich2000_spray.bundle
[Info   :BundleManager] CACHE: Loading locally assets/content/characters/character/prefabs/top_usec_goptac_2.bundle
[Info   :BundleManager] CACHE: Loading locally mods/ar15_barrels/ar15_12_5_carbine.bundle
[Info   :BundleManager] CACHE: Loading locally assets/dg56/mods/sight_rear_dg56.bundle
[Info   :BundleManager] CACHE: Loading locally cards/ttc_common_bronze_pocket_watch.bundle
[Info   :BundleManager] CACHE: Loading locally assets/content/hands/alltheclothes/hands_boss_glukhar.skin.bundle
[Info   :BundleManager] CACHE: Loading locally assets/content/items/ammo/patrons/patron_762x25tt_timbs_855a1.bundle
[Info   :BundleManager] CACHE: Loading locally hands/hands_u2_fr.skin.bundle
[Info   :BundleManager] CACHE: Loading locally assets/content/items/mods/mounts/mount_svt40_addley_precision_smithless_scope_mount.bundle
[Info   :BundleManager] CACHE: Loading locally mods/ar15_muzzle_devices/warct_556.bundle
[Info   :BundleManager] CACHE: Loading locally Headwear/masks/gas_mask_m50_black.bundle
[Info   :BundleManager] CACHE: Loading locally Bodywear/unarmoredRigs/microfight/item_equipment_chestrig_ss_microfight_blk.bundle
[Info   :BundleManager] CACHE: Loading locally assets/content/hands/hands_arena_rusguard_4/hands_arena_rusguard_4_usec.skin.bundle
[Info   :BundleManager] CACHE: Loading locally Headwear/BW_CapEMR.bundle
[Info   :BundleManager] CACHE: Loading locally WeaponDragunov/svdwoodenhandguard.bundle
[Info   :BundleManager] CACHE: Loading locally dragonden/special/gps_beacon.dragonden
[Info   :BundleManager] CACHE: Loading locally assets/content/items/infosubject/item_info_recorder/item_info_recorder_tape_igor_02.bundle
[Info   :BundleManager] CACHE: Loading locally assets/mcw/weapon_mcw_aim_556x45_container.bundle
[Info   :BundleManager] CACHE: Loading locally assets/content/audio/phrases/black_division/black_division_01/reaction/roger.bundle
[Info   :BundleManager] CACHE: Loading locally assets/arizona_green_tea.bundle
[Info   :BundleManager] CACHE: Loading locally assets/content/items/infosubject/item_info_note/item_info_note_toden_from_strelets.bundle
[Info   :BundleManager] CACHE: Loading locally assets/content/items/mods/handguards/handguard_mdr_blk_lbl_alx_16_inch_mlok.bundle
[Info   :BundleManager] CACHE: Loading locally assets/nos.bundle
[Info   :BundleManager] CACHE: Loading locally assets/content/items/mods/sights rear/sight_rear_all_magpul_mbus_gen2_anime.bundle
[Info   :BundleManager] CACHE: Loading locally assets/content/characters/character/prefabs/pants_boss_wedge.bundle
[Info   :BundleManager] CACHE: Loading locally cards/ttc_epic_ambush_artist.bundle
[Info   :BundleManager] CACHE: Loading locally assets/content/items/mods/barrels/barrel_nl545_cgnl_292mm_545x39.bundle
[Info   :BundleManager] CACHE: Loading locally mods/ar15_handguards/urx4_85_blk.bundle
[Info   :BundleManager] CACHE: Loading locally usw-mag.bundle
[Info   :BundleManager] CACHE: Loading locally mods/ar15_handguards/geissele_mk16_handguards/geissele_smr_mk16_10_5_blk.bundle
[Info   :BundleManager] CACHE: Loading locally mods/ar10/midwest_ar10_12_625.bundle
[Info   :BundleManager] CACHE: Loading locally Tops/USEC_Winter2_OD.bundle
[Info   :BundleManager] CACHE: Loading locally WeaponCZScorpion/cz_scorpion_muzzle.bundle
[Info   :BundleManager] CACHE: Loading locally dragonden/collectibles/bronze_dragon.dragonden
[Info   :BundleManager] CACHE: Loading locally ModernWeaponMods/mwm_jmac_mp5_1913.bundle
[Info   :BundleManager] CACHE: Loading locally WeaponPSARock57/weapon_rock57_container.bundle
[Info   :BundleManager] CACHE: Loading locally cards/ttc_common_staircase_desync_death.bundle
[Info   :BundleManager] CACHE: Loading locally mods/suppressors/huxwrks_flow_556k_blk.bundle
[Info   :BundleManager] CACHE: Loading locally Pants/artem_pants_24.bundle
[Info   :BundleManager] CACHE: Loading locally mods/ar15_handguards/geissele_mk8_handguards/mk8_13_ddc.bundle
[Info   :BundleManager] CACHE: Loading locally bx-25.bundle
[Info   :BundleManager] CACHE: Loading locally tx22-mag-32rd.bundle
[Info   :BundleManager] CACHE: Loading locally assets/content/items/equipment/rig_d3crx/item_equipment_rig_d3crx_black.bundle
[Info   :BundleManager] CACHE: Loading locally assets/content/audio/phrases/black_division/black_division_01/reaction/onloot.bundle
[Info   :BundleManager] CACHE: Loading locally bottoms/pants_usec_commando_bush.bundle
[Info   :BundleManager] CACHE: Loading locally Headwear/LShz_MC.bundle
[Info   :BundleManager] CACHE: Loading locally assets/content/items/mods/handguards/handguard_ar15_strike_industries_gridlok_base_blk.bundle
[Info   :BundleManager] CACHE: Loading locally textures/t81lmgwoodtex.bundle
[Info   :BundleManager] CACHE: Loading locally mods/mcx/rattler_5_5.bundle
[Info   :BundleManager] CACHE: Loading locally assets/content/items/mods/handguards/handguard_mdr_dt_micron_mlok.bundle
[Info   :BundleManager] CACHE: Loading locally WeaponAEK/aek_frontassembly_proto.bundle
[Info   :BundleManager] CACHE: Loading locally assets/content/audio/phrases/black_division/black_division_01/generic/onenemyshot.bundle
[Info   :BundleManager] CACHE: Loading locally assets/content/items/infosubject/item_info_note/item_info_note_usec_weapon_malfunctions.bundle
[Info   :BundleManager] CACHE: Loading locally assets/content/items/infosubject/item_info_recorder/item_info_recorder_tape_courier_03.bundle
[Info   :BundleManager] CACHE: Loading locally WeaponWilsonCombatEDCX9/wilson_longslide_cover.bundle
[Info   :BundleManager] CACHE: Loading locally assets/mcw/textures_fde.bundle
[Info   :BundleManager] CACHE: Loading locally cards/ttc_legendary_zryachiy_cliff_sentinel.bundle
[Info   :BundleManager] CACHE: Loading locally dragonden/clothing/backpack/hello_kitty_bag_grey_red.dragonden
[Info   :BundleManager] CACHE: Loading locally assets/content/items/barter/item_barter_flyers/item_barter_flyers_story_01_and_survived.bundle
[Info   :BundleManager] CACHE: Loading locally Item_SecureContainers/securecontainer_medicsmall.bundle
[Info   :BundleManager] CACHE: Loading locally WeaponStaccatoXC/xc_trigger_lightweight.bundle
[Info   :BundleManager] CACHE: Loading locally WeaponAuto5/auto5_pistolgrip.bundle
[Info   :BundleManager] CACHE: Loading locally Item_Containers/container_modcase.bundle
[Info   :BundleManager] CACHE: Loading locally assets/content/items/mods/stocks/stock_mp7_fab_defense_ars_adapter.bundle
[Info   :BundleManager] CACHE: Loading locally cards/ttc_rare_vanishing_graphics_card.bundle
[Info   :BundleManager] CACHE: Loading locally assets/jak12/textures.bundle
[Info   :BundleManager] CACHE: Loading locally assets/content/items/quest/item_quest_voevoda_recorder/item_quest_voevoda_recorder.bundle
[Info   :BundleManager] CACHE: Loading locally amp-headset-rg.bundle
[Info   :BundleManager] CACHE: Loading locally Mods/Barrels/m700la_barrel_18.bundle
[Info   :BundleManager] CACHE: Loading locally WeaponMasada/magpul_masada_sight_back.bundle
[Info   :BundleManager] CACHE: Loading locally assets/grau/mods/handguard_grau_short.bundle
[Info   :BundleManager] CACHE: Loading locally Hands/artem_wtthands.bundle
[Info   :BundleManager] CACHE: Loading locally assets/content/weapons/usable_items/item_recorder/item_voevoda_recorder_container.bundle
[Info   :BundleManager] CACHE: Loading locally assets/content/items/barter/item_barter_valuable_bitcoin_part/item_barter_valuable_bitcoin_part_left.bundle
[Info   :BundleManager] CACHE: Loading locally assets/bal27/mods/stock_bal27_light.bundle
[Info   :BundleManager] CACHE: Loading locally assets/content/characters/character/prefabs/head_civilian_3.bundle
[Info   :BundleManager] CACHE: Loading locally assets/content/items/spec/item_keycard_lab/item_keycard_rfid_blank.bundle
[Info   :BundleManager] CACHE: Loading locally cards/ttc_legendary_terragroup_black_key.bundle
[Info   :BundleManager] CACHE: Loading locally assets/content/weapons/m16/weapon_colt_m16a2_556x45_container.bundle
[Info   :BundleManager] CACHE: Loading locally assets/content/audio/phrases/black_division/black_division_01/health/hurtlight.bundle
[Info   :BundleManager] CACHE: Loading locally assets/jakm4/mods/mag_stanag_jak_30.bundle
[Info   :BundleManager] CACHE: Loading locally assets/content/weapons/usable_items/item_food_pate/item_food_pate_container.bundle
[Info   :BundleManager] CACHE: Loading locally dragonden/clothing/facewear/nikita_glasses_dragon_den_edition.dragonden
[Info   :BundleManager] CACHE: Loading locally mods/ar15_handguards/geissele_mk4_handguards/mk4_47_blk.bundle
[Info   :BundleManager] CACHE: Loading locally cards/ttc_uncommon_double_barrel_with_3_shells.bundle
[Info   :BundleManager] CACHE: Loading locally assets/content/items/infosubject/item_info_note/item_info_note_laborant_labyrinth_04.bundle
[Info   :BundleManager] CACHE: Loading locally jpc1-cadpat-mt.bundle
[Info   :BundleManager] CACHE: Loading locally cards/ttc_uncommon_timmy.bundle
[Info   :BundleManager] CACHE: Loading locally Item_SecureContainers/securecontainer_mediclarge.bundle
[Info   :BundleManager] CACHE: Loading locally assets/mcw/mods/stock_mcw_ass.bundle
[Info   :BundleManager] CACHE: Loading locally assets/content/characters/character/prefabs/head_civilian_1.bundle
[Info   :BundleManager] CACHE: Loading locally cards/ttc_secret_cultist_circle.bundle
[Info   :BundleManager] CACHE: Loading locally 180rs.bundle
[Info   :BundleManager] CACHE: Loading locally assets/content/items/barter/item_barter_info_diskette/item_barter_info_diskette.bundle
[Info   :BundleManager] CACHE: Loading locally assets/content/items/mods/sights front/sight_front_m1895_marlin_mxlr_std.bundle
[Info   :BundleManager] CACHE: Loading locally Mods/Barrels/m700la_barrel_28.bundle
[Info   :BundleManager] CACHE: Loading locally mods/scopes/vortex_spitfire_5x.bundle
[Info   :BundleManager] CACHE: Loading locally assets/content/items/mods/mounts/mount_base_arms_22_trr.bundle
[Info   :BundleManager] CACHE: Loading locally assets/mcw/mods/receiver_mcw_556_blk.bundle
[Info   :BundleManager] CACHE: Loading locally Backpacks/MC_ScavBackpack.bundle
[Info   :BundleManager] CACHE: Loading locally WeaponHK417/hk417rearsight.bundle
[Info   :BundleManager] CACHE: Loading locally mods/mounts/hogue_3_hole_rail.bundle
[Info   :BundleManager] CACHE: Loading locally Mods/Barrels/m700la_barrel_16.bundle
[Info   :BundleManager] CACHE: Loading locally WeaponM76/m76handguard.bundle
[Info   :BundleManager] CACHE: Loading locally mods/ar10/sr25_11_5.bundle
[Info   :BundleManager] CACHE: Loading locally assets/content/hands/hands_bear_winterset_2/hands_bear_winterset_2.skin.bundle
[Info   :BundleManager] CACHE: Loading locally Tops/USEC_PCU_MT.bundle
[Info   :BundleManager] CACHE: Loading locally assets/stalker_orange.bundle
[Info   :BundleManager] CACHE: Loading locally armor/item_equipment_armor_kora_kulon_bkamysh.bundle
[Info   :BundleManager] CACHE: Loading locally assets/content/items/mods/handguards/handguard_mdr_blk_lbl_alx_20_inch_mlok_blk.bundle
[Info   :BundleManager] CACHE: Loading locally assets/content/items/equipment/head_cap_eft_coyote/item_equipment_head_cap_eft_coyote1.bundle
[Info   :BundleManager] CACHE: Loading locally dragonden/weaponparts/buttstocks/battlelink_minimalist_stock_pink.dragonden
[Info   :BundleManager] CACHE: Loading locally WeaponPMM12/weapon_pmm12_container.bundle
[Info   :BundleManager] CACHE: Loading locally mods/mounts/dbal_i2_acro.bundle
[Info   :BundleManager] CACHE: Loading locally thgbeech.bundle
[Info   :BundleManager] CACHE: Loading locally WeaponAK5C/ak5g_handguard.bundle
[Info   :BundleManager] CACHE: Loading locally Headwear/helmets/lshz/mount_lshz_cover_mc.bundle
[Info   :BundleManager] CACHE: Loading locally Mods/Barrels/m700la_barrel_14.bundle
[Info   :BundleManager] CACHE: Loading locally fphands/top_operator_bd4_hands.bundle
[Info   :BundleManager] CACHE: Loading locally lights/gb_light_yellow.bundle
[Info   :BundleManager] CACHE: Loading locally armor/item_equipment_armor_korundvm_flora.bundle
[Info   :BundleManager] CACHE: Loading locally assets/content/items/equipment/rig_jpc_wild/item_equipment_rig_jpc_wild_1.bundle
[Info   :BundleManager] CACHE: Loading locally assets/content/characters/character/prefabs/bear_head_vas_tattoo.bundle
[Info   :BundleManager] CACHE: Loading locally chestrigs/item_equipment_rig_patrol_fde.bundle
[Info   :BundleManager] CACHE: Loading locally Mods/Stocks/mdt_ess_stock.bundle
[Info   :BundleManager] CACHE: Loading locally assets/dg56/mods/stock_dg56_rubber.bundle
[Info   :BundleManager] CACHE: Loading locally assets/grau/mods/stock_grau_tube.bundle
[Info   :BundleManager] CACHE: Loading locally mods/ar15_muzzle_devices/rotex_d_gry.bundle
[Info   :BundleManager] CACHE: Loading locally Mods/Barrels/m700la_barrel_26.bundle
[Info   :BundleManager] CACHE: Loading locally ModernWeaponMods/mwm_moe_slk_stock.bundle
[Info   :BundleManager] CACHE: Loading locally mods/scopes/ta31_black_green_horseshoe.bundle
[Info   :BundleManager] CACHE: Loading locally mods/red_dots/compm5.bundle
[Info   :BundleManager] CACHE: Loading locally WeaponXM8/xm8_stock_folder.bundle
[Info   :BundleManager] CACHE: Loading locally assets/jak12/weapon_jak12_12g_container.bundle
[Info   :BundleManager] CACHE: Loading locally opscoregb.bundle
[Info   :BundleManager] CACHE: Loading locally assets/content/items/mods/magazines/mag_ak308_promag_saiga308_762x51_24.bundle
[Info   :BundleManager] CACHE: Loading locally sprbarrel.bundle
[Info   :BundleManager] CACHE: Loading locally cards/ttc_rare_fixed_desync.bundle
[Info   :BundleManager] CACHE: Loading locally artem_wolfhat2.bundle
[Info   :BundleManager] CACHE: Loading locally mods/mounts/reptilia_34mm_rmr_blk.bundle
[Info   :BundleManager] CACHE: Loading locally Hands/artem_hands_13.bundle
[Info   :BundleManager] CACHE: Loading locally assets/content/items/mods/pistol grips/pistolgrip_ar15_colt_a1.bundle
[Info   :BundleManager] CACHE: Loading locally Clothing/Hands/USEC_GRYPHON/hands_usec_gryphon_partizan.bundle
[Info   :BundleManager] CACHE: Loading locally assets/content/items/barter/item_barter_flyers/item_barter_flyers_art_02.bundle
[Info   :BundleManager] CACHE: Loading locally assets/content/location_objects/00_hideout/prefabs/customization/floors/floor_echo_of_battle.bundle
[Info   :BundleManager] CACHE: Loading locally chestrigs/chestrig_tarzan_emra.bundle
[Info   :BundleManager] CACHE: Loading locally headset-pic-adapter.bundle
[Info   :BundleManager] CACHE: Loading locally Bodywear/bodyArmor/armor_vest_trexarms_ac1_mc.bundle
[Info   :BundleManager] CACHE: Loading locally Mods/Barrels/m700la_barrel_24.bundle
[Info   :BundleManager] CACHE: Loading locally Gear_Belts/belt_tyr_mcb_raider.bundle
[Info   :BundleManager] CACHE: Loading locally assets/superi46/mods/muzzle_superi_46x30_default.bundle
[Info   :BundleManager] CACHE: Loading locally mods/scopes/kahles_k624i.bundle
[Info   :BundleManager] CACHE: Loading locally assets/content/items/mods/mounts/mount_ar15_strike_industries_gridlok_extention_yellow.bundle
[Info   :BundleManager] CACHE: Loading locally assets/content/location_objects/00_hideout/prefabs/customization/floors/floor_story_04_for_humanity.bundle
[Info   :BundleManager] CACHE: Loading locally ModernWeaponMods/mwm_cqgl_pistol_grip_od.bundle
[Info   :BundleManager] CACHE: Loading locally mods/ar15_handguards/mcmr15_fde.bundle
[Info   :BundleManager] CACHE: Loading locally WeaponAK5C/ak5c_flashhider.bundle
[Info   :BundleManager] CACHE: Loading locally mods/stocks/str_stock_blk.bundle
[Info   :BundleManager] CACHE: Loading locally cards/ttc_epic_vss_vintorez_night_stalker.bundle
[Info   :BundleManager] CACHE: Loading locally assets/content/items/mods/handguards/handguard_ar15_colt_m16a2_std_lower.bundle
[Info   :BundleManager] CACHE: Loading locally armor/item_equipment_armor_korundvm_kamysh.bundle
[Info   :BundleManager] CACHE: Loading locally WeaponCarmel/carmel_railbottom.bundle
[Info   :BundleManager] CACHE: Loading locally mods/ar15_handguards/hogue_handguards/hogue_15_inch_hg_pink.bundle
[Info   :BundleManager] CACHE: Loading locally WeaponAK5C/ak5c_railcover_side.bundle
[Info   :BundleManager] CACHE: Loading locally Headwear/helmets/kiver_rsp/helmet_kiver_rsp_common.bundle
[Info   :BundleManager] CACHE: Loading locally Tops/USEC_Winter_MC.bundle
[Info   :BundleManager] CACHE: Loading locally assets/qbz97/client_assets.bundle
[Info   :BundleManager] CACHE: Loading locally mods/ak/b10_lower.bundle
[Info   :BundleManager] CACHE: Loading locally assets/content/items/mods/gasblock/gas_block_nl545_cgnl_nl545_std.bundle
[Info   :BundleManager] CACHE: Loading locally m5_charging.bundle
[Info   :BundleManager] CACHE: Loading locally cards/ttc_uncommon_wtt_pack_n_strap.bundle
[Info   :BundleManager] CACHE: Loading locally hands/hands_bear_polevoi_klmk.bundle
[Info   :BundleManager] CACHE: Loading locally backpacks/item_equipment_backpack_blackjack_m05.bundle
[Info   :BundleManager] CACHE: Loading locally hands/hand_bear_lynx_vsru.skin.bundle
[Info   :BundleManager] CACHE: Loading locally Mods/Barrels/m700la_barrel_22.bundle
[Info   :BundleManager] CACHE: Loading locally ModernWeaponMods/mwm_hrf_rcm_magwell_scarl.bundle
[Info   :BundleManager] CACHE: Loading locally Attachment_Magazines/glock_magazine_cmag.bundle
[Info   :BundleManager] CACHE: Loading locally clothes/hands_bear_borey_m90.skin.bundle
[Info   :BundleManager] CACHE: Loading locally Gear_Belts/lh63russianfederationdutybelt.bundle
[Info   :BundleManager] CACHE: Loading locally assets/content/items/infosubject/item_info_note/item_info_note_laborant_labyrinth_02.bundle
[Info   :BundleManager] CACHE: Loading locally chestrigs/item_equipment_rig_boss_blackknight_black.bundle
[Info   :BundleManager] CACHE: Loading locally Headwear/helmets/opscore_xp/fast_xp_untar.bundle
[Info   :BundleManager] CACHE: Loading locally assets/jak12/mods/muzzle_jak12_heavy_12g.bundle
[Info   :BundleManager] CACHE: Loading locally assets/tr76/mods/handguard_tr76_sil.bundle
[Info   :BundleManager] CACHE: Loading locally chestrigs/item_equipment_rig_tv110_moh.bundle
[Info   :BundleManager] CACHE: Loading locally cards/ttc_uncommon_silent_grenade.bundle
[Info   :BundleManager] CACHE: Loading locally cards/ttc_common_shooting_range_dummies.bundle
[Info   :BundleManager] CACHE: Loading locally WeaponXM8/xm8_stock_fixed.bundle
[Info   :BundleManager] CACHE: Loading locally Mods/Barrels/m700la_barrel_20.bundle
[Info   :BundleManager] CACHE: Loading locally mods/mcx/rattler_pg.bundle
[Info   :BundleManager] CACHE: Loading locally WeaponMasada/masada_handguard_micro_minimalist_fde.bundle
[Info   :BundleManager] CACHE: Loading locally assets/content/items/equipment/armor_redut_m/item_equipment_armor_redut_m_black_custom_bp03.bundle
[Info   :BundleManager] CACHE: Loading locally acebuffer.bundle
[Info   :BundleManager] CACHE: Loading locally assets/content/characters/character/prefabs/top_arena_rusguard_8_usec.bundle
[Info   :BundleManager] CACHE: Loading locally 20barrel.bundle
[Info   :BundleManager] CACHE: Loading locally fcpcaor2.bundle
[Info   :BundleManager] CACHE: Loading locally WeaponGrizzly/grizzly_hammer.bundle
[Info   :BundleManager] CACHE: Loading locally assets/content/items/equipment/facecover_balaclava/item_equipment_facecover_balaclava_burntpeanut.bundle
[Info   :BundleManager] CACHE: Loading locally cards/ttc_uncommon_ads_lock.bundle
[Info   :BundleManager] CACHE: Loading locally cards/ttc_epic_m4a1_meta.bundle
[Info   :BundleManager] CACHE: Loading locally assets/grau/mods/barrel_grau_archangel.bundle
[Info   :BundleManager] CACHE: Loading locally cards/ttc_rare_car_extract_entrepreneur.bundle
[Info   :BundleManager] CACHE: Loading locally assets/mcw/mods/barrel_mcw_hvylong.bundle
[Info   :BundleManager] CACHE: Loading locally assets/katt_amr/katt_amr_prefabs.bundle
[Info   :BundleManager] CACHE: Loading locally WeaponAuto5/weapon_auto5_container.bundle
[Info   :BundleManager] CACHE: Loading locally assets/monster_punch_container.bundle
[Info   :BundleManager] CACHE: Loading locally cards/ttc_rare_encrypted_bunker_map_zb_013.bundle
[Info   :BundleManager] CACHE: Loading locally artem_zryachimask.bundle
[Info   :BundleManager] CACHE: Loading locally assets/content/items/mods/barrels/barrel_nl545_cgnl_420mm_545x39.bundle
[Info   :BundleManager] CACHE: Loading locally t81dust.bundle
[Info   :BundleManager] CACHE: Loading locally assets/bal27/bal27_prefabs.bundle
[Info   :BundleManager] CACHE: Loading locally assets/content/items/equipment/headset_cens_proflex_dx5/item_equipment_headset_cens_proflex_dx5.bundle
[Info   :BundleManager] CACHE: Loading locally mods/pistol_grips/dd_pistol_grip_black.bundle
[Info   :BundleManager] CACHE: Loading locally hands/hands_bear_ops_windshirt_emrm.skin.bundle
[Info   :BundleManager] CACHE: Loading locally assets/mcw/mods/stock_mcw_tac.bundle
[Info   :BundleManager] CACHE: Loading locally ModernWeaponMods/mwm_omm_center_pic_fde.bundle
[Info   :BundleManager] CACHE: Loading locally artemgasmask2.bundle
[Info   :BundleManager] CACHE: Loading locally assets/fssh/fssh_prefabs.bundle
[Info   :BundleManager] CACHE: Loading locally assets_new/content/items/ammo/patrons/patron_9x19_hs.bundle
[Info   :BundleManager] CACHE: Loading locally headwear/item_equipment_helmet_mich2001_mtp.bundle
[Info   :BundleManager] CACHE: Loading locally assets/content/hands/alltheclothes/hands_scav_security2.skin.bundle
[Info   :BundleManager] CACHE: Loading locally vz58_1913.bundle
[Info   :BundleManager] CACHE: Loading locally assets/content/hands/hands_bear_kit_upper_hawaii_miami/hands_bear_kit_upper_hawaii_miami.bundle
[Info   :BundleManager] CACHE: Loading locally WeaponHK417/hk417magazine20.bundle
[Info   :BundleManager] CACHE: Loading locally WeaponF2000/f2000_slovenian_rear.bundle
[Info   :BundleManager] CACHE: Loading locally 12ga_dragon.bundle
[Info   :BundleManager] CACHE: Loading locally backpacks/item_equipment_backpack_lbt1476a_slick_tropentarn.bundle
[Info   :BundleManager] CACHE: Loading locally cards/ttc_epic_labs_blueprint_fragment.bundle
[Info   :BundleManager] CACHE: Loading locally assets/content/items/mods/stocks/stock_m1895_marlin_mxlr_std.bundle
[Info   :BundleManager] CACHE: Loading locally Tops/BEAR_SPN_MC.bundle
[Info   :BundleManager] CACHE: Loading locally WeaponUSC/weapon_hk_usc_container.bundle
[Info   :BundleManager] CACHE: Loading locally mods/ar15_handguards/mcmr8_blk.bundle
[Info   :BundleManager] CACHE: Loading locally cards/ttc_rare_first_labs_runs.bundle
[Info   :BundleManager] CACHE: Loading locally mods/ar15_handguards/geissele_mk8_handguards/mk8_13_odg.bundle
[Info   :BundleManager] CACHE: Loading locally assets/ol277/ol277_sound.bundle
[Info   :BundleManager] CACHE: Loading locally Hands/Hands_BEAR_Gorka5_S3D.bundle
[Info   :BundleManager] CACHE: Loading locally assets/content/characters/character/prefabs/pants_ruaf_solider_2.bundle
[Info   :BundleManager] CACHE: Loading locally dragonden/quest/dragon_den_optics_eye.dragonden
[Info   :BundleManager] CACHE: Loading locally assets/content/items/infosubject/item_info_note/item_info_note_quest_praporsmen.bundle
[Info   :BundleManager] CACHE: Loading locally cards/ttc_common_bloodhound_merc_tracker.bundle
[Info   :BundleManager] CACHE: Loading locally Hands/Hands_BEAR_SPN_IX.bundle
[Info   :BundleManager] CACHE: Loading locally assets/content/items/barter/item_barter_dogtags_prestige_05/item_barter_dogtags_prestige_05.bundle
[Info   :BundleManager] CACHE: Loading locally ghostmaskr.bundle
[Info   :BundleManager] CACHE: Loading locally clothes/hands_usec_combatshirt_black.bundle
[Info   :BundleManager] CACHE: Loading locally assets/content/audio/phrases/black_division/black_division_01/reaction/onposition.bundle
[Info   :BundleManager] CACHE: Loading locally Tops/artem_top_21.bundle
[Info   :BundleManager] CACHE: Loading locally vz58zhuk.bundle
[Info   :BundleManager] CACHE: Loading locally WeaponM107/m107_muzzle_m82.bundle
[Info   :BundleManager] CACHE: Loading locally WeaponM249/stock_buffer_m249.bundle
[Info   :BundleManager] CACHE: Loading locally cards/ttc_uncommon_early_wipe_flea_hustler.bundle
[Info   :BundleManager] CACHE: Loading locally Bottoms/Usec_Legionnaire_BL.bundle
[Info   :BundleManager] CACHE: Loading locally railskin1od.bundle
[Info   :BundleManager] CACHE: Loading locally mods/stocks/magpul_dt_carbine_stock_tan.bundle
[Info   :BundleManager] CACHE: Loading locally assets/content/items/equipment/facecover_ballistic_mask/item_equipment_facecover_strikeball_mask_rad_bp2.bundle
[Info   :BundleManager] CACHE: Loading locally WeaponCheytacM200/m200_magazine_sm.bundle
[Info   :BundleManager] CACHE: Loading locally assets/content/items/mods/sights front/sight_front_m1895_xs_marlin_ghost_sight.bundle
[Info   :BundleManager] CACHE: Loading locally assets/grau/weapon_grau_556x45_container.bundle
[Info   :BundleManager] CACHE: Loading locally ModernWeaponMods/mwm_sig_tsfs_riser.bundle
[Info   :BundleManager] CACHE: Loading locally saker_762.bundle
[Info   :BundleManager] CACHE: Loading locally sks_d.bundle
[Info   :BundleManager] CACHE: Loading locally mods/ar15_handguards/urx4_13_tan.bundle
[Info   :BundleManager] CACHE: Loading locally mods/ar15_handguards/dd_mfr_handguards/mfr13_5_dw.bundle
[Info   :BundleManager] CACHE: Loading locally tops/top_tshirt_u_multitarn.bundle
[Info   :BundleManager] CACHE: Loading locally bottoms/pants_bear_winterhunter.bundle
[Info   :BundleManager] CACHE: Loading locally Bodywear/armoredRigs/NFM_THOR/rig_nfm_thor_mc.bundle
[Info   :BundleManager] CACHE: Loading locally Tops/USEC_Winter_MT.bundle
[Info   :BundleManager] CACHE: Loading locally Clothing/Uppers/BEAR_TELNIK_TUCKED/telnik_blue_tucked.bundle
[Info   :BundleManager] CACHE: Loading locally gasmask3.bundle
[Info   :BundleManager] CACHE: Loading locally artem_pvs31_wide.bundle
[Info   :BundleManager] CACHE: Loading locally assets/mcw/mods/tactical_mcw_hvy2_panel.bundle
[Info   :BundleManager] CACHE: Loading locally assets/content/weapons/usable_items/item_food_pate/textures/client_assets.bundle
[Info   :BundleManager] CACHE: Loading locally ModernWeaponMods/mwm_rmt400_switch_fde.bundle
[Info   :BundleManager] CACHE: Loading locally armor/item_equipment_armor_custom_hexgrid_g.bundle
[Info   :BundleManager] CACHE: Loading locally assets/content/audio/phrases/black_division/black_division_01/command/holdposition.bundle
[Info   :BundleManager] CACHE: Loading locally WeaponCheytacM200/m200_windtalker_suppressor.bundle
[Info   :BundleManager] CACHE: Loading locally artem_nvgpack3.bundle
[Info   :BundleManager] CACHE: Loading locally WeaponCheytacM200/m200_barrel_fde.bundle
[Info   :BundleManager] CACHE: Loading locally assaulthelmet_2_od_v2.bundle
[Info   :BundleManager] CACHE: Loading locally assets/bal27/bal27_animations.bundle
[Info   :BundleManager] CACHE: Loading locally chestrigs/item_equipment_rig_umka_leaves.bundle
[Info   :BundleManager] CACHE: Loading locally dragonden/barter/metal_fuel_can_blue.dragonden
[Info   :BundleManager] CACHE: Loading locally Headwear/helmets/batlskin_cobra/helmet_batlskin_cover_mcb.bundle
[Info   :BundleManager] CACHE: Loading locally artemvest8.bundle
[Info   :BundleManager] CACHE: Loading locally mods/ar15_muzzle_devices/xm177_fh.bundle
[Info   :BundleManager] CACHE: Loading locally Ammo/patron_11x33r_rt.bundle
[Info   :BundleManager] CACHE: Loading locally assets/content/items/spec/item_keycard_lab/item_keycard_quest_rfid_kruglov.bundle
[Info   :BundleManager] CACHE: Loading locally textures/cr920p-textures.bundle
[Info   :BundleManager] CACHE: Loading locally streamlight-tlr7.bundle
[Info   :BundleManager] CACHE: Loading locally WeaponM78/m78_handguard_wood.bundle
[Info   :BundleManager] CACHE: Loading locally assets/content/characters/character/prefabs/tshirt_usec_summerset_g4.bundle
[Info   :BundleManager] CACHE: Loading locally opscorednc.bundle
[Info   :BundleManager] CACHE: Loading locally dragonden/clothing/facewear/cat_mask_black.dragonden
[Info   :BundleManager] CACHE: Loading locally mods/suppressors/surefire_762ti2blk.bundle
[Info   :BundleManager] CACHE: Loading locally Headwear/eyewear/oakley_holbrook/holbrook_glass_shared.bundle
[Info   :BundleManager] CACHE: Loading locally assets/content/characters/character/prefabs/top_bd_operator_03.bundle
[Info   :BundleManager] CACHE: Loading locally opscore-carbon-mc.bundle
[Info   :BundleManager] CACHE: Loading locally chestrigs/item_equipment_rig_tv110_black.bundle
[Info   :BundleManager] CACHE: Loading locally backpacks/item_equipment_tactical_rush100_olive.bundle
[Info   :BundleManager] CACHE: Loading locally cards/ttc_uncommon_landmine_misstep.bundle
[Info   :BundleManager] CACHE: Loading locally assets/content/items/mods/pistol grips/pistolgrip_ak_gladman_skeleton.bundle
[Info   :BundleManager] CACHE: Loading locally ModernWeaponMods/mwm_ldag_foregrip.bundle
[Info   :BundleManager] CACHE: Loading locally assets/dg56/mods/stock_dg56_padded.bundle
[Info   :BundleManager] CACHE: Loading locally assaultvest4_blk.bundle
[Info   :BundleManager] CACHE: Loading locally tops/top_bear_ops_windshirt_flektarn.bundle
[Info   :BundleManager] CACHE: Loading locally mods/lasers/phantom_ctf_2.bundle
[Info   :BundleManager] CACHE: Loading locally backpacks/item_equipment_backpack_sso_izlom.bundle
[Info   :BundleManager] CACHE: Loading locally WeaponXM8/xm8_hg_std_fde.bundle
[Info   :BundleManager] CACHE: Loading locally artemtacticalvest5.bundle
[Info   :BundleManager] CACHE: Loading locally textures/slicktex.bundle
[Info   :BundleManager] CACHE: Loading locally mods/suppressors/putnik_fde.bundle
[Info   :BundleManager] CACHE: Loading locally assets/content/weapons/m8230/textures/client_assets.bundle
[Info   :BundleManager] CACHE: Loading locally assets/jakm4/jakm4_prefab.bundle
[Info   :BundleManager] CACHE: Loading locally mods/suppressors/putnik_oreo.bundle
[Info   :BundleManager] CACHE: Loading locally WeaponPSARock57/rock57_plate.bundle
[Info   :BundleManager] CACHE: Loading locally mods/mounts/acro_pic_mount_short.bundle
[Info   :BundleManager] CACHE: Loading locally assets/katt_amr/mods/pistolgrip_katt_amr.bundle
[Info   :BundleManager] CACHE: Loading locally WeaponMasada/masada_stock_fixed_fde.bundle
[Info   :BundleManager] CACHE: Loading locally assets/content/items/mods/stocks/stock_m1895_magpul_elg_m_lok.bundle
[Info   :BundleManager] CACHE: Loading locally assets/mags/mag_mk17_762x51_big_drum.bundle
[Info   :BundleManager] CACHE: Loading locally Tops/artem_top_8.bundle
[Info   :BundleManager] CACHE: Loading locally WeaponM107/weapon_m107_container.bundle
[Info   :BundleManager] CACHE: Loading locally WeaponWagesOfSin/fde/wos_handguard_fde.bundle
[Info   :BundleManager] CACHE: Loading locally armor/item_equipment_armor_custom_hexgrid_c.bundle
[Info   :BundleManager] CACHE: Loading locally Ammo/patron_25x59_he.bundle
[Info   :BundleManager] CACHE: Loading locally assets/content/characters/character/alltheclothes/top_boss_shturman_alt.skin.bundle
[Info   :BundleManager] CACHE: Loading locally WeaponM76/m76_pistolgripergo.bundle
[Info   :BundleManager] CACHE: Loading locally Bodywear/unarmoredRigs/spiritus_34a/rig_spiritus_34a_mc.bundle
[Info   :BundleManager] CACHE: Loading locally tops/top_usec_deadly_frog_tigerstripe.bundle
[Info   :BundleManager] CACHE: Loading locally WeaponCZScorpion/cz_scorpion_muzzle_carbine.bundle
[Info   :BundleManager] CACHE: Loading locally Tops/artem_top_29.bundle
[Info   :BundleManager] CACHE: Loading locally lmghgcamo.bundle
[Info   :BundleManager] CACHE: Loading locally t81moe.bundle
[Info   :BundleManager] CACHE: Loading locally assets/jak12/mods/handguard_jak12_long.bundle
[Info   :BundleManager] CACHE: Loading locally cards/ttc_epic_ruble_sink_deluxe.bundle
[Info   :BundleManager] CACHE: Loading locally Clothing/Lowers/lower_usec_std.bundle
[Info   :BundleManager] CACHE: Loading locally mods/ar15_handguards/geissele_mk4_handguards/mk4_13_odg.bundle
[Info   :BundleManager] CACHE: Loading locally assets/iso/mods/stock_iso_gen1_std.bundle
[Info   :BundleManager] CACHE: Loading locally assets/content/audio/phrases/black_division/black_division_01/situationalcommand/checkhim.bundle
[Info   :BundleManager] CACHE: Loading locally mods/magnifiers/uh1_high_mag_combo.bundle
[Info   :BundleManager] CACHE: Loading locally Attachment_Magazines/sa58_magazine_retrodrum.bundle
[Info   :BundleManager] CACHE: Loading locally WeaponPitViper/viper_hammer.bundle
[Info   :BundleManager] CACHE: Loading locally Bodywear/armoredRigs/item_equipment_vest_hsp_thorax_tan.bundle
[Info   :BundleManager] CACHE: Loading locally ModernWeaponMods/mwm_railscales_xos_pic_5rib.bundle
[Info   :BundleManager] CACHE: Loading locally assets/content/items/barter/item_barter_tarko_cat/item_barter_tarko_cat.bundle
[Info   :BundleManager] CACHE: Loading locally WeaponCZScorpion/cz_buffer.bundle
[Info   :BundleManager] CACHE: Loading locally Tops/USEC_G4_MM14.bundle
[Info   :BundleManager] CACHE: Loading locally chestrigs/item_equipment_rig_d3crx_multicamblack.bundle
[Info   :BundleManager] CACHE: Loading locally WeaponMSR/msr_magazine_ext.bundle
[Info   :BundleManager] CACHE: Loading locally assets/jak12/mods/barrel_long_textures.bundle
[Info   :BundleManager] CACHE: Loading locally assets/content/items/containers/item_container_gamma_louise_pitton/item_container_gamma_louise_pitton.bundle
[Info   :BundleManager] CACHE: Loading locally WeaponAEK/aek_pistolgrip_plum.bundle
[Info   :BundleManager] CACHE: Loading locally assets/content/hands/hands_usec_summerset_g4/hands_usec_summerset_g4.skin.bundle
[Info   :BundleManager] CACHE: Loading locally WeaponWagesOfSin/wos_stock.bundle
[Info   :BundleManager] CACHE: Loading locally backpacks/item_equipment_backpack_g2_gunslinger_gray.bundle
[Info   :BundleManager] CACHE: Loading locally assets/isoh/mods/handguard_isoh_pstl.bundle
[Info   :BundleManager] CACHE: Loading locally assets/content/items/equipment/customizable/nvg_wilcox_l4g24_mount/nvg_wilcox_l4g24_mount.bundle
[Info   :BundleManager] CACHE: Loading locally cards/ttc_legendary_tank_battery.bundle
[Info   :BundleManager] CACHE: Loading locally assets/content/items/mods/mounts/mount_ar15_strike_industries_gridlok_extention_red.bundle
[Info   :BundleManager] CACHE: Loading locally assets/content/characters/character/prefabs/pants_usec_goptac_2.bundle
[Info   :BundleManager] CACHE: Loading locally ModernWeaponMods/mwm_pmag_20_gen_m2_fde.bundle
[Info   :BundleManager] CACHE: Loading locally assets/content/items/mods/charges/charge_nl545_cgnl_nl545_std.bundle
[Info   :BundleManager] CACHE: Loading locally assets/content/items/mods/handguards/handguard_tkpd_sniperarms_dynamics_tkpd_std_fde.bundle
[Info   :BundleManager] CACHE: Loading locally assets/content/characters/character/prefabs/pants_bear_sso.bundle
[Info   :BundleManager] CACHE: Loading locally mods/mcx/rattler_556_3pr.bundle
[Info   :BundleManager] CACHE: Loading locally mods/mounts/mro_short.bundle
[Info   :BundleManager] CACHE: Loading locally cards/ttc_uncommon_water_collector_mk3.bundle
[Info   :BundleManager] CACHE: Loading locally assets/stalker_green_container.bundle
[Info   :BundleManager] CACHE: Loading locally artem_devroninblack.bundle
[Info   :BundleManager] CACHE: Loading locally hands/hands_usec_clawgear_m90.bundle
[Info   :BundleManager] CACHE: Loading locally mods/scopes/ta31_tan_green_cross.bundle
[Info   :BundleManager] CACHE: Loading locally assets/content/audio/phrases/black_division/black_division_01/contact/rightflank.bundle
[Info   :BundleManager] CACHE: Loading locally ar18barrel.bundle
[Info   :BundleManager] CACHE: Loading locally WeaponDragunov/weapon_dragunov_container.bundle
[Info   :BundleManager] CACHE: Loading locally Headwear/helmets/opscore_xp/helmet_opscore_fast_xp_tan.bundle
[Info   :BundleManager] CACHE: Loading locally assets/grau/mods/stock_grau_no.bundle
[Info   :BundleManager] CACHE: Loading locally WeaponCarmel/carmel_stock.bundle
[Info   :BundleManager] CACHE: Loading locally assets/longbow/mods/charge_longbow_bolt_light.bundle
[Info   :BundleManager] CACHE: Loading locally assets/bal27/mods/barrel_bal27_def.bundle
[Info   :BundleManager] CACHE: Loading locally mods/glock_parts/barrel_triarc_g19_threaded.bundle
[Info   :BundleManager] CACHE: Loading locally assets/type64smg/mods/handguard_type64_m_lok_c.bundle
[Info   :BundleManager] CACHE: Loading locally ModernWeaponMods/mwm_arisaka_finger_stop_fwd_pic.bundle
[Info   :BundleManager] CACHE: Loading locally cards/ttc_rare_door_peekers_regret.bundle
[Info   :BundleManager] CACHE: Loading locally cards/ttc_common_zb_1011_bunker_extract.bundle
[Info   :BundleManager] CACHE: Loading locally assets/content/items/mods/muzzle/muzzle_val_mod4_nb_jail_break_9x39.bundle
[Info   :BundleManager] CACHE: Loading locally assets/content/hands/hands_arena_rusguard_5/hands_arena_rusguard_5_green.skin.bundle
[Info   :BundleManager] CACHE: Loading locally assets/content/weapons/usable_items/item_food_pate/item_food_pate_duck_loot.bundle
[Info   :BundleManager] CACHE: Loading locally mods/mounts/reptilia_ring_fde.bundle
[Info   :BundleManager] CACHE: Loading locally risertwo.bundle
[Info   :BundleManager] CACHE: Loading locally WeaponCZScorpion/cz_scorpion_pistolgrip_yetiwurks.bundle
[Info   :BundleManager] CACHE: Loading locally assets/iso/mods/mount_iso_hvy.bundle
[Info   :BundleManager] CACHE: Loading locally assets/jak12/mods/barrel_jak12_heavy_12g.bundle
[Info   :BundleManager] CACHE: Loading locally Pants/Graves_Pants.bundle
[Info   :BundleManager] CACHE: Loading locally assets/jakm4/weapon_jak_m4_556x45_container.bundle
[Info   :BundleManager] CACHE: Loading locally Ammo/patron_25x59_apers.bundle
[Info   :BundleManager] CACHE: Loading locally WeaponM76/m76foregriphandguard.bundle
[Info   :BundleManager] CACHE: Loading locally Headwear/TW_Exfil_FG.bundle
[Info   :BundleManager] CACHE: Loading locally hands/hands_usec_orc_pcu_m05s.skin.bundle
[Info   :BundleManager] CACHE: Loading locally assets/content/items/mods/sights rear/sight_rear_all_magpul_mbus_gen2_anime2.bundle
[Info   :BundleManager] CACHE: Loading locally mods/glock_parts/triarc_glock_slide_textures.bundle
[Info   :BundleManager] CACHE: Loading locally tops/tshirt_bear_telnik_border.bundle
[Info   :BundleManager] CACHE: Loading locally Tops/artem_top_50.bundle
[Info   :BundleManager] CACHE: Loading locally handguard_kpyk_crc1u020_mlok_fde.bundle
[Info   :BundleManager] CACHE: Loading locally assets/m4_shared/m4_shared_sound.bundle
[Info   :BundleManager] CACHE: Loading locally cards/ttc_epic_big_pipe_grenadier_king.bundle
[Info   :BundleManager] CACHE: Loading locally Attachment_Scopes/susat_new_scope.bundle
[Info   :BundleManager] CACHE: Loading locally assets/content/items/mods/barrels/barrel_mdr_dt_292mm_556x45.bundle
[Info   :BundleManager] CACHE: Loading locally Hands/artem_hands_44.bundle
[Info   :BundleManager] CACHE: Loading locally mods/ar15_handguards/mcmr13_fde.bundle
[Info   :BundleManager] CACHE: Loading locally assets/isoh/mods/pistolgrip_isoh_sn.bundle
[Info   :BundleManager] CACHE: Loading locally assets/content/audio/phrases/black_division/black_division_01/generic/onweaponreload.bundle
[Info   :BundleManager] CACHE: Loading locally mods/suppressors/rotex_c_fde.bundle
[Info   :BundleManager] CACHE: Loading locally assets/content/items/equipment/facecover_ballistic_mask/item_equipment_facecover_strikeball_mask_g_demon_bp2.bundle
[Info   :BundleManager] CACHE: Loading locally assets/content/items/mods/recievers/reciever_ak308_izhmash_ak308_std.bundle
[Info   :BundleManager] CACHE: Loading locally Weapon92fs/92fs_compensator.bundle
[Info   :BundleManager] CACHE: Loading locally WeaponHK417/hk417charge.bundle
[Info   :BundleManager] CACHE: Loading locally WeaponCZ75/weapon_cz75b_omega_container.bundle
[Info   :BundleManager] CACHE: Loading locally Mods/Suppressors/twolf_suppressor.bundle
[Info   :BundleManager] CACHE: Loading locally assets/type64smg/mods/magazine_type64_default
[Info   :BundleManager] CACHE: Loading locally assets/content/characters/character/prefabs/top_bear_goptac_2.bundle
[Info   :BundleManager] CACHE: Loading locally facecover/item_equipment_facecover_momex_atacsa.bundle
[Info   :BundleManager] CACHE: Loading locally Headwear/masks/item_equipment_facecover_gasmask_fm12.bundle
[Info   :BundleManager] CACHE: Loading locally Tops/artem_tracksuitred.bundle
[Info   :BundleManager] CACHE: Loading locally WeaponCZScorpion/cz_scorpion_barrel_integral.bundle
[Info   :BundleManager] CACHE: Loading locally artem_ferronvgpack1.bundle
[Info   :BundleManager] CACHE: Loading locally WeaponAXMC/handguard_axmc_blk.bundle
[Info   :BundleManager] CACHE: Loading locally lmgstockbeech.bundle
[Info   :BundleManager] CACHE: Loading locally mods/magazines/lancer_mags/20/l20_smoke.bundle
[Info   :BundleManager] CACHE: Loading locally vzdust.bundle
[Info   :BundleManager] CACHE: Loading locally mods/suppressors/surefire_556mini2fde.bundle
[Info   :BundleManager] CACHE: Loading locally WeaponPitViper/viper_rs_chrome.bundle
[Info   :BundleManager] CACHE: Loading locally assets/rip_it_tribute_container.bundle
[Info   :BundleManager] CACHE: Loading locally assets/content/hands/hands_arena_bear_longdale/hands_arena_bear_longdale.skin.bundle
[Info   :BundleManager] CACHE: Loading locally t81.bundle
[Info   :BundleManager] CACHE: Loading locally cards/ttc_uncommon_therapist_operation_aquarius.bundle
[Info   :BundleManager] CACHE: Loading locally Bodywear/armoredRigs/TV110/rig_tv110_omon_blk.bundle
[Info   :BundleManager] CACHE: Loading locally assets/content/items/mods/silencers/silencer_base_kac_sr25_mk11_suppressor_762x51_tau.bundle
[Info   :BundleManager] CACHE: Loading locally mods/ar15_handguards/dd_risiii_handguards/ris_iii_9_5u_dfde.bundle
[Info   :BundleManager] CACHE: Loading locally 12ga_frag12.bundle
[Info   :BundleManager] CACHE: Loading locally assets/content/audio/phrases/black_division/black_division_01/health/brokenleg.bundle
[Info   :BundleManager] CACHE: Loading locally threadpcamo.bundle
[Info   :BundleManager] CACHE: Loading locally cards/ttc_rare_west_wing_room_310.bundle
[Info   :BundleManager] CACHE: Loading locally bottoms/pants_bear_g99_emrs.bundle
[Info   :BundleManager] CACHE: Loading locally assets/content/items/barter/item_barter_flam_amg10/item_barter_flam_amg10_1.bundle
[Info   :BundleManager] CACHE: Loading locally backpacks/item_equipment_backpack_f4terminator_h.bundle
[Info   :BundleManager] CACHE: Loading locally mods/ak/sag_mk3_grn.bundle
[Info   :BundleManager] CACHE: Loading locally cards/ttc_rare_veritas_audio_trap.bundle
[Info   :BundleManager] CACHE: Loading locally WeaponAEK/aek_stock_boss.bundle
[Info   :BundleManager] CACHE: Loading locally ModernWeaponMods/mwm_pmm_ulss_riser.bundle
[Info   :BundleManager] CACHE: Loading locally assets/content/hands/alltheclothes/hands_scav_bratva1.skin.bundle
[Info   :BundleManager] CACHE: Loading locally lights/gb_light_purple.bundle
[Info   :BundleManager] CACHE: Loading locally sprmag.bundle
[Info   :BundleManager] CACHE: Loading locally assets/dbr/mods/handguard_dbr_def.bundle
[Info   :BundleManager] CACHE: Loading locally assets/iso/weapon_iso_ng_gen2_9x19_container.bundle
[Info   :BundleManager] CACHE: Loading locally WeaponStaccatoXC/xc_magazine_ext.bundle
[Info   :BundleManager] CACHE: Loading locally artemvest11.bundle
[Info   :BundleManager] CACHE: Loading locally assets/content/items/mods/handguards/handguard_mdr_dt_micron_mlok_blk.bundle
[Info   :BundleManager] CACHE: Loading locally ar10_troy_hg.bundle
[Info   :BundleManager] CACHE: Loading locally assets/katt_amr/mods/mag_katt_amr_127x99_5.bundle
[Info   :BundleManager] CACHE: Loading locally chestrigs/item_equipment_rig_1961_ucp.bundle
[Info   :BundleManager] CACHE: Loading locally WeaponCarmel/carmel_ergostock.bundle
[Info   :BundleManager] CACHE: Loading locally assets/content/items/barter/item_barter_tarko_therapist/item_barter_tarko_therapist.bundle
[Info   :BundleManager] CACHE: Loading locally assets/content/items/barter/item_barter_flyers/item_barter_flyers_art_04.bundle
[Info   :BundleManager] CACHE: Loading locally mods/suppressors/surefire_rc3_blk.bundle
[Info   :BundleManager] CACHE: Loading locally assets/content/characters/character/prefabs/top_bear_kit_upper_hawaii_miami.bundle
[Info   :BundleManager] CACHE: Loading locally artem_shadowmask.bundle
[Info   :BundleManager] CACHE: Loading locally assets/qbz03_sek/release_qbz03_sek.bundle
[Info   :BundleManager] CACHE: Loading locally chestrigs/item_equipment_rig_shellback_tactical_banshee_fg.bundle
[Info   :BundleManager] CACHE: Loading locally WeaponGrizzly/grizzly_magazine_stainless.bundle
[Info   :BundleManager] CACHE: Loading locally mods/bipods/magpul_bp.bundle
[Info   :BundleManager] CACHE: Loading locally assets/v308/barrel_vector_280mm_762x51.bundle
[Info   :BundleManager] CACHE: Loading locally clothing/snakefortnite_top.bundle
[Info   :BundleManager] CACHE: Loading locally Attachment_Magazines/kedr_magazine_drum.bundle
[Info   :BundleManager] CACHE: Loading locally mods/magazines/lancer_mags/20/l20_red.bundle
[Info   :BundleManager] CACHE: Loading locally assets/monster_strawberry_shot_container.bundle
[Info   :BundleManager] CACHE: Loading locally mods/ar10/gt_etm_3p.bundle
[Info   :BundleManager] CACHE: Loading locally WeaponCheytacM200/m200_stock_skeletonized_mk1.bundle
[Info   :BundleManager] CACHE: Loading locally textures/ar18texbase.bundle
[Info   :BundleManager] CACHE: Loading locally fshd.bundle
[Info   :BundleManager] CACHE: Loading locally artem_helmetcover2.bundle
[Info   :BundleManager] CACHE: Loading locally Backpacks/S3D_Berkut.bundle
[Info   :BundleManager] CACHE: Loading locally mods/ar15_muzzle_devices/surefire_wardenqdfde.bundle
[Info   :BundleManager] CACHE: Loading locally assets/content/items/mods/gasblock/gas_block_ar10_kac_m110_double_high_picatinny.bundle
[Info   :BundleManager] CACHE: Loading locally mods/scopes/ta31_black_green_chev.bundle
[Info   :BundleManager] CACHE: Loading locally dragonden/quest/fuel_barrel_red.dragonden
[Info   :BundleManager] CACHE: Loading locally assets/content/items/equipment/rig_jpc_first_gen_mil_spec_v1/item_equipment_rig_jpc_first_gen_mil_spec_v1.bundle
[Info   :BundleManager] CACHE: Loading locally cards/ttc_common_day_one_hatchet_rush.bundle
[Info   :BundleManager] CACHE: Loading locally assets/jak12/mods/front_patrs_textures.bundle
[Info   :BundleManager] CACHE: Loading locally vz58threaded_ar.bundle
[Info   :BundleManager] CACHE: Loading locally dragonden/quest/propane_tank_long_red.dragonden
[Info   :BundleManager] CACHE: Loading locally mods/lapua/barrel_ax_accuracy_international_610mm_762x51_pb.bundle
[Info   :BundleManager] CACHE: Loading locally flashlight2.bundle
[Info   :BundleManager] CACHE: Loading locally assets_new/content/items/ammo/patrons/patron_12x70_EXPAMMO.bundle
[Info   :BundleManager] CACHE: Loading locally backpacks/item_equipment_backpack_gr99t30_emr.bundle
[Info   :BundleManager] CACHE: Loading locally assets/content/items/equipment/helmet_champion/item_equipment_helmet_champion_bp2.bundle
[Info   :BundleManager] CACHE: Loading locally assets/iso/mods/pistolgrip_iso_default_gen1.bundle
[Info   :BundleManager] CACHE: Loading locally assets/content/audio/phrases/black_division/black_division_01/contact.bundle
[Info   :BundleManager] CACHE: Loading locally WeaponAN94/an94_stock.bundle
[Info   :BundleManager] CACHE: Loading locally WeaponF2000/f2000_slovenian.bundle
[Info   :BundleManager] CACHE: Loading locally tops/top_usec_u2_multitarn.bundle
[Info   :BundleManager] CACHE: Loading locally assets/mcw/mods/barrel_mcw_hvymarksman.bundle
[Info   :BundleManager] CACHE: Loading locally assets/rpkn/mods/handguard_ak_rpkn.bundle
[Info   :BundleManager] CACHE: Loading locally backpacks/item_equipment_backpack_f5_french.bundle
[Info   :BundleManager] CACHE: Loading locally msa-sordins.bundle
[Info   :BundleManager] CACHE: Loading locally Headwear/helmets/ihps/mount_ihps_cover_ocp.bundle
[Info   :BundleManager] CACHE: Loading locally mods/magazines/lancer_mags/10/l10_trnsp_tan.bundle
[Info   :BundleManager] CACHE: Loading locally Pants/artem_pants_9.bundle
[Info   :BundleManager] CACHE: Loading locally assets/content/items/mods/handguards/handguard_ar15_precision_reflex_carbon_round_gen_3_12_inch_fde.bundle
[Info   :BundleManager] CACHE: Loading locally g17raceframe.bundle
[Info   :BundleManager] CACHE: Loading locally ModernWeaponMods/mwm_moe_k2_pistol_grip_fde.bundle
[Info   :BundleManager] CACHE: Loading locally mods/scopes/mgo_240_hs.bundle
[Info   :BundleManager] CACHE: Loading locally WeaponMSBS/msbs_mag.bundle
[Info   :BundleManager] CACHE: Loading locally assets/iso/mods/textures_f45.bundle
[Info   :BundleManager] CACHE: Loading locally mods/red_dots/lepold_lco.bundle
[Info   :BundleManager] CACHE: Loading locally WeaponAXMC/pistolgrip_axmc_gtac.bundle
[Info   :BundleManager] CACHE: Loading locally WeaponX95/x95_rail_r_od.bundle
[Info   :BundleManager] CACHE: Loading locally skeleton_knife.bundle
[Info   :BundleManager] CACHE: Loading locally assets/dbr/dbr_anim.bundle
[Info   :BundleManager] CACHE: Loading locally cards/ttc_rare_teleporting_scav.bundle
[Info   :BundleManager] CACHE: Loading locally assets/content/hands/alltheclothes/hands_boss_birdeye.skin.bundle
[Info   :BundleManager] CACHE: Loading locally vzlowerhandguard.bundle
[Info   :BundleManager] CACHE: Loading locally assets/content/items/equipment/glasses_perforated/item_equipment_glasses_perforated_bp2_wht.bundle
[Info   :BundleManager] CACHE: Loading locally assets/content/items/equipment/helmet_crye_airframe_chops/item_equipment_helmet_crye_airframe_ears_shark_bp03.bundle
[Info   :BundleManager] CACHE: Loading locally WeaponAK5C/ak5c_handguard_custom.bundle
[Info   :BundleManager] CACHE: Loading locally WeaponMasada/masada_handguard_mlok_mid_fde.bundle
[Info   :BundleManager] CACHE: Loading locally WeaponRuger57/ruger57_mag.bundle
[Info   :BundleManager] CACHE: Loading locally WeaponRO991/weapon_colt_ro991_container.bundle
[Info   :BundleManager] CACHE: Loading locally cards/ttc_common_scope_left_at_base.bundle
[Info   :BundleManager] CACHE: Loading locally bottoms/pants_usec_blackhawk_turk.bundle
[Info   :BundleManager] CACHE: Loading locally Item_SecureContainers/securecontainer_toolcase.bundle
[Info   :BundleManager] CACHE: Loading locally Headwear/TW_Exfil_Rails/OD_Rails.bundle
[Info   :BundleManager] CACHE: Loading locally WeaponAK5C/ak5d_handguardgripped.bundle
[Info   :BundleManager] CACHE: Loading locally assets/content/characters/character/prefabs/top_ruaf_major.bundle
[Info   :BundleManager] CACHE: Loading locally assets/t725/mods/mount_t725_barrel_rod.bundle
[Info   :BundleManager] CACHE: Loading locally assets/isoh/mods/mount_isoh_fg_hvy.bundle
[Info   :BundleManager] CACHE: Loading locally assets/content/items/barter/item_barter_tarko_mechanic/item_barter_tarko_mechanic.bundle
[Info   :BundleManager] CACHE: Loading locally Tops/testshirt.bundle
[Info   :BundleManager] CACHE: Loading locally assets/content/location_objects/00_hideout/prefabs/customization/ceilings/ceiling_forgotten.bundle
[Info   :BundleManager] CACHE: Loading locally assets/content/audio/phrases/black_division/black_division_01/generic/mutter.bundle
[Info   :BundleManager] CACHE: Loading locally artem_scrim3.bundle
[Info   :BundleManager] CACHE: Loading locally mods/ak/sports_rail_section_long.bundle
[Info   :BundleManager] CACHE: Loading locally flashlight4.bundle
[Info   :BundleManager] CACHE: Loading locally armor/item_equipment_armor_gjel_gray.bundle
[Info   :BundleManager] CACHE: Loading locally artem_patch7.bundle
[Info   :BundleManager] CACHE: Loading locally u100rs.bundle
[Info   :BundleManager] CACHE: Loading locally mods/ar15_handguards/dd_risiii_handguards/ris_iii_13l_fde.bundle
[Info   :BundleManager] CACHE: Loading locally Pants/artem_pants_5.bundle
[Info   :BundleManager] CACHE: Loading locally assets/content/items/equipment/rig_6sh112/item_equipment_rig_6sh112.bundle
[Info   :BundleManager] CACHE: Loading locally WeaponM249/m249_barrellong.bundle
[Info   :BundleManager] CACHE: Loading locally assets/dg56/mods/stock_dg56_ergo.bundle
[Info   :BundleManager] CACHE: Loading locally hogue_grip_camo.bundle
[Info   :BundleManager] CACHE: Loading locally assets/content/items/infosubject/item_info_note/item_info_note_toreshala_warning.bundle
[Info   :BundleManager] CACHE: Loading locally dragonden/weaponparts/buttstocks/battlelink_minimalist_stock_grey.dragonden
[Info   :BundleManager] CACHE: Loading locally assets/content/items/equipment/armband/item_equipment_armband_pestily.bundle
[Info   :BundleManager] CACHE: Loading locally assets/content/items/infosubject/item_info_note/item_info_note_kozlov_debt.bundle
[Info   :BundleManager] CACHE: Loading locally WeaponCZ75/cz75_barrel_threaded.bundle
[Info   :BundleManager] CACHE: Loading locally Bottoms/Usec_SpecOps_MC.bundle
[Info   :BundleManager] CACHE: Loading locally assets/mags/mag_ar10_xmag_762x51_30.bundle
[Info   :BundleManager] CACHE: Loading locally assets/content/items/equipment/rig_gladiator_s_champion/item_equipment_armor_gladiator_s_champion.bundle
[Info   :BundleManager] CACHE: Loading locally dragonden/clothing/facewear/cat_mask_yellow.dragonden
[Info   :BundleManager] CACHE: Loading locally fphands/top_civilian_port_yellowcoat_lod0_hands.bundle
[Info   :BundleManager] CACHE: Loading locally mods/ar15_handguards/dd_mfr_handguards/mfr15_dw.bundle
[Info   :BundleManager] CACHE: Loading locally mods/ar15_handguards/urx_3_1_13_5_upper.bundle
[Info   :BundleManager] CACHE: Loading locally textures/t81parts2tex.bundle
[Info   :BundleManager] CACHE: Loading locally Gear_Belts/rebel9g.bundle
[Info   :BundleManager] CACHE: Loading locally zipline_ar15_handguard.bundle
[Info   :BundleManager] CACHE: Loading locally WeaponAuto5/auto5_barrel_shortened.bundle
[Info   :BundleManager] CACHE: Loading locally Pants/artem_pants_7.bundle
[Info   :BundleManager] CACHE: Loading locally mods/scopes/leupold_cqbss_1_1_8.bundle
[Info   :BundleManager] CACHE: Loading locally artem_patch13.bundle
[Info   :BundleManager] CACHE: Loading locally Chestrigs/EMR_tv110.bundle
[Info   :BundleManager] CACHE: Loading locally assets/content/weapons/m8230/weapon_grenade_m8230_container.bundle
[Info   :BundleManager] CACHE: Loading locally tops/top_usec_aggressor_parka_ix.bundle
[Info   :BundleManager] CACHE: Loading locally assets/content/characters/character/prefabs/top_civilian_port_jacket_tg.bundle
[Info   :BundleManager] CACHE: Loading locally assets/content/weapons/val_mod4/weapon_nb_val_mod4_9x39_container.bundle
[Info   :BundleManager] CACHE: Loading locally assets/content/items/barter/item_barter_tarko_fence/item_barter_tarko_fence.bundle
[Info   :BundleManager] CACHE: Loading locally cards/ttc_rare_valens_progression.bundle
[Info   :BundleManager] CACHE: Loading locally assets/isoh/mods/barrel_isoh_sil.bundle
[Info   :BundleManager] CACHE: Loading locally WeaponF2000/f2000_standard_muzzle.bundle
[Info   :BundleManager] CACHE: Loading locally fphands/top_team_leader_bd1_hands.bundle
[Info   :BundleManager] CACHE: Loading locally assets/mcw/mods/tactical_mcw_lgtlong_panel.bundle
[Info   :BundleManager] CACHE: Loading locally mods/stocks/hogue_stock_black.bundle
[Info   :BundleManager] CACHE: Loading locally WeaponSV98M/weapon_sv98m_container.bundle
[Info   :BundleManager] CACHE: Loading locally assets/content/items/mods/handguards/handguard_ar15_kac_m5_ras_lower.bundle
[Info   :BundleManager] CACHE: Loading locally WeaponC9/c9_barrel.bundle
[Info   :BundleManager] CACHE: Loading locally opscorecadpat.bundle
[Info   :BundleManager] CACHE: Loading locally mods/ar15_handguards/hogue_handguards/hogue_15_inch_hg_tan.bundle
[Info   :BundleManager] CACHE: Loading locally assets/content/items/equipment/facecover_skull_half_mask/item_equipment_facecover_skull_half_mask_skull_santa.bundle
[Info   :BundleManager] CACHE: Loading locally WeaponAN94/an94_skeletonizedpistolgrip.bundle
[Info   :BundleManager] CACHE: Loading locally Posters/poster_m16_patent.bundle
[Info   :BundleManager] CACHE: Loading locally assets/content/items/mods/stocks/stock_ak_armacon_monolit_3_gen2_champ.bundle
[Info   :BundleManager] CACHE: Loading locally Pants/artem_pants_1.bundle
[Info   :BundleManager] CACHE: Loading locally backpacks/item_equipment_backpack_paratus_ts.bundle
[Info   :BundleManager] CACHE: Loading locally assets/content/items/mods/sights rear/sight_rear_all_magpul_mbus_gen2_fde_anime2.bundle
[Info   :BundleManager] CACHE: Loading locally artem_patch15.bundle
[Info   :BundleManager] CACHE: Loading locally assets/content/items/spec/item_keycard_lab/item_keycard_icebreaker_captain.bundle
[Info   :BundleManager] CACHE: Loading locally Ammo/patron_1036x77_ap.bundle
[Info   :BundleManager] CACHE: Loading locally WeaponCZScorpion/cz_scorpion_handguard_long.bundle
[Info   :BundleManager] CACHE: Loading locally assets/content/items/barter/wallet/item_container_wallet_loui_peeton.bundle
[Info   :BundleManager] CACHE: Loading locally msa-sordins-dnc.bundle
[Info   :BundleManager] CACHE: Loading locally assets/content/items/mods/foregrips/foregrip_all_irbis_gun_45al.bundle
[Info   :BundleManager] CACHE: Loading locally backpacks/item_equipment_backpack_beta_emr.bundle
[Info   :BundleManager] CACHE: Loading locally Weapon92fs/92fs_slide.bundle
[Info   :BundleManager] CACHE: Loading locally WeaponX95/x95_rail_bottom_fde.bundle
[Info   :BundleManager] CACHE: Loading locally WeaponWagesOfSin/fde/weapon_wages_of_sin_fde_container.bundle
[Info   :BundleManager] CACHE: Loading locally cards/ttc_rare_interchange_techlight_rush.bundle
[Info   :BundleManager] CACHE: Loading locally magnum_express.bundle
[Info   :BundleManager] CACHE: Loading locally ModernWeaponMods/mwm_omm_longboard_rear.bundle
[Info   :BundleManager] CACHE: Loading locally mods/scopes/leupold_mk5_3_6_18x_fde.bundle
[Info   :BundleManager] CACHE: Loading locally assets/jak12/mods/barrel_jak12_short_12g.bundle
[Info   :BundleManager] CACHE: Loading locally assets/fal/fal_prefab.bundle
[Info   :BundleManager] CACHE: Loading locally bottoms/pants_usec_tier3_m05.bundle
[Info   :BundleManager] CACHE: Loading locally Pants/artem_pants_3.bundle
[Info   :BundleManager] CACHE: Loading locally mods/glock_parts/barrel_triarc_g19.bundle
[Info   :BundleManager] CACHE: Loading locally artem_patch17.bundle
[Info   :BundleManager] CACHE: Loading locally ModernWeaponMods/mwm_magpul_mlok_railcover_t2_long_fde.bundle
[Info   :BundleManager] CACHE: Loading locally ar10_cmag.bundle
[Info   :BundleManager] CACHE: Loading locally fphands/top_ruaf_lieutenant_base_lod0_hands.bundle
[Info   :BundleManager] CACHE: Loading locally mods/ar15_handguards/dd_risiii_handguards/ris_iii_10_5l_blk.bundle
[Info   :BundleManager] CACHE: Loading locally ar10_135_barrel_camo.bundle
[Info   :BundleManager] CACHE: Loading locally assets/arizona_arnold_palmer.bundle
[Info   :BundleManager] CACHE: Loading locally WeaponStaccatoXC/xc_opticplate.bundle
[Info   :BundleManager] CACHE: Loading locally mods/suppressors/cgs_sci_supp_blk.bundle
[Info   :BundleManager] CACHE: Loading locally assets/iso/mods/stock_iso_gen2_std.bundle
[Info   :BundleManager] CACHE: Loading locally WeaponXM109/xm109_barrel_long.bundle
[Info   :BundleManager] CACHE: Loading locally assets/superi46/superi46_prefabs.bundle
[Info   :BundleManager] CACHE: Loading locally Tops/USEC_Mission_MT.bundle
[Info   :BundleManager] CACHE: Loading locally dragonden/clothing/facewear/cat_mask_lime.dragonden
[Info   :BundleManager] CACHE: Loading locally assets/katt_amr/mods/barrel_katt_amr_hvy_long.bundle
[Info   :BundleManager] CACHE: Loading locally ks23stock.bundle
[Info   :BundleManager] CACHE: Loading locally ModernWeaponMods/mwm_anchor_foregrip_fde.bundle
[Info   :BundleManager] CACHE: Loading locally assets/content/items/mods/stocks/stock_ar15_colt_a2_tube.bundle
[Info   :BundleManager] CACHE: Loading locally assets/isoh/mods/mount_isoh_side_shrt.bundle
[Info   :BundleManager] CACHE: Loading locally Hands/Hands_USEC_Mission_MM14.bundle
[Info   :BundleManager] CACHE: Loading locally textures/bt-usw-textures.bundle
[Info   :BundleManager] CACHE: Loading locally assets/content/items/mods/barrels/barrel_mp155_sight_660mm_12g.bundle
[Info   :BundleManager] CACHE: Loading locally p30stendo.bundle
[Info   :BundleManager] CACHE: Loading locally hyperspeed.bundle
[Info   :BundleManager] CACHE: Loading locally epicaio_common_meshes.bundle
[Info   :BundleManager] CACHE: Loading locally WeaponAGSeries/weapon_ag42_container.bundle
[Info   :BundleManager] CACHE: Loading locally assets/content/items/mods/mounts/mount_9a91_tts_handguard_scope_rail.bundle
[Info   :BundleManager] CACHE: Loading locally assets/content/audio/phrases/black_division/black_division_01/contact/scav.bundle
[Info   :BundleManager] CACHE: Loading locally assets/bal27/mods/muzzle_bal27_def_57x28.bundle
[Info   :BundleManager] CACHE: Loading locally mods/red_dots/compm5_fde.bundle
[Info   :BundleManager] CACHE: Loading locally handguard_kpyk_crc1u020_mlok.bundle
[Info   :BundleManager] CACHE: Loading locally WeaponXM8/xm8_stock_fixed_fde.bundle
[Info   :BundleManager] CACHE: Loading locally Hands/artem_hands_21.bundle
[Info   :BundleManager] CACHE: Loading locally artem_patch19.bundle
[Info   :BundleManager] CACHE: Loading locally WeaponM1894DarkTracker/1894_stock.bundle
[Info   :BundleManager] CACHE: Loading locally Headwear/helmets/kiver_rsp/kiver_cover_emr.bundle
[Info   :BundleManager] CACHE: Loading locally assets/content/items/infosubject/item_info_note/item_info_plasticbag_labyrinth.bundle
[Info   :BundleManager] CACHE: Loading locally rugerwoodgrip.bundle
[Info   :BundleManager] CACHE: Loading locally ModernWeaponMods/mwm_omm_micro_pic_adapter.bundle
[Info   :BundleManager] CACHE: Loading locally ModernWeaponMods/mwm_arisaka_finger_stop_fwd_pic_fde.bundle
[Info   :BundleManager] CACHE: Loading locally WeaponMSBS/msbs_stock.bundle
[Info   :BundleManager] CACHE: Loading locally assets/c4_skittles.bundle
[Info   :BundleManager] CACHE: Loading locally assets/longbow/mods/sight_longbow_front.bundle
[Info   :BundleManager] CACHE: Loading locally transpmag.bundle
[Info   :BundleManager] CACHE: Loading locally mods/mounts/dbal_i2_rmr.bundle
[Info   :BundleManager] CACHE: Loading locally assets/content/items/mods/stocks/stock_ak_samson_1913_stock_adapter.bundle
[Info   :BundleManager] CACHE: Loading locally cards/ttc_uncommon_dorms_204_sightline.bundle
[Info   :BundleManager] CACHE: Loading locally Headwear/headsets/headset_opscore_amp_blk.bundle
[Info   :AmmoGen Client Debug] [AmmoGenClient] All AmmoGen bundles fully loaded.
[Info   :ItemGen Client] No bundles folder found, skipping custom bundle discovery.
[Info   :ItemGen Client] All ItemGen bundles fully loaded.
[Info   :       MEL] MapLootEditorLite packs bundles injected.
[Message:ModulePatch] SAIN detected, initializing SAIN interop for MoreBotsAPI.
[Info   :MoreBotsAPI] Initializing SAIN interop for MoreBotsAPI...
[Info   :MoreBotsAPI] Creating custom bot types for SAIN...
[Info   :MoreBotsAPI] Added SAIN BotType: Black Division Lead with WildSpawnType blackDivLead
[Info   :MoreBotsAPI] Added SAIN BotType: Black Division Assault with WildSpawnType blackDivAssault
[Info   :MoreBotsAPI] Added SAIN BotType: Black Division Breacher with WildSpawnType blackDivBreacher
[Info   :MoreBotsAPI] Added SAIN BotType: Black Division Support with WildSpawnType blackDivSupport
[Info   :MoreBotsAPI] Added SAIN BotType: Wedge with WildSpawnType bossWedge
[Info   :MoreBotsAPI] Added SAIN BotType: Black Division Raider with WildSpawnType blackDivIb
[Info   :MoreBotsAPI] Added SAIN BotType: RUAF Rifleman with WildSpawnType ruafRifleman
[Info   :MoreBotsAPI] Added SAIN BotType: RUAF Senior Rifleman with WildSpawnType ruafRiflemanSenior
[Info   :MoreBotsAPI] Added SAIN BotType: RUAF Autorifleman with WildSpawnType ruafAutorifleman
[Info   :MoreBotsAPI] Added SAIN BotType: RUAF Grenadier with WildSpawnType ruafGrenadier
[Info   :MoreBotsAPI] Added SAIN BotType: RUAF Marksman with WildSpawnType ruafMarksman
[Info   :MoreBotsAPI] Added SAIN BotType: RUAF Machinegunner with WildSpawnType ruafMachinegunner
[Info   :MoreBotsAPI] Added SAIN BotType: Remnant Rifleman with WildSpawnType remnantRifleman
[Info   :MoreBotsAPI] Added SAIN BotType: UNTAR Follower with WildSpawnType followeruntar
[Info   :MoreBotsAPI] Added SAIN BotType: UNTAR Squad Leader with WildSpawnType bossuntarlead
[Info   :MoreBotsAPI] Added SAIN BotType: UNTAR Marksman with WildSpawnType followeruntarmarksman
[Info   :MoreBotsAPI] Added SAIN BotType: UNTAR Officer with WildSpawnType bossuntarofficer
[Info   :RequestHandler] [REQUEST]: /dynamicmaps/load
[Info   :RequestHandler] [REQUEST]: /singleplayer/settings/version
[Info   :RequestHandler] [REQUEST SUCCESSFUL] /singleplayer/settings/version
[Info   :ModulePatch] Server version: SPT 4.0.13 - 2891fd
[Info   :RequestHandler] [REQUEST SUCCESSFUL] /dynamicmaps/load
[Info   : Fika.Core] Waiting for locales to be ready...
[Info   :DynamicMaps] Loaded server config
[Info   :RequestHandler] [REQUEST]: /singleplayer/clientmods
[Info   :RequestHandler] [REQUEST SUCCESSFUL] /singleplayer/clientmods
[Info   :DynamicMaps] Trying to attach to MapScreen
[Info   :DynamicMaps] Trying to load MapDef from path: C:\Games\SPT\BepInEx\plugins\DynamicMaps\Maps\Customs_TarkovDev\Customs_TarkovDev.jsonc
[Info   :DynamicMaps] Loaded MapDef with display name: Customs (TarkovDev)
[Info   :DynamicMaps] Trying to load MapDef from path: C:\Games\SPT\BepInEx\plugins\DynamicMaps\Maps\Factory_TarkovDev\Factory_TarkovDev.jsonc
[Info   :DynamicMaps] Loaded MapDef with display name: Factory (TarkovDev)
[Info   :DynamicMaps] Trying to load MapDef from path: C:\Games\SPT\BepInEx\plugins\DynamicMaps\Maps\GroundZero_TarkovDev\GroundZero_TarkovDev.jsonc
[Info   :DynamicMaps] Loaded MapDef with display name: Ground Zero (TarkovDev)
[Info   :DynamicMaps] Trying to load MapDef from path: C:\Games\SPT\BepInEx\plugins\DynamicMaps\Maps\Interchange_TarkovDev\Interchange_TarkovDev.jsonc
[Info   :DynamicMaps] Loaded MapDef with display name: Interchange (TarkovDev)
[Info   :DynamicMaps] Trying to load MapDef from path: C:\Games\SPT\BepInEx\plugins\DynamicMaps\Maps\Labs_TarkovDev\Labs_TarkovDev.jsonc
[Info   :DynamicMaps] Loaded MapDef with display name: Labs (TarkovDev)
[Info   :DynamicMaps] Trying to load MapDef from path: C:\Games\SPT\BepInEx\plugins\DynamicMaps\Maps\Labyrinth\Labyrinth_TarkovData.jsonc
[Info   :DynamicMaps] Loaded MapDef with display name: Labyrinth
[Info   :DynamicMaps] Trying to load MapDef from path: C:\Games\SPT\BepInEx\plugins\DynamicMaps\Maps\Lighthouse_TarkovData\Lighthouse_TarkovData.jsonc
[Info   :DynamicMaps] Loaded MapDef with display name: Lighthouse (TarkovData)
[Info   :DynamicMaps] Trying to load MapDef from path: C:\Games\SPT\BepInEx\plugins\DynamicMaps\Maps\Reserve_TarkovData\Reserve_TarkovData.jsonc
[Info   :DynamicMaps] Loaded MapDef with display name: Reserve (TarkovData)
[Info   :DynamicMaps] Trying to load MapDef from path: C:\Games\SPT\BepInEx\plugins\DynamicMaps\Maps\Shoreline_TarkovData\Shoreline_TarkovData.jsonc
[Info   :DynamicMaps] Loaded MapDef with display name: Shoreline (TarkovData)
[Info   :DynamicMaps] Trying to load MapDef from path: C:\Games\SPT\BepInEx\plugins\DynamicMaps\Maps\Streets_TarkovData\Streets_TarkovData.jsonc
[Info   :DynamicMaps] Loaded MapDef with display name: Streets of Tarkov (TarkovData)
[Info   :DynamicMaps] Trying to load MapDef from path: C:\Games\SPT\BepInEx\plugins\DynamicMaps\Maps\Woods_TarkovData\Woods_TarkovData.jsonc
[Info   :DynamicMaps] Loaded MapDef with display name: Woods (TarkovData)
[Info   :DynamicMaps] Precaching sprite: Maps/Customs_TarkovDev/Layers/Customs-Underground_Level.svg
[Info   :DynamicMaps] Precaching sprite: Maps/Customs_TarkovDev/Layers/Customs-Ground_Level.svg
[Info   :DynamicMaps] Precaching sprite: Maps/Customs_TarkovDev/Layers/Customs-Second_Floor.svg
[Info   :DynamicMaps] Precaching sprite: Maps/Customs_TarkovDev/Layers/Customs-Third_Floor.svg
[Info   :DynamicMaps] Precaching sprite: Maps/Customs_TarkovDev/Layers/Customs-Fourth_Floor.svg
[Info   :DynamicMaps] Precaching sprite: Maps/Factory_TarkovDev/Layers/Factory-Basement.svg
[Info   :DynamicMaps] Precaching sprite: Maps/Factory_TarkovDev/Layers/Factory-Ground_Floor.svg
[Info   :DynamicMaps] Precaching sprite: Maps/Factory_TarkovDev/Layers/Factory-Second_Floor.svg
[Info   :DynamicMaps] Precaching sprite: Maps/Factory_TarkovDev/Layers/Factory-Third_Floor.svg
[Info   :DynamicMaps] Precaching sprite: Maps/GroundZero_TarkovDev/Layers/GroundZero-Underground_Level.svg
[Info   :DynamicMaps] Precaching sprite: Maps/GroundZero_TarkovDev/Layers/GroundZero-Ground_Level.svg
[Info   :DynamicMaps] Precaching sprite: Maps/GroundZero_TarkovDev/Layers/GroundZero-Second_Floor.svg
[Info   :DynamicMaps] Precaching sprite: Maps/GroundZero_TarkovDev/Layers/GroundZero-Third_Floor.svg
[Info   :DynamicMaps] Precaching sprite: Maps/Interchange_TarkovDev/Layers/Interchange-Ground_Level.svg
[Info   :DynamicMaps] Precaching sprite: Maps/Interchange_TarkovDev/Layers/Interchange-First_Floor.svg
[Info   :DynamicMaps] Precaching sprite: Maps/Interchange_TarkovDev/Layers/Interchange-Second_Floor.svg
[Info   :DynamicMaps] Precaching sprite: Maps/Labs_TarkovDev/Layers/Labs_Technical_Level.svg
[Info   :DynamicMaps] Precaching sprite: Maps/Labs_TarkovDev/Layers/Labs_First_Level.svg
[Info   :DynamicMaps] Precaching sprite: Maps/Labs_TarkovDev/Layers/Labs_Second_Level.svg
[Info   :DynamicMaps] Precaching sprite: Maps/Labyrinth/Layers/Labyrinth.svg
[Info   :DynamicMaps] Precaching sprite: Maps/Lighthouse_TarkovData/Layers/Lighthouse.svg
[Info   :DynamicMaps] Precaching sprite: Maps/Reserve_TarkovData/Layers/Reserve-Bunkers.svg
[Info   :DynamicMaps] Precaching sprite: Maps/Reserve_TarkovData/Layers/Reserve-Ground_Level.svg
[Info   :DynamicMaps] Precaching sprite: Maps/Shoreline_TarkovData/Layers/Shoreline-Underground_Level.svg
[Info   :DynamicMaps] Precaching sprite: Maps/Shoreline_TarkovData/Layers/Shoreline-Ground_Level.svg
[Info   :DynamicMaps] Precaching sprite: Maps/Shoreline_TarkovData/Layers/Shoreline-Second_Floor.svg
[Info   :DynamicMaps] Precaching sprite: Maps/Shoreline_TarkovData/Layers/Shoreline-Third_Floor.svg
[Info   :DynamicMaps] Precaching sprite: Maps/Streets_TarkovData/Layers/StreetsOfTarkov-Underground_Level.svg
[Info   :DynamicMaps] Precaching sprite: Maps/Streets_TarkovData/Layers/StreetsOfTarkov-Ground_Level.svg
[Info   :DynamicMaps] Precaching sprite: Maps/Streets_TarkovData/Layers/StreetsOfTarkov-Second_Floor.svg
[Info   :DynamicMaps] Precaching sprite: Maps/Streets_TarkovData/Layers/StreetsOfTarkov-Third_Floor.svg
[Info   :DynamicMaps] Precaching sprite: Maps/Streets_TarkovData/Layers/StreetsOfTarkov-Fourth_Floor.svg
[Info   :DynamicMaps] Precaching sprite: Maps/Streets_TarkovData/Layers/StreetsOfTarkov-Fifth_Floor.svg
[Info   :DynamicMaps] Precaching sprite: Maps/Woods_TarkovData/Layers/Woods-Underground_Level.svg
[Info   :DynamicMaps] Precaching sprite: Maps/Woods_TarkovData/Layers/Woods-Ground_Level.svg
[Info   :DynamicMaps] Precaching sprite: Maps/Woods_TarkovData/Layers/Woods-Second_Floor.svg
[Info   :RequestHandler] [REQUEST]: /MoreCheckmarksRoutes/quests
[Info   :RequestHandler] [REQUEST SUCCESSFUL] /MoreCheckmarksRoutes/quests
[Info   :RequestHandler] [REQUEST]: /MoreCheckmarksRoutes/assorts
[Info   :RequestHandler] [REQUEST SUCCESSFUL] /MoreCheckmarksRoutes/assorts
[Info   :RequestHandler] [REQUEST]: /MoreCheckmarksRoutes/traderNames
[Info   :RequestHandler] [REQUEST SUCCESSFUL] /MoreCheckmarksRoutes/traderNames
[Info   :RequestHandler] [REQUEST]: /MoreCheckmarksRoutes/productions
[Info   :RequestHandler] [REQUEST SUCCESSFUL] /MoreCheckmarksRoutes/productions
[Info   :LootingBots] Updating item appraiser
[Info   :RequestHandler] [REQUEST]: /botplacementsystem/load
[Info   :RequestHandler] [REQUEST]: /weaponcustomizer/load
[Info   :RequestHandler] [REQUEST SUCCESSFUL] /botplacementsystem/load
[Info   :RequestHandler] [REQUEST SUCCESSFUL] /weaponcustomizer/load
[Warning:  VisitAPI] [FavoriteSchemeGuard] swallowed NullReferenceException in TryGetFavoriteIndex; hideout favorites treated as empty
[Info   : Fika.Core] Locales are ready!
[Error  : Fika.Core] [ShowFikaMessage]: You are trying to show error screen from non-main thread!
[Info   :Quests Extended] MMCC.method_5 ran
[Info   :  SPT.Core] 1217872
[Info   :  SPT.Core] 28725584
[Info   :  SPT.Core] 0
[Info   :  SPT.Core] 0
[Info   :  SPT.Core] 0
[Info   :  SPT.Core] LmRvb3JzdG9wX3ZlcnNpb24sZG9vcnN0b3BfY29uZmlnLmluaSxFc2NhcGVGcm9tVGFya292LmV4ZSxHcmVlZC5leGUsaW1ndWkuaW5pLExJQ0VOU0UtQkVQSU5FWC50eHQsTElDRU5TRS1Db25maWd1cmF0aW9uTWFuYWdlci50eHQsTElDRU5TRS1Nb2R1bGVzLnR4dCxQYXRjaGVyLmxvZyxzcHQtaW5zdGFsbGVyLmxvZyxTUFQuTGF1bmNoZXIubG5rLFNQVC5TZXJ2ZXIubG5rLFVuaXR5UGxheWVyLmRsbCxXZWFwb24gQnVpbGQgQ29kZXMudHh0LHdpbmh0dHAuZGxs
[Info   : Fika.Core] Cached local IPs: 0.0.0.0, ::, fdfd::1ab0:769c, 26.176.118.156, fd7a:115c:a1e0::a339:1d49, 100.68.29.73, 172.16.0.171
[Error  :CaliberUnderName] Error on magazine 5448bc234bdc2d3c308b4569: Index was outside the bounds of the array.
[Error  :CaliberUnderName] Error on magazine 610720f290b75a49ff2e5e25: Object reference not set to an instance of an object
[Error  :CaliberUnderName] Error on magazine 627a137bf21bc425b06ab944: Object reference not set to an instance of an object
[Info   :Quests Extended] (QE) Checking for QEC (inventory screen).
[Info   :Quests Extended] We don't have a controller for this player, making one now
[Info   :Quests Extended] Running InitForMainMenu. Remove this logger before publishing.
[Info   :Quests Extended] GameWorld.Instance was null during AbstractCustomQuestController construction (likely main menu).
[Info   :Quests Extended] GameWorld.Instance was null during AbstractCustomQuestController construction (likely main menu).
[Info   :Quests Extended] Created a HideoutQuestController. We are ready to add code here.
[Info   :Quests Extended] GameWorld.Instance was null during AbstractCustomQuestController construction (likely main menu).
[Info   :Quests Extended] Created a TradingQuestController.
[Info   :Quests Extended] (QE) InitfromMainMenu ran successfully.
[Info   :Quests Extended] (QE) Quest Controller created by InventoryScreen.
[Info   :ModulePatch] Disabled patch Patch_GameWorld_Dispose
[Info   :ModulePatch] Disabled patch Patch_GameWorld_OnGameStarted
[Info   :ModulePatch] Disabled patch Patch_InteractionContextHelper_GetAvailableActions
[Info   :ModulePatch] Disabled patch Patch_MoveInputTranslator_TranslateAxes
[Info   :ModulePatch] Disabled patch Patch_Physical_CanClimb
[Info   :ModulePatch] Disabled patch Patch_Physical_CanVault
[Info   :ModulePatch] Disabled patch Patch_ObstacleCalculatorModel_DistanceToMainObstacle
[Info   :tarkin.ladders.bep PatchManager] Disabled 7 patches
[Warning:MoxoPixel-MenuOverhaul] [Layout] Environment UI GameObject not found.
[Info   :Tylevo-TacticalServicesControl] A-10 tracer network authority disabled role=Singleplayer reason=plugin destroyed
[Info   :FixPluginTypesSerialization] Restored original AssemblyNames list
